GEOID20,total_reg,party_rep,party_dem,party_npp,party_lib,party_grn,party_oth,party_unk,eth1_eur,eth1_hisp,eth1_aa,eth1_esa,eth1_oth,eth1_unk
19039960100,2834,970,812,1023,19,10,0,0,2265,320,11,27,22,189
19039960200,1586,705,368,498,13,2,0,0,1436,28,0,10,2,110
19039960300,1508,701,323,476,5,3,0,0,1357,22,3,10,13,103
19129040100,2011,1041,379,573,14,4,0,0,1785,19,1,15,22,169
19129040201,1406,800,247,346,12,1,0,0,1214,37,1,3,7,144
19129040202,2834,1632,512,664,23,3,0,0,2412,56,2,22,15,327
19129040301,1759,817,388,523,24,7,0,0,1542,36,2,9,10,160
19129040302,2270,1173,486,578,30,3,0,0,1977,50,1,21,14,207
19143460100,2191,1355,262,563,9,2,0,0,1699,86,0,15,9,382
19143460200,1870,1183,213,461,8,5,0,0,1507,33,2,13,9,306
19065080100,1535,670,397,458,9,1,0,0,1254,13,2,14,8,244
19065080200,2092,822,534,717,13,6,0,0,1767,31,5,10,23,256
19065080300,1622,536,448,632,6,0,0,0,1388,20,0,10,9,195
19065080400,1535,389,556,579,8,3,0,0,1265,46,7,6,18,193
19065080500,2073,486,791,782,7,7,0,0,1715,60,6,11,20,261
19065080600,1636,823,325,479,7,2,0,0,1408,12,0,3,5,208
19065080700,1781,763,434,572,6,6,0,0,1498,21,0,2,8,252
19007950100,1794,804,373,611,6,0,0,0,1620,10,0,6,13,145
19007950200,1329,580,317,423,8,1,0,0,1155,11,1,9,20,133
19007950300,1911,753,525,620,10,3,0,0,1655,43,1,13,27,172
19007950400,1825,672,528,602,18,5,0,0,1595,35,6,12,35,142
19007950500,1403,615,348,432,6,2,0,0,1234,12,0,5,21,131
19195690100,1761,703,418,631,7,2,0,0,1426,29,1,14,15,276
19195690200,1623,697,398,519,8,1,0,0,1304,30,0,14,9,266
19195690300,1933,619,561,746,6,1,0,0,1609,35,4,6,14,265
19043070100,2050,693,578,763,14,2,0,0,1754,24,5,5,20,242
19043070200,2106,830,474,792,9,1,0,0,1667,27,6,23,27,356
19043070300,2138,723,661,746,6,2,0,0,1869,18,0,13,10,228
19043070400,1810,576,549,671,11,3,0,0,1532,11,0,12,10,245
19043070500,1291,409,379,496,6,1,0,0,1044,9,0,2,43,193
19043070600,2070,799,543,710,13,5,0,0,1754,24,0,10,7,275
19013000100,834,95,519,208,8,4,0,0,425,31,280,9,13,76
19013000200,1164,177,531,437,11,8,0,0,723,101,107,31,41,161
19013000300,1303,208,649,431,11,4,0,0,825,62,235,32,20,129
19013000400,893,198,373,313,8,1,0,0,747,19,24,11,15,77
19013000500,744,87,399,249,5,4,0,0,426,49,205,3,7,54
19013000700,664,62,409,188,1,4,0,0,233,92,273,15,9,42
19013000800,1830,314,857,646,12,1,0,0,1422,106,116,15,5,166
19013000900,1253,260,603,379,10,1,0,0,847,46,86,23,83,168
19013001000,2191,504,979,680,18,10,0,0,1594,82,13,57,173,272
19013001100,1568,288,729,536,12,3,0,0,1098,95,68,34,91,182
19013001200,1459,336,650,460,11,2,0,0,1078,39,10,29,112,191
19013001301,2346,614,1078,636,15,3,0,0,1634,55,115,53,171,318
19013001302,2292,708,936,638,5,5,0,0,1722,37,65,40,143,285
19013001400,3331,898,1423,983,19,8,0,0,2643,102,53,43,83,407
19013001501,2054,663,805,568,12,6,0,0,1635,49,44,33,67,226
19013001502,2557,688,988,852,25,4,0,0,2076,61,55,20,55,290
19013001503,2593,731,1029,809,19,5,0,0,2196,52,27,25,27,266
19013001600,1618,280,807,511,11,9,0,0,1194,67,202,11,12,132
19013001701,1138,72,771,284,8,3,0,0,292,45,744,7,7,43
19013001702,1500,189,902,393,10,6,0,0,665,55,655,21,12,92
19013001800,810,32,610,165,3,0,0,0,74,23,687,5,5,16
19013001900,1233,154,710,353,13,3,0,0,599,57,482,11,5,79
19013002000,3490,850,1337,1264,34,5,0,0,2887,77,35,23,32,436
19013002200,2890,671,1218,968,28,5,0,0,2446,68,16,39,30,291
19013002301,1353,319,556,456,18,4,0,0,1069,30,16,19,32,187
19013002303,1962,365,695,863,37,2,0,0,1530,89,21,27,34,261
19013002304,1874,446,787,624,14,3,0,0,1515,41,9,20,51,238
19013002400,3022,901,1247,857,16,1,0,0,2501,64,10,26,34,387
19013002500,4007,1281,1448,1253,20,5,0,0,3307,72,14,70,65,479
19013002601,3797,1292,1274,1208,16,7,0,0,3098,86,25,72,73,443
19013002604,2905,906,955,1025,16,3,0,0,2471,33,8,16,30,347
19013002605,4086,1394,1312,1349,25,6,0,0,3304,79,21,95,100,487
19013002606,3522,1330,1005,1157,28,2,0,0,2892,51,7,78,68,426
19013002700,2799,896,856,1018,24,5,0,0,2482,35,2,5,16,259
19013002800,2063,717,493,845,6,2,0,0,1755,19,0,19,12,258
19013002901,933,286,325,316,6,0,0,0,778,21,1,3,16,114
19013002902,2691,844,784,1035,19,9,0,0,2337,41,0,21,16,276
19013003001,3510,1151,1186,1137,29,7,0,0,2838,71,23,53,112,413
19013003002,2991,1266,676,1026,16,7,0,0,2538,36,0,13,27,377
19035080101,1832,862,418,542,10,0,0,0,1544,53,0,13,5,217
19035080102,1650,864,324,456,4,2,0,0,1422,40,10,17,6,155
19035080200,1850,1085,266,486,10,3,0,0,1593,15,0,13,3,226
19035080300,1119,608,171,339,1,0,0,0,984,11,0,3,7,114
19035080400,1497,806,257,432,1,1,0,0,1292,35,0,10,1,159
19031450100,1911,791,426,676,15,3,0,0,1594,23,8,3,7,276
19031450200,2415,856,639,898,15,7,0,0,2065,26,0,9,10,305
19031450300,2213,832,678,679,21,3,0,0,1844,34,7,17,20,291
19031450400,1909,769,369,759,9,3,0,0,1617,32,2,8,18,232
19031450500,4025,1253,1274,1464,25,9,0,0,3326,83,4,32,37,543
19109950100,1614,781,264,564,5,0,0,0,1311,43,1,5,4,250
19109950200,1831,825,406,593,6,1,0,0,1605,16,0,6,11,193
19109950300,1522,651,354,510,7,0,0,0,1302,16,0,3,10,191
19109950400,1714,698,468,542,4,2,0,0,1442,28,0,15,13,216
19109950500,2477,982,722,763,7,3,0,0,2079,45,0,11,8,334
19109950600,1450,638,357,449,5,1,0,0,1205,8,0,11,6,220
19023070100,2051,940,406,689,14,2,0,0,1678,14,0,18,9,332
19023070200,1223,625,171,420,4,3,0,0,1038,14,0,12,8,151
19023070300,1834,917,378,535,2,2,0,0,1558,8,0,10,12,246
19023070400,2647,1451,452,728,14,2,0,0,2196,18,0,22,15,396
19023070500,2055,785,506,752,9,3,0,0,1706,23,0,10,13,303
19071970100,1454,787,286,374,4,3,0,0,1279,7,0,6,24,138
19071970200,1888,1103,374,396,10,5,0,0,1688,32,0,9,9,150
19071970300,1312,678,290,331,9,4,0,0,1166,25,2,5,8,106
19049050100,5447,2023,1460,1916,43,5,0,0,4608,86,13,88,72,580
19049050200,2841,1141,688,988,20,4,0,0,2503,49,2,14,25,248
19049050300,2462,596,921,924,15,6,0,0,1765,436,8,24,25,204
19049050400,1568,312,585,651,15,5,0,0,975,438,1,17,17,120
19049050500,1495,568,380,539,6,2,0,0,1309,19,1,7,7,152
19049050600,2268,894,512,836,19,7,0,0,1973,39,2,12,21,221
19049050700,4452,1639,1033,1743,31,6,0,0,3834,72,1,35,49,461
19049050803,8374,3121,2425,2771,55,2,0,0,6734,174,30,246,203,987
19049050805,4743,1995,1405,1310,29,4,0,0,3900,101,9,156,83,494
19049050807,6067,1807,2033,2174,42,11,0,0,4709,236,33,140,166,783
19049050812,2895,1141,903,828,18,5,0,0,2372,52,10,74,71,316
19049050813,1054,293,335,409,15,2,0,0,792,54,12,38,17,141
19049050814,3268,1029,1070,1122,40,7,0,0,2493,84,21,131,111,428
19049050815,2729,863,977,861,22,6,0,0,2055,81,17,133,107,336
19049050816,3084,997,1085,965,33,4,0,0,2464,76,34,112,68,330
19049050817,4211,1339,1362,1466,42,2,0,0,3377,126,17,115,80,496
19049050818,2336,751,736,820,21,8,0,0,1821,75,27,73,58,282
19049050901,2442,787,819,813,20,3,0,0,2088,63,7,29,34,221
19049050902,3738,1432,845,1416,38,7,0,0,3229,63,4,34,53,355
19197680100,2276,1035,548,687,4,2,0,0,1808,101,0,20,15,332
19197680200,960,460,177,318,4,1,0,0,827,10,0,6,2,115
19197680300,1825,887,443,489,4,2,0,0,1473,112,1,13,9,217
19197680400,763,355,171,232,3,2,0,0,624,29,2,7,5,96
19197680500,1863,749,465,636,10,3,0,0,1555,90,0,18,6,194
19019950100,1618,505,438,668,5,2,0,0,1421,16,2,8,11,160
19019950200,1986,545,494,943,3,1,0,0,1704,25,0,12,22,223
19019950300,2053,558,567,919,9,0,0,0,1717,24,0,14,22,276
19019950400,1801,477,540,771,11,2,0,0,1563,22,1,15,14,186
19019950500,2676,733,838,1089,13,3,0,0,2319,41,2,26,26,262
19019950600,3241,999,856,1371,10,5,0,0,2819,19,3,6,22,372
19189680100,2926,1228,661,1021,12,4,0,0,2349,88,1,19,23,446
19189680200,1858,807,403,638,10,0,0,0,1452,49,0,6,7,344
19189680300,2696,968,684,1017,24,3,0,0,2162,117,4,31,15,367
19087970100,2593,1240,471,862,16,4,0,0,2179,56,1,17,21,319
19087970200,2211,1053,405,738,10,5,0,0,1915,16,1,9,5,265
19087970300,2897,1053,737,1088,17,2,0,0,2367,110,42,79,12,287
19087970400,2768,1082,767,892,17,10,0,0,2303,95,4,94,27,245
19087970500,2630,996,616,1007,9,2,0,0,2317,28,2,19,13,251
19005960100,1577,613,463,497,3,1,0,0,1334,16,0,4,7,216
19005960200,1851,896,411,536,8,0,0,0,1609,40,0,1,9,192
19005960300,2703,1262,644,781,12,4,0,0,2270,42,6,8,17,360
19005960400,1564,695,366,490,9,4,0,0,1337,28,0,2,5,192
19005960500,1584,755,322,500,6,1,0,0,1125,90,5,6,56,302
19075960100,3254,1458,682,1096,16,2,0,0,2736,25,0,18,28,447
19075960200,1965,1125,265,567,7,1,0,0,1618,17,0,17,30,283
19075960300,2083,995,466,607,13,2,0,0,1736,26,1,20,18,282
19075960400,1388,730,274,378,3,3,0,0,1239,17,0,5,9,118
19163010101,2854,1101,698,1030,18,7,0,0,2362,38,1,14,29,410
19163010103,3530,1501,803,1206,20,0,0,0,2843,77,8,111,96,395
19163010104,2876,962,798,1087,24,5,0,0,2413,62,11,14,29,347
19163010201,4822,1727,1222,1841,23,9,0,0,4112,99,5,31,47,528
19163010202,4243,1453,1099,1654,26,11,0,0,3581,72,42,24,42,482
19163010300,1782,702,394,675,9,2,0,0,1526,19,3,6,22,206
19163010401,3847,1357,960,1500,24,6,0,0,3339,73,7,14,25,389
19163010402,2451,840,629,957,20,5,0,0,2097,47,0,20,21,266
19163010600,1470,174,702,570,18,6,0,0,829,117,362,12,12,138
19163010700,791,70,436,269,12,4,0,0,369,74,268,10,8,62
19163010800,1600,246,785,555,10,4,0,0,970,235,198,39,18,140
19163010900,1075,136,499,431,7,2,0,0,733,85,120,30,8,99
19163011000,1435,202,621,584,17,11,0,0,1095,152,58,15,11,104
19163011100,2245,532,833,853,24,3,0,0,1833,111,32,17,16,236
19163011200,1319,217,549,535,15,3,0,0,912,137,138,30,18,84
19163011300,2445,452,931,1037,16,9,0,0,1715,166,222,72,28,242
19163011400,1415,191,639,561,19,5,0,0,850,110,316,19,11,109
19163011500,1438,227,655,536,15,5,0,0,869,95,342,8,16,108
19163011600,2298,457,1009,811,15,6,0,0,1818,123,68,22,22,245
19163011700,2227,452,905,844,20,6,0,0,1800,108,33,25,25,236
19163011800,1696,399,699,585,11,2,0,0,1391,91,27,10,13,164
19163011900,1801,424,662,695,17,3,0,0,1474,70,39,25,13,180
19163012000,2442,645,834,938,19,6,0,0,1953,117,37,44,24,267
19163012100,2419,557,923,901,28,10,0,0,1930,123,30,51,26,259
19163012200,1378,229,545,588,13,3,0,0,1118,80,25,13,12,130
19163012300,973,205,365,389,9,5,0,0,816,59,13,5,4,76
19163012400,896,238,289,354,8,7,0,0,776,32,4,4,3,77
19163012501,2674,593,1015,1037,20,9,0,0,2022,113,166,74,19,280
19163012502,2706,610,1017,1054,20,5,0,0,2128,134,83,69,35,257
19163012601,3146,717,1105,1281,29,14,0,0,2488,153,113,81,30,281
19163012602,2537,549,956,1002,17,13,0,0,1897,138,201,65,25,211
19163012701,2051,471,795,768,15,2,0,0,1567,82,145,73,17,167
19163012702,2349,667,918,752,9,3,0,0,1882,96,56,47,27,241
19163012801,3320,732,1277,1282,22,7,0,0,2303,161,420,88,37,311
19163012802,2770,535,1070,1131,29,5,0,0,2092,137,227,46,32,236
19163012901,3736,1242,1178,1290,21,5,0,0,2849,141,162,137,59,388
19163012902,4389,1525,1432,1398,28,6,0,0,3574,171,59,63,70,452
19163013000,3382,941,1359,1055,26,1,0,0,2698,141,51,47,46,399
19163013100,1430,400,633,386,11,0,0,0,1197,41,9,20,18,145
19163013200,1354,448,475,421,9,1,0,0,1113,52,15,16,15,143
19163013300,2436,675,850,879,26,6,0,0,1979,96,22,29,29,281
19163013400,1987,479,689,797,18,4,0,0,1635,86,12,29,33,192
19163013500,2324,635,807,859,18,5,0,0,1849,82,73,39,34,247
19163013600,1846,528,580,721,11,6,0,0,1519,90,7,27,34,169
19163013702,4749,1755,1385,1581,25,3,0,0,3795,145,8,178,64,559
19163013703,1980,670,580,713,13,4,0,0,1577,87,4,27,47,238
19163013705,3884,1172,1289,1393,24,6,0,0,3145,136,27,60,67,449
19163013706,4977,1863,1310,1772,30,2,0,0,3793,159,15,280,146,584
19139050100,2594,1060,566,951,12,5,0,0,2246,59,1,12,13,263
19139050200,3452,1257,833,1340,15,7,0,0,2903,121,2,26,19,381
19139050300,3103,670,1225,1181,21,6,0,0,1886,910,1,48,18,240
19139050400,2747,1050,730,936,27,4,0,0,2272,222,2,12,12,227
19139050500,2867,867,966,1003,22,9,0,0,2185,331,20,19,22,290
19139050600,4040,1700,1125,1189,19,7,0,0,3325,202,2,47,34,430
19139050700,3498,981,1200,1284,20,13,0,0,2600,491,14,48,31,314
19139050800,1800,438,674,669,14,5,0,0,1274,341,7,12,17,149
19139050900,1565,345,612,589,13,6,0,0,1139,276,15,9,7,119
19139051000,1622,375,596,635,16,0,0,0,1193,286,7,7,2,127
19191950100,2490,1018,558,905,6,3,0,0,2043,22,0,11,40,374
19191950200,4227,930,1906,1364,18,9,0,0,3351,83,16,65,55,657
19191950300,2584,721,1083,766,13,1,0,0,2066,36,4,35,32,411
19191950400,3190,1300,792,1082,9,7,0,0,2563,29,1,21,51,525
19191950500,2113,752,527,822,9,3,0,0,1592,18,0,10,41,452
19095960100,2820,1122,703,971,18,6,0,0,2379,30,2,26,23,360
19095960200,2742,1119,591,1016,14,2,0,0,2285,53,5,20,27,352
19095960300,2325,961,497,848,17,2,0,0,1951,42,0,7,24,301
19095960400,3873,1571,918,1353,25,6,0,0,3198,99,2,20,20,534
19079960100,1337,657,288,387,4,1,0,0,1141,18,0,12,7,159
19079960200,2399,1205,462,716,13,3,0,0,2023,48,5,10,9,304
19079960300,1660,626,492,531,8,3,0,0,1402,60,1,23,9,165
19079960400,3083,1241,910,913,14,5,0,0,2571,117,0,38,19,338
19079960500,1283,646,254,376,6,1,0,0,1142,10,0,5,1,125
19127950100,2072,834,613,614,9,2,0,0,1770,65,0,10,14,213
19127950200,2043,908,440,684,10,1,0,0,1731,34,0,12,6,260
19127950300,2331,939,581,790,18,3,0,0,2043,22,0,16,17,233
19127950400,2078,807,512,742,13,4,0,0,1772,59,0,8,16,223
19127950500,1509,217,683,595,9,5,0,0,723,605,10,41,16,114
19127950600,2185,471,931,758,17,8,0,0,1434,505,13,35,18,180
19127950700,2412,706,940,740,22,4,0,0,1790,277,5,32,31,277
19127950801,2210,775,817,612,4,2,0,0,1708,213,2,48,12,227
19127950802,2454,964,771,699,18,2,0,0,1970,179,8,23,13,261
19127950900,1515,298,672,536,7,2,0,0,923,414,5,37,13,123
19127951000,2566,862,905,780,14,5,0,0,1913,324,11,61,14,243
19151780100,1290,570,245,451,18,6,0,0,1086,30,0,7,9,158
19151780200,2008,993,385,623,4,3,0,0,1704,22,2,16,12,252
19151780300,1415,730,252,425,7,1,0,0,1192,45,1,11,4,162
19181020101,1257,351,510,383,12,1,0,0,1068,72,1,12,16,88
19181020201,3509,1260,1086,1132,26,5,0,0,2986,86,0,30,28,379
19181020202,5702,1994,1725,1932,43,8,0,0,4874,133,6,50,78,561
19181020300,2542,1015,721,792,11,3,0,0,2179,38,6,10,27,282
19181020400,3114,1076,950,1062,22,4,0,0,2757,60,1,21,17,258
19181020500,1653,696,441,504,11,1,0,0,1443,22,7,11,6,164
19181020600,2886,1127,865,880,12,2,0,0,2588,27,4,21,9,237
19181020701,728,164,310,247,6,1,0,0,596,34,0,10,10,78
19181020702,2374,840,768,745,15,6,0,0,2081,30,0,33,15,215
19181020800,2179,786,767,617,7,2,0,0,1926,35,5,8,24,181
19181020900,2344,815,722,779,25,3,0,0,2039,41,3,23,23,215
19181021000,1926,674,601,628,18,5,0,0,1665,30,1,8,25,197
19181021100,3684,1650,878,1126,25,5,0,0,3174,53,3,30,39,385
19181021200,2916,1213,773,900,28,2,0,0,2580,42,0,17,19,258
19173180100,1378,590,281,497,9,1,0,0,1193,101,0,7,2,75
19173180200,1381,856,171,341,10,3,0,0,1241,10,0,14,1,115
19173180300,1110,648,172,286,3,1,0,0,984,10,0,11,3,102
19025950100,1715,801,299,602,11,2,0,0,1494,18,0,13,8,182
19025950200,2008,889,420,688,9,2,0,0,1688,36,1,14,5,264
19025950300,1186,520,210,448,6,2,0,0,1001,10,0,4,8,163
19025950400,1518,609,339,556,13,1,0,0,1322,14,0,3,2,177
19099040100,2713,954,856,894,6,3,0,0,2412,33,1,23,12,232
19099040200,2924,1074,915,924,11,0,0,0,2577,42,1,18,32,254
19099040300,1882,561,735,570,14,2,0,0,1625,42,10,21,11,173
19099040400,3622,974,1385,1231,24,8,0,0,3159,77,14,30,27,315
19099040500,3118,713,1222,1157,23,3,0,0,2705,84,13,23,24,269
19099040600,2091,643,758,672,15,3,0,0,1777,62,8,22,22,200
19099040700,3705,1215,1130,1334,22,4,0,0,3254,59,2,23,18,349
19099040800,3021,1110,822,1071,15,3,0,0,2658,51,3,15,16,278
19099040900,2128,1257,271,595,3,2,0,0,1860,19,0,11,22,216
19099980000,1,0,1,0,0,0,0,0,1,0,0,0,0,0
19149970100,4509,2311,894,1266,30,8,0,0,3608,179,5,20,46,651
19149970200,2268,1007,469,770,14,8,0,0,1761,179,1,21,13,293
19149970300,2235,1252,375,596,11,1,0,0,1907,54,2,4,18,250
19149970400,2142,1144,375,614,6,3,0,0,1793,21,0,3,4,321
19149970500,2117,1121,304,676,11,5,0,0,1822,23,0,12,9,251
19149970600,3982,2110,740,1121,9,2,0,0,3339,84,0,27,42,490
19027960100,2650,1020,566,1045,18,1,0,0,2188,31,0,4,20,407
19027960200,1715,625,389,695,6,0,0,0,1366,4,0,5,10,330
19027960300,4268,1524,1174,1540,22,8,0,0,3542,72,0,24,19,611
19027960400,2628,914,705,991,15,3,0,0,2155,68,4,20,11,370
19027960500,1296,466,345,478,6,1,0,0,1038,30,1,5,10,212
19027960600,1618,570,400,635,12,1,0,0,1354,11,0,11,4,238
19089960100,2578,675,751,1129,18,5,0,0,2060,41,0,13,70,394
19089960200,1868,587,478,799,3,1,0,0,1360,18,0,9,72,409
19089960300,1528,526,372,624,6,0,0,0,1222,18,0,8,22,258
19157370100,2140,761,425,944,9,1,0,0,1723,41,2,16,16,342
19157370200,2272,930,514,820,8,0,0,0,1977,27,1,13,11,243
19157370300,3920,780,2067,1043,23,7,0,0,3100,134,40,153,54,439
19157370400,3066,671,1312,1065,15,3,0,0,2498,102,10,55,46,355
19157370500,2206,914,379,901,10,2,0,0,1924,28,3,13,16,222
19113000101,4561,1690,1456,1392,21,2,0,0,3772,89,5,56,62,577
19113000102,4799,1492,1692,1575,36,4,0,0,3976,95,11,78,58,581
19113000103,1284,385,472,410,14,3,0,0,1084,25,9,9,16,141
19113000201,3332,897,1219,1175,30,11,0,0,2633,89,62,80,47,421
19113000205,3769,1442,1162,1138,26,1,0,0,3102,44,3,58,45,517
19113000208,3171,1068,996,1075,28,4,0,0,2576,56,16,62,59,402
19113000209,3400,1173,1110,1089,24,4,0,0,2713,85,4,122,66,410
19113000210,2681,1045,769,849,17,1,0,0,2272,46,3,20,28,312
19113000211,3898,1203,1368,1293,29,5,0,0,3086,62,11,203,82,454
19113000212,1965,485,819,637,21,3,0,0,1453,59,51,77,50,275
19113000213,1213,322,464,400,20,7,0,0,947,48,24,30,18,146
19113000300,3855,1085,1432,1298,32,8,0,0,3125,77,57,66,70,460
19113000400,3930,1135,1455,1298,36,6,0,0,3262,73,4,50,57,484
19113000500,4129,1141,1450,1481,46,11,0,0,3449,77,25,37,55,486
19113000600,2221,597,884,715,19,6,0,0,1845,54,14,31,23,254
19113000700,1416,334,611,451,11,9,0,0,1174,35,23,16,24,144
19113000800,3223,647,1412,1113,38,13,0,0,2503,172,67,35,51,395
19113000901,3928,1083,1604,1196,32,13,0,0,3170,138,57,48,85,430
19113000902,5183,1861,1862,1418,37,5,0,0,4273,72,12,102,106,618
19113001001,3298,877,1330,1049,38,4,0,0,2683,70,35,49,43,418
19113001002,2223,466,960,771,19,7,0,0,1793,75,27,24,38,266
19113001004,2138,422,963,726,18,9,0,0,1658,58,104,24,36,258
19113001005,1164,259,545,347,9,4,0,0,859,35,71,33,18,148
19113001101,2908,736,1244,897,25,6,0,0,2442,47,21,18,28,352
19113001102,2390,569,996,794,26,5,0,0,1916,68,36,24,43,303
19113001200,1104,188,487,397,23,9,0,0,906,27,28,7,16,120
19113001300,2184,404,995,757,19,9,0,0,1751,60,56,23,20,274
19113001400,2216,452,987,742,29,6,0,0,1823,63,18,16,28,268
19113001500,2140,616,974,533,14,3,0,0,1755,22,43,26,31,263
19113001600,4385,1094,2115,1125,40,11,0,0,3656,95,25,46,62,501
19113001700,3877,708,2124,980,51,14,0,0,2832,111,438,29,57,410
19113001800,1964,373,969,594,20,8,0,0,1538,61,98,19,35,213
19113001900,1010,172,483,336,15,4,0,0,714,65,84,10,25,112
19113002200,1301,211,609,461,15,5,0,0,1013,51,43,13,29,152
19113002300,2623,507,1238,838,32,8,0,0,2150,70,32,24,26,321
19113002400,2615,535,1157,900,18,5,0,0,2114,67,37,37,40,320
19113002500,1847,328,873,608,29,9,0,0,1531,60,34,10,23,189
19113002600,1460,246,684,508,17,5,0,0,1137,36,45,13,26,203
19113002700,1181,162,667,330,12,10,0,0,776,29,210,15,18,133
19113002800,2901,682,1334,839,38,8,0,0,2326,77,61,15,65,357
19113002900,3068,617,1388,1021,31,11,0,0,2358,74,120,38,62,416
19113003003,2822,751,1003,1029,29,10,0,0,2291,81,17,32,51,350
19113003004,1901,377,755,739,24,6,0,0,1495,62,45,20,53,226
19113003005,3789,874,1558,1317,28,12,0,0,3005,122,57,107,55,443
19113003006,3542,921,1332,1253,29,7,0,0,2898,99,25,38,50,432
19113010100,2005,629,601,759,15,1,0,0,1765,11,1,9,27,192
19113010200,3308,1010,963,1310,19,6,0,0,2817,15,2,12,35,427
19113010300,2700,970,744,970,12,4,0,0,2327,33,0,17,27,296
19113010400,2128,745,549,814,19,1,0,0,1827,20,1,14,20,246
19113010500,2741,921,851,941,25,3,0,0,2309,45,4,14,33,336
19113010600,5091,1622,1689,1738,36,6,0,0,4253,93,3,64,70,608
19113010700,4860,1439,1688,1691,35,7,0,0,4025,94,8,22,81,630
19113010801,957,293,331,333,0,0,0,0,801,18,0,8,6,124
19113010802,4476,906,2050,1482,31,7,0,0,3710,119,13,55,72,507
19107080100,1466,660,319,480,6,1,0,0,1245,19,1,2,12,187
19107080200,1587,572,461,545,9,0,0,0,1428,15,1,2,3,138
19107080300,1727,722,458,538,5,4,0,0,1486,9,1,12,8,211
19107080400,1809,815,386,601,3,4,0,0,1578,27,2,6,7,189
19147960100,1323,614,278,426,4,1,0,0,1120,12,0,8,11,172
19147960200,1196,462,298,426,6,4,0,0,1018,16,0,11,10,141
19147960300,2546,813,967,749,13,4,0,0,2173,55,6,11,25,276
19147960400,1001,384,263,352,1,1,0,0,894,7,0,6,2,92
19117950100,1445,659,320,461,3,2,0,0,1270,18,0,5,30,122
19117950200,1495,729,284,476,5,1,0,0,1363,10,1,4,17,100
19117950300,1263,559,286,407,10,1,0,0,1110,24,0,3,28,98
19117950400,1495,607,344,533,9,2,0,0,1303,32,0,11,30,119
19141490100,1824,976,305,527,16,0,0,0,1503,51,2,15,10,243
19141490200,2558,1749,294,504,10,1,0,0,2125,47,2,20,0,364
19141490300,3202,2038,410,734,16,4,0,0,2545,106,4,30,16,501
19141490400,1648,1002,257,378,7,4,0,0,1430,17,0,7,10,184
19083480100,1660,811,359,482,6,2,0,0,1302,53,0,14,16,275
19083480200,1382,516,423,426,12,5,0,0,1148,41,1,9,12,171
19083480300,2556,1016,701,826,13,0,0,0,2090,68,11,29,37,321
19083480400,1927,885,426,604,11,1,0,0,1613,32,0,7,12,263
19083480500,2002,1012,377,603,7,3,0,0,1704,25,0,11,24,238
19083480600,1773,810,420,529,10,4,0,0,1494,28,3,13,17,218
19131560100,1898,663,484,740,7,4,0,0,1670,14,0,5,11,198
19131560200,2555,1045,569,929,11,1,0,0,2174,21,0,16,20,324
19131560300,2643,1011,681,925,20,6,0,0,2280,20,1,27,10,305
19073080100,1194,439,287,458,8,2,0,0,1038,31,0,9,6,110
19073080200,1760,693,503,552,11,1,0,0,1523,44,3,20,10,160
19073080300,2068,829,574,650,11,4,0,0,1804,53,1,9,8,193
19073080500,1272,568,275,422,6,1,0,0,1104,19,1,2,11,135
19169000101,1640,635,455,530,18,2,0,0,1402,29,2,23,34,150
19169000102,3101,949,1207,920,22,3,0,0,2434,56,14,152,77,368
19169000103,1027,376,279,362,8,2,0,0,875,13,1,11,14,113
19169000104,1054,411,362,270,8,3,0,0,886,24,1,23,19,101
19169000105,2364,657,993,700,9,5,0,0,1696,69,13,263,59,264
19169000200,3488,707,1547,1185,37,12,0,0,2689,172,25,92,58,452
19169000300,2060,562,892,583,20,3,0,0,1664,58,10,46,38,244
19169000400,2137,462,1000,655,13,7,0,0,1699,75,11,51,35,266
19169000500,241,34,79,125,2,1,0,0,150,26,3,16,4,42
19169000600,3244,671,1486,1054,29,4,0,0,2551,101,42,115,77,358
19169000700,2460,447,1056,920,30,7,0,0,1874,112,14,62,65,333
19169000800,1274,264,415,579,12,4,0,0,929,79,1,48,19,198
19169000900,2861,470,1572,776,30,13,0,0,2317,91,27,31,47,348
19169001000,2837,571,1193,1010,51,12,0,0,2192,119,32,76,66,352
19169001101,2221,532,930,721,31,7,0,0,1713,90,8,60,46,304
19169001102,2945,813,807,1286,34,5,0,0,2287,132,11,59,42,414
19169001200,52,7,21,24,0,0,0,0,42,1,0,2,0,7
19169001302,3861,1065,1485,1262,39,10,0,0,3091,97,21,109,50,493
19169001303,3006,608,1222,1128,39,9,0,0,2242,159,27,184,62,332
19169001304,3081,585,1223,1201,52,20,0,0,2342,164,63,93,60,359
19169010101,2651,899,730,992,25,5,0,0,2265,48,0,22,18,298
19169010102,3180,1133,863,1147,28,9,0,0,2732,49,8,30,26,335
19169010200,2730,1006,620,1073,28,3,0,0,2458,36,0,10,13,213
19169010300,3053,996,921,1097,32,7,0,0,2615,71,3,27,27,310
19169010400,1739,476,547,689,18,9,0,0,1486,56,1,10,4,182
19169010500,1318,544,256,507,8,3,0,0,1145,14,2,6,9,142
19169010600,3921,1501,1089,1290,37,4,0,0,3331,50,2,30,21,487
19067480100,1791,638,430,717,6,0,0,0,1509,13,1,20,7,241
19067480200,1744,494,408,826,8,8,0,0,1500,30,0,11,16,187
19067480300,1733,516,397,810,8,2,0,0,1446,14,2,6,18,247
19067480400,1836,433,637,752,10,4,0,0,1530,77,11,9,19,190
19067480500,3249,926,1025,1271,21,6,0,0,2630,137,16,28,39,399
19091970100,1391,679,219,489,3,1,0,0,1188,23,0,6,6,168
19091970200,1155,507,243,400,5,0,0,0,982,19,3,6,2,143
19091970300,1822,777,358,673,11,3,0,0,1545,21,5,11,10,230
19091970400,1970,963,369,624,10,4,0,0,1654,46,2,4,15,249
19145490100,1742,1110,208,418,4,2,0,0,1577,11,0,4,11,139
19145490200,1395,618,314,450,9,4,0,0,1214,56,0,8,5,112
19145490300,1814,885,397,518,13,1,0,0,1605,23,1,6,16,163
19145490400,1421,739,262,408,11,1,0,0,1226,34,0,17,10,134
19145490500,1462,814,303,330,10,5,0,0,1287,29,0,21,7,118
19145490600,1605,994,216,389,5,1,0,0,1449,18,0,10,6,122
19003950100,1204,552,227,423,2,0,0,0,1091,19,2,7,7,78
19003950200,1504,603,328,562,9,2,0,0,1365,14,0,6,7,112
19017004000,1024,276,394,344,10,0,0,0,858,18,0,12,16,120
19017004100,3029,924,976,1110,17,2,0,0,2508,69,4,23,21,404
19017004200,3016,921,913,1162,17,3,0,0,2532,41,5,28,28,382
19017004300,1282,464,234,578,6,0,0,0,1053,8,1,7,11,202
19017004400,1943,653,484,791,14,1,0,0,1643,18,0,8,16,258
19017004500,1766,679,364,713,7,3,0,0,1493,9,0,7,7,250
19017004600,3813,1297,860,1639,14,3,0,0,3244,40,2,17,27,483
19017004700,1375,470,305,591,6,3,0,0,1138,19,0,3,25,190
19175190100,1422,685,235,494,7,1,0,0,1273,24,1,14,3,107
19175190200,2334,852,557,903,18,4,0,0,2062,52,11,14,16,179
19175190300,1504,822,255,423,4,0,0,0,1367,14,0,13,8,102
19175190400,2507,981,619,891,13,3,0,0,2209,45,6,16,26,205
19165960100,2170,1136,434,589,9,2,0,0,1935,41,0,11,3,180
19165960200,2128,908,520,688,10,2,0,0,1807,31,1,12,8,269
19165960300,2371,1186,516,662,7,0,0,0,2035,34,4,25,14,259
19165960400,1567,740,326,489,8,4,0,0,1351,23,1,13,6,173
19119950100,1939,1466,143,321,7,2,0,0,1537,18,2,9,13,360
19119950200,2352,1742,236,371,3,0,0,0,1935,22,2,15,6,372
19119950300,3867,2927,423,507,8,2,0,0,3189,44,0,24,25,585
19061000100,1291,217,608,442,18,6,0,0,955,55,99,8,12,162
19061000300,1247,265,578,387,14,3,0,0,1040,21,9,2,12,163
19061000400,2438,549,1222,647,16,4,0,0,2028,34,14,14,32,316
19061000500,1899,331,865,686,13,4,0,0,1462,49,135,11,19,223
19061000600,2091,466,898,697,19,11,0,0,1682,85,59,18,14,233
19061000701,2015,411,891,692,17,4,0,0,1549,103,78,14,21,250
19061000702,1913,373,908,607,19,6,0,0,1595,43,29,22,21,203
19061000801,3205,936,1482,765,17,5,0,0,2698,46,2,22,22,415
19061000802,2744,878,1146,697,19,4,0,0,2279,30,5,28,28,374
19061000900,2597,594,1145,823,27,8,0,0,2050,108,13,22,31,373
19061001101,2555,661,1164,703,21,6,0,0,2132,48,8,20,35,312
19061001103,1594,529,637,420,6,2,0,0,1314,17,3,20,29,211
19061001104,3197,995,1246,922,23,11,0,0,2667,33,27,11,38,421
19061001201,2811,753,1310,722,20,6,0,0,2301,41,5,19,34,411
19061001202,1298,316,585,382,10,5,0,0,1027,34,9,14,14,200
19061001204,2053,629,840,570,13,1,0,0,1683,24,7,24,24,291
19061001205,2666,700,1196,753,15,2,0,0,2197,53,11,38,41,326
19061010101,1733,547,632,528,22,4,0,0,1457,28,1,9,12,226
19061010103,2215,585,943,669,14,4,0,0,1841,32,4,8,15,315
19061010104,4113,1388,1473,1221,24,7,0,0,3474,51,2,30,65,491
19061010105,2711,903,986,806,15,1,0,0,2321,22,2,7,24,335
19061010201,4714,1769,1506,1404,25,10,0,0,3942,58,28,27,50,609
19061010202,2884,800,1096,967,18,3,0,0,2325,31,0,25,15,488
19061010300,2401,816,789,786,9,1,0,0,2015,41,0,4,24,317
19061010400,2670,1002,819,841,5,3,0,0,2084,27,0,11,23,525
19061010500,3312,1320,945,1033,11,3,0,0,2646,57,4,17,20,568
19061010600,2455,895,840,703,15,2,0,0,2023,29,1,5,19,378
19111490100,2580,621,1087,854,13,5,0,0,2105,137,14,13,26,285
19111490200,2301,522,899,851,26,3,0,0,1845,121,24,28,35,248
19111490300,1625,561,511,540,10,3,0,0,1388,27,0,5,9,196
19111490400,1955,624,640,680,7,4,0,0,1554,19,0,6,2,374
19111490500,2340,769,709,842,18,2,0,0,2034,18,5,3,4,276
19111490600,2351,710,840,778,21,2,0,0,2108,30,3,7,5,198
19111490700,2944,807,1237,885,11,4,0,0,2536,37,43,34,12,282
19111490800,1143,220,544,371,5,3,0,0,1019,16,7,5,5,91
19111490900,1219,289,541,381,7,1,0,0,1055,10,33,5,4,112
19111491000,1122,208,455,449,10,0,0,0,944,32,27,7,9,103
19111491100,1972,478,808,665,16,5,0,0,1642,63,7,12,13,235
19077950100,3143,1314,702,1108,18,1,0,0,2808,38,2,15,18,262
19077950200,1538,673,321,536,7,1,0,0,1364,13,1,3,9,148
19077950300,3158,1169,741,1216,30,2,0,0,2805,54,3,14,11,271
19081270100,2669,1280,546,831,11,1,0,0,2184,45,2,11,25,402
19081270200,1647,771,342,528,4,2,0,0,1313,43,1,15,20,255
19081270300,1760,814,371,562,8,5,0,0,1472,55,1,8,5,219
19081270400,1306,654,231,413,6,2,0,0,1099,33,0,5,4,165
19171290100,1978,827,400,741,8,2,0,0,1679,30,1,8,11,249
19171290200,1863,771,405,671,15,1,0,0,1545,42,1,8,23,244
19171290300,1827,708,420,690,8,1,0,0,1582,22,0,8,17,198
19171290400,1698,474,593,612,13,6,0,0,1300,127,1,6,33,231
19171290500,1930,343,775,796,7,9,0,0,1289,285,3,8,52,293
19171290600,1894,549,561,771,9,4,0,0,1433,60,0,8,46,347
19015020100,2362,871,659,822,5,5,0,0,2068,32,0,17,9,236
19015020200,2557,779,757,995,24,2,0,0,2224,59,5,13,14,242
19015020300,4446,1439,1421,1547,31,8,0,0,3804,70,21,42,43,466
19015020400,1693,542,506,627,13,5,0,0,1484,26,1,9,12,161
19015020500,3704,1327,1115,1216,38,8,0,0,3234,59,6,21,24,360
19015020600,1481,590,390,491,8,2,0,0,1312,21,0,9,5,134
19015020700,2731,1063,748,903,15,2,0,0,2418,19,1,12,11,270
19183960101,2454,983,636,816,15,4,0,0,2074,40,3,9,27,301
19183960102,1993,680,550,748,11,4,0,0,1654,22,0,17,24,276
19183960200,3129,1467,616,1023,18,5,0,0,2670,61,5,15,21,357
19183960300,2194,815,580,779,18,2,0,0,1776,177,11,17,14,199
19183960400,2614,955,737,891,26,5,0,0,2169,163,3,15,36,228
19183960500,2272,1075,399,787,10,1,0,0,1877,62,12,8,26,287
19121060101,2582,1136,591,840,14,1,0,0,2263,19,3,19,32,246
19121060102,2529,1079,565,861,21,3,0,0,2231,32,2,11,15,238
19121060200,3500,1355,1031,1085,24,5,0,0,3093,79,1,21,14,292
19121060300,2925,1271,657,969,24,4,0,0,2593,31,2,19,22,258
19033950102,2646,506,993,1120,17,10,0,0,2168,134,7,20,25,292
19033950201,1848,443,650,744,10,1,0,0,1510,68,3,36,23,208
19033950202,2568,697,903,959,5,4,0,0,2083,67,9,34,22,353
19033950300,2859,625,1016,1194,12,12,0,0,2282,141,10,32,37,357
19033950402,2519,552,907,1040,13,7,0,0,2073,80,10,30,25,301
19033950600,1594,486,448,654,4,2,0,0,1350,15,0,13,8,208
19033950700,2908,1050,739,1097,14,8,0,0,2460,70,4,26,21,327
19033950800,3619,1410,834,1351,16,8,0,0,2998,75,9,34,24,479
19033950900,1367,617,286,458,4,2,0,0,1166,11,0,9,6,175
19033951000,1881,586,492,787,12,4,0,0,1571,31,1,5,7,266
19033951400,2682,851,824,998,7,2,0,0,2240,62,1,43,39,297
19033951600,3132,709,1109,1294,15,5,0,0,2557,120,9,31,29,386
19063070100,1240,433,283,515,7,2,0,0,1069,9,4,2,6,150
19063070200,1225,471,333,420,1,0,0,0,1060,14,0,6,6,139
19063070300,1855,590,546,707,8,4,0,0,1452,127,11,10,7,248
19063070400,1939,610,526,787,13,3,0,0,1545,100,6,13,18,257
19135070100,2070,862,559,637,6,6,0,0,1840,16,1,13,19,181
19135070200,1646,681,445,509,7,4,0,0,1489,16,3,6,23,109
19135070300,1350,605,329,406,10,0,0,0,1199,8,1,3,5,134
19041080100,1471,786,244,428,10,3,0,0,1267,9,1,10,13,171
19041080200,3164,1363,749,1030,18,4,0,0,2657,111,2,28,24,342
19041080301,2712,1350,506,834,21,1,0,0,2323,53,3,31,9,293
19041080302,1662,821,340,489,8,4,0,0,1419,29,2,21,11,180
19041080400,2085,1173,285,618,8,1,0,0,1754,23,3,12,22,271
19085290100,1528,705,398,415,6,4,0,0,1374,9,0,5,4,136
19085290200,2163,1178,439,527,14,5,0,0,1932,27,0,8,13,183
19085290300,1831,1004,366,441,18,2,0,0,1629,18,0,5,10,169
19085290400,1887,804,502,563,14,4,0,0,1662,35,0,7,13,170
19085290500,1697,925,343,418,10,1,0,0,1472,16,0,12,11,186
19037070100,2066,656,643,756,9,2,0,0,1636,13,1,13,31,372
19037070200,1623,535,376,703,7,2,0,0,1370,18,0,6,13,216
19037070300,1883,690,470,711,10,2,0,0,1548,15,0,7,18,295
19037070400,2521,829,866,812,12,2,0,0,2009,49,0,17,41,405
19057000200,1663,363,708,575,14,3,0,0,1383,51,68,16,11,134
19057000300,2055,411,924,698,16,6,0,0,1693,58,102,10,15,177
19057000400,2112,376,883,824,24,5,0,0,1621,83,223,3,16,166
19057000500,2922,617,1295,972,34,4,0,0,2495,82,80,18,16,231
19057000600,2525,660,1073,769,18,5,0,0,2202,57,12,19,15,220
19057000700,2153,642,928,577,3,3,0,0,1865,49,11,14,8,206
19057000800,2163,598,905,645,11,4,0,0,1839,69,32,23,17,183
19057000900,2447,792,918,709,25,3,0,0,2110,38,4,25,22,248
19057001000,3273,1306,939,1012,14,2,0,0,2816,33,3,10,15,396
19057001100,2654,966,820,858,7,3,0,0,2348,31,4,6,5,260
19057001200,1922,748,577,588,5,4,0,0,1698,32,7,6,12,167
19097950100,1971,624,666,676,4,1,0,0,1717,13,1,7,16,217
19097950200,2724,948,964,798,9,5,0,0,2289,23,4,7,21,380
19097950300,2464,712,709,1038,4,1,0,0,2066,25,0,15,13,345
19097950400,2826,895,1112,807,11,1,0,0,2358,23,5,11,15,414
19097950500,2711,684,1032,978,11,6,0,0,2317,55,2,17,23,297
19097950600,1446,309,518,611,5,3,0,0,1221,22,2,5,15,181
19021960100,1008,480,167,351,10,0,0,0,850,50,1,5,11,91
19021960200,1235,538,242,449,6,0,0,0,1073,53,0,10,2,97
19021960300,1244,614,201,423,4,2,0,0,1019,49,0,12,3,161
19021960400,2945,758,1055,1101,17,14,0,0,1299,988,38,264,37,319
19021960500,2404,697,840,851,10,6,0,0,1305,623,25,131,27,293
19021960600,2489,1142,557,780,10,0,0,0,1949,216,1,25,20,278
19069360100,2192,1099,406,681,3,3,0,0,1773,30,0,18,21,350
19069360200,2602,1122,650,812,11,7,0,0,2028,245,2,21,39,267
19069360300,1571,840,252,463,14,2,0,0,1219,65,0,9,22,256
19093090100,1705,801,327,569,5,3,0,0,1476,43,2,7,3,174
19093090200,1445,765,208,464,6,2,0,0,1239,26,1,4,4,171
19093090300,1573,801,255,515,0,2,0,0,1387,25,0,5,8,148
19105070100,2821,1148,623,1040,9,1,0,0,2352,22,1,9,19,418
19105070301,1208,348,334,516,9,1,0,0,1043,13,0,8,14,130
19105070302,1171,362,332,472,5,0,0,0,1013,13,3,3,10,129
19105070401,1947,711,424,803,9,0,0,0,1700,13,0,10,11,213
19105070402,1678,550,449,672,5,2,0,0,1469,10,2,20,9,168
19105070500,1658,597,391,662,7,1,0,0,1430,17,3,4,11,193
19105070600,2873,931,749,1179,10,4,0,0,2452,29,1,15,18,358
19161080100,1671,848,299,521,1,2,0,0,1387,59,2,4,4,215
19161080200,1741,964,254,517,3,3,0,0,1514,21,0,8,5,193
19161080300,1662,888,288,482,4,0,0,0,1402,24,0,6,2,228
19161080400,1787,876,353,547,8,3,0,0,1492,34,0,16,5,240
19187000101,3029,1126,939,941,19,4,0,0,2565,82,3,25,25,329
19187000102,1805,524,659,608,10,4,0,0,1513,62,18,23,16,173
19187000200,2513,914,809,775,9,6,0,0,2100,69,5,36,16,287
19187000300,907,254,328,317,3,5,0,0,762,41,8,10,13,73
19187000400,1231,335,427,453,11,5,0,0,986,56,22,6,17,144
19187000500,929,265,330,320,11,3,0,0,728,40,50,8,10,93
19187000600,2640,564,1061,994,16,5,0,0,2159,133,34,22,25,267
19187000700,826,205,296,311,9,5,0,0,654,35,33,16,9,79
19187000900,2729,788,762,1149,17,13,0,0,2169,122,22,33,31,352
19187010100,1726,671,496,549,10,0,0,0,1504,14,0,13,17,178
19187010200,1267,505,353,400,6,3,0,0,1073,26,2,8,9,149
19187010300,2211,987,448,762,12,2,0,0,1881,37,3,4,24,262
19187010400,2047,725,572,736,10,4,0,0,1825,19,1,4,9,189
19103000100,4880,694,3076,1075,28,7,0,0,3775,181,53,106,136,629
19103000200,2528,327,1350,816,24,11,0,0,1749,152,134,83,115,295
19103000303,1177,244,499,417,15,2,0,0,913,68,23,19,18,136
19103000304,1518,212,820,468,13,5,0,0,1015,108,96,65,94,140
19103000305,3120,578,1632,883,19,8,0,0,2326,103,47,177,114,353
19103000306,2521,564,1309,639,8,1,0,0,1880,78,28,142,102,291
19103000307,1598,167,903,507,12,9,0,0,1103,88,123,39,53,192
19103000401,1781,230,1039,499,9,4,0,0,943,77,127,142,296,196
19103000402,3144,600,1715,805,19,5,0,0,2185,95,21,282,145,416
19103000501,2912,422,1665,790,28,7,0,0,2025,110,64,146,185,382
19103000502,1817,236,1089,479,10,3,0,0,1295,78,21,81,82,260
19103000600,2006,280,1110,593,14,9,0,0,1456,107,44,82,60,257
19103001100,2866,377,1650,804,25,10,0,0,2078,144,26,81,70,467
19103001200,1603,137,1143,306,11,6,0,0,1285,60,7,31,32,188
19103001300,2500,381,1598,507,13,1,0,0,2070,58,18,45,44,265
19103001400,3625,466,2242,891,18,8,0,0,2873,114,146,72,84,336
19103001500,2011,152,1482,358,8,11,0,0,1575,61,48,39,38,250
19103001601,3295,559,1487,1193,44,12,0,0,2404,181,23,100,95,492
19103001602,2822,348,1539,898,24,13,0,0,2103,158,17,63,62,419
19103001700,2368,209,1551,582,19,7,0,0,1853,111,59,46,51,248
19103001801,3312,451,1707,1117,29,8,0,0,2168,320,180,100,127,417
19103001802,2455,321,1340,773,13,8,0,0,1495,221,255,157,69,258
19103002100,1379,239,659,463,15,3,0,0,1020,76,4,43,46,190
19103002300,4836,814,2338,1629,44,11,0,0,3456,345,48,184,123,680
19103010100,5973,1706,2526,1696,41,4,0,0,4936,81,5,50,98,803
19103010200,3811,1194,1304,1292,16,5,0,0,3086,39,0,26,66,594
19103010303,5056,1220,2073,1715,39,9,0,0,4017,158,31,70,65,715
19103010304,4116,813,1900,1364,35,4,0,0,3220,154,35,133,93,481
19103010305,3532,664,1544,1279,33,12,0,0,2817,143,38,64,69,401
19103010306,1910,470,807,609,19,5,0,0,1518,43,15,35,34,265
19103010307,2493,578,1115,776,18,6,0,0,2007,73,82,29,42,260
19103010308,3562,785,1757,993,23,4,0,0,2751,90,14,139,79,489
19103010401,2073,383,961,709,17,3,0,0,1498,187,37,39,24,288
19103010402,1884,643,658,572,11,0,0,0,1557,13,0,9,25,280
19103010501,3860,701,2056,1074,22,7,0,0,2984,208,20,125,79,444
19103010502,2088,552,842,674,17,3,0,0,1610,109,6,13,26,324
19047070100,1174,466,253,453,1,1,0,0,986,56,1,5,3,123
19047070200,1370,645,252,466,7,0,0,0,1121,57,0,10,10,172
19047070300,1412,597,317,488,7,3,0,0,1230,34,0,12,5,131
19047070401,1861,690,555,599,12,5,0,0,1271,366,0,30,19,175
19047070402,2386,768,813,787,10,8,0,0,1262,769,13,95,29,218
19047070500,1323,538,258,522,3,2,0,0,1133,32,0,7,8,143
19185070100,1472,695,316,453,7,1,0,0,1346,10,3,4,6,103
19185070200,1128,496,259,365,7,1,0,0,1038,9,1,2,11,67
19185070300,1071,491,255,320,5,0,0,0,963,13,1,3,5,86
19059450200,1642,862,251,520,8,1,0,0,1388,16,0,7,13,218
19059450501,1768,747,431,568,17,5,0,0,1474,31,0,16,15,232
19059450502,2202,1080,447,665,7,3,0,0,1867,28,0,11,19,277
19059450800,2443,979,500,944,17,3,0,0,2073,38,0,18,30,284
19059451000,2002,1023,397,572,9,1,0,0,1700,22,0,16,7,257
19059451100,3266,1636,750,855,24,1,0,0,2710,34,2,21,33,466
19167070100,2434,1774,166,480,12,2,0,0,1997,53,0,18,10,356
19167070200,3105,2594,139,361,8,3,0,0,2439,80,2,38,21,525
19167070300,4086,3212,246,621,5,2,0,0,3232,147,1,35,34,637
19167070400,2346,1346,437,551,6,6,0,0,1879,161,0,13,20,273
19167070500,2008,1272,231,492,9,4,0,0,1686,61,0,11,10,240
19167070601,1372,957,152,253,8,2,0,0,1112,46,1,19,3,191
19167070602,2558,1770,306,465,14,3,0,0,2059,105,0,19,10,365
19167070701,2629,1980,212,428,7,2,0,0,1978,89,0,29,22,511
19167070702,1566,1106,158,294,5,3,0,0,1221,81,2,13,8,241
19177950100,2614,1355,475,763,15,6,0,0,2351,29,0,8,16,210
19177950200,2033,1039,358,625,9,2,0,0,1841,12,0,17,8,155
19125030101,3655,2138,563,935,17,2,0,0,3126,37,2,47,19,424
19125030102,1954,738,535,660,20,1,0,0,1687,40,0,18,12,197
19125030201,2691,1530,461,688,10,2,0,0,2319,25,0,45,10,292
19125030202,2206,1119,416,651,13,7,0,0,1812,61,0,28,15,290
19125030300,1942,855,422,648,17,0,0,0,1610,45,4,29,22,232
19125030401,3179,1167,966,1013,26,7,0,0,2754,40,6,22,30,327
19125030402,2764,1092,715,941,14,2,0,0,2462,34,0,14,20,234
19125030500,1223,415,333,462,8,5,0,0,1049,33,2,6,9,124
19125030600,1673,645,479,543,5,1,0,0,1488,15,2,5,11,152
19125030700,1876,815,462,584,12,3,0,0,1663,18,12,4,11,168
19193000100,2322,706,819,778,13,6,0,0,1727,259,8,35,20,273
19193000201,1922,654,601,644,13,10,0,0,1543,164,4,22,11,178
19193000202,2035,820,649,549,15,2,0,0,1591,113,13,72,40,206
19193000300,4033,1496,1380,1133,19,5,0,0,3039,355,26,112,61,440
19193000400,3232,1382,1019,809,16,6,0,0,2630,162,11,56,44,329
19193000500,1867,609,662,580,13,3,0,0,1419,191,16,48,12,181
19193000600,1627,445,665,507,9,1,0,0,1342,126,1,21,12,125
19193000700,1875,593,674,588,15,5,0,0,1354,221,12,58,20,210
19193000800,1886,444,786,642,9,5,0,0,1120,427,46,88,21,184
19193000900,1340,443,522,365,7,3,0,0,1002,147,5,29,10,147
19193001000,738,200,286,243,7,2,0,0,447,108,25,61,14,83
19193001100,1879,443,780,638,12,6,0,0,1046,495,34,123,38,143
19193001200,947,154,421,355,12,5,0,0,348,377,21,115,21,65
19193001300,524,89,243,185,5,2,0,0,245,140,39,23,30,47
19193001400,1765,334,842,571,16,2,0,0,1032,495,27,53,18,140
19193001500,809,132,359,306,7,5,0,0,404,211,66,55,11,62
19193001801,2653,844,873,900,28,8,0,0,2064,231,8,30,29,291
19193001802,1189,463,365,353,4,4,0,0,910,131,3,15,19,111
19193001900,1828,645,561,604,13,5,0,0,1442,169,4,19,13,181
19193002000,3070,1041,978,1007,33,11,0,0,2386,266,7,39,34,338
19193002101,2361,1037,687,622,12,3,0,0,1908,115,2,35,41,260
19193002102,4170,1902,1098,1144,23,3,0,0,3398,229,12,79,50,402
19193003100,2452,1145,493,804,8,2,0,0,2103,30,0,15,8,296
19193003200,3448,1824,631,979,11,3,0,0,3010,49,0,14,16,359
19193003301,3172,1454,703,993,19,3,0,0,2592,105,4,52,42,377
19193003302,2640,1546,501,579,11,3,0,0,2260,57,1,25,35,262
19193003500,2688,1333,528,808,16,3,0,0,2380,48,4,18,14,224
19193003600,1254,313,517,407,10,7,0,0,810,176,37,46,36,149
19193940200,0,0,0,0,0,0,0,0,0,0,0,0,0,0
19153000101,1555,314,731,488,15,7,0,0,1191,84,82,24,23,151
19153000102,2335,535,1047,730,16,7,0,0,1909,150,20,37,15,204
19153000103,1410,336,622,434,14,4,0,0,1171,81,12,36,20,90
19153000201,1633,367,780,465,19,2,0,0,1295,122,23,61,16,116
19153000202,2204,542,1034,601,18,9,0,0,1719,173,53,55,26,178
19153000300,2037,368,1000,642,21,6,0,0,1385,185,116,117,24,210
19153000400,2450,464,1185,760,32,9,0,0,1775,209,86,138,19,223
19153000500,2436,366,1271,755,33,11,0,0,1685,266,135,113,32,205
19153000600,2155,403,1066,650,29,7,0,0,1651,139,99,41,25,200
19153000701,1567,266,838,436,16,11,0,0,838,94,274,156,55,150
19153000702,2086,447,1054,560,20,5,0,0,1514,62,111,133,42,224
19153000703,2351,448,1300,578,19,6,0,0,1867,75,41,78,31,259
19153000704,2085,519,1004,543,16,3,0,0,1595,88,31,93,42,236
19153000801,3494,708,1702,1043,32,9,0,0,2430,147,190,161,159,407
19153000802,2574,519,1391,630,28,6,0,0,2178,62,11,33,39,251
19153000803,2555,496,1221,810,21,7,0,0,1994,125,50,74,60,252
19153000901,2310,474,1168,632,30,6,0,0,1872,111,28,44,58,197
19153000902,2461,438,1505,498,20,0,0,0,2053,53,12,33,58,252
19153001000,3520,537,2143,801,30,9,0,0,2721,113,130,87,67,402
19153001100,2583,338,1478,730,25,12,0,0,1486,228,327,99,104,339
19153001200,1750,181,1078,475,10,6,0,0,494,211,702,162,49,132
19153001500,1628,239,918,448,16,7,0,0,1104,175,85,92,19,153
19153001700,1402,98,917,373,9,5,0,0,313,232,631,141,20,65
19153001800,1020,200,493,315,7,5,0,0,815,90,20,24,7,64
19153001900,2315,515,1045,720,29,6,0,0,1829,177,44,47,18,200
19153002100,2361,408,1168,755,25,5,0,0,1728,339,37,60,12,185
19153002600,1031,122,653,239,14,3,0,0,495,76,284,43,46,87
19153002700,2295,196,1586,483,25,5,0,0,1489,100,253,94,105,254
19153002800,2234,304,1423,478,25,4,0,0,1696,88,110,55,62,223
19153002900,2884,428,1830,594,23,9,0,0,2215,110,70,81,56,352
19153003001,1504,254,968,270,12,0,0,0,1277,27,4,15,27,154
19153003002,2549,487,1607,440,12,3,0,0,2156,52,6,43,32,260
19153003100,1389,271,845,262,8,3,0,0,1169,29,3,21,24,143
19153003200,2159,453,1354,339,9,4,0,0,1798,26,11,52,44,228
19153003901,1469,239,771,443,11,5,0,0,865,230,110,118,14,132
19153003902,2830,522,1492,791,17,8,0,0,1620,333,154,353,62,308
19153004001,2122,397,1104,592,21,8,0,0,1459,140,156,50,85,232
19153004004,2556,637,1363,536,16,4,0,0,2119,75,30,43,33,256
19153004100,2228,480,1188,541,14,5,0,0,1848,95,11,27,18,229
19153004200,1910,275,1044,565,19,7,0,0,1404,232,44,46,22,162
19153004300,2936,574,1486,841,27,8,0,0,2259,226,55,96,28,272
19153004400,2002,308,1051,612,25,6,0,0,1355,302,84,81,19,161
19153004501,2320,428,1179,686,17,10,0,0,1676,207,70,110,32,225
19153004502,1694,348,884,440,14,8,0,0,1398,91,16,26,19,144
19153004602,3322,646,1684,954,24,14,0,0,2400,368,124,103,55,272
19153004603,2169,520,1029,581,32,7,0,0,1761,146,37,37,18,170
19153004701,2245,437,998,777,24,9,0,0,1717,232,32,46,14,204
19153004702,1113,178,541,382,11,1,0,0,804,97,49,30,13,120
19153004800,1218,146,684,368,11,9,0,0,615,311,100,84,18,90
19153004900,730,87,408,227,4,4,0,0,365,69,143,57,20,76
19153005000,1681,170,1051,442,11,7,0,0,470,217,648,171,61,114
19153005101,4607,756,2509,1262,66,14,0,0,3421,169,285,116,74,542
19153005102,936,106,574,248,7,1,0,0,617,47,134,25,19,94
19153005200,1508,190,807,485,16,10,0,0,906,298,88,54,48,114
19153005300,1314,230,669,395,16,4,0,0,930,160,54,56,10,104
19153010101,4330,1901,1121,1278,25,5,0,0,3672,80,7,71,35,465
19153010102,7280,2586,2006,2599,80,9,0,0,6048,205,110,109,71,737
19153010205,6070,1994,2079,1925,63,9,0,0,5023,153,16,80,93,705
19153010207,3197,1251,981,938,26,1,0,0,2697,55,5,46,57,337
19153010208,2989,982,945,1015,38,9,0,0,2449,75,7,41,52,365
19153010209,4158,1407,1340,1357,44,10,0,0,3386,102,14,77,57,522
19153010211,2831,992,1010,807,19,3,0,0,2333,57,8,36,36,361
19153010212,2863,932,1025,874,24,8,0,0,2367,94,3,30,53,316
19153010213,3502,1377,1075,1020,27,3,0,0,2961,46,8,48,57,382
19153010214,5960,1918,2023,1950,60,9,0,0,4865,156,45,151,100,643
19153010215,4321,1706,1199,1386,26,4,0,0,3598,77,9,76,47,514
19153010216,10462,3625,3282,3434,106,15,0,0,8555,288,32,206,160,1221
19153010404,3160,1076,1209,849,22,4,0,0,2505,91,21,75,68,400
19153010406,2661,828,1105,706,16,6,0,0,2086,82,16,62,86,329
19153010407,3428,1241,1301,862,22,2,0,0,2738,99,12,78,88,413
19153010408,2463,668,1056,701,33,5,0,0,1927,85,34,61,92,264
19153010409,2936,933,1183,787,27,6,0,0,2208,92,26,111,121,378
19153010410,1734,509,744,461,17,3,0,0,1348,60,9,45,64,208
19153010411,2754,804,1168,750,31,1,0,0,2113,66,43,114,77,341
19153010500,3855,1281,1355,1182,31,6,0,0,3334,103,6,62,40,310
19153010601,1713,475,660,558,17,3,0,0,1456,67,5,14,20,151
19153010602,4705,1448,1833,1385,33,6,0,0,3893,160,34,131,65,422
19153010702,4286,1633,1288,1321,39,5,0,0,3753,78,3,30,38,384
19153010703,2981,863,1091,979,44,4,0,0,2480,102,16,32,41,310
19153010707,2424,769,896,735,21,3,0,0,2044,66,4,37,22,251
19153010708,4347,1542,1424,1350,28,3,0,0,3732,117,12,53,37,396
19153010709,3209,1019,1133,1012,37,8,0,0,2762,75,8,39,21,304
19153010803,3449,1070,1391,952,30,6,0,0,2880,102,24,68,45,330
19153010804,3610,1343,1159,1070,33,5,0,0,3075,126,9,46,26,328
19153010805,4419,1062,2081,1226,37,13,0,0,3065,367,61,328,67,531
19153010806,2227,545,948,711,20,3,0,0,1667,179,42,95,16,228
19153011001,2179,453,957,740,23,6,0,0,1667,176,42,32,43,219
19153011021,3712,1112,1539,1017,40,4,0,0,3090,121,16,76,60,349
19153011025,2737,903,1117,692,23,2,0,0,2187,97,13,57,56,327
19153011026,4752,1798,1606,1307,38,3,0,0,3824,121,14,159,100,534
19153011027,4746,1476,1898,1326,33,13,0,0,3612,150,71,202,187,524
19153011028,3707,1197,1410,1065,25,10,0,0,2940,135,27,60,94,451
19153011111,3172,727,1490,918,28,9,0,0,2491,178,50,47,85,321
19153011112,2932,929,1230,749,21,3,0,0,2333,151,23,78,82,265
19153011113,1393,358,580,437,15,3,0,0,1082,57,22,44,27,161
19153011114,2411,546,1093,736,25,11,0,0,1845,132,47,56,78,253
19153011201,3735,964,1858,885,25,3,0,0,2997,115,26,84,102,411
19153011203,3093,1233,1127,718,12,3,0,0,2473,53,2,160,72,333
19153011205,1550,415,666,447,21,1,0,0,1080,122,27,81,58,182
19153011206,2742,955,1141,627,18,1,0,0,2199,79,10,54,92,308
19153011301,2558,921,655,957,21,4,0,0,2067,51,2,37,36,365
19153011302,2088,761,574,734,18,1,0,0,1679,66,4,37,35,267
19153011303,5420,1662,1732,1965,52,9,0,0,4350,154,20,85,128,683
19153011304,3594,1420,1177,981,15,1,0,0,2839,73,7,138,116,421
19153011305,1201,314,481,393,12,1,0,0,884,49,13,43,48,164
19153011405,2111,834,582,669,25,1,0,0,1657,41,1,88,50,274
19153011406,4616,1571,1658,1342,38,7,0,0,3622,130,87,101,130,546
19153011500,5544,2196,1418,1874,47,9,0,0,4770,62,6,36,68,602
19153011600,32,6,14,9,3,0,0,0,25,2,0,0,1,4
19153011702,2578,785,1057,717,19,0,0,0,2059,58,16,47,95,303
19153011703,4380,1508,1596,1248,23,5,0,0,3400,97,11,242,134,496
19153011704,2017,775,708,515,17,2,0,0,1613,47,2,78,51,226
19051080100,2635,1176,779,669,8,3,0,0,2345,27,0,13,6,244
19051080200,2232,944,654,619,11,4,0,0,2027,39,1,10,14,141
19055950100,2419,970,433,1004,10,2,0,0,1944,21,0,7,11,436
19055950200,2061,867,411,775,7,1,0,0,1720,15,0,15,6,305
19055950300,3446,1310,883,1231,16,6,0,0,2934,46,5,27,5,429
19055950400,3840,1573,842,1410,11,4,0,0,3224,19,4,22,17,554
19001960100,1834,748,387,688,10,1,0,0,1630,29,0,13,5,157
19001960200,1170,546,220,396,6,2,0,0,1024,11,0,7,14,114
19001960300,2147,924,414,800,6,3,0,0,1928,25,0,7,15,172
19029190100,1759,862,320,570,2,5,0,0,1567,11,0,12,1,168
19029190200,1586,911,246,419,9,1,0,0,1428,16,2,3,9,128
19029190300,1059,584,152,315,6,2,0,0,929,11,1,5,4,109
19029190400,2832,1449,557,809,15,2,0,0,2519,31,0,20,9,253
19029190500,1885,881,347,640,12,5,0,0,1670,24,1,6,8,176
19009070100,1358,674,305,371,7,1,0,0,1213,3,0,9,7,126
19009070200,1556,746,368,438,4,0,0,0,1343,25,0,6,8,174
19009070300,1172,547,310,311,2,2,0,0,1043,8,0,5,5,111
19045000100,1530,267,605,643,10,5,0,0,1251,43,63,7,14,152
19045000200,1062,229,379,450,4,0,0,0,886,50,15,6,4,101
19045000300,2739,547,1073,1100,10,9,0,0,2290,93,42,17,23,274
19045000400,2514,740,861,894,15,4,0,0,2146,46,20,23,27,252
19045000500,3188,859,1193,1109,21,6,0,0,2652,78,33,45,31,349
19045000600,2354,611,835,894,11,3,0,0,1977,44,11,25,22,275
19045000700,2449,670,856,909,11,3,0,0,2119,48,8,26,20,228
19045000800,3676,1073,1191,1385,18,9,0,0,3234,55,8,12,27,340
19045000900,4714,1676,1325,1686,14,13,0,0,4120,65,13,20,28,468
19045001000,2681,1015,631,1009,18,8,0,0,2259,24,2,13,28,355
19045001100,1621,509,376,724,9,3,0,0,1410,18,2,4,7,180
19045001200,2881,1117,690,1067,6,1,0,0,2513,27,1,24,9,307
19123950100,2113,1140,337,622,13,1,0,0,1877,15,2,14,11,194
19123950200,2336,1436,273,612,14,1,0,0,2073,19,0,5,11,228
19123950300,2366,1356,352,644,12,2,0,0,2085,24,0,9,24,224
19123950400,1997,908,493,571,20,5,0,0,1735,48,5,14,20,175
19123950500,2066,982,464,606,12,2,0,0,1791,26,6,35,8,200
19123950600,1700,630,413,636,20,1,0,0,1404,65,32,29,19,151
19123950700,1579,652,332,575,19,1,0,0,1350,44,1,10,13,161
19101090100,1928,889,496,530,8,5,0,0,1608,29,3,20,28,240
19101090200,2152,910,610,623,8,1,0,0,1881,28,4,17,12,210
19101090301,1446,285,767,381,8,5,0,0,1182,45,5,38,22,154
19101090302,1833,603,687,520,17,6,0,0,1534,41,14,46,21,177
19101090400,3342,794,1793,719,22,14,0,0,2670,93,19,85,60,415
19053960100,1380,662,284,426,4,4,0,0,1303,11,0,6,5,55
19053960200,2073,776,687,593,14,3,0,0,1807,61,20,13,9,163
19053960300,1305,571,320,408,6,0,0,0,1202,18,0,5,7,73
19137960100,1483,902,202,372,5,2,0,0,1323,11,0,17,4,128
19137960200,1695,883,348,452,12,0,0,0,1509,29,0,13,6,138
19137960300,1849,824,374,632,14,5,0,0,1609,61,2,16,4,157
19137960400,1883,1057,280,537,7,2,0,0,1665,22,2,12,12,170
19155021200,2293,720,701,828,28,16,0,0,1882,108,7,17,34,245
19155021400,2594,1249,656,666,21,2,0,0,2226,34,1,13,13,307
19155021501,1659,851,343,454,7,4,0,0,1476,15,0,3,6,159
19155021502,1977,815,457,695,5,5,0,0,1749,31,1,15,4,177
19155021602,2048,1170,297,569,10,2,0,0,1819,23,0,5,16,185
19155021603,2037,1113,405,496,17,6,0,0,1766,37,0,12,8,214
19155021701,1499,753,245,494,6,1,0,0,1304,33,1,6,6,149
19155021702,1477,770,261,434,10,2,0,0,1327,20,0,3,9,118
19155030100,3850,1376,1219,1207,41,7,0,0,3298,122,6,35,23,366
19155030200,2019,640,672,668,29,10,0,0,1658,103,4,19,26,209
19155030300,1993,654,646,660,17,16,0,0,1652,107,1,9,19,205
19155030401,2226,591,781,813,32,9,0,0,1828,141,9,25,21,202
19155030402,1538,451,535,532,12,8,0,0,1269,97,7,12,13,140
19155030501,1203,350,408,425,13,7,0,0,1003,68,4,10,12,106
19155030502,1317,423,406,469,14,5,0,0,1034,131,5,5,11,131
19155030601,1222,357,433,407,20,5,0,0,1023,91,2,6,9,91
19155030602,1318,347,468,478,20,5,0,0,1009,159,2,5,17,126
19155030700,1191,275,402,488,18,8,0,0,936,130,9,1,13,102
19155030800,1941,590,639,691,14,7,0,0,1586,162,12,24,10,147
19155030900,738,194,280,250,11,3,0,0,597,48,3,6,10,74
19155031000,1350,398,487,444,16,5,0,0,1112,64,3,7,33,131
19155031100,1644,572,472,573,23,4,0,0,1375,62,10,3,13,181
19155031200,2222,910,656,632,16,8,0,0,1923,65,2,17,13,202
19155031300,1662,488,597,548,19,10,0,0,1274,214,3,12,18,141
19155031400,1981,660,610,677,28,6,0,0,1621,127,8,26,21,178
19155031601,3861,1777,1012,1047,18,7,0,0,3331,75,0,15,28,412
19155031602,2025,944,529,535,13,4,0,0,1755,37,0,8,9,216
19155031700,3238,1299,896,1004,26,13,0,0,2605,127,77,25,34,370
19155031800,2370,1057,654,628,26,5,0,0,2044,64,2,8,35,217
19155031900,2909,1343,761,784,18,3,0,0,2493,69,2,22,10,313
19115450100,1948,744,475,725,2,2,0,0,1655,94,3,14,5,177
19115450200,2343,838,698,791,14,2,0,0,1605,465,7,43,10,213
19115450300,2579,1131,560,872,13,3,0,0,2173,111,15,9,6,265
19011960100,2185,746,568,849,18,4,0,0,1869,25,0,9,12,270
19011960200,2201,941,410,842,7,1,0,0,1915,23,0,11,8,244
19011960300,3315,1159,854,1263,28,11,0,0,2893,46,5,9,12,350
19011960400,2282,806,613,847,10,6,0,0,1949,29,7,16,10,271
19011960500,4001,1370,1001,1595,32,3,0,0,3442,38,0,25,40,456
19011960600,1813,672,385,748,7,1,0,0,1500,22,0,31,12,248
19011960700,1687,547,429,702,7,2,0,0,1412,17,2,15,9,232
19179960100,1945,694,499,732,16,4,0,0,1703,23,5,15,6,193
19179960200,1231,270,493,458,9,1,0,0,950,137,21,14,7,102
19179960300,2785,880,1039,842,18,6,0,0,2353,107,11,34,31,249
19179960400,2098,650,775,655,15,3,0,0,1661,185,18,19,25,190
19179960500,978,220,409,338,7,4,0,0,711,142,29,9,9,78
19179960600,1670,406,718,536,4,6,0,0,1339,148,6,25,15,137
19179960700,2346,915,703,710,17,1,0,0,2090,37,0,18,9,192
19179960800,2229,708,891,622,6,2,0,0,1858,135,6,35,14,181
19179960900,1501,351,615,521,9,5,0,0,1186,168,5,12,6,124
19179961000,1708,468,671,564,2,3,0,0,1434,116,5,14,14,125
19179961100,1922,598,595,715,8,6,0,0,1716,35,0,6,8,157
19133960100,1515,643,404,460,7,1,0,0,1317,15,1,2,6,174
19133960200,1362,586,325,443,6,2,0,0,1189,25,0,4,10,134
19133960300,1878,741,505,611,16,5,0,0,1698,20,1,13,17,129
19133960400,1113,494,298,314,5,2,0,0,990,6,0,2,4,111
19159950100,1155,705,205,239,6,0,0,0,1016,9,0,5,12,113
19159950200,1958,1229,371,351,3,4,0,0,1755,12,0,7,30,154
