GEOID20,total_reg,party_npp,party_rep,party_dem,party_grn,party_oth,party_unk,eth1_eur,eth1_hisp,eth1_aa,eth1_esa,eth1_oth,eth1_unk
28019950100,1621,472,829,320,0,0,0,1332,18,211,2,6,52
28019950200,2747,781,1115,848,0,3,0,1618,19,1001,14,17,78
28019950300,1167,367,442,358,0,0,0,660,21,446,5,3,32
28045030101,1542,619,556,367,0,0,0,1180,54,123,5,13,167
28045030102,2531,1311,545,673,0,2,0,1496,82,681,24,18,230
28045030201,1023,513,336,174,0,0,0,782,61,55,8,8,109
28045030202,1120,492,435,193,0,0,0,879,39,34,3,14,151
28045030203,2182,1117,662,403,0,0,0,1476,76,372,30,17,211
28045030301,1650,739,671,239,0,1,0,1345,73,40,13,12,167
28045030302,1469,870,464,135,0,0,0,1159,74,80,4,5,147
28045030303,1737,1191,354,192,0,0,0,1315,75,95,32,19,201
28045030304,1243,765,296,182,0,0,0,921,58,99,9,12,144
28045030400,1500,727,435,337,0,1,0,1049,70,195,14,8,164
28045030501,1988,939,803,245,0,1,0,1632,80,43,20,15,198
28045030502,1829,750,855,224,0,0,0,1470,73,44,24,20,198
28045030503,3067,1322,1423,322,0,0,0,2483,113,77,25,44,325
28045030603,1705,699,797,209,0,0,0,1327,129,26,8,19,196
28045030604,2992,1477,1241,272,0,2,0,2418,149,75,20,21,309
28045030605,3112,1380,1364,368,0,0,0,2393,152,89,18,28,432
28045030606,1355,634,570,149,0,2,0,1091,56,46,4,10,148
28045990000,0,0,0,0,0,0,0,0,0,0,0,0,0
28011950100,2339,1044,121,1174,0,0,0,457,23,1782,12,7,58
28011950200,2010,926,103,980,0,1,0,366,19,1570,11,3,41
28011950300,2148,885,122,1140,0,1,0,399,25,1666,6,4,48
28011950400,2952,1183,319,1450,0,0,0,750,33,2043,14,13,99
28011950500,3163,1381,750,1032,0,0,0,1639,68,1321,15,14,106
28011950601,1790,805,618,367,0,0,0,1494,34,118,24,13,107
28011950602,1971,726,891,354,0,0,0,1611,34,140,29,14,143
28011950701,2752,1348,57,1345,0,2,0,401,42,2252,11,2,44
28011950702,2561,1379,96,1086,0,0,0,278,25,2205,16,7,30
28051950100,3104,1229,477,1395,0,3,0,744,16,2259,9,14,62
28051950200,2989,1142,274,1572,0,1,0,658,17,2211,19,8,76
28051950300,2184,896,105,1180,0,3,0,380,6,1714,17,1,66
28051950400,1381,474,185,721,0,1,0,312,13,990,9,10,47
28051950501,1816,707,101,1007,0,1,0,238,11,1488,9,0,70
28051950502,1431,554,52,825,0,0,0,209,17,1172,1,4,28
28073020101,2264,835,1192,237,0,0,0,1842,23,248,6,14,131
28073020102,4181,1530,2232,419,0,0,0,3506,55,381,30,23,186
28073020203,1715,708,707,300,0,0,0,1300,24,296,18,9,68
28073020204,2693,1063,1247,381,0,2,0,2245,48,227,22,13,138
28073020205,3061,1033,1672,356,0,0,0,2443,41,286,64,35,192
28073020206,3170,1161,1662,347,0,0,0,2632,60,202,42,38,196
28073020303,2504,1013,1056,435,0,0,0,1938,63,274,32,23,174
28073020304,2593,1076,798,719,0,0,0,1469,73,878,27,34,112
28073020305,1876,1063,429,384,0,0,0,909,70,771,32,8,86
28073020306,1420,782,313,325,0,0,0,681,37,594,9,19,80
28073020307,856,628,58,170,0,0,0,344,20,437,8,11,36
28073020308,1461,718,398,344,0,1,0,903,24,432,19,8,75
28073020401,1542,568,711,263,0,0,0,1055,25,369,11,8,74
28073020402,3057,1170,1708,179,0,0,0,2673,32,135,20,19,178
28073020501,2457,872,1442,142,0,1,0,2184,40,89,7,7,130
28073020502,2017,787,1078,152,0,0,0,1750,34,153,6,5,69
28073020600,2051,839,653,559,0,0,0,1124,40,791,5,5,86
28125950100,1792,570,277,945,0,0,0,707,14,983,11,3,74
28125950200,1681,556,240,885,0,0,0,453,11,1125,16,6,70
28157950100,3025,1210,482,1333,0,0,0,1018,34,1866,15,4,88
28157950201,2211,813,138,1258,0,2,0,353,25,1770,13,7,43
28157950202,1557,512,207,837,0,1,0,367,20,1098,7,3,62
28149950101,1086,466,240,380,0,0,0,442,14,589,9,1,31
28149950102,2129,806,964,358,0,1,0,1781,18,185,22,9,114
28149950200,2529,1177,215,1137,0,0,0,418,16,1991,34,6,64
28149950300,1491,802,88,601,0,0,0,295,27,1100,12,9,48
28149950400,1752,824,241,687,0,0,0,480,25,1162,12,7,66
28149950500,1139,547,251,341,0,0,0,494,15,556,18,5,51
28149950600,3803,1549,1113,1141,0,0,0,1881,60,1626,51,28,157
28149950700,1478,713,179,586,0,0,0,340,26,1067,11,6,28
28149950800,2256,952,446,858,0,0,0,829,37,1272,23,18,77
28149950901,3161,1180,1380,601,0,0,0,2334,32,566,34,21,174
28149950902,2410,1084,752,574,0,0,0,1485,27,775,14,16,93
28149951101,3466,1383,1158,925,0,0,0,2015,52,1247,18,15,119
28149951102,2423,1118,702,603,0,0,0,1167,56,1062,14,27,97
28025950100,3550,1134,833,1582,0,1,0,1304,38,2058,17,8,125
28025950200,1846,429,568,849,0,0,0,935,18,802,6,3,82
28025950300,2242,994,152,1096,0,0,0,407,26,1723,15,12,59
28025950400,3239,1220,650,1368,0,1,0,1223,35,1858,13,20,90
28025950500,2738,807,774,1156,0,1,0,1186,35,1410,12,11,84
28031950100,3633,1388,860,1385,0,0,0,1443,32,2042,16,10,90
28031950200,1504,760,257,487,0,0,0,577,19,852,7,5,44
28031950300,4287,1807,1131,1347,0,2,0,1828,44,2259,21,13,122
28031950401,2602,1068,1127,407,0,0,0,2074,21,385,10,7,105
28031950402,2632,1102,1228,302,0,0,0,2244,26,224,10,8,120
28147950101,2517,963,747,807,0,0,0,1177,33,1200,11,9,87
28147950102,2468,1046,594,828,0,0,0,1090,33,1200,14,15,116
28147950200,1102,450,295,357,0,0,0,562,20,455,8,2,55
28147950301,2686,1147,676,863,0,0,0,1262,35,1306,9,2,72
28147950302,1903,740,599,564,0,0,0,1214,19,588,7,4,71
28155950100,2313,760,1137,416,0,0,0,1802,14,379,15,3,100
28155950200,2695,812,1291,592,0,0,0,1809,31,733,9,14,99
28155950300,1306,483,407,416,0,0,0,619,18,621,7,8,33
28135950100,3406,1203,802,1400,0,1,0,2218,29,897,9,18,235
28135950200,1777,692,121,963,0,1,0,399,9,1309,12,1,47
28135950300,2124,896,190,1032,1,5,0,504,13,1531,5,4,67
28135950400,1736,619,300,814,2,1,0,813,11,824,3,3,82
28067950101,2815,1076,1187,551,0,1,0,1787,36,858,9,7,118
28067950102,1295,514,612,169,0,0,0,971,17,183,4,12,108
28067950201,1988,614,1165,209,0,0,0,1698,30,150,8,16,86
28067950202,1745,522,712,511,0,0,0,927,27,705,10,2,74
28067950301,3427,1026,1898,502,0,1,0,2587,33,615,11,9,172
28067950302,2275,675,1409,190,0,1,0,2007,31,78,12,6,141
28067950401,2097,728,1061,308,0,0,0,1607,48,269,25,19,129
28067950402,3311,1554,732,1025,0,0,0,1443,97,1627,26,14,104
28067950500,2306,1111,501,694,0,0,0,890,42,1257,28,17,72
28067950601,2666,1410,46,1210,0,0,0,221,52,2364,9,4,16
28067950602,995,453,337,205,0,0,0,697,40,180,16,4,58
28067950700,2266,987,507,770,0,2,0,834,22,1349,3,5,53
28067950801,2031,795,1020,216,0,0,0,1633,29,264,6,8,91
28067950802,1749,673,955,121,0,0,0,1574,17,35,6,2,115
28067950901,2308,870,1127,311,0,0,0,1788,35,326,11,6,142
28067950902,2845,1093,1483,268,0,1,0,2364,54,252,5,4,166
28067951000,2113,904,727,482,0,0,0,1221,30,734,9,8,111
28067951101,1665,584,902,179,0,0,0,1368,28,188,6,6,69
28067951102,2428,1001,1144,282,0,1,0,1919,44,311,5,9,140
28067980000,2,2,0,0,0,0,0,2,0,0,0,0,0
28111950101,3427,1341,1401,684,0,1,0,2705,32,492,15,4,179
28111950102,2634,1019,1076,537,0,2,0,1828,29,622,14,1,140
28111950200,2313,866,826,621,0,0,0,1448,31,721,5,14,94
28101050100,2736,988,1412,336,0,0,0,2319,28,249,8,2,130
28101050200,3227,1168,1558,501,0,0,0,2493,23,577,10,6,118
28101050301,2121,816,774,530,0,1,0,1179,24,801,11,13,93
28101050302,1468,719,508,241,0,0,0,1095,13,225,7,11,117
28101050400,3443,1231,1360,852,0,0,0,2077,50,1167,19,12,118
28101050500,2539,1251,410,876,0,2,0,768,34,1639,21,16,61
28059040103,2972,1252,1464,256,0,0,0,2389,39,329,18,12,185
28059040104,1942,770,1071,101,0,0,0,1702,23,88,6,8,115
28059040105,3071,1300,1605,166,0,0,0,2716,44,66,15,11,219
28059040106,1852,759,1001,91,0,1,0,1605,35,43,13,4,152
28059040203,3162,1596,1324,240,0,2,0,2606,103,105,55,26,267
28059040205,2330,1065,1131,133,0,1,0,2011,52,59,15,10,183
28059040206,3118,1348,1515,254,0,1,0,2636,71,172,17,15,207
28059040207,2286,1312,778,195,0,1,0,1828,68,101,45,16,228
28059040208,1546,774,655,117,0,0,0,1257,56,60,33,8,132
28059040301,2255,1336,649,270,0,0,0,1607,100,208,114,16,210
28059040302,1410,840,412,158,0,0,0,994,69,120,80,16,131
28059040401,2090,1247,544,299,0,0,0,1460,84,288,87,19,152
28059040402,2639,1259,1035,345,0,0,0,2010,103,145,110,33,238
28059040500,2714,966,1191,557,0,0,0,2134,86,210,35,21,228
28059040600,3686,1606,1460,620,0,0,0,3022,117,160,36,38,313
28059040701,2817,1303,1088,426,0,0,0,2193,129,124,86,36,249
28059040702,3564,1669,1395,500,0,0,0,2797,153,177,80,42,315
28059040801,1402,781,473,148,0,0,0,1025,100,144,10,18,105
28059040802,2453,1212,877,364,0,0,0,1695,136,437,30,14,141
28059040901,3201,1744,1033,424,0,0,0,2435,168,291,42,35,230
28059040902,2562,1323,911,328,0,0,0,2013,140,102,51,23,233
28059040903,1685,918,554,213,0,0,0,1355,78,92,16,3,141
28059041001,1247,568,494,185,0,0,0,880,82,169,29,11,76
28059041002,1989,1115,461,413,0,0,0,954,111,789,13,12,110
28059041101,1591,855,408,328,0,0,0,673,113,717,11,4,73
28059041102,2451,1263,753,435,0,0,0,1382,185,700,29,26,129
28059041301,2606,1208,959,439,0,0,0,1742,69,605,18,9,163
28059041302,934,453,406,75,0,0,0,775,24,49,13,2,71
28059041400,2077,733,577,767,0,0,0,870,55,1060,13,5,74
28059041500,925,397,68,460,0,0,0,149,22,722,3,1,28
28059041600,1545,824,43,678,0,0,0,102,42,1351,9,2,39
28059041700,1611,782,26,803,0,0,0,39,22,1497,11,0,42
28059041800,2030,1007,30,993,0,0,0,98,25,1862,12,1,32
28059041900,1524,702,545,277,0,0,0,806,97,511,15,14,81
28059042000,2557,1569,356,632,0,0,0,759,454,1230,23,17,74
28059042100,1704,1067,343,294,0,0,0,729,285,608,13,13,56
28059042201,1177,694,301,182,0,0,0,556,171,379,11,6,54
28059042202,1089,577,312,200,0,0,0,556,121,328,10,9,65
28059042500,1515,606,740,169,0,0,0,1213,79,103,7,9,104
28059042600,1892,661,1035,196,0,0,0,1538,113,106,27,13,95
28059042700,492,247,203,42,0,0,0,409,13,40,2,0,28
28059042900,1319,665,383,271,0,0,0,794,86,374,5,4,56
28059990000,0,0,0,0,0,0,0,0,0,0,0,0,0
28021950100,1995,699,165,1130,0,1,0,450,11,1444,9,14,67
28021950200,1262,532,47,683,0,0,0,144,8,1070,17,4,19
28021950300,2439,891,117,1431,0,0,0,332,24,2003,14,12,54
28029950101,1774,740,340,694,0,0,0,619,28,1037,12,6,72
28029950102,1876,782,260,834,0,0,0,493,25,1294,10,7,47
28029950200,3426,1321,1056,1049,0,0,0,1713,43,1501,13,14,142
28029950300,2889,1028,862,999,0,0,0,1261,36,1446,12,8,126
28029950400,3483,1502,182,1797,0,2,0,389,53,2906,41,9,85
28029950501,1761,717,675,369,0,0,0,1302,30,329,9,5,86
28029950502,1746,601,630,515,0,0,0,1038,22,617,11,6,52
28029950600,2293,841,572,880,0,0,0,989,34,1180,4,13,73
28083950100,746,375,141,230,0,0,0,280,10,424,4,1,27
28083950200,2124,1211,266,646,0,1,0,609,31,1413,8,5,58
28083950300,5125,3749,189,1187,0,0,0,1044,79,3774,25,32,171
28083950400,3937,2399,321,1217,0,0,0,546,45,3237,33,9,67
28083950600,3583,1553,1530,498,0,2,0,2757,37,487,52,38,212
28083950700,1790,1241,63,486,0,0,0,363,14,1350,8,9,46
28083950800,3789,2552,44,1191,0,2,0,233,32,3447,24,10,43
28083950900,4057,2790,149,1118,0,0,0,329,37,3597,36,7,51
28061950101,2097,596,624,877,0,0,0,983,16,1007,5,8,78
28061950102,1044,302,346,396,0,0,0,456,5,546,0,3,34
28061950200,1022,357,283,381,0,1,0,482,11,491,8,3,27
28061950301,2332,759,892,681,0,0,0,1247,12,990,5,2,76
28061950302,1645,598,656,391,0,0,0,1080,13,478,7,3,64
28061950401,1835,598,229,1008,0,0,0,396,20,1365,7,2,45
28061950402,1652,492,256,903,0,1,0,461,9,1130,7,4,41
28143950101,2323,1180,72,1071,0,0,0,552,31,1646,10,1,83
28143950102,2477,1751,67,659,0,0,0,595,39,1688,24,12,119
28143950200,4396,2625,265,1505,0,1,0,1495,47,2622,20,27,185
28143980000,1,1,0,0,0,0,0,1,0,0,0,0,0
28039950101,4577,1872,2241,463,0,1,0,3967,50,231,13,17,299
28039950102,2976,1142,1422,412,0,0,0,2662,50,111,7,8,138
28039950200,1479,653,522,304,0,0,0,1028,17,359,8,4,63
28039950302,1833,751,688,394,0,0,0,1406,18,311,5,9,84
28039950303,2141,844,953,344,0,0,0,1915,33,69,8,4,112
28039950304,2461,1073,1032,356,0,0,0,1997,22,295,7,3,137
28017950100,2866,1123,380,1363,0,0,0,811,31,1918,31,14,61
28017950200,2419,840,706,871,0,2,0,1508,37,779,9,4,82
28017950300,2998,1227,691,1078,0,2,0,1473,101,1303,13,5,103
28017950401,1500,452,306,741,0,1,0,583,22,818,11,3,63
28017950402,2083,609,794,680,0,0,0,1301,23,658,11,7,83
28115950101,2761,1146,919,696,0,0,0,1549,29,1049,33,6,95
28115950102,3599,1580,1415,604,0,0,0,2921,114,378,13,18,155
28115950200,3204,1230,1355,618,0,1,0,2646,48,299,30,8,173
28115950300,4105,1741,1432,932,0,0,0,2918,106,844,17,17,203
28115950400,3160,1296,1263,601,0,0,0,2486,56,436,16,5,161
28115950500,3522,1412,1328,781,0,1,0,2872,64,317,18,7,244
28053950100,1821,654,214,953,0,0,0,434,15,1308,10,2,52
28053950200,1635,540,260,834,0,1,0,682,20,838,7,7,81
28053950300,3058,1216,200,1641,0,1,0,616,37,2285,31,13,76
28103950100,3941,1363,298,2280,0,0,0,907,25,2875,17,13,104
28103950200,2029,634,345,1050,0,0,0,735,20,1205,9,1,59
28103950300,1626,608,143,874,0,1,0,408,22,1136,10,9,41
28003950100,3943,1803,1297,843,0,0,0,3504,36,127,20,15,241
28003950201,1952,1112,377,463,0,0,0,1203,44,614,8,9,74
28003950202,2511,964,1004,542,0,1,0,2156,36,173,23,13,110
28003950300,2261,1098,616,546,0,1,0,1879,39,209,7,6,121
28003950401,2093,805,777,510,0,1,0,1893,20,56,7,6,111
28003950402,1432,505,454,472,0,1,0,1289,8,20,0,5,110
28003950501,2401,1097,737,567,0,0,0,2019,33,205,12,5,127
28003950502,2886,2077,193,616,0,0,0,1240,54,1420,14,19,139
28003950600,2675,1147,851,677,0,0,0,2383,37,91,10,8,146
28003950700,3127,1219,963,944,0,1,0,2480,16,435,10,22,164
28081950101,3156,1419,1230,507,0,0,0,2559,29,396,16,5,151
28081950102,2294,960,810,524,0,0,0,1487,27,701,7,8,64
28081950202,3426,1569,1436,421,0,0,0,3042,42,149,13,13,167
28081950203,1411,529,674,208,0,0,0,1132,14,167,9,7,82
28081950204,3703,1585,1517,600,0,1,0,3022,52,396,28,19,186
28081950301,2968,1285,1378,305,0,0,0,2581,48,158,13,4,164
28081950302,2133,879,796,456,0,2,0,1514,40,469,13,5,92
28081950401,2359,1151,608,600,0,0,0,1118,35,1098,19,8,81
28081950403,1741,729,755,257,0,0,0,1393,26,186,26,12,98
28081950404,3827,1294,1893,639,0,1,0,2980,43,502,47,16,239
28081950501,1176,479,443,254,0,0,0,660,17,435,9,3,52
28081950502,2530,1078,888,564,0,0,0,1743,42,603,30,9,103
28081950601,2317,1095,709,513,0,0,0,1694,54,442,23,13,91
28081950602,2072,1133,418,521,0,0,0,1125,46,784,19,11,87
28081950700,2004,1081,374,549,0,0,0,804,56,1059,12,15,58
28081950800,1651,809,346,496,0,0,0,843,40,682,13,17,56
28081950901,2817,1380,809,627,0,1,0,1791,68,736,23,20,179
28081950902,2575,1180,653,742,0,0,0,1310,55,1057,31,10,112
28081951001,2519,1127,622,770,0,0,0,1214,25,1199,13,1,67
28081951002,1715,933,248,534,0,0,0,503,20,1115,19,6,52
28081951101,1664,615,539,510,0,0,0,915,13,669,9,1,57
28081951102,2251,953,844,454,0,0,0,1585,32,531,8,5,90
28081980000,33,8,23,2,0,0,0,31,0,1,0,0,1
28121020101,3316,1357,1427,532,0,0,0,2071,28,1055,13,6,143
28121020103,3607,1190,1902,515,0,0,0,2963,34,402,24,24,160
28121020104,2887,1094,1279,514,0,0,0,2208,40,464,22,16,137
28121020105,1444,565,595,284,0,0,0,934,25,395,13,4,73
28121020208,5049,1470,2947,632,0,0,0,4205,75,443,30,23,273
28121020209,4055,1554,2009,492,0,0,0,3378,52,282,36,23,284
28121020210,3707,1246,2028,433,0,0,0,3120,43,308,35,13,188
28121020212,2349,822,1165,362,0,0,0,1991,26,116,54,27,135
28121020213,742,339,286,117,0,0,0,565,16,104,6,7,44
28121020214,2489,1136,936,417,0,0,0,2035,75,177,41,14,147
28121020215,2844,1114,1206,524,0,0,0,2190,55,322,65,39,173
28121020216,2687,951,1323,413,0,0,0,2066,43,363,44,10,161
28121020217,1867,1013,569,285,0,0,0,1240,35,451,7,8,126
28121020218,3162,1276,1407,479,0,0,0,2565,56,249,64,19,209
28121020219,3348,1219,1588,541,0,0,0,2421,48,644,43,34,158
28121020301,1906,802,892,212,0,0,0,1537,36,225,8,12,88
28121020303,3006,1285,1268,453,0,0,0,2489,72,196,31,32,186
28121020304,1540,893,339,307,0,1,0,973,44,380,34,16,93
28121020401,2588,1279,996,313,0,0,0,2019,78,313,23,13,142
28121020402,3930,1678,1623,629,0,0,0,2752,61,890,35,19,173
28121020500,171,111,28,32,0,0,0,32,4,131,1,0,3
28121020601,2210,1025,740,445,0,0,0,1470,54,585,20,3,78
28121020602,3152,1511,725,916,0,0,0,1387,85,1541,31,16,92
28121020703,1546,556,843,147,0,0,0,1288,22,121,24,4,87
28121020705,3865,1962,1446,457,0,0,0,3003,120,489,37,14,202
28121020801,1725,583,948,194,0,0,0,1393,16,205,19,6,86
28121020803,1312,582,616,114,0,0,0,1158,23,53,5,4,69
28121020804,3662,1655,1167,840,0,0,0,2423,68,965,18,19,169
28121020805,1539,784,329,426,0,0,0,624,25,811,15,4,60
28121020806,4635,1748,2273,612,0,2,0,3861,72,395,35,21,251
28121020901,2098,683,1057,358,0,0,0,1390,31,586,7,8,76
28121020902,2897,936,1673,288,0,0,0,2313,33,389,12,18,132
28121021001,4261,1872,1993,395,0,1,0,3589,76,334,17,19,226
28121021003,3665,1421,1691,553,0,0,0,2530,24,947,8,12,144
28121021004,3178,1406,1228,544,0,0,0,2252,54,694,16,20,142
28121021005,1436,600,576,260,0,0,0,946,11,416,7,5,51
28121980000,81,17,46,18,0,0,0,48,1,30,0,0,2
28033070101,1598,915,374,308,0,1,0,896,52,583,12,5,50
28033070102,2744,1480,741,523,0,0,0,1621,66,890,27,17,123
28033070210,3686,2266,543,876,0,1,0,1563,146,1775,42,17,143
28033070221,2558,1286,887,384,0,1,0,1907,56,449,9,20,117
28033070222,2679,1438,716,525,0,0,0,1655,71,771,23,20,139
28033070310,1807,1174,326,307,0,0,0,1132,61,483,22,8,101
28033070322,2205,1258,507,440,0,0,0,1375,85,630,19,12,84
28033070323,2871,1940,256,674,0,1,0,963,115,1655,24,13,101
28033070324,2515,1693,347,474,0,1,0,1329,126,957,10,15,78
28033070325,1365,881,256,228,0,0,0,955,63,278,6,9,54
28033070411,875,488,257,130,0,0,0,701,26,104,8,1,35
28033070412,2295,1436,453,406,0,0,0,1161,57,979,15,12,71
28033070421,1591,927,399,265,0,0,0,1206,67,202,13,7,96
28033070422,1349,766,386,197,0,0,0,1101,46,109,7,16,70
28033070521,1873,1164,462,247,0,0,0,1417,94,250,24,7,81
28033070522,2747,1567,729,450,0,1,0,2020,73,468,21,27,138
28033070523,4338,2419,899,1020,0,0,0,2468,162,1463,70,32,143
28033070524,2691,1193,1037,461,0,0,0,1788,53,674,35,24,117
28033070610,1586,1023,304,258,0,1,0,902,39,563,12,7,63
28033070631,2730,1304,938,486,0,2,0,1985,50,450,57,30,158
28033070632,3788,2000,1129,659,0,0,0,2670,110,670,101,23,214
28033070633,3448,1529,1512,407,0,0,0,2852,59,278,80,16,163
28033070634,1411,656,476,279,0,0,0,843,34,471,12,4,47
28033070635,4433,2298,1341,794,0,0,0,3278,107,693,76,52,227
28033070721,3828,2029,1019,780,0,0,0,2379,102,1122,21,16,188
28033070722,4208,1997,1735,476,0,0,0,3431,84,399,31,33,230
28033070723,3635,1917,923,794,0,1,0,2064,90,1261,30,28,162
28033070724,2043,984,701,358,0,0,0,1314,47,537,53,11,81
28033070811,3662,1962,914,786,0,0,0,2301,101,1005,41,34,180
28033070812,2808,1776,509,523,0,0,0,1781,110,756,19,26,116
28033070821,4318,2286,1355,677,0,0,0,3431,131,436,41,43,236
28033070822,2759,1772,548,439,0,0,0,1994,119,448,17,28,153
28033070830,4438,2343,1205,890,0,0,0,2921,128,1025,62,60,242
28033070900,3792,1798,1478,516,0,0,0,2782,60,757,14,18,161
28033071001,4225,1762,2002,460,0,1,0,3629,77,202,66,33,218
28033071002,3268,1377,1526,365,0,0,0,2790,56,234,20,15,153
28033071121,2590,1259,1060,271,0,0,0,2171,103,134,19,17,146
28033071122,1863,817,841,205,0,0,0,1595,28,111,21,2,106
28033071123,2676,1153,1208,315,0,0,0,2139,58,311,9,9,150
28033071124,2947,1545,967,435,0,0,0,1629,53,1084,24,6,151
28033071200,2173,1079,838,256,0,0,0,1792,45,189,11,9,127
28159950100,1976,538,757,678,0,3,0,1197,16,667,10,4,82
28159950200,2442,802,697,933,0,10,0,1232,34,1099,13,3,61
28159950300,2425,1034,367,1020,0,4,0,719,25,1620,18,5,38
28159950400,2852,1040,853,951,0,8,0,1325,26,1383,28,4,86
28159950500,2797,946,966,882,0,3,0,1799,27,848,7,3,113
28063950101,1660,932,46,681,0,1,0,600,13,891,5,18,133
28063950102,1543,506,61,976,0,0,0,188,8,1298,7,1,41
28063950103,1315,395,144,776,0,0,0,374,11,841,9,12,68
28063950200,1712,562,16,1134,0,0,0,326,12,1309,15,4,46
28163950100,3620,1565,982,1073,0,0,0,1625,28,1875,10,3,79
28163950200,2729,1459,434,836,0,0,0,945,20,1663,21,8,72
28163950300,3146,1869,100,1177,0,0,0,237,26,2809,27,6,41
28163950400,1214,489,537,188,0,0,0,881,14,268,4,2,45
28163950500,2984,1879,108,997,0,0,0,379,27,2476,20,12,70
28163950601,2296,903,876,517,0,0,0,1464,21,689,4,9,109
28163950602,2240,922,760,558,0,0,0,1324,20,786,9,5,96
28023950100,2730,990,1253,486,0,1,0,1875,19,716,3,9,108
28023950201,2847,1229,1184,434,0,0,0,2009,45,667,4,6,116
28023950202,1258,549,421,286,0,2,0,652,17,540,5,4,40
28023950300,2533,1033,501,999,0,0,0,909,17,1503,6,8,90
28023950400,2072,859,745,467,0,1,0,1197,26,741,14,6,88
28065950101,1335,422,154,759,0,0,0,230,16,1066,2,1,20
28065950102,2153,672,500,981,0,0,0,822,11,1235,19,7,59
28065950201,2427,813,451,1163,0,0,0,799,36,1528,11,4,49
28065950202,2428,722,616,1090,0,0,0,1119,8,1208,9,6,78
28089030104,1865,658,690,515,0,2,0,1363,32,249,70,42,109
28089030105,2192,1083,494,615,0,0,0,1097,86,858,26,14,111
28089030107,1878,836,718,324,0,0,0,1474,40,175,26,22,141
28089030108,2993,1914,291,786,0,2,0,824,86,1936,34,24,89
28089030109,2952,1119,1209,624,0,0,0,2292,48,370,30,20,192
28089030110,2811,970,1521,320,0,0,0,2421,32,99,66,34,159
28089030111,998,562,181,255,0,0,0,544,33,326,22,15,58
28089030112,1403,796,231,376,0,0,0,655,32,577,13,17,109
28089030202,3683,1263,1879,541,0,0,0,3061,27,237,88,64,206
28089030203,4393,1775,1964,653,0,1,0,2646,62,1305,94,52,234
28089030204,3391,1232,1532,627,0,0,0,2455,41,496,134,58,207
28089030205,2352,802,1091,459,0,0,0,1640,33,408,82,34,155
28089030206,1672,504,791,377,0,0,0,1256,20,228,62,22,84
28089030207,3135,1018,1657,460,0,0,0,2685,29,157,41,22,201
28089030208,4100,1615,1721,763,0,1,0,2899,50,875,52,39,185
28089030301,4647,1629,2320,698,0,0,0,3666,71,450,129,64,267
28089030302,5466,2101,1948,1416,0,1,0,2770,45,2405,39,25,182
28089030401,5665,2435,1744,1484,0,2,0,3175,81,2003,72,49,285
28089030402,6041,2220,2997,823,0,1,0,4706,67,777,84,46,361
28089030403,1226,533,229,463,0,1,0,328,11,844,7,1,35
28089030501,2232,1239,6,987,0,0,0,129,31,2047,4,2,19
28089030502,2906,1700,24,1181,0,1,0,153,31,2673,14,6,29
28089030600,2764,1669,157,938,0,0,0,377,31,2294,9,7,46
28089030900,5083,2103,908,2072,0,0,0,1308,38,3557,21,16,143
28089031000,1807,829,168,810,0,0,0,243,16,1489,8,2,49
28089031100,3771,2202,556,1012,0,1,0,1097,36,2464,21,18,135
28027950100,2573,1196,55,1322,0,0,0,533,21,1928,14,5,72
28027950200,1677,665,240,772,0,0,0,949,43,520,23,14,128
28027950300,2115,1107,195,813,0,0,0,774,24,1219,9,4,85
28027950400,2469,1289,181,999,0,0,0,715,37,1603,22,10,82
28027950500,3566,2349,130,1087,0,0,0,616,53,2778,22,9,88
28027950600,913,560,7,346,0,0,0,73,6,812,11,0,11
28027950700,3325,1948,12,1365,0,0,0,212,41,2986,20,8,58
28015950100,3147,952,1357,838,0,0,0,2099,25,888,22,8,105
28015950201,2684,769,696,1219,0,0,0,788,22,1794,10,8,62
28015950202,140,71,36,33,0,0,0,86,1,46,1,0,6
28049000100,3714,1686,901,1126,0,1,0,2237,62,1162,43,20,190
28049000200,4203,1732,1457,1012,0,2,0,2810,53,1031,28,19,262
28049000301,1363,863,24,476,0,0,0,84,27,1225,9,3,15
28049000302,2910,1742,66,1102,0,0,0,408,43,2334,27,15,83
28049000400,2257,1216,278,763,0,0,0,726,42,1377,17,16,79
28049000500,4592,2338,18,2235,0,1,0,182,32,4308,24,13,33
28049000600,2682,1273,15,1394,0,0,0,141,21,2480,12,3,25
28049000700,4077,2303,77,1696,0,1,0,230,53,3690,17,20,67
28049000800,3201,1604,6,1591,0,0,0,109,26,3023,12,6,25
28049000900,1430,705,4,720,0,1,0,46,8,1350,6,6,14
28049001000,1067,559,7,501,0,0,0,31,15,995,2,1,23
28049001100,1400,794,5,601,0,0,0,43,11,1324,5,4,13
28049001200,1415,824,11,580,0,0,0,38,13,1343,3,1,17
28049001300,3213,1740,655,815,0,3,0,1843,47,1019,45,44,215
28049001400,2491,865,1107,519,0,0,0,2106,30,135,33,24,163
28049001500,2446,1208,581,657,0,0,0,1906,33,247,26,25,209
28049001600,2960,2152,106,702,0,0,0,1068,60,1591,42,26,173
28049002100,2215,1364,12,839,0,0,0,232,19,1873,13,6,72
28049002200,1482,876,10,596,0,0,0,90,14,1351,4,7,16
28049002300,1698,1008,14,676,0,0,0,68,16,1593,6,3,12
28049002400,3455,1720,22,1711,0,2,0,124,26,3240,8,13,44
28049002500,1694,990,10,693,0,1,0,107,24,1534,5,6,18
28049002700,1067,769,38,260,0,0,0,333,14,643,7,9,61
28049003000,1255,842,36,375,0,2,0,112,12,1098,6,7,20
28049003200,972,658,6,307,0,1,0,29,16,904,10,0,13
28049003300,3853,2580,47,1225,0,1,0,287,51,3423,13,15,64
28049003400,1867,1210,46,611,0,0,0,149,27,1631,21,9,30
28049003500,1950,1410,34,506,0,0,0,129,21,1766,12,4,18
28049003600,2342,1482,69,791,0,0,0,132,19,2149,3,5,34
28049003700,1569,969,75,525,0,0,0,111,14,1422,4,3,15
28049003800,1499,1052,67,379,0,1,0,203,40,1225,4,5,22
28049010102,3902,1906,373,1622,0,1,0,712,70,2966,31,25,98
28049010103,2861,1533,433,894,0,1,0,925,45,1756,21,16,98
28049010104,1680,708,471,501,0,0,0,1069,27,457,20,15,92
28049010201,2863,1944,18,901,0,0,0,537,28,2153,24,14,107
28049010202,5007,1779,52,3176,0,0,0,197,39,4664,17,26,64
28049010203,2224,1005,27,1191,0,1,0,125,23,2021,14,11,30
28049010301,2526,1176,12,1338,0,0,0,123,14,2355,7,2,25
28049010304,4674,1871,1369,1434,0,0,0,2704,63,1572,100,29,206
28049010305,1980,871,465,644,0,0,0,1068,38,734,7,14,119
28049010400,2925,1415,885,625,0,0,0,1984,40,682,26,19,174
28049010501,3387,1355,792,1240,0,0,0,1370,41,1820,34,14,108
28049010502,3270,1258,662,1349,0,1,0,1053,29,2060,22,12,94
28049010600,3618,1636,508,1474,0,0,0,750,37,2716,10,13,92
28049010700,3931,1591,1416,924,0,0,0,2423,49,1237,13,33,176
28049010801,957,559,5,393,0,0,0,133,23,779,4,1,17
28049010804,872,432,209,231,0,0,0,348,9,440,34,14,27
28049010805,2643,1093,799,750,0,1,0,1598,54,823,51,25,92
28049010806,2826,1122,989,715,0,0,0,1961,51,494,132,31,157
28049010807,2710,986,869,855,0,0,0,1553,13,1044,6,6,88
28049010808,3343,1502,76,1765,0,0,0,170,34,3080,10,12,37
28049010809,2157,936,184,1037,0,0,0,325,19,1752,13,6,42
28049010901,1939,1002,70,867,0,0,0,422,24,1403,7,9,74
28049010902,1222,658,18,546,0,0,0,79,22,1098,6,3,14
28049011001,3213,2056,96,1061,0,0,0,869,36,2096,12,7,193
28049011002,2698,1655,63,980,0,0,0,123,27,2501,9,11,27
28049011101,2142,1124,79,939,0,0,0,139,23,1951,3,5,21
28049011103,4122,1895,458,1768,0,1,0,1021,52,2892,23,25,109
28049011104,3064,1329,431,1304,0,0,0,960,21,1948,23,7,105
28049011105,3348,1301,303,1742,0,2,0,376,35,2829,14,21,73
28049011201,2141,857,601,683,0,0,0,1194,29,841,8,9,60
28049011203,3067,1220,996,850,0,1,0,1958,34,914,11,12,138
28049011204,3839,1670,806,1362,0,1,0,1589,50,2071,14,18,97
28049011300,3056,1342,619,1094,0,1,0,846,36,2080,14,3,77
28049011400,1002,575,4,422,0,1,0,59,7,919,3,2,12
28049011500,4570,3758,10,802,0,0,0,2712,70,1077,21,27,663
28049011600,2020,1168,9,842,0,1,0,82,24,1881,10,9,14
28071950100,2755,1145,742,867,0,1,0,1631,46,939,7,10,122
28071950201,2436,1033,717,686,0,0,0,1756,21,419,22,27,191
28071950203,1774,1160,287,327,0,0,0,1187,35,382,24,17,129
28071950204,3383,2301,470,612,0,0,0,2319,73,619,37,37,298
28071950301,1126,929,69,128,0,0,0,704,30,256,28,18,90
28071950303,1173,626,209,338,0,0,0,625,15,418,12,7,96
28071950304,1398,873,257,268,0,0,0,965,46,213,42,20,112
28071950402,2674,1088,751,835,0,0,0,1512,30,1006,18,14,94
28071950403,2537,1174,722,641,0,0,0,1797,41,488,38,30,143
28071950404,3212,1411,962,839,0,0,0,2077,46,814,67,32,176
28071950502,1572,578,538,454,0,2,0,1040,17,419,5,11,80
28071950504,1817,913,343,561,0,0,0,1072,29,529,35,46,106
28071950505,1913,955,508,450,0,0,0,1290,22,429,41,11,120
28071950506,2033,911,711,410,0,1,0,1641,35,183,20,21,133
28071950507,3408,1298,1425,684,0,1,0,2765,56,322,25,23,217
28005950100,3496,1162,1360,974,0,0,0,2214,38,1061,14,16,153
28005950200,2855,933,789,1133,0,0,0,1501,42,1177,12,4,119
28005950301,1436,495,399,542,0,0,0,747,16,596,9,1,67
28005950302,1738,700,405,633,0,0,0,693,26,937,3,2,77
28127950101,1047,416,505,126,0,0,0,751,8,225,6,3,54
28127950102,2716,1161,864,691,0,0,0,1529,28,1015,14,5,125
28127950200,1988,835,690,463,0,0,0,1236,20,633,7,2,90
28127950301,1706,592,681,433,0,0,0,865,9,767,4,6,55
28127950302,2063,802,963,298,0,0,0,1456,11,458,7,5,126
28127950401,1463,555,422,486,0,0,0,567,7,843,4,3,39
28127950402,1169,460,420,289,0,0,0,630,10,494,2,2,31
28127950403,1951,756,757,438,0,0,0,1205,21,652,5,4,64
28127950500,3711,1820,1109,782,0,0,0,1954,45,1536,27,14,135
28037950101,1663,520,500,643,0,0,0,1009,10,560,4,10,70
28037950102,1955,556,1016,383,0,0,0,1662,23,172,2,4,92
28037950200,2182,652,517,1013,0,0,0,959,20,1108,7,6,82
28013950100,2220,694,981,545,0,0,0,1707,34,360,8,2,109
28013950200,978,422,202,354,0,0,0,458,19,457,3,1,40
28013950300,2132,680,844,607,0,1,0,1483,25,521,4,4,95
28013950400,1876,646,681,549,0,0,0,1329,75,422,5,0,45
28013950500,1680,660,430,589,0,1,0,747,21,845,4,9,54
28093950101,1825,707,509,608,0,1,0,857,15,865,4,8,76
28093950102,2189,1085,502,602,0,0,0,1216,51,826,6,6,84
28093950201,2850,1456,523,871,0,0,0,1133,81,1511,13,6,106
28093950202,2367,1121,804,442,0,0,0,1824,61,350,11,12,109
28093950301,2239,1051,472,716,0,0,0,1028,83,1041,14,4,69
28093950302,2139,1039,414,686,0,0,0,1022,52,974,9,16,66
28093950401,2173,1012,165,996,0,0,0,348,19,1716,8,17,65
28093950402,3519,2214,213,1092,0,0,0,1396,43,1709,19,22,330
28093950501,1700,592,282,826,0,0,0,537,13,1079,7,1,63
28093950502,2835,991,894,949,0,1,0,1702,40,964,16,15,98
28009950101,2130,813,303,1011,0,3,0,687,30,1349,7,4,53
28009950102,2032,718,454,853,0,7,0,1177,24,748,7,3,73
28009950200,1686,576,601,508,0,1,0,1398,13,184,1,12,78
28035000200,1698,757,391,550,0,0,0,1002,26,523,7,18,122
28035000300,1862,1032,178,652,0,0,0,590,33,1171,5,5,58
28035000500,829,515,34,280,0,0,0,163,17,625,6,3,15
28035000601,2917,1727,77,1112,0,1,0,398,36,2406,10,5,62
28035000602,1447,911,15,521,0,0,0,301,17,1046,10,1,72
28035000700,2071,881,611,579,0,0,0,1436,60,417,14,15,129
28035000800,3593,1161,1613,819,0,0,0,2633,84,603,28,23,222
28035000900,1652,1345,102,205,0,0,0,1109,42,269,12,23,197
28035001000,2012,1345,203,464,0,0,0,795,64,1012,20,16,105
28035001100,2065,1223,89,753,0,0,0,305,37,1654,16,6,47
28035010101,4203,1757,1969,476,0,1,0,3356,77,492,28,15,235
28035010103,1437,641,667,129,0,0,0,1182,30,122,4,8,91
28035010104,2999,1221,1466,310,0,2,0,2485,37,282,12,3,180
28035010201,1874,842,606,426,0,0,0,1006,27,717,10,18,96
28035010202,2734,1225,732,777,0,0,0,1328,35,1232,20,13,106
28035010300,2127,957,882,288,0,0,0,1689,39,248,9,12,130
28035010400,2206,1057,881,267,0,1,0,1772,63,219,17,17,118
28035010500,3224,1497,787,939,0,1,0,1323,54,1703,24,14,106
28035010601,2681,1131,1374,176,0,0,0,2388,32,89,8,10,154
28035010602,2626,1193,1226,205,0,2,0,2182,33,235,14,17,145
28035010700,1354,785,48,520,0,1,0,282,20,993,2,10,47
28041950101,1887,545,1031,311,0,0,0,1759,10,45,3,10,60
28041950102,1562,509,457,593,0,3,0,815,15,678,3,4,47
28041950201,2117,801,804,511,0,1,0,1612,13,361,6,8,117
28041950202,2019,695,789,534,0,1,0,1552,30,338,7,5,87
28057950100,3279,1300,1222,757,0,0,0,2928,31,114,6,8,192
28057950201,1939,697,846,396,0,0,0,1768,13,69,9,4,76
28057950202,2297,910,936,449,0,2,0,2031,21,86,10,7,142
28057950300,2150,1006,695,449,0,0,0,1729,38,264,8,11,100
28057950400,3365,1256,1411,698,0,0,0,2996,33,147,9,8,172
28057950500,2445,967,896,582,0,0,0,1805,24,473,10,2,131
28123020101,2713,1276,738,698,0,1,0,1476,96,1047,15,5,74
28123020102,2062,945,492,625,0,0,0,952,30,1019,11,3,47
28123020200,3052,1199,715,1136,0,2,0,1156,44,1744,24,7,77
28123020301,1801,670,758,372,0,1,0,1447,26,233,8,7,80
28123020302,2055,712,896,445,0,2,0,1496,29,448,5,5,72
28123020400,1745,845,312,587,0,1,0,756,143,771,6,3,66
28123020500,2898,1733,439,726,0,0,0,1107,214,1458,25,9,85
28123020600,2470,1009,685,775,0,1,0,1218,39,1117,14,6,76
28161950100,2957,1176,825,956,0,0,0,1594,29,1210,9,11,104
28161950200,3109,1381,718,1010,0,0,0,1739,35,1185,15,11,124
28161950301,2414,1005,500,909,0,0,0,1024,23,1286,9,8,64
28161950302,1643,616,546,481,0,0,0,1128,28,390,10,2,85
28107950101,2250,1012,271,965,0,2,0,520,18,1646,7,9,50
28107950102,2657,1181,378,1097,0,1,0,838,26,1708,18,7,60
28107950201,1026,467,94,465,0,0,0,326,9,662,0,2,27
28107950202,748,319,122,307,0,0,0,298,11,409,2,2,26
28107950301,2149,979,578,591,0,1,0,1315,27,703,12,2,90
28107950302,1439,656,304,479,0,0,0,732,12,636,7,7,45
28107950400,3707,1473,1123,1110,0,1,0,2335,27,1169,10,7,159
28107950501,1953,710,469,774,0,0,0,1006,28,853,3,7,56
28107950502,3005,1367,580,1057,0,1,0,1443,23,1439,7,5,88
28107950601,3021,1166,1042,813,0,0,0,2137,46,644,22,23,149
28107950602,1749,854,86,809,0,0,0,228,22,1466,6,9,18
28133950100,2217,990,322,905,0,0,0,671,25,1455,12,9,45
28133950200,2922,1372,316,1234,0,0,0,814,30,1978,11,12,77
28133950300,1434,674,177,583,0,0,0,562,18,809,5,3,37
28133950401,1999,869,440,690,0,0,0,959,21,895,25,6,93
28133950402,3923,2044,25,1854,0,0,0,263,29,3571,15,8,37
28133950500,1502,662,114,726,0,0,0,298,13,1143,6,3,39
28133950600,1870,830,267,773,0,0,0,561,19,1214,7,3,66
28145950100,2871,995,1379,497,0,0,0,2565,37,139,8,5,117
28145950200,3210,1289,1240,681,0,0,0,2723,42,284,11,12,138
28145950300,2486,1026,881,578,0,1,0,1607,81,690,19,17,72
28145950400,2395,1095,711,589,0,0,0,1386,75,824,9,8,93
28145950500,3682,1331,1623,727,0,1,0,3096,38,377,6,14,151
28145950600,2322,899,935,487,0,1,0,1935,33,263,11,3,77
28069030100,3391,1354,468,1569,0,0,0,789,22,2434,10,7,129
28069030200,3912,1559,738,1614,0,1,0,1528,23,2201,23,6,131
28075000200,1572,864,42,666,0,0,0,79,33,1420,17,2,21
28075000300,1286,655,177,454,0,0,0,341,20,880,11,6,28
28075000401,725,446,7,272,0,0,0,32,10,669,4,1,9
28075000402,1397,823,41,533,0,0,0,135,15,1200,8,1,38
28075000600,916,585,27,304,0,0,0,94,8,793,8,1,12
28075000700,1765,1001,115,649,0,0,0,237,39,1446,11,5,27
28075000800,913,467,71,375,0,0,0,141,11,738,3,0,20
28075000900,2728,1493,292,941,0,2,0,371,63,2200,16,11,67
28075001000,2138,954,581,603,0,0,0,1191,31,812,15,16,73
28075001101,2015,706,889,420,0,0,0,1454,40,362,22,15,122
28075001102,2119,714,854,551,0,0,0,1299,40,629,16,14,121
28075010203,1426,564,590,272,0,0,0,861,14,480,5,0,66
28075010204,2539,1097,868,574,0,0,0,1369,50,1008,13,4,95
28075010205,3494,1279,1499,716,0,0,0,2282,48,936,37,51,140
28075010206,750,315,354,81,0,0,0,550,13,147,2,5,33
28075010301,3891,1403,1944,544,0,0,0,2879,56,778,15,13,150
28075010303,2552,882,1274,396,0,0,0,1901,28,470,17,14,122
28075010304,2148,716,1262,170,0,0,0,1786,25,198,12,4,123
28075010400,993,401,452,140,0,0,0,683,15,234,4,1,56
28075010501,1831,747,954,130,0,0,0,1629,16,92,3,7,84
28075010502,1965,762,966,237,0,0,0,1572,35,209,12,19,118
28075010601,2591,1065,1152,374,0,0,0,1859,33,563,19,12,105
28075010602,2450,973,1025,451,0,1,0,1614,29,700,5,10,92
28075010700,557,312,87,158,0,0,0,206,9,310,7,6,19
28075980000,20,8,12,0,0,0,0,17,2,0,1,0,0
28085950100,2791,1082,890,819,0,0,0,1412,24,1259,4,10,82
28085950201,2182,753,1003,426,0,0,0,1581,14,480,5,10,92
28085950202,1909,700,837,372,0,0,0,1525,16,298,5,4,61
28085950301,2439,801,1152,486,0,0,0,1838,24,453,10,23,91
28085950302,1952,695,916,341,0,0,0,1704,9,72,12,19,136
28085950401,1693,552,727,414,0,0,0,1183,14,429,5,4,58
28085950402,2693,982,1156,555,0,0,0,2038,23,501,8,9,114
28085950500,2648,1260,439,949,0,0,0,787,36,1742,19,12,52
28085950601,2314,766,1225,323,0,0,0,1851,37,265,30,15,116
28085950602,1857,876,79,902,0,0,0,135,23,1641,14,7,37
28117950101,2170,828,727,614,0,1,0,1976,11,89,10,5,79
28117950102,1324,505,464,355,0,0,0,1215,7,29,5,4,64
28117950201,2201,699,739,762,0,1,0,1890,26,209,6,7,63
28117950202,1723,648,661,413,0,1,0,1458,15,165,2,7,76
28117950301,1275,637,178,459,0,1,0,604,20,605,4,1,41
28117950302,2100,833,703,563,0,1,0,1831,18,141,14,8,88
28117950400,3023,1100,1036,887,0,0,0,2619,18,265,6,6,109
28117950500,1219,650,226,343,0,0,0,579,12,575,7,3,43
28001000101,1969,919,407,643,0,0,0,1042,19,812,9,6,81
28001000102,1774,668,571,534,0,1,0,1008,14,659,14,8,71
28001000200,2897,1119,228,1549,0,1,0,362,30,2426,13,9,57
28001000300,1305,578,27,700,0,0,0,61,16,1189,8,3,28
28001000400,1691,779,21,891,0,0,0,76,15,1563,6,1,30
28001000500,2337,1052,429,856,0,0,0,684,38,1539,6,10,60
28001000600,1913,859,473,581,0,0,0,965,17,829,13,1,88
28001000700,1143,426,312,405,0,0,0,658,21,397,6,4,57
28001000800,2200,885,422,893,0,0,0,632,15,1463,16,5,69
28001000900,2427,791,1081,553,0,2,0,1883,45,308,32,17,142
28095950101,1904,724,695,485,0,0,0,1627,9,187,4,6,71
28095950102,1775,614,730,431,0,0,0,1617,6,83,5,7,57
28095950201,2219,751,566,901,0,1,0,1254,16,872,8,3,66
28095950202,2848,1165,816,866,0,1,0,1829,31,905,10,3,70
28095950300,2344,872,927,544,0,1,0,1993,39,181,11,8,112
28095950400,2174,945,389,839,0,1,0,1022,24,1037,21,6,64
28095950501,2189,736,863,589,0,1,0,1718,17,337,5,2,110
28095950502,2683,995,1018,670,0,0,0,2241,38,257,13,5,129
28095950600,2699,956,525,1218,0,0,0,993,31,1608,6,5,56
28095950700,1666,663,268,735,0,0,0,498,23,1106,6,2,31
28095950800,2126,912,212,1002,0,0,0,436,22,1622,9,2,35
28097950100,2022,549,704,769,0,0,0,1130,10,796,5,9,72
28097950200,1749,554,675,520,0,0,0,1178,18,442,7,13,91
28097950301,1829,650,370,809,0,0,0,771,14,945,14,3,82
28097950302,1500,562,340,598,0,0,0,693,17,714,9,6,61
28077960100,2890,838,885,1166,0,1,0,1315,35,1414,12,12,102
28077960200,3212,1118,937,1155,0,2,0,1746,17,1320,14,10,105
28077960300,2664,780,1256,628,0,0,0,2103,25,394,11,8,123
28137950100,3069,1246,1073,749,0,1,0,1853,44,1050,15,10,97
28137950201,2302,900,870,531,0,1,0,1537,15,638,13,12,87
28137950202,2767,1156,1082,529,0,0,0,1969,50,608,7,6,127
28137950301,3129,1306,701,1117,0,5,0,1397,36,1583,12,17,84
28137950302,4054,1856,1329,867,0,2,0,2994,65,787,21,19,168
28137950400,3058,1498,779,780,0,1,0,1719,63,1110,16,23,127
28079040100,2479,1118,904,457,0,0,0,1775,46,497,12,17,132
28079040401,2030,789,777,463,0,1,0,1423,16,510,6,5,70
28079040402,1863,851,394,618,0,0,0,756,32,992,7,8,68
28079040500,2356,969,674,711,0,2,0,1254,27,980,18,4,73
28079040600,3407,1660,681,1065,0,1,0,1488,112,1607,33,18,149
28079040700,2597,1077,494,1026,0,0,0,856,37,1601,9,5,89
28099010101,1535,559,654,322,0,0,0,1246,14,205,6,10,54
28099010102,1844,684,728,432,0,0,0,1427,27,289,12,12,77
28099010200,2289,864,932,493,0,0,0,1671,22,508,6,3,79
28099010400,2968,1414,600,954,0,0,0,1179,43,1627,18,18,83
28099010500,1491,699,473,318,0,1,0,870,21,526,10,16,48
28099010600,1845,844,810,191,0,0,0,1519,31,179,6,4,106
28099010700,2316,993,819,504,0,0,0,1617,25,557,12,10,95
28099940100,1423,921,231,271,0,0,0,1097,30,83,12,28,173
28055950100,494,149,56,289,0,0,0,156,2,318,1,0,17
28119950100,1195,408,58,729,0,0,0,326,8,814,5,6,36
28119950200,1198,372,62,763,0,1,0,264,13,891,5,3,22
28119950300,2400,887,298,1213,0,2,0,807,12,1487,13,0,81
28047000600,1085,521,403,161,0,0,0,872,41,45,14,12,101
28047000900,178,125,34,19,0,0,0,126,12,13,2,6,19
28047001203,891,419,345,127,0,0,0,669,36,61,17,23,85
28047001204,1560,905,407,248,0,0,0,1118,72,201,28,10,131
28047001205,2042,876,899,267,0,0,0,1642,72,75,35,28,190
28047001206,703,518,80,105,0,0,0,331,29,274,10,6,53
28047001207,1075,728,180,167,0,0,0,519,48,416,17,9,66
28047001301,796,534,148,113,0,1,0,507,31,169,13,13,63
28047001302,1134,759,235,140,0,0,0,828,59,121,15,15,96
28047001401,812,441,268,103,0,0,0,642,28,50,6,8,78
28047001402,1236,640,421,175,0,0,0,985,28,79,8,13,123
28047001503,1138,626,317,195,0,0,0,729,44,272,10,6,77
28047001504,1462,631,629,202,0,0,0,1193,42,77,19,12,119
28047001505,1614,762,690,162,0,0,0,1209,66,164,12,37,126
28047001506,1287,824,273,190,0,0,0,931,59,207,6,10,74
28047001600,2976,1076,1644,256,0,0,0,2487,73,101,9,34,272
28047001701,1985,1121,335,529,0,0,0,801,68,976,16,28,96
28047001702,754,440,199,115,0,0,0,544,38,111,7,8,46
28047001703,1457,962,280,215,0,0,0,785,65,496,13,16,82
28047001800,2015,1294,59,662,0,0,0,454,34,1416,15,6,90
28047001900,2090,1229,355,506,0,0,0,1042,59,853,17,17,102
28047002001,1103,784,115,204,0,0,0,547,32,463,4,7,50
28047002002,1514,1144,87,283,0,0,0,508,50,873,7,9,67
28047002300,1885,1269,124,492,0,0,0,734,67,955,20,11,98
28047002401,837,586,77,174,0,0,0,153,18,622,6,7,31
28047002402,2350,1455,19,876,0,0,0,156,39,2104,16,3,32
28047002500,365,286,44,35,0,0,0,255,31,43,4,2,30
28047002600,2704,1771,92,841,0,0,0,430,63,2128,17,9,57
28047002701,1951,963,702,286,0,0,0,1542,77,165,21,20,126
28047002702,2144,1182,711,251,0,0,0,1682,82,134,31,22,193
28047002801,921,525,260,136,0,0,0,706,36,61,19,9,90
28047002802,1233,522,543,168,0,0,0,1008,47,38,11,14,115
28047002900,1360,501,607,252,0,0,0,1096,45,78,10,6,125
28047003001,1300,771,141,388,0,0,0,355,42,779,68,3,53
28047003002,1132,571,417,143,0,1,0,866,33,103,17,13,100
28047003103,1652,977,325,349,0,1,0,716,50,762,8,13,103
28047003104,2462,1067,905,490,0,0,0,1622,116,484,12,18,210
28047003105,2478,1130,1061,287,0,0,0,2056,68,92,33,17,212
28047003106,2160,885,1033,242,0,0,0,1757,73,74,21,29,206
28047003107,1564,792,590,182,0,0,0,1231,55,106,20,14,138
28047003208,2283,1461,340,482,0,0,0,944,115,1079,19,16,110
28047003209,2496,1567,599,330,0,0,0,1635,79,558,21,23,180
28047003210,1270,788,204,278,0,0,0,528,42,624,12,11,53
28047003211,1413,935,216,262,0,0,0,834,65,396,15,14,89
28047003212,1347,880,208,259,0,0,0,629,54,553,16,5,90
28047003213,3288,1910,840,538,0,0,0,2258,138,590,28,25,249
28047003214,1027,761,124,142,0,0,0,612,53,265,14,12,71
28047003215,2839,1732,531,575,0,1,0,1362,118,1178,29,23,129
28047003216,1583,733,581,269,0,0,0,1142,42,271,19,7,102
28047003217,1919,1089,465,365,0,0,0,1323,104,351,20,15,106
28047003305,1129,671,312,146,0,0,0,722,53,190,53,5,106
28047003306,633,380,166,87,0,0,0,464,30,60,18,3,58
28047003307,500,282,163,55,0,0,0,379,9,35,20,14,43
28047003308,1509,863,351,295,0,0,0,931,69,274,125,11,99
28047003309,2134,1120,710,302,0,2,0,1515,130,213,67,21,188
28047003310,609,338,180,90,0,1,0,429,32,78,13,8,49
28047003311,1700,923,545,232,0,0,0,1166,95,190,36,30,183
28047003312,1627,848,539,239,0,1,0,1117,63,248,39,23,137
28047003313,1540,675,659,206,0,0,0,1237,53,61,24,20,145
28047003403,1582,715,755,112,0,0,0,1333,59,27,7,12,144
28047003405,2706,1498,839,369,0,0,0,1936,122,258,157,29,204
28047003406,1833,1008,641,184,0,0,0,1402,69,151,33,14,164
28047003407,2993,1512,1187,294,0,0,0,2437,109,126,37,29,255
28047003408,1363,605,646,112,0,0,0,1150,39,30,8,9,127
28047003409,2147,1167,807,173,0,0,0,1731,59,161,10,29,157
28047003506,2172,1139,879,154,0,0,0,1868,63,53,3,10,175
28047003507,2418,1295,780,343,0,0,0,1863,104,257,21,9,164
28047003508,2082,1055,808,218,0,1,0,1725,52,107,12,19,167
28047003509,2502,1356,651,495,0,0,0,1694,111,479,35,19,164
28047003510,2366,1238,784,344,0,0,0,1850,78,221,19,16,182
28047003511,1394,707,594,92,0,1,0,1140,61,37,3,3,150
28047003512,2034,967,889,177,0,1,0,1588,157,55,12,11,211
28047003513,897,486,357,54,0,0,0,747,43,15,0,1,91
28047003514,3270,1840,1105,325,0,0,0,2672,139,224,19,14,202
28047003600,659,323,143,193,0,0,0,303,18,260,41,4,33
28047003700,1532,940,344,247,0,1,0,904,85,385,35,13,110
28047003800,795,419,240,136,0,0,0,596,36,54,7,8,94
28047003901,702,422,72,208,0,0,0,191,26,424,25,7,29
28047003902,1194,679,305,210,0,0,0,812,63,166,27,7,119
28047004000,1223,747,94,382,0,0,0,268,38,751,116,12,38
28047980000,6,6,0,0,0,0,0,5,0,1,0,0,0
28047990000,0,0,0,0,0,0,0,0,0,0,0,0,0
28043950101,1298,500,345,452,0,1,0,738,20,486,4,7,43
28043950102,3037,1198,904,933,0,2,0,1884,39,949,12,22,131
28043950201,1376,539,525,311,0,1,0,1113,7,188,3,6,59
28043950202,2792,1073,893,822,0,4,0,1629,29,1016,8,5,105
28043950300,2030,965,217,848,0,0,0,556,16,1400,11,2,45
28043950400,1809,970,80,759,0,0,0,233,28,1501,9,3,35
28043950500,3637,1543,1127,966,0,1,0,2395,36,1009,21,16,160
28141950101,1336,435,578,323,0,0,0,1194,15,52,2,7,66
28141950102,959,297,408,254,0,0,0,860,17,30,4,6,42
28141950200,1590,597,521,472,0,0,0,1370,23,101,9,11,76
28141950301,2051,685,775,591,0,0,0,1835,27,72,10,7,100
28141950302,1999,698,724,577,0,0,0,1756,18,102,6,9,108
28141950401,2441,820,951,670,0,0,0,2091,19,202,12,6,111
28141950402,2178,763,933,481,0,1,0,1910,51,71,5,13,128
28113950102,2969,1087,1382,499,0,1,0,2338,27,440,13,13,138
28113950103,1018,476,304,238,0,0,0,606,13,332,11,3,53
28113950104,2026,810,670,546,0,0,0,1139,17,783,16,2,69
28113950200,3196,1397,849,948,0,2,0,1701,40,1260,15,25,155
28113950300,3143,1701,199,1242,0,1,0,411,38,2598,11,15,70
28113950400,1759,712,549,496,0,2,0,986,22,617,19,16,99
28113950501,2642,1332,395,915,0,0,0,953,37,1507,27,16,102
28113950502,1462,634,344,483,0,1,0,591,14,789,7,4,57
28113950601,1838,823,318,697,0,0,0,555,36,1186,5,6,50
28113950602,2736,1302,440,991,0,3,0,850,23,1755,9,2,97
28113950700,2847,1237,768,842,0,0,0,1169,35,1501,13,5,124
28087000102,1453,745,476,232,0,0,0,1024,14,324,6,10,75
28087000103,3283,1458,1442,383,0,0,0,2668,56,354,18,14,173
28087000104,1031,458,390,183,0,0,0,747,18,220,3,0,43
28087000301,2774,1122,1153,499,0,0,0,2097,51,441,31,17,137
28087000302,2527,1191,737,598,0,1,0,1475,35,840,35,17,125
28087000403,3062,1320,639,1103,0,0,0,1136,20,1806,13,7,80
28087000404,2855,1167,1332,355,0,1,0,2406,33,258,16,10,132
28087000405,3967,1893,1229,845,0,0,0,2306,52,1458,16,14,121
28087000406,1599,718,672,209,0,0,0,1225,17,240,6,12,99
28087000500,2648,1243,413,992,0,0,0,739,27,1796,16,9,61
28087000600,2132,1130,218,783,0,1,0,373,14,1689,10,4,42
28087000700,2941,1484,278,1177,0,2,0,785,40,2012,20,6,78
28087000800,2324,1343,28,953,0,0,0,149,21,2119,6,1,28
28087000901,1711,981,326,403,0,1,0,849,30,710,35,13,74
28087000902,2210,1164,340,706,0,0,0,797,28,1295,18,7,65
28087001000,2070,790,689,591,0,0,0,1157,25,762,11,8,107
28087001100,1588,529,93,963,0,3,0,293,16,1223,5,9,42
28087980000,145,128,9,8,0,0,0,105,9,6,3,3,19
28131020100,2104,894,736,471,0,3,0,1283,28,675,6,12,100
28131020203,2260,890,1159,211,0,0,0,1945,52,76,6,13,168
28131020204,2339,857,1148,333,0,1,0,1853,47,283,3,3,150
28131020205,2142,814,1056,271,0,1,0,1807,42,118,12,9,154
28131020206,2022,859,582,580,0,1,0,1029,34,839,7,4,109
28105950101,2530,1346,487,697,0,0,0,1243,44,1052,24,10,157
28105950102,1633,804,267,562,0,0,0,733,31,777,12,8,72
28105950201,1696,977,356,363,0,0,0,1170,31,322,35,17,121
28105950202,2262,826,744,690,0,2,0,1358,17,791,9,8,79
28105950300,2498,1206,302,990,0,0,0,624,34,1759,14,12,55
28105950401,1796,1221,247,328,0,0,0,1334,29,224,17,19,173
28105950402,1507,712,284,511,0,0,0,703,21,695,15,9,64
28105950500,2652,1260,597,794,0,1,0,1794,42,630,11,17,158
28105950601,2984,1593,914,477,0,0,0,2124,51,501,93,32,183
28105950603,2081,950,636,495,0,0,0,1255,45,612,34,23,112
28105950604,3616,2185,557,874,0,0,0,1633,82,1650,40,28,183
28105950701,2371,940,593,838,0,0,0,1038,26,1174,13,13,107
28105950702,2742,963,965,814,0,0,0,1743,30,827,11,13,118
28153950101,1759,519,490,747,0,3,0,706,11,990,7,6,39
28153950102,1868,587,516,765,0,0,0,852,19,940,9,0,48
28153950200,3183,1246,646,1283,0,8,0,1152,30,1891,23,8,79
28153950301,1337,384,526,426,0,1,0,694,6,595,7,3,32
28153950302,2022,603,1030,385,0,4,0,1700,17,225,8,3,69
28153950401,1896,521,1018,354,0,3,0,1665,14,128,9,1,79
28153950402,1469,533,358,575,0,3,0,673,10,755,2,0,29
28129950100,2130,728,826,576,0,0,0,1137,19,907,4,3,60
28129950201,1787,677,901,209,0,0,0,1508,28,159,5,4,83
28129950202,1445,525,609,310,0,1,0,1165,8,188,1,7,76
28129950301,2490,862,838,789,0,1,0,1421,27,921,12,6,103
28129950302,571,191,275,105,0,0,0,368,2,165,2,1,33
28109950101,2070,765,1146,155,0,4,0,1791,57,43,8,8,163
28109950102,1705,686,882,135,0,2,0,1460,43,52,5,4,141
28109950201,1798,689,943,163,0,3,0,1510,60,74,7,5,142
28109950202,2044,800,871,370,0,3,0,1441,41,417,4,15,126
28109950300,1738,692,724,319,0,3,0,1264,36,310,16,13,99
28109950403,2427,1125,1018,282,0,2,0,1864,71,249,5,17,221
28109950404,2336,1086,1097,146,0,7,0,1957,92,42,9,14,222
28109950405,2426,1165,1036,219,0,6,0,1966,78,157,7,6,212
28109950406,1484,703,699,82,0,0,0,1251,55,33,6,2,137
28109950503,2577,1251,1173,150,0,3,0,2175,108,51,8,13,222
28109950504,2224,1096,992,136,0,0,0,1828,88,62,12,18,216
28109950505,2768,1332,1255,176,0,5,0,2180,103,164,13,17,291
28109950506,3279,1379,1653,244,0,3,0,2593,137,131,26,43,349
28109950600,2864,1466,1027,369,0,2,0,1946,101,555,20,32,210
28109950701,2592,1476,614,494,0,8,0,1373,98,916,13,9,183
28109950702,1567,954,216,393,0,4,0,607,54,816,15,11,64
28151000100,1334,673,244,417,0,0,0,619,25,604,7,9,70
28151000200,1220,637,119,464,0,0,0,407,13,743,7,5,45
28151000300,1996,1206,43,747,0,0,0,158,27,1776,7,1,27
28151000400,1516,1095,7,414,0,0,0,68,7,1417,9,1,14
28151000600,1739,1109,16,614,0,0,0,133,18,1529,15,3,41
28151000701,2313,1364,262,687,0,0,0,604,34,1590,15,9,61
28151000702,2081,922,587,572,0,0,0,1080,27,789,34,48,103
28151000800,2151,1020,421,710,0,0,0,804,26,1203,25,17,76
28151000900,1741,935,192,614,0,0,0,334,14,1342,12,6,33
28151001000,725,506,12,207,0,0,0,53,8,647,5,1,11
28151001100,859,549,1,309,0,0,0,30,15,794,1,3,16
28151001200,1835,1046,34,755,0,0,0,208,11,1567,7,4,38
28151001300,1180,715,4,461,0,0,0,48,9,1089,13,2,19
28151001400,2469,1494,142,833,0,0,0,271,26,2125,17,3,27
28151001500,2862,1595,781,485,0,1,0,1942,38,685,15,12,170
28151001600,1330,683,200,447,0,0,0,454,6,809,7,9,45
28151001700,2022,1098,224,700,0,0,0,522,28,1404,6,7,55
28151002000,756,415,89,252,0,0,0,124,5,604,2,0,21
28151002100,740,368,27,345,0,0,0,32,5,693,3,0,7
28091950100,4073,1292,2044,737,0,0,0,2795,41,984,16,17,220
28091950200,2348,869,956,522,0,1,0,1578,33,627,8,3,99
28091950300,1832,829,344,659,0,0,0,605,26,1127,12,3,59
28091950400,2410,875,1115,420,0,0,0,1754,26,488,16,8,118
28091950500,2951,1126,873,952,0,0,0,1280,41,1500,13,3,114
28091950600,3001,1037,1273,689,0,2,0,2115,36,706,6,7,131
28139950100,3519,1318,1272,928,0,1,0,2846,60,448,10,14,141
28139950201,2958,1115,1059,783,0,1,0,2127,53,626,7,7,138
28139950202,1244,452,475,317,0,0,0,1047,27,133,3,3,31
28139950300,1580,744,396,439,0,1,0,930,74,501,8,11,56
28139950401,3195,980,1521,693,0,1,0,2709,67,253,4,18,144
28139950402,1667,669,469,529,0,0,0,989,22,591,5,3,57
28007060100,1273,418,490,365,0,0,0,932,11,284,5,2,39
28007060200,466,162,198,106,0,0,0,318,8,120,1,2,17
28007060300,2061,755,354,952,0,0,0,1346,13,476,16,9,201
28007060400,2012,753,739,519,0,1,0,1522,37,341,2,5,105
28007060500,2817,1201,693,923,0,0,0,1259,31,1404,18,7,98
28007060600,2008,949,385,674,0,0,0,793,38,1093,6,7,71
