GEOID20,total_reg,party_rep,party_dem,party_npp,party_oth,party_unk,eth1_eur,eth1_hisp,eth1_aa,eth1_esa,eth1_oth,eth1_unk
29117480100,1770,1253,155,362,0,0,1607,11,3,8,7,134
29117480200,2053,1426,214,413,0,0,1863,14,3,6,5,162
29117480300,2442,1474,265,703,0,0,2173,36,6,12,10,205
29117480400,1750,934,215,601,0,0,1572,21,6,5,9,137
29117480500,863,275,129,459,0,0,763,16,19,4,0,61
29087960100,816,510,67,239,0,0,757,6,0,2,3,48
29087960200,979,611,90,278,0,0,902,11,1,3,1,61
29087960300,1225,779,115,331,0,0,1129,17,0,8,2,69
29091090101,1678,768,208,702,0,0,1469,27,0,3,49,130
29091090102,1665,890,205,570,0,0,1480,33,3,11,10,128
29091090200,2765,1207,392,1166,0,0,2460,47,1,10,11,236
29091090300,3092,1730,347,1015,0,0,2783,41,1,11,38,218
29091090400,3395,1762,385,1248,0,0,3061,47,1,12,27,247
29091090500,3340,2097,322,921,0,0,3024,43,2,21,15,235
29091090600,3464,2024,386,1054,0,0,3139,47,5,19,22,232
29091090700,2915,1003,415,1497,0,0,2590,67,5,14,18,221
29091090801,2365,1158,286,921,0,0,2110,51,9,20,13,162
29091090802,1993,1035,233,725,0,0,1798,28,2,10,15,140
29011960100,1856,1071,265,520,0,0,1670,20,0,3,13,150
29011960200,2685,1625,335,725,0,0,2474,46,1,4,7,153
29011960300,3286,1649,587,1050,0,0,2937,71,13,12,26,227
29225470101,3421,2124,387,910,0,0,3074,68,9,7,15,248
29225470102,4023,2524,417,1082,0,0,3706,27,1,12,9,268
29225470201,3598,1924,463,1211,0,0,3237,60,1,22,16,262
29225470202,3168,1546,437,1185,0,0,2823,64,3,11,21,246
29225470301,3628,2151,415,1062,0,0,3206,81,3,17,41,280
29225470302,2729,1703,306,720,0,0,2449,41,1,6,11,221
29225470401,2097,1111,270,716,0,0,1841,33,1,19,15,188
29225470402,1665,970,157,538,0,0,1513,15,3,6,7,121
29031880100,4211,2926,397,888,0,0,3687,37,1,12,14,460
29031880200,3200,2219,314,667,0,0,2847,21,9,13,24,286
29031880300,3537,2301,306,930,0,0,3094,30,12,8,11,382
29031880401,4061,2606,421,1034,0,0,3570,41,20,18,16,396
29031880402,1374,765,151,458,0,0,1225,11,4,7,7,120
29031880501,3640,2404,333,903,0,0,3227,44,6,27,16,320
29031880502,2861,1705,316,840,0,0,2453,43,12,29,15,309
29031880600,5044,3178,689,1177,0,0,4330,89,40,48,36,501
29031880700,3303,2004,452,847,0,0,2876,40,35,45,21,286
29031880800,1024,262,284,478,0,0,798,17,101,6,10,92
29031880900,1388,324,520,544,0,0,952,29,270,17,14,106
29031881000,922,209,266,447,0,0,718,12,93,5,5,89
29031881100,2005,970,282,753,0,0,1747,39,29,18,12,160
29031881200,4909,3033,672,1204,0,0,4143,92,68,82,54,470
29031881301,2391,1307,351,733,0,0,2006,56,64,34,28,203
29031881302,1303,455,346,502,0,0,1042,26,127,9,5,94
29031881400,1113,129,524,460,0,0,603,22,394,7,13,74
29031881500,3498,2250,371,877,0,0,3078,49,5,19,17,330
29031881600,1565,348,481,736,0,0,1161,34,225,17,7,121
29213480106,1344,618,180,546,0,0,1102,73,3,28,14,124
29213480107,1186,703,129,354,0,0,990,62,0,12,16,106
29213480108,2055,840,298,917,0,0,1693,145,16,30,20,151
29213480109,1495,779,189,527,0,0,1256,67,3,24,15,130
29213480203,2371,794,369,1208,0,0,2035,91,2,11,21,211
29213480204,2198,1330,263,605,0,0,1876,51,10,15,16,230
29213480205,808,346,114,348,0,0,692,32,1,2,6,75
29213480206,2261,1227,339,695,0,0,1903,112,15,24,27,180
29213480207,2138,1169,271,698,0,0,1815,84,6,16,19,198
29213480208,1830,952,231,647,0,0,1557,91,6,16,11,149
29213480301,3432,1906,393,1133,0,0,2951,115,10,22,52,282
29213480302,2952,1508,364,1080,0,0,2582,82,8,17,29,234
29213480402,5419,3059,569,1791,0,0,4913,63,21,9,27,386
29213480403,2151,1003,267,881,0,0,1880,34,1,8,20,208
29213480404,1737,922,227,588,0,0,1564,30,0,8,5,130
29213480501,1731,1101,201,429,0,0,1473,56,4,13,18,167
29213480503,1743,1016,184,543,0,0,1557,25,5,4,10,142
29213480504,2563,909,440,1214,0,0,2176,120,8,24,26,209
29125880100,1591,773,209,609,0,0,1402,19,1,6,17,146
29125880298,1765,1058,244,463,0,0,1567,7,0,2,6,183
29125880300,1487,967,167,353,0,0,1312,15,4,1,18,137
29219820104,2893,1845,428,620,0,0,2530,45,5,16,17,280
29219820105,2001,902,505,594,0,0,1702,51,16,16,10,206
29219820106,3645,1983,834,828,0,0,3135,66,13,27,17,387
29219820107,2209,1061,469,679,0,0,1851,62,13,18,22,243
29219820108,3405,2035,524,846,0,0,2892,93,60,16,26,318
29219820109,2468,1234,611,623,0,0,2057,69,9,6,25,302
29219820201,1793,1265,290,238,0,0,1530,32,4,4,11,212
29219820203,3037,2023,516,498,0,0,2557,40,3,9,26,402
29219820204,2708,1821,331,556,0,0,2296,50,4,6,13,339
29003010100,4159,2839,464,856,0,0,3659,75,8,32,26,359
29003010201,2631,1577,294,760,0,0,2367,41,0,11,13,199
29003010202,2109,1223,223,663,0,0,1912,28,1,9,4,155
29003010300,1230,784,137,309,0,0,1107,18,0,5,2,98
29003010400,2051,1371,235,445,0,0,1848,30,2,16,9,146
29069360100,1222,308,566,348,0,0,761,28,366,4,1,62
29069360200,1647,827,382,438,0,0,1434,28,53,5,11,116
29069360300,2517,1153,567,797,0,0,2272,45,3,6,8,183
29069360400,2157,795,540,822,0,0,1897,91,18,6,12,133
29069360500,1606,535,589,482,0,0,1172,61,252,12,4,105
29069360600,2495,786,880,829,0,0,1971,67,274,21,11,151
29069360700,1990,862,569,559,0,0,1701,47,108,12,7,115
29069360800,1140,424,367,349,0,0,932,143,4,1,2,58
29069360900,984,472,208,304,0,0,882,30,5,1,6,60
29069361000,952,346,267,339,0,0,825,67,3,0,2,55
29139970100,1531,876,196,459,0,0,1297,15,8,15,4,192
29139970200,2476,1483,304,689,0,0,2126,45,27,9,11,258
29139970300,2027,1327,195,505,0,0,1766,23,4,16,7,211
29139970400,1519,857,170,492,0,0,1334,19,11,6,2,147
29133950100,1308,530,307,471,0,0,1099,12,90,6,9,92
29133950200,2657,723,1431,503,0,0,1395,29,1064,9,15,145
29133950300,1026,463,236,327,0,0,916,11,18,7,1,73
29133950400,2644,977,705,962,0,0,2350,50,48,12,4,180
29085470100,2143,1028,430,685,0,0,1908,42,10,5,10,168
29085470300,1799,789,317,693,0,0,1628,26,4,4,7,130
29085470501,1203,557,236,410,0,0,1093,14,3,7,4,82
29085470502,1339,664,220,455,0,0,1192,8,14,7,9,109
29045950100,1133,627,220,286,0,0,1048,3,5,3,2,72
29045950200,1181,575,240,366,0,0,1090,4,0,4,6,77
29045950300,2178,1092,468,618,0,0,1992,15,0,6,6,159
29039870101,1756,986,214,556,0,0,1570,15,2,8,9,152
29039870102,1930,1105,224,601,0,0,1743,25,0,8,13,141
29039870200,3099,1587,327,1185,0,0,2813,45,3,15,11,212
29039870300,2416,1317,272,827,0,0,2185,32,0,5,18,176
29510101100,1627,228,1384,15,0,0,1209,73,32,62,59,192
29510101200,2168,411,1695,62,0,0,1553,70,30,123,85,307
29510101300,2830,746,1949,135,0,0,2188,79,147,34,71,311
29510101400,1768,200,1533,35,0,0,1130,56,369,29,39,145
29510101500,1392,78,1307,7,0,0,894,62,277,15,15,129
29510101800,1543,85,1449,9,0,0,948,78,344,19,21,133
29510102100,1742,189,1531,22,0,0,1370,47,46,20,44,215
29510102200,4479,1590,2600,289,0,0,3655,98,66,44,87,529
29510102300,1169,174,975,20,0,0,901,36,11,40,47,134
29510102400,1447,190,1225,32,0,0,1056,51,53,22,80,185
29510102500,1228,165,1020,43,0,0,943,38,50,16,48,133
29510103100,2207,832,1225,150,0,0,1684,65,102,18,45,293
29510103400,1370,226,1095,49,0,0,1129,37,26,12,20,146
29510103600,890,154,704,32,0,0,717,17,33,17,14,92
29510103700,1805,307,1412,86,0,0,1452,53,31,26,35,208
29510103800,2836,698,1973,165,0,0,2289,84,55,43,42,323
29510104200,2268,302,1832,134,0,0,1810,52,52,30,37,287
29510104500,1519,135,1353,31,0,0,1136,51,92,49,37,154
29510105198,2302,583,1539,180,0,0,1525,78,202,136,54,307
29510105200,1925,205,1634,86,0,0,674,47,939,61,46,158
29510105300,1469,37,1430,2,0,0,167,27,1220,2,10,43
29510105400,1072,22,1047,3,0,0,128,10,884,8,16,26
29510105500,2028,44,1979,5,0,0,222,23,1724,12,16,31
29510106100,1310,25,1285,0,0,0,115,15,1151,4,4,21
29510106200,768,15,753,0,0,0,48,5,690,8,2,15
29510106300,1039,11,1027,1,0,0,76,7,933,8,7,8
29510106400,1243,29,1214,0,0,0,114,13,1082,5,8,21
29510106500,1662,36,1626,0,0,0,158,24,1435,5,8,32
29510106600,935,19,916,0,0,0,77,8,831,2,4,13
29510106700,2009,50,1958,1,0,0,139,18,1809,12,11,20
29510107200,733,13,720,0,0,0,47,15,660,4,4,3
29510107300,3221,115,3104,2,0,0,332,38,2759,16,17,59
29510107400,1590,25,1565,0,0,0,84,25,1456,4,9,12
29510107500,1620,34,1586,0,0,0,125,22,1433,7,14,19
29510107600,1381,33,1348,0,0,0,136,13,1203,3,10,16
29510108100,2007,68,1935,4,0,0,154,28,1790,6,5,24
29510108200,1785,68,1715,2,0,0,121,17,1602,9,9,27
29510108300,1334,54,1279,1,0,0,98,15,1199,5,2,15
29510109600,1838,45,1793,0,0,0,132,18,1653,5,14,16
29510109700,1341,25,1316,0,0,0,114,17,1164,18,7,21
29510110100,1703,32,1669,2,0,0,149,21,1498,9,7,19
29510110200,1418,24,1394,0,0,0,104,16,1272,10,3,13
29510110300,1268,23,1244,1,0,0,77,16,1158,3,2,12
29510110400,1465,28,1436,1,0,0,86,9,1333,11,10,16
29510110500,865,13,852,0,0,0,81,9,751,10,0,14
29510111100,1259,27,1232,0,0,0,132,7,1093,6,3,18
29510111200,842,13,828,1,0,0,101,7,722,1,1,10
29510111300,845,17,828,0,0,0,75,4,749,5,5,7
29510112100,2851,686,1714,451,0,0,1712,93,500,117,84,345
29510112200,994,25,967,2,0,0,92,12,851,11,7,21
29510112300,1209,18,1191,0,0,0,106,12,1066,6,5,14
29510112400,2677,683,1602,392,0,0,1733,92,248,188,80,336
29510113500,1725,332,1354,39,0,0,1453,50,29,15,16,162
29510114101,2815,430,2188,197,0,0,1921,86,353,64,62,329
29510114102,3093,1236,1587,270,0,0,2469,60,64,49,70,381
29510114200,3321,542,2640,139,0,0,2508,91,141,89,68,424
29510114300,3715,786,2695,234,0,0,2897,142,105,33,112,426
29510115100,2181,192,1959,30,0,0,1422,91,173,48,160,287
29510115200,1449,71,1367,11,0,0,835,56,336,60,47,115
29510115300,2576,153,2407,16,0,0,1430,124,519,186,111,206
29510115400,1555,122,1419,14,0,0,1051,62,171,37,59,175
29510115500,2806,78,2720,8,0,0,1091,149,1332,41,43,150
29510115600,2489,121,2364,4,0,0,1151,84,1030,42,46,136
29510115700,1463,38,1422,3,0,0,474,57,789,50,22,71
29510116100,1815,153,1636,26,0,0,1002,70,411,117,47,168
29510116200,3002,417,2488,97,0,0,2072,81,412,69,62,306
29510116301,2032,372,1570,90,0,0,1429,63,185,88,34,233
29510116302,1155,45,1105,5,0,0,364,50,503,117,35,86
29510116400,2280,48,2226,6,0,0,659,80,1340,51,49,101
29510116500,2475,296,2057,122,0,0,1285,61,792,75,52,210
29510117100,1053,99,914,40,0,0,771,23,121,17,22,99
29510117200,3776,580,2999,197,0,0,1897,125,1234,57,84,379
29510117400,2892,621,2078,193,0,0,1778,77,631,39,54,313
29510118100,1343,88,1229,26,0,0,539,56,560,65,35,88
29510118600,1856,148,1656,52,0,0,801,57,736,74,47,141
29510119101,1695,280,1325,90,0,0,854,47,515,89,38,152
29510119102,1961,194,1696,71,0,0,1234,58,256,136,59,218
29510119200,1389,279,966,144,0,0,501,30,691,45,29,93
29510119300,1512,40,1466,6,0,0,663,45,576,56,42,130
29510120200,669,14,655,0,0,0,94,13,538,3,10,11
29510121200,1024,9,1014,1,0,0,172,7,803,4,19,19
29510123100,2378,190,2158,30,0,0,756,68,1352,23,42,137
29510123200,1705,431,1043,231,0,0,1061,51,358,21,45,169
29510123300,1811,359,1304,148,0,0,1136,45,395,24,35,176
29510124100,2254,62,2183,9,0,0,562,89,1455,28,34,86
29510124200,1803,92,1685,26,0,0,698,74,874,35,33,89
29510124300,2142,286,1744,112,0,0,1431,86,343,20,34,228
29510124600,806,37,758,11,0,0,313,30,415,9,10,29
29510125500,2033,197,1774,62,0,0,1355,75,348,33,32,190
29510125600,2716,256,2418,42,0,0,1748,103,503,58,52,252
29510125700,1538,23,1515,0,0,0,339,18,1101,13,21,46
29510126600,1541,31,1507,3,0,0,333,25,1102,7,16,58
29510126700,757,21,736,0,0,0,181,9,546,3,3,15
29510126800,2403,365,1930,108,0,0,1858,63,95,50,43,294
29510126900,3239,92,3145,2,0,0,363,34,2728,12,18,84
29510127000,632,19,613,0,0,0,139,9,456,5,6,17
29510127100,976,16,958,2,0,0,97,14,838,2,14,11
29510127200,2517,497,1856,164,0,0,1870,77,179,70,64,257
29510127300,2508,324,2090,94,0,0,776,58,1443,54,44,133
29510127400,2505,319,2105,81,0,0,995,52,1184,33,82,159
29510127500,1490,46,1432,12,0,0,510,24,814,13,51,78
29510127600,2012,453,1237,322,0,0,1402,62,290,21,30,207
29510127700,1372,17,1355,0,0,0,87,14,1236,8,10,17
29510127800,2510,34,2459,17,0,0,1026,87,1011,107,42,237
29043020101,2329,1467,258,604,0,0,2092,31,3,11,30,162
29043020102,4295,2637,513,1145,0,0,3845,85,3,12,33,317
29043020201,3319,2390,351,578,0,0,2976,54,1,19,24,245
29043020202,5242,3290,585,1367,0,0,4665,101,15,34,62,365
29043020204,3089,1840,382,867,0,0,2696,71,5,11,16,290
29043020205,4164,2505,521,1138,0,0,3613,124,8,35,23,361
29043020206,2802,1642,373,787,0,0,2451,80,5,24,21,221
29043020207,3039,2118,286,635,0,0,2650,63,1,28,35,262
29043020302,4247,2606,486,1155,0,0,3763,72,3,27,40,342
29043020303,3871,2400,435,1036,0,0,3385,87,4,22,58,315
29043020304,2778,1357,341,1080,0,0,2469,67,3,12,42,185
29043020307,2975,1833,358,784,0,0,2600,53,5,22,44,251
29043020308,1758,1048,216,494,0,0,1518,50,6,17,27,140
29043020309,998,469,135,394,0,0,867,26,3,8,13,81
29043020310,4284,2814,454,1016,0,0,3738,82,6,16,75,367
29043020401,2894,1948,268,678,0,0,2605,41,3,15,39,191
29043020402,2713,1615,362,736,0,0,2396,47,4,8,13,245
29043020501,3089,2017,326,746,0,0,2762,53,8,9,29,228
29043020502,2396,1623,270,503,0,0,2153,30,1,11,7,194
29161890100,3040,1918,265,857,0,0,2706,44,9,12,9,260
29161890200,2982,1475,357,1150,0,0,2644,48,6,12,14,258
29161890301,2277,1091,329,857,0,0,1956,57,16,29,27,192
29161890302,1736,422,316,998,0,0,1456,46,23,18,32,161
29161890401,1154,215,208,731,0,0,944,27,12,19,20,132
29161890402,636,114,115,407,0,0,536,19,5,11,18,47
29161890500,2573,1539,304,730,0,0,2343,37,6,16,15,156
29161890600,2175,1258,239,678,0,0,1967,27,10,11,14,146
29161890700,2018,1169,229,620,0,0,1744,41,7,38,29,159
29161890800,1634,559,234,841,0,0,1403,47,17,23,5,139
29161890900,3401,1714,502,1185,0,0,2857,84,18,76,46,320
29161891000,4189,2936,467,786,0,0,3634,64,9,92,32,358
29203470100,1661,722,346,593,0,0,1546,10,4,4,2,95
29203470200,3063,1279,543,1241,0,0,2848,20,5,20,8,162
29187950103,2058,1183,431,444,0,0,1832,36,1,6,19,164
29187950104,1232,600,269,363,0,0,1114,15,5,3,2,93
29187950105,1248,695,228,325,0,0,1135,8,2,1,14,88
29187950106,2042,1090,405,547,0,0,1817,20,4,4,10,187
29187950300,3655,1621,889,1145,0,0,3305,41,15,10,9,275
29187950401,1997,963,451,583,0,0,1814,17,2,2,9,153
29187950402,2151,1273,322,556,0,0,1915,30,13,12,23,158
29187950600,2137,914,395,828,0,0,1936,17,5,5,9,165
29187950701,1825,1097,278,450,0,0,1642,17,2,8,8,148
29187950702,1999,1154,390,455,0,0,1800,21,3,9,11,155
29187950703,1754,981,347,426,0,0,1543,24,0,8,6,173
29187950801,2020,867,502,651,0,0,1778,39,7,7,23,166
29187950802,2567,1234,618,715,0,0,2296,31,3,23,17,197
29187950901,1542,852,300,390,0,0,1385,23,3,16,9,106
29187950902,2956,1161,693,1102,0,0,2618,56,26,13,14,229
29187951001,1412,459,364,589,0,0,1290,18,3,4,4,93
29187951002,2615,1130,563,922,0,0,2396,22,4,4,13,176
29187951101,1157,308,300,549,0,0,1040,18,4,9,4,82
29187951102,3217,1526,742,949,0,0,2924,37,5,8,15,228
29077000101,630,65,287,278,0,0,527,20,7,4,6,66
29077000102,525,31,302,192,0,0,416,27,6,18,4,54
29077000200,884,14,437,433,0,0,723,30,25,12,6,88
29077000300,2165,863,633,669,0,0,1835,70,10,28,25,197
29077000400,2403,750,928,725,0,0,2071,93,12,33,17,177
29077000501,1135,238,440,457,0,0,947,38,42,3,15,90
29077000502,1772,215,763,794,0,0,1487,71,34,13,17,150
29077000600,1798,473,549,776,0,0,1520,50,33,17,12,166
29077000700,1746,352,689,705,0,0,1410,67,101,9,26,133
29077000800,1405,258,497,650,0,0,1181,66,38,13,9,98
29077000900,2728,775,1289,664,0,0,2331,81,23,22,34,237
29077001000,1720,839,466,415,0,0,1508,31,4,14,18,145
29077001100,1947,649,635,663,0,0,1704,69,7,16,13,138
29077001200,2471,749,803,919,0,0,2113,81,22,24,24,207
29077001301,1352,411,459,482,0,0,1127,61,34,15,13,102
29077001302,1382,345,571,466,0,0,1183,51,7,22,14,105
29077001401,1687,409,696,582,0,0,1394,64,11,50,16,152
29077001402,1278,430,463,385,0,0,1058,64,6,29,6,115
29077001500,3179,1277,922,980,0,0,2714,99,22,81,22,241
29077001700,1584,383,500,701,0,0,1370,64,15,11,10,114
29077001800,1669,400,555,714,0,0,1430,57,28,10,17,127
29077001900,1629,403,516,710,0,0,1384,69,33,11,9,123
29077002200,2441,679,788,974,0,0,2105,87,22,17,32,178
29077002300,3234,1076,975,1183,0,0,2832,111,29,29,26,207
29077002402,2684,1089,795,800,0,0,2321,99,15,10,26,213
29077002502,3500,1443,1091,966,0,0,3042,90,23,42,42,261
29077002600,3883,2411,599,873,0,0,3419,87,11,40,36,290
29077002700,1455,608,395,452,0,0,1261,40,6,25,18,105
29077002800,1234,665,289,280,0,0,1052,40,4,28,8,102
29077002900,2974,1539,745,690,0,0,2609,55,8,48,32,222
29077003003,86,5,28,53,0,0,75,4,2,1,1,3
29077003004,2921,955,1042,924,0,0,2454,95,23,67,41,241
29077003100,1530,446,438,646,0,0,1337,68,13,11,3,98
29077003200,2199,642,713,844,0,0,1873,76,39,13,12,186
29077003300,1794,471,568,755,0,0,1592,61,26,9,9,97
29077003600,1590,420,494,676,0,0,1376,40,17,9,16,132
29077003701,4372,3128,593,651,0,0,3850,67,7,37,69,342
29077003702,2077,1554,252,271,0,0,1808,27,5,47,29,161
29077003801,2909,2314,376,219,0,0,2491,42,7,96,46,227
29077003802,3118,2467,428,223,0,0,2691,43,4,83,42,255
29077003900,2591,1348,579,664,0,0,2243,59,7,49,28,205
29077004002,3080,2194,488,398,0,0,2646,77,5,53,33,266
29077004003,3730,2664,525,541,0,0,3283,83,13,59,42,250
29077004004,1745,924,313,508,0,0,1494,48,6,49,23,125
29077004005,2137,1052,519,566,0,0,1907,39,6,30,14,141
29077004104,2491,1358,618,515,0,0,2200,62,10,25,18,176
29077004105,3546,2258,490,798,0,0,3025,85,13,73,31,319
29077004106,3193,2257,394,542,0,0,2745,71,11,77,33,256
29077004107,2514,1223,693,598,0,0,2169,65,15,36,41,188
29077004108,1693,1170,245,278,0,0,1451,47,5,46,11,133
29077004109,3799,2391,594,814,0,0,3160,116,21,97,59,346
29077004201,3453,2013,714,726,0,0,3052,84,13,23,32,249
29077004202,4044,1875,1125,1044,0,0,3365,141,48,83,42,365
29077004303,1366,799,293,274,0,0,1173,23,5,18,31,116
29077004304,1138,407,279,452,0,0,988,42,3,11,8,86
29077004305,3110,1547,795,768,0,0,2700,116,19,26,31,218
29077004306,2507,1199,667,641,0,0,2226,84,12,21,24,140
29077004401,2321,1255,424,642,0,0,2104,32,11,28,9,137
29077004402,2488,1446,365,677,0,0,2189,46,17,19,22,195
29077004500,1489,834,337,318,0,0,1301,31,5,14,9,129
29077004601,3014,1613,690,711,0,0,2753,52,9,21,19,160
29077004602,2509,1411,599,499,0,0,2286,21,3,15,31,153
29077004700,4520,2881,801,838,0,0,4040,61,6,30,67,316
29077004802,5188,2659,1383,1146,0,0,4622,112,15,31,25,383
29077004803,4033,1752,1090,1191,0,0,3570,98,6,22,41,296
29077004804,3036,1379,828,829,0,0,2606,84,10,14,34,288
29077004805,2035,1141,432,462,0,0,1803,51,4,16,16,145
29077004900,4655,2879,994,782,0,0,4168,74,5,15,36,357
29077005001,2566,1405,560,601,0,0,2342,27,3,12,18,164
29077005002,4793,2715,1108,970,0,0,4352,67,5,20,27,322
29077005100,2465,1476,549,440,0,0,2196,34,3,18,17,197
29077005201,2725,1691,549,485,0,0,2406,50,0,7,23,239
29077005202,2782,1673,601,508,0,0,2512,40,2,20,32,176
29077005500,2186,535,667,984,0,0,1841,64,46,21,17,197
29077005600,2081,662,686,733,0,0,1835,57,8,13,11,157
29077005700,2296,785,729,782,0,0,1986,67,13,27,23,180
29077005801,1072,361,382,329,0,0,924,32,7,8,8,93
29077005802,1261,200,609,452,0,0,1075,36,20,16,8,106
29127960100,3178,2139,337,702,0,0,2928,23,6,15,9,197
29127960200,2421,1703,262,456,0,0,2199,15,10,16,11,170
29127960300,2348,1410,238,700,0,0,2110,22,19,12,15,170
29127960400,2992,1736,456,800,0,0,2591,44,65,31,16,245
29127960500,1345,459,226,660,0,0,1134,23,52,9,7,120
29127960600,2501,1368,378,755,0,0,2199,30,33,20,5,214
29127960800,1383,459,210,714,0,0,1202,35,25,10,5,106
29127960900,1942,873,317,752,0,0,1631,20,124,20,10,137
29001950100,2571,1468,544,559,0,0,2326,24,7,5,14,195
29001950200,1903,1112,330,461,0,0,1695,24,0,7,24,153
29001950300,1434,354,513,567,0,0,1262,32,18,12,12,98
29001950400,2508,1214,717,577,0,0,2171,39,8,46,31,213
29001950501,2025,829,611,585,0,0,1758,21,10,40,36,160
29001950502,1871,957,436,478,0,0,1626,23,8,19,29,166
29001950900,1447,301,675,471,0,0,1110,35,139,18,14,131
29001951000,225,11,183,31,0,0,169,17,4,6,4,25
29109470100,2512,1523,266,723,0,0,2307,31,7,18,17,132
29109470201,2282,1510,239,533,0,0,2064,34,3,6,14,161
29109470202,2818,1272,355,1191,0,0,2532,57,5,15,24,185
29109470300,3101,1649,518,934,0,0,2581,227,2,32,10,249
29109470401,2310,1217,441,652,0,0,1816,277,2,24,15,176
29109470402,2166,1218,301,647,0,0,1881,104,2,11,10,158
29109470501,2037,1124,234,679,0,0,1805,50,2,4,7,169
29109470502,2471,1433,269,769,0,0,2193,39,1,10,26,202
29109470601,2874,1259,448,1167,0,0,2499,152,2,8,23,190
29109470602,1756,785,283,688,0,0,1542,75,2,15,9,113
29181870100,1912,818,327,767,0,0,1745,13,1,1,5,147
29181870200,644,305,125,214,0,0,595,3,0,1,3,42
29181870300,4397,1604,831,1962,0,0,3992,53,3,11,13,325
29181870400,1110,458,187,465,0,0,1009,8,0,8,2,83
29027070100,3206,1760,702,744,0,0,2832,51,21,13,21,268
29027070200,2441,1369,445,627,0,0,2178,29,4,4,7,219
29027070301,1779,884,357,538,0,0,1522,35,22,17,13,170
29027070302,1496,595,370,531,0,0,1262,17,74,4,7,132
29027070400,3076,1138,923,1015,0,0,2588,80,136,13,24,235
29027070500,3327,2071,484,772,0,0,2961,39,7,13,16,291
29027070601,2484,1384,595,505,0,0,2181,21,4,13,4,261
29027070602,2339,1370,507,462,0,0,2066,15,4,7,7,240
29027070701,1519,924,327,268,0,0,1344,22,10,3,10,130
29027070702,2797,1804,341,652,0,0,2438,45,6,8,8,292
29027070800,3374,1811,733,830,0,0,2929,75,18,16,21,315
29159480100,2444,1434,532,478,0,0,2041,40,2,11,103,247
29159480200,4069,2596,789,684,0,0,3336,176,3,36,156,362
29159480300,2907,1686,610,611,0,0,2450,54,2,21,105,275
29159480400,2787,1548,650,589,0,0,2357,71,5,12,64,278
29159480500,1666,737,434,495,0,0,1355,87,15,12,44,153
29159480600,1053,281,440,332,0,0,675,86,211,1,16,64
29159480700,2240,1095,458,687,0,0,1832,100,12,20,73,203
29159480800,1807,742,484,581,0,0,1456,110,31,16,31,163
29159480900,1266,230,481,555,0,0,974,145,22,8,19,98
29159481000,2697,1270,709,718,0,0,2257,116,12,18,76,218
29159481100,2396,962,698,736,0,0,1967,133,24,13,49,210
29063080101,1441,901,175,365,0,0,1304,12,0,3,4,118
29063080102,1988,1147,217,624,0,0,1794,23,1,11,13,146
29063080200,2813,1797,278,738,0,0,2508,29,1,2,10,263
29183310100,1540,946,273,321,0,0,1298,16,7,6,8,205
29183310201,4303,2400,596,1307,0,0,3559,115,50,58,39,482
29183310202,2599,1719,441,439,0,0,2135,43,53,18,16,334
29183310301,3183,2077,464,642,0,0,2670,64,7,9,54,379
29183310302,2780,1390,751,639,0,0,2283,42,119,24,18,294
29183310400,1339,571,326,442,0,0,1118,35,10,3,9,164
29183310501,2079,710,560,809,0,0,1680,94,30,13,21,241
29183310502,1727,832,276,619,0,0,1412,48,25,6,16,220
29183310601,1221,685,203,333,0,0,1000,30,9,15,12,155
29183310602,4790,3321,755,714,0,0,3949,89,26,59,42,625
29183310700,3074,1161,909,1004,0,0,2536,98,62,25,36,317
29183310801,1684,1138,253,293,0,0,1399,34,17,33,28,173
29183310802,4219,2520,738,961,0,0,3521,92,42,44,55,465
29183310901,1536,719,253,564,0,0,1250,35,53,20,23,155
29183310902,3616,2168,578,870,0,0,2958,137,40,59,56,366
29183310903,2876,1789,503,584,0,0,2345,61,55,21,37,357
29183311001,3194,1797,583,814,0,0,2498,100,40,141,70,345
29183311003,1560,706,446,408,0,0,1241,42,60,28,21,168
29183311004,3412,1774,608,1030,0,0,2634,78,86,164,54,396
29183311103,5321,4240,739,342,0,0,4549,62,15,97,46,552
29183311114,3859,2997,565,297,0,0,3226,83,34,53,33,430
29183311122,5288,3371,860,1057,0,0,4328,147,82,113,99,519
29183311124,4517,3348,671,498,0,0,3702,95,34,61,93,532
29183311132,2776,2175,423,178,0,0,2321,49,9,47,43,307
29183311145,3306,2437,479,390,0,0,2770,57,29,56,56,338
29183311146,3221,2272,477,472,0,0,2530,94,34,99,71,393
29183311147,2951,1910,417,624,0,0,2426,61,21,52,74,317
29183311148,3326,2483,532,311,0,0,2800,92,13,29,38,354
29183311149,2647,1569,406,672,0,0,2239,86,23,26,25,248
29183311150,3457,2367,541,549,0,0,2882,84,13,63,65,350
29183311151,4272,3293,594,385,0,0,3468,91,59,141,85,428
29183311152,3459,2671,510,278,0,0,2869,66,12,55,58,399
29183311153,4383,3288,554,541,0,0,3652,94,28,72,62,475
29183311154,4094,3118,604,372,0,0,3352,103,40,78,67,454
29183311203,4459,2749,779,931,0,0,3694,102,37,64,90,472
29183311211,3789,2415,576,798,0,0,3066,77,46,103,84,413
29183311212,2699,1770,438,491,0,0,2247,73,30,77,46,226
29183311221,2679,1692,488,499,0,0,2213,75,22,46,49,274
29183311294,2850,1921,459,470,0,0,2342,69,25,27,50,337
29183311296,3113,2117,479,517,0,0,2630,69,19,25,40,330
29183311311,4718,2928,747,1043,0,0,3842,127,83,78,88,500
29183311312,5230,3403,775,1052,0,0,4265,138,47,83,71,626
29183311322,4831,3470,747,614,0,0,4018,118,58,78,58,501
29183311331,3450,2208,699,543,0,0,2865,88,23,31,44,399
29183311391,3466,2279,514,673,0,0,2906,117,29,28,39,347
29183311422,4267,2858,592,817,0,0,3552,128,24,51,51,461
29183311500,1245,513,350,382,0,0,1024,57,7,3,3,151
29183311602,3962,2356,743,863,0,0,3370,105,25,31,49,382
29183311603,1861,1055,273,533,0,0,1595,44,27,9,28,158
29183311604,2208,1536,242,430,0,0,1841,45,12,18,38,254
29183311712,3342,2354,446,542,0,0,2769,103,35,67,48,320
29183311721,2691,1977,413,301,0,0,2255,57,30,53,39,257
29183311732,4879,3280,703,896,0,0,4109,120,33,69,69,479
29183311733,1564,963,232,369,0,0,1278,45,23,24,24,170
29183311734,2682,1574,463,645,0,0,2261,77,35,44,25,240
29183311735,4292,3268,653,371,0,0,3525,122,46,75,49,475
29183311737,2377,1764,328,285,0,0,1972,43,9,51,37,265
29183311738,2500,1336,391,773,0,0,2067,87,18,19,33,276
29183311739,3227,2536,420,271,0,0,2619,72,16,122,42,356
29183311740,1625,1282,220,123,0,0,1375,25,8,31,13,173
29183311801,4448,2984,642,822,0,0,3667,116,55,48,73,489
29183311802,4773,3087,713,973,0,0,4024,90,20,52,50,537
29183311903,4316,2811,601,904,0,0,3609,91,50,32,54,480
29183311904,4367,3278,595,494,0,0,3623,102,50,57,62,473
29183311907,3896,2169,737,990,0,0,3262,102,60,29,56,387
29183311908,2870,2267,362,241,0,0,2385,57,25,30,34,339
29183311909,5221,4053,665,503,0,0,4430,102,31,55,54,549
29183312001,2532,1933,289,310,0,0,2151,36,9,12,21,303
29183312002,2638,1958,318,362,0,0,2264,49,31,16,14,264
29183312003,4594,3480,521,593,0,0,3837,95,21,45,29,567
29183312094,3140,1998,488,654,0,0,2525,72,135,33,39,336
29183312095,4195,2714,616,865,0,0,3467,83,65,51,65,464
29183312096,5834,4109,665,1060,0,0,4903,113,60,62,68,628
29183312192,4337,3222,532,583,0,0,3615,100,48,47,55,472
29183312193,5613,4241,640,732,0,0,4746,124,55,50,81,557
29183312194,2684,2117,297,270,0,0,2300,39,4,23,30,288
29183312195,2484,1214,420,850,0,0,2068,60,52,21,21,262
29183312204,4240,3266,564,410,0,0,3583,56,1,27,40,533
29183312206,3711,2854,491,366,0,0,3103,47,15,30,32,484
29183312207,2147,891,341,915,0,0,1742,88,26,21,26,244
29183312208,2858,1934,274,650,0,0,2378,62,19,50,60,289
29183312209,2612,1869,334,409,0,0,2038,67,93,35,41,338
29183312300,2212,1698,325,189,0,0,1813,38,6,18,31,306
29183312400,3288,1467,861,960,0,0,2708,81,55,19,33,392
29183980000,0,0,0,0,0,0,0,0,0,0,0,0
29111970100,1957,885,490,582,0,0,1743,16,14,11,7,166
29111970200,1403,707,333,363,0,0,1276,7,7,5,2,106
29111970300,1488,884,280,324,0,0,1344,10,4,10,7,113
29111970400,1178,625,277,276,0,0,1049,4,41,3,12,69
29057480100,3265,1800,367,1098,0,0,2989,41,7,9,13,206
29057480200,2092,1176,254,662,0,0,1843,26,9,15,7,192
29209090101,2450,1600,251,599,0,0,2200,35,3,12,16,184
29209090102,3051,1818,315,918,0,0,2765,49,2,11,6,218
29209090201,1762,1094,168,500,0,0,1572,28,2,7,14,139
29209090202,2112,1240,219,653,0,0,1858,37,2,8,29,178
29209090401,2107,1374,214,519,0,0,1884,28,1,8,22,164
29209090402,1893,1195,202,496,0,0,1659,49,2,4,22,157
29209090501,1229,735,102,392,0,0,1081,25,0,3,4,116
29209090502,2814,1896,297,621,0,0,2486,56,0,13,19,240
29209090603,1325,850,147,328,0,0,1164,32,2,4,12,111
29209090604,1470,1034,134,302,0,0,1299,24,1,4,13,129
29209090605,1714,1066,161,487,0,0,1484,51,2,6,5,166
29209090606,1874,1061,211,602,0,0,1661,39,1,9,13,151
29217950100,2132,1150,251,731,0,0,1969,16,2,10,13,122
29217950200,1085,676,128,281,0,0,994,12,5,2,0,72
29217950300,3343,1604,471,1268,0,0,2975,59,3,10,20,276
29217950400,1839,640,285,914,0,0,1632,48,3,14,7,135
29217950500,2034,1246,244,544,0,0,1809,36,0,15,15,159
29217950600,1964,1095,240,629,0,0,1790,23,5,0,13,133
29097010100,2020,501,378,1141,0,0,1667,97,90,15,13,138
29097010200,3055,1690,373,992,0,0,2631,102,9,47,40,226
29097010301,2221,977,411,833,0,0,1879,129,21,22,13,157
29097010302,2471,1053,360,1058,0,0,2140,86,13,27,22,183
29097010400,3342,1651,452,1239,0,0,2840,128,14,58,30,272
29097010500,2952,1268,456,1228,0,0,2558,115,24,28,25,202
29097010601,1356,228,288,840,0,0,1124,59,31,7,14,121
29097010602,1473,456,248,769,0,0,1251,66,13,16,9,118
29097010700,1737,821,221,695,0,0,1535,34,11,11,10,136
29097010800,2280,513,411,1356,0,0,1965,112,20,25,10,148
29097010901,1901,973,254,674,0,0,1672,54,6,19,15,135
29097010902,2327,1267,258,802,0,0,1997,59,11,19,40,201
29097011000,2073,478,354,1241,0,0,1775,96,19,11,21,151
29097011100,1221,655,172,394,0,0,1081,36,7,4,11,82
29097011201,2089,1203,233,653,0,0,1838,51,1,11,11,177
29097011202,2293,1096,283,914,0,0,2022,81,5,11,13,161
29097011301,3523,2348,362,813,0,0,3132,69,9,37,14,262
29097011302,2507,1404,270,833,0,0,2241,48,4,32,11,171
29097011400,3959,1854,554,1551,0,0,3483,130,21,28,30,267
29097011501,3444,1781,423,1240,0,0,3045,98,5,24,22,250
29097011502,3043,1887,296,860,0,0,2687,93,3,14,8,238
29097011600,2000,754,516,730,0,0,1508,320,13,15,11,133
29097011700,4239,2213,650,1376,0,0,3513,296,8,152,20,250
29097011800,2625,1207,476,942,0,0,2149,263,7,13,11,182
29097011900,2561,1239,346,976,0,0,2233,102,12,14,25,175
29097012000,3564,2044,439,1081,0,0,3158,94,5,22,14,271
29097012100,2622,1698,283,641,0,0,2281,81,14,33,15,198
29097012201,2642,1646,287,709,0,0,2369,53,2,7,8,203
29097012202,2167,1263,220,684,0,0,1904,35,0,11,1,216
29171960100,1769,1155,177,437,0,0,1596,30,1,2,3,137
29171960200,1439,720,144,575,0,0,1336,13,2,4,4,80
29073960100,2041,1269,235,537,0,0,1724,17,1,10,17,272
29073960200,1125,758,122,245,0,0,953,5,1,4,14,148
29073960300,1883,1296,176,411,0,0,1615,16,0,8,11,233
29073960400,2005,1049,260,696,0,0,1735,29,0,5,16,220
29073960500,3187,2134,335,718,0,0,2778,33,1,16,9,350
29167960101,1292,658,151,483,0,0,1160,26,0,4,2,100
29167960102,2623,1465,334,824,0,0,2358,55,6,9,11,184
29167960201,1593,916,208,469,0,0,1442,21,6,5,3,116
29167960202,3161,1840,383,938,0,0,2835,43,6,8,12,257
29167960301,1678,993,226,459,0,0,1514,40,3,6,15,100
29167960302,3271,1743,407,1121,0,0,2846,77,6,22,12,308
29167960401,2394,1211,325,858,0,0,2099,40,5,20,16,214
29167960402,3399,2098,358,943,0,0,3087,44,7,16,11,234
29201780100,1984,1068,243,673,0,0,1771,24,3,5,3,178
29201780200,2666,1526,274,866,0,0,2361,24,4,3,4,270
29201780300,1735,950,199,586,0,0,1473,21,10,4,4,223
29201780400,3247,1988,423,836,0,0,2833,42,140,5,6,221
29201780600,2541,1121,411,1009,0,0,2240,54,52,27,9,159
29201780700,1703,473,942,288,0,0,823,11,805,6,7,51
29201781000,2763,1719,293,751,0,0,2399,40,8,6,6,304
29201781100,2307,1373,228,706,0,0,1967,25,0,2,2,311
29201781201,1237,201,697,339,0,0,581,41,553,4,4,54
29201781202,1843,847,324,672,0,0,1573,38,80,13,17,122
29201781300,2153,1279,378,496,0,0,1839,19,124,16,26,129
29007950100,1631,755,401,475,0,0,1391,20,64,14,7,135
29007950200,3295,1925,662,708,0,0,2821,40,7,24,16,387
29007950300,1949,1180,382,387,0,0,1722,18,4,6,23,176
29007950400,1692,730,430,532,0,0,1412,33,79,18,8,142
29007950500,2201,974,580,647,0,0,1879,46,30,8,16,222
29007950600,1722,865,407,450,0,0,1489,24,34,2,20,153
29007950700,2069,787,638,644,0,0,1692,32,157,13,7,168
29137960100,2165,1163,470,532,0,0,1877,24,72,14,12,166
29137960200,1502,844,299,359,0,0,1357,12,23,6,4,100
29137960300,1610,927,342,341,0,0,1473,11,0,2,3,121
29075960100,1981,1162,200,619,0,0,1818,20,0,6,12,125
29075960200,2239,1296,212,731,0,0,2025,22,0,14,17,161
29009960101,1496,838,172,486,0,0,1355,21,4,8,4,104
29009960102,1477,939,113,425,0,0,1342,17,2,7,5,104
29009960201,1477,813,198,466,0,0,1231,79,3,53,11,100
29009960202,1286,623,234,429,0,0,1028,143,2,21,6,86
29009960301,1991,723,538,730,0,0,1496,336,4,14,12,129
29009960302,1940,1138,314,488,0,0,1570,167,1,45,5,152
29009960401,2449,1228,298,923,0,0,2213,54,8,19,10,145
29009960402,1740,881,215,644,0,0,1542,54,13,43,4,84
29009960500,4120,2257,447,1416,0,0,3692,103,2,21,19,283
29009960600,1870,1249,161,460,0,0,1647,23,0,11,21,168
29035960100,2111,1027,221,863,0,0,1930,18,7,6,19,131
29035960200,2160,959,268,933,0,0,1991,31,2,5,9,122
29041470100,1597,1002,306,289,0,0,1450,2,3,4,1,137
29041470200,1562,823,326,413,0,0,1397,9,21,4,7,124
29041470300,1931,1215,387,329,0,0,1675,9,17,12,19,199
29149480100,2290,990,295,1005,0,0,2108,29,3,6,4,140
29149480200,2757,1217,337,1203,0,0,2530,20,1,5,7,194
29149480300,1413,739,168,506,0,0,1306,7,0,2,5,93
29173470100,2313,1276,504,533,0,0,2028,13,33,7,12,220
29173470200,2637,1634,426,577,0,0,2375,19,3,16,17,207
29173470300,2433,1470,492,471,0,0,2183,16,2,12,16,204
29155470100,1100,474,290,336,0,0,912,15,85,10,9,69
29155470200,1800,333,1080,387,0,0,816,28,875,7,5,69
29155470300,1618,665,499,454,0,0,1262,30,237,10,2,77
29155470400,1496,293,774,429,0,0,868,23,523,10,5,67
29155470500,1597,721,391,485,0,0,1384,49,58,6,6,94
29155470600,1587,619,387,581,0,0,1364,23,114,12,3,71
29205450100,1248,806,169,273,0,0,1133,13,1,7,6,88
29205450200,1998,1154,265,579,0,0,1840,21,8,5,13,111
29205450300,1208,773,113,322,0,0,1107,7,0,13,2,79
29189210101,889,105,784,0,0,0,351,15,468,2,9,44
29189210102,2221,96,2124,1,0,0,562,37,1517,9,16,80
29189210200,2772,72,2696,4,0,0,521,44,2114,18,9,66
29189210300,1729,60,1668,1,0,0,415,31,1201,17,14,51
29189210400,3036,116,2919,1,0,0,347,39,2571,16,7,56
29189210501,2232,77,2155,0,0,0,175,26,1980,16,6,29
29189210502,2185,80,2104,1,0,0,171,28,1932,9,7,38
29189210600,4136,191,3939,6,0,0,883,42,3035,25,8,143
29189210702,3522,163,3352,7,0,0,594,38,2774,18,20,78
29189210703,2310,126,2181,3,0,0,405,24,1808,9,14,50
29189210704,1944,52,1887,5,0,0,270,34,1580,17,11,32
29189210803,3578,658,2617,303,0,0,1048,46,2302,33,26,123
29189210805,4352,304,3958,90,0,0,530,60,3648,23,28,63
29189210806,4431,328,3972,131,0,0,420,57,3850,17,16,71
29189210807,4037,374,3479,184,0,0,471,47,3395,23,22,79
29189210808,2806,277,2441,88,0,0,311,39,2363,26,13,54
29189210912,5281,1476,3224,581,0,0,2134,82,2686,62,44,273
29189210921,2773,713,1693,367,0,0,1211,62,1300,33,24,143
29189210923,3394,1043,1649,702,0,0,2011,96,951,36,57,243
29189210924,2958,629,1994,335,0,0,977,71,1713,22,47,128
29189210925,3439,833,2068,538,0,0,1582,63,1533,25,46,190
29189210926,1723,644,620,459,0,0,1172,42,321,12,43,133
29189210927,3927,1175,2601,151,0,0,1317,72,2311,45,39,143
29189210928,3387,764,2394,229,0,0,905,62,2181,45,60,134
29189211001,2808,727,1586,495,0,0,1424,62,1070,19,38,195
29189211002,2248,744,1075,429,0,0,1267,35,747,22,29,148
29189211101,4240,1288,1877,1075,0,0,2814,95,963,30,31,307
29189211102,3350,717,2224,409,0,0,1212,70,1862,26,38,142
29189211201,3119,797,1571,751,0,0,1833,71,907,28,45,235
29189211202,2328,992,627,709,0,0,1929,44,80,12,31,232
29189211301,3866,1616,1103,1147,0,0,3102,81,229,25,59,370
29189211331,4003,1728,1172,1103,0,0,2990,94,445,53,88,333
29189211332,3970,1586,1377,1007,0,0,3023,114,396,49,75,313
29189211333,3353,1637,1340,376,0,0,2134,80,719,67,88,265
29189211334,2755,1121,980,654,0,0,2129,54,280,30,44,218
29189211401,3317,1225,1259,833,0,0,2309,91,531,34,68,284
29189211402,1235,277,683,275,0,0,623,27,458,11,22,94
29189211500,1962,59,1897,6,0,0,147,32,1735,13,4,31
29189211600,3576,483,2819,274,0,0,1382,64,1916,27,39,148
29189211700,2598,193,2396,9,0,0,988,41,1437,14,11,107
29189211801,2242,77,2163,2,0,0,307,25,1843,16,12,39
29189211802,2123,60,2062,1,0,0,300,28,1725,15,6,49
29189211900,2379,55,2324,0,0,0,356,27,1928,13,12,43
29189212002,1525,40,1485,0,0,0,173,19,1304,7,6,16
29189212003,2197,55,2141,1,0,0,241,29,1883,9,5,30
29189212004,2489,96,2392,1,0,0,256,30,2137,15,12,39
29189212101,2154,52,2102,0,0,0,213,25,1864,6,14,32
29189212102,1482,26,1455,1,0,0,157,16,1272,9,6,22
29189212201,2892,130,2761,1,0,0,234,34,2576,10,10,28
29189212202,1305,46,1258,1,0,0,192,19,1042,7,8,37
29189212300,2908,179,2721,8,0,0,573,42,2155,24,21,93
29189212400,1367,52,1314,1,0,0,149,19,1157,10,11,21
29189212500,2918,156,2756,6,0,0,759,37,1996,24,16,86
29189212600,3055,243,2804,8,0,0,1264,47,1553,31,18,142
29189212701,1976,96,1876,4,0,0,448,37,1408,8,16,59
29189212702,1252,72,1177,3,0,0,398,19,777,5,6,47
29189213102,270,129,54,87,0,0,216,16,8,8,0,22
29189213103,2253,1128,619,506,0,0,1662,69,206,48,37,231
29189213104,597,172,226,199,0,0,379,14,128,13,11,52
29189213202,4256,2054,1018,1184,0,0,3420,140,134,89,54,419
29189213203,3831,2424,725,682,0,0,3075,102,111,90,56,397
29189213204,2193,797,854,542,0,0,1484,87,239,106,64,213
29189213301,1834,390,915,529,0,0,1067,70,518,27,35,117
29189213302,2051,161,1720,170,0,0,1160,86,628,16,27,134
29189213401,2575,170,2399,6,0,0,1391,127,794,29,35,199
29189213402,1019,60,959,0,0,0,700,53,153,8,8,97
29189213500,3013,231,2773,9,0,0,2067,114,519,44,27,242
29189213600,2094,78,2015,1,0,0,355,53,1595,15,16,60
29189213701,378,44,331,3,0,0,145,6,195,1,2,29
29189213702,2592,167,2409,16,0,0,752,45,1613,37,23,122
29189213800,3487,110,3375,2,0,0,251,39,3118,21,14,44
29189213900,941,14,926,1,0,0,58,8,859,7,2,7
29189214100,769,18,751,0,0,0,56,9,681,6,3,14
29189214200,2021,62,1958,1,0,0,230,33,1695,10,12,41
29189214300,2356,115,2235,6,0,0,690,77,1439,24,29,97
29189214400,2877,234,2636,7,0,0,2082,134,367,24,36,234
29189214500,2024,249,1763,12,0,0,1423,92,204,85,43,177
29189214601,2369,222,2135,12,0,0,1694,70,318,44,53,190
29189214602,2408,221,2182,5,0,0,1797,125,234,28,29,195
29189214700,3864,706,2706,452,0,0,2606,184,700,45,40,289
29189214800,3563,1183,1156,1224,0,0,2716,144,298,52,52,301
29189214901,2021,608,1117,296,0,0,1375,78,305,62,31,170
29189214902,1699,156,1531,12,0,0,1168,83,240,29,37,142
29189215001,1338,595,312,431,0,0,929,58,48,80,74,149
29189215003,3612,1470,1939,203,0,0,2426,101,164,157,194,570
29189215004,2133,396,1693,44,0,0,1354,54,210,101,137,277
29189215005,3759,1352,2221,186,0,0,2529,89,209,138,213,581
29189215102,3356,1102,1991,263,0,0,2355,112,150,146,137,456
29189215103,1719,807,779,133,0,0,1278,63,79,77,45,177
29189215105,1671,1083,323,265,0,0,1254,42,19,89,51,216
29189215141,3509,1967,1350,192,0,0,2523,64,79,171,131,541
29189215143,2074,965,617,492,0,0,1698,61,33,39,26,217
29189215144,4025,2042,882,1101,0,0,3146,113,133,128,83,422
29189215145,2946,1061,1729,156,0,0,1943,104,169,224,136,370
29189215146,782,66,707,9,0,0,475,39,137,42,25,64
29189215201,4747,2783,1678,286,0,0,3304,130,145,239,153,776
29189215231,3536,2470,686,380,0,0,2545,123,23,144,96,605
29189215233,3784,2003,1463,318,0,0,2536,109,123,290,162,564
29189215234,1164,787,326,51,0,0,860,23,14,53,45,169
29189215235,3419,2527,599,293,0,0,2209,70,21,375,172,572
29189215236,2625,1914,512,199,0,0,1883,57,6,125,96,458
29189215301,3540,1969,1384,187,0,0,2269,80,72,298,150,671
29189215302,2718,1611,1002,105,0,0,1760,90,51,208,118,491
29189215400,4439,2818,1440,181,0,0,3365,88,46,166,112,662
29189215500,3845,2143,1526,176,0,0,2336,74,165,323,165,782
29189215600,2867,318,2527,22,0,0,988,63,1288,173,105,250
29189215700,4209,204,3989,16,0,0,682,76,3211,59,41,140
29189215801,3357,1454,1544,359,0,0,2019,83,393,62,113,687
29189215802,1013,214,772,27,0,0,670,18,113,27,33,152
29189215803,1557,600,757,200,0,0,940,48,162,54,71,282
29189215901,2653,193,2435,25,0,0,696,54,1677,42,41,143
29189215902,2460,101,2352,7,0,0,337,45,1987,21,18,52
29189216000,1140,31,1108,1,0,0,149,14,939,11,4,23
29189216101,2071,378,1575,118,0,0,1250,74,137,197,82,331
29189216102,1299,247,887,165,0,0,717,47,216,90,40,189
29189216201,2821,1047,1502,272,0,0,2033,72,196,56,54,410
29189216202,2914,1229,1282,403,0,0,2097,57,204,82,54,420
29189216300,3240,738,2297,205,0,0,1950,128,55,406,136,565
29189216401,2120,1093,902,125,0,0,1474,42,27,96,72,409
29189216402,1935,897,860,178,0,0,1288,64,25,147,65,346
29189216500,3098,1552,1338,208,0,0,2142,73,36,163,117,567
29189216600,1769,917,708,144,0,0,1336,27,30,84,38,254
29189216700,2745,655,1909,181,0,0,1812,59,442,37,48,347
29189216800,2288,710,1369,209,0,0,1806,56,45,65,32,284
29189216900,1652,199,1399,54,0,0,1218,25,184,17,19,189
29189217000,2531,418,2059,54,0,0,1892,57,214,49,30,289
29189217200,1237,177,1039,21,0,0,949,37,110,28,11,102
29189217300,2153,544,1481,128,0,0,1698,42,49,49,50,265
29189217400,3396,1234,1846,316,0,0,2624,82,53,73,84,480
29189217500,4529,2919,1434,176,0,0,3591,69,62,145,92,570
29189217600,6190,3915,1995,280,0,0,4836,112,80,184,127,851
29189217701,4314,2819,1335,160,0,0,3040,112,68,241,297,556
29189217702,5833,4060,1110,663,0,0,4272,105,27,254,426,749
29189217802,5514,3867,897,750,0,0,4276,148,31,197,218,644
29189217806,4130,2439,637,1054,0,0,3283,121,18,103,113,492
29189217807,4681,3171,791,719,0,0,3719,106,30,126,171,529
29189217841,4455,3208,803,444,0,0,3368,96,32,226,157,576
29189217851,2495,1950,402,143,0,0,1964,45,7,108,69,302
29189217852,5244,4101,825,318,0,0,4078,102,15,213,137,699
29189217853,3370,2488,588,294,0,0,2489,85,19,198,198,381
29189217854,1925,1407,380,138,0,0,1391,40,9,122,90,273
29189217921,3728,2780,648,300,0,0,2904,87,14,163,125,435
29189217923,5175,3396,993,786,0,0,4104,124,30,139,184,594
29189217931,5014,3036,949,1029,0,0,3945,159,27,114,195,574
29189217932,3565,2470,519,576,0,0,2589,116,22,259,203,376
29189217941,4402,2810,795,797,0,0,3462,100,16,98,207,519
29189217942,3843,2499,643,701,0,0,3046,97,22,136,124,418
29189217943,2376,1612,398,366,0,0,1793,59,16,162,92,254
29189217944,4280,3170,723,387,0,0,3254,107,19,225,141,534
29189218012,3802,2441,1149,212,0,0,2971,64,61,146,90,470
29189218013,4206,2862,793,551,0,0,3420,115,21,84,109,457
29189218014,1266,692,487,87,0,0,1065,21,19,4,15,142
29189218015,2388,1762,420,206,0,0,1882,47,8,93,87,271
29189218016,2048,888,548,612,0,0,1472,74,30,55,169,248
29189218102,2133,1115,461,557,0,0,1757,37,16,28,66,229
29189218104,1045,268,629,148,0,0,839,33,22,10,18,123
29189218105,2359,1099,463,797,0,0,1876,55,17,45,73,293
29189218201,2501,1214,1192,95,0,0,2078,43,41,26,37,276
29189218300,3236,1202,1882,152,0,0,2630,57,97,41,46,365
29189218401,3303,1915,1177,211,0,0,2722,60,55,32,43,391
29189218402,3870,2126,1510,234,0,0,3138,56,86,42,51,497
29189218500,3880,2082,1608,190,0,0,3175,64,50,47,57,487
29189218600,2144,834,1221,89,0,0,1493,33,374,28,18,198
29189218800,4729,2810,1663,256,0,0,3948,82,96,41,49,513
29189218901,2504,353,2091,60,0,0,1293,45,921,21,32,192
29189218902,2272,540,1619,113,0,0,1472,62,457,25,31,225
29189219100,3032,1602,1242,188,0,0,2483,76,37,34,45,357
29189219200,2019,1084,849,86,0,0,1631,34,57,23,19,255
29189219300,1632,863,679,90,0,0,1272,32,72,19,26,211
29189219400,4863,2782,1782,299,0,0,3983,68,62,53,47,650
29189219501,3313,1284,1776,253,0,0,2725,70,55,48,58,357
29189219502,1861,801,973,87,0,0,1537,44,24,19,24,213
29189219601,3007,992,1884,131,0,0,2453,55,47,42,61,349
29189219602,1929,432,1438,59,0,0,1554,58,45,23,37,212
29189219700,3921,657,3180,84,0,0,3030,98,77,64,161,491
29189219801,2585,689,1812,84,0,0,1941,63,37,50,126,368
29189219802,2450,504,1880,66,0,0,1895,52,57,44,80,322
29189219900,3767,664,3065,38,0,0,2607,68,66,224,319,483
29189220001,3370,575,2714,81,0,0,2475,86,48,77,229,455
29189220002,2117,343,1712,62,0,0,1576,43,46,39,103,310
29189220101,2021,236,1769,16,0,0,1509,70,26,27,128,261
29189220102,2361,292,2061,8,0,0,1541,55,27,124,318,296
29189220200,3034,250,2774,10,0,0,2351,110,40,27,99,407
29189220300,910,88,814,8,0,0,682,22,54,5,39,108
29189220441,4324,1350,2870,104,0,0,3369,87,77,50,146,595
29189220442,3286,846,2372,68,0,0,2603,69,49,29,145,391
29189220443,2837,831,1936,70,0,0,2288,58,56,44,65,326
29189220445,3865,2373,1347,145,0,0,3126,44,78,41,105,471
29189220446,3507,1640,1758,109,0,0,2820,47,81,21,90,448
29189220447,2211,900,1158,153,0,0,1638,53,38,36,127,319
29189220448,3577,1408,2067,102,0,0,2674,96,57,78,206,466
29189220449,3957,2101,1675,181,0,0,3128,94,89,47,127,472
29189220450,2338,892,1390,56,0,0,1823,53,29,23,91,319
29189220451,3127,1581,1464,82,0,0,2497,57,50,48,89,386
29189220452,2743,1585,1015,143,0,0,2144,41,43,39,103,373
29189220501,4315,714,3549,52,0,0,3111,126,78,99,340,561
29189220503,1851,381,1436,34,0,0,1383,54,25,26,93,270
29189220504,2312,410,1861,41,0,0,1732,54,97,66,99,264
29189220601,4833,1555,3153,125,0,0,3653,112,76,126,249,617
29189220602,3892,862,2990,40,0,0,2803,103,46,77,321,542
29189220701,2182,580,1533,69,0,0,1711,50,37,35,74,275
29189220702,2792,710,2016,66,0,0,2143,67,40,51,85,406
29189220703,2100,589,1458,53,0,0,1607,47,40,33,94,279
29189220801,4021,1536,2303,182,0,0,3228,73,92,62,96,470
29189220802,3677,1182,2381,114,0,0,2974,61,64,50,76,452
29189220803,3957,2162,1581,214,0,0,3128,70,60,60,97,542
29189221000,2268,415,1808,45,0,0,1493,49,427,30,63,206
29189221100,1456,838,552,66,0,0,1226,19,13,36,16,146
29189221201,2958,1952,910,96,0,0,2410,34,28,87,65,334
29189221202,4708,2377,2178,153,0,0,3633,91,72,93,183,636
29189221332,3461,1521,1789,151,0,0,2567,73,49,72,212,488
29189221335,4571,2583,1742,246,0,0,3589,77,72,62,136,635
29189221336,2834,857,1885,92,0,0,2216,71,54,55,104,334
29189221337,2705,882,1770,53,0,0,2097,56,37,39,123,353
29189221338,1771,582,1146,43,0,0,1388,39,54,20,57,213
29189221339,3003,1401,1473,129,0,0,2354,71,56,41,84,397
29189221421,5610,4200,825,585,0,0,4552,119,16,137,111,675
29189221423,3084,2344,433,307,0,0,2492,52,6,57,45,432
29189221424,3859,2569,638,652,0,0,3087,105,11,103,54,499
29189221425,4040,2931,577,532,0,0,3367,76,6,59,99,433
29189221426,2104,1420,292,392,0,0,1743,48,4,61,27,221
29189221502,5584,4230,775,579,0,0,4689,101,18,75,105,596
29189221503,4920,3621,659,640,0,0,4111,67,19,68,77,578
29189221506,3638,2669,630,339,0,0,2896,112,12,108,85,425
29189221621,3759,2889,670,200,0,0,3169,82,5,34,53,416
29189221624,2571,1902,430,239,0,0,2019,64,8,135,75,270
29189221625,5157,3718,893,546,0,0,4116,145,13,194,140,549
29189221626,4598,3572,848,178,0,0,3607,126,17,182,132,534
29189221627,5247,4025,1003,219,0,0,4033,130,17,310,161,596
29189221629,4361,3398,805,158,0,0,3212,94,12,413,111,519
29189221630,1678,1260,213,205,0,0,1299,27,15,43,43,251
29189221631,3005,2031,516,458,0,0,2204,91,24,233,89,364
29189221800,2062,57,1993,12,0,0,279,32,1681,17,3,50
29189221900,2786,1022,1650,114,0,0,2234,50,56,34,41,371
29189222000,2992,1715,1133,144,0,0,2403,42,36,39,75,397
29189222100,3997,3045,611,341,0,0,3263,73,8,80,76,497
29017950100,1506,814,147,545,0,0,1336,13,8,2,3,144
29017950200,4573,2277,517,1779,0,0,4050,43,10,10,6,454
29017950300,1012,520,101,391,0,0,903,3,0,0,1,105
29129470100,846,434,111,301,0,0,775,9,0,0,1,61
29129470200,1363,712,205,446,0,0,1230,18,3,6,5,101
29123960100,2649,1421,348,880,0,0,2423,29,3,6,6,182
29123960201,1805,914,190,701,0,0,1625,25,5,5,7,138
29123960202,1887,830,230,827,0,0,1695,23,4,6,9,150
29123960300,2138,1253,217,668,0,0,1949,31,2,2,9,145
29113810100,2711,1522,603,586,0,0,2382,35,19,10,21,244
29113810203,4013,2728,463,822,0,0,3464,70,26,22,29,402
29113810204,1182,696,236,250,0,0,1036,14,0,16,11,105
29113810205,2791,2021,326,444,0,0,2423,26,7,12,21,302
29113810206,1404,876,254,274,0,0,1224,12,2,5,17,144
29113810305,4231,1945,1028,1258,0,0,3664,110,25,24,20,388
29113810306,1883,1210,248,425,0,0,1606,21,30,2,31,193
29113810307,2960,1438,846,676,0,0,2568,47,12,12,21,300
29113810308,4847,3190,566,1091,0,0,4217,102,16,18,33,461
29113810309,3621,2018,906,697,0,0,3134,46,17,21,30,373
29113810310,3536,2165,419,952,0,0,3089,60,10,17,28,332
29113810401,3416,2001,496,919,0,0,2974,54,8,13,23,344
29113810402,2562,1704,343,515,0,0,2213,28,2,10,31,278
29089960100,1987,1132,462,393,0,0,1688,15,54,14,5,211
29089960200,2258,1262,457,539,0,0,1971,23,8,8,18,230
29089960300,2195,1051,578,566,0,0,1789,32,173,7,9,185
29093950100,1334,686,277,371,0,0,1234,8,2,1,2,87
29093950200,1667,777,338,552,0,0,1523,17,5,2,3,117
29093950300,1989,804,479,706,0,0,1812,21,16,6,1,133
29093950400,1325,512,315,498,0,0,1178,12,8,3,4,120
29083950100,1727,790,383,554,0,0,1521,18,1,7,18,162
29083950200,2545,1592,449,504,0,0,2308,33,2,11,11,180
29083950300,2283,1290,518,475,0,0,2062,45,5,7,10,154
29083950400,2275,1287,354,634,0,0,1965,35,2,9,7,257
29083950500,2349,1024,523,802,0,0,2113,47,14,10,11,154
29083950600,3754,1901,587,1266,0,0,3346,77,17,17,15,282
29185480100,2347,1219,320,808,0,0,2123,21,11,10,6,176
29185480200,1482,815,176,491,0,0,1345,19,0,8,5,105
29185480300,1973,1043,274,656,0,0,1798,31,3,7,5,129
29227960100,1374,704,240,430,0,0,1259,16,0,6,4,89
29195090100,1599,725,398,476,0,0,1390,32,26,15,7,129
29195090200,1363,838,269,256,0,0,1206,19,2,7,7,122
29195090300,1451,525,472,454,0,0,1210,116,25,9,14,77
29195090400,1425,565,482,378,0,0,1124,139,58,8,8,88
29195090500,2650,1311,759,580,0,0,2171,203,44,21,22,189
29195090600,1343,413,507,423,0,0,1054,159,32,10,3,85
29195090700,1643,853,335,455,0,0,1447,14,9,13,2,158
29195090800,1364,821,256,287,0,0,1182,23,4,2,3,150
29081950100,2082,1279,223,580,0,0,1924,16,3,4,13,122
29081950200,1298,839,149,310,0,0,1165,14,3,3,6,107
29081950300,1634,872,159,603,0,0,1474,17,1,4,9,129
29051010300,3335,1834,483,1018,0,0,2713,77,114,14,19,398
29051010401,2662,1654,360,648,0,0,2223,33,64,20,19,303
29051010402,2153,1329,290,534,0,0,1820,32,53,19,15,214
29051010500,2567,565,1134,868,0,0,1463,57,815,21,27,184
29051010600,1941,675,421,845,0,0,1466,49,193,27,23,183
29051010701,4271,2673,553,1045,0,0,3496,113,72,78,47,465
29051010702,3492,2124,502,866,0,0,2922,73,78,31,29,359
29051010801,3971,2367,556,1048,0,0,3353,86,79,35,38,380
29051010802,2532,1806,305,421,0,0,2112,67,14,28,23,288
29051010901,2674,1744,277,653,0,0,2346,33,18,8,29,240
29051010902,1886,868,379,639,0,0,1529,45,77,14,15,206
29051020198,3041,2233,273,535,0,0,2351,39,2,9,16,624
29051020200,3556,2658,346,552,0,0,2888,34,2,8,12,612
29051020300,2561,1748,237,576,0,0,2253,14,1,2,13,278
29051020400,4218,2383,684,1151,0,0,3523,111,137,38,36,373
29051020500,1979,1334,191,454,0,0,1690,21,1,5,5,257
29051020600,3089,2185,285,619,0,0,2659,37,5,7,7,374
29051020700,1032,152,436,444,0,0,624,27,292,5,6,78
29015460100,2245,1432,191,622,0,0,1991,18,0,9,23,204
29015460200,1392,796,154,442,0,0,1200,22,3,8,4,155
29015460300,3829,2009,467,1353,0,0,3374,65,9,17,22,342
29015460400,1459,777,172,510,0,0,1304,18,1,3,5,128
29015460701,892,573,86,233,0,0,806,14,0,0,7,65
29015460702,1259,727,139,393,0,0,1116,11,3,3,7,119
29015460801,1175,727,109,339,0,0,1079,14,2,5,1,74
29015460802,1716,975,173,568,0,0,1555,18,2,8,6,127
29099700107,2403,1448,463,492,0,0,2059,18,7,16,22,281
29099700111,2413,1142,676,595,0,0,2050,63,3,11,37,249
29099700113,3112,2049,415,648,0,0,2578,63,0,47,54,370
29099700114,2917,1566,673,678,0,0,2540,43,5,21,45,263
29099700115,2688,1525,490,673,0,0,2206,66,1,21,67,327
29099700116,1942,1031,434,477,0,0,1620,35,6,17,60,204
29099700117,4673,2821,741,1111,0,0,3829,113,11,38,127,555
29099700118,4281,2404,771,1106,0,0,3570,122,29,33,65,462
29099700119,1464,893,244,327,0,0,1194,39,9,11,22,189
29099700120,4217,2705,620,892,0,0,3534,69,17,22,69,506
29099700121,2686,1675,388,623,0,0,2179,69,12,26,72,328
29099700122,2931,1842,426,663,0,0,2374,68,2,18,90,379
29099700123,2116,1474,267,375,0,0,1799,43,4,12,21,237
29099700124,3252,2356,392,504,0,0,2793,48,2,30,37,342
29099700206,3381,1702,838,841,0,0,2843,70,13,18,30,407
29099700207,2364,1393,425,546,0,0,2039,33,4,16,29,243
29099700208,3708,1851,564,1293,0,0,3098,71,12,41,51,435
29099700209,2395,1548,349,498,0,0,1987,64,6,35,41,262
29099700210,2361,1243,491,627,0,0,2032,49,4,21,26,229
29099700211,3474,2332,412,730,0,0,2996,55,14,8,39,362
29099700212,1807,940,435,432,0,0,1471,51,21,18,52,194
29099700213,2077,1309,277,491,0,0,1732,38,7,23,31,246
29099700302,3597,2231,569,797,0,0,3130,62,7,17,21,360
29099700303,3132,1894,449,789,0,0,2686,53,2,12,29,350
29099700305,2588,1541,538,509,0,0,2191,66,1,22,34,274
29099700306,2476,1320,535,621,0,0,2094,57,7,11,33,274
29099700401,3104,1859,628,617,0,0,2673,41,2,12,23,353
29099700402,4790,3668,596,526,0,0,4053,96,9,46,45,541
29099700502,4286,2799,676,811,0,0,3730,69,5,27,30,425
29099700503,2129,1216,419,494,0,0,1855,32,5,3,16,218
29099700504,3132,1965,418,749,0,0,2741,41,5,8,20,317
29099700603,4274,2853,508,913,0,0,3660,70,3,19,59,463
29099700604,4443,3073,581,789,0,0,3862,67,1,30,32,451
29099700605,4154,2086,1040,1028,0,0,3582,63,10,30,25,444
29099700606,1731,690,505,536,0,0,1547,18,7,5,13,141
29099700607,1863,1175,230,458,0,0,1617,28,4,9,20,185
29099700700,3025,1517,695,813,0,0,2584,45,72,25,23,276
29099700801,3798,2158,639,1001,0,0,3314,72,10,21,24,357
29099700802,3575,2156,575,844,0,0,3126,51,16,17,37,328
29099700900,3722,1939,894,889,0,0,3213,49,76,17,19,348
29099701001,3116,1908,485,723,0,0,2716,58,2,12,16,312
29099701002,2813,1625,669,519,0,0,2475,37,3,10,11,277
29099701101,3312,2067,652,593,0,0,2934,36,2,7,27,306
29099701102,3711,2159,754,798,0,0,3229,45,2,20,27,388
29099701200,3578,1594,947,1037,0,0,3191,54,8,11,15,299
29099701300,2184,1052,566,566,0,0,1893,33,17,12,14,215
29099701401,2794,1678,596,520,0,0,2494,28,4,3,17,248
29099701403,2728,1729,489,510,0,0,2399,36,5,12,14,262
29099701404,4479,2787,831,861,0,0,3852,70,8,33,36,480
29019000200,1136,92,1002,42,0,0,912,36,23,10,18,137
29019000300,1639,149,1473,17,0,0,1302,42,6,23,34,232
29019000500,2733,58,2647,28,0,0,2115,85,11,57,47,418
29019000600,3667,1743,1885,39,0,0,3013,69,20,48,65,452
29019000700,2374,582,1730,62,0,0,1807,71,214,32,48,202
29019000900,876,88,746,42,0,0,559,22,197,12,14,72
29019001001,3800,1201,2467,132,0,0,3002,98,121,134,69,376
29019001003,2472,964,1467,41,0,0,2003,76,72,49,44,228
29019001004,2308,1077,1171,60,0,0,1866,73,85,28,26,230
29019001105,2049,186,1832,31,0,0,1468,83,132,74,55,237
29019001106,3199,581,2579,39,0,0,2462,119,119,85,78,336
29019001107,2754,1551,1092,111,0,0,2299,49,31,71,72,232
29019001108,1977,962,994,21,0,0,1615,50,24,56,40,192
29019001109,3672,1922,1673,77,0,0,2857,92,130,130,100,363
29019001110,4799,3107,1660,32,0,0,3785,123,78,222,148,443
29019001201,4431,2683,1691,57,0,0,3569,140,49,143,100,430
29019001202,4275,2601,1612,62,0,0,3415,87,77,160,112,424
29019001300,2405,776,1554,75,0,0,1824,75,152,85,56,213
29019001401,3921,1572,2307,42,0,0,3086,140,157,88,84,366
29019001402,3752,1422,2205,125,0,0,2972,141,169,75,80,315
29019001503,2508,798,1661,49,0,0,1867,88,284,29,21,219
29019001505,1903,525,1292,86,0,0,1423,61,246,25,19,129
29019001506,1645,383,1209,53,0,0,1064,37,347,20,23,154
29019001507,1793,458,1264,71,0,0,1250,113,220,57,19,134
29019001508,3601,1319,2208,74,0,0,2771,104,286,85,62,293
29019001602,3485,2186,1260,39,0,0,3027,57,19,41,43,298
29019001603,2341,1091,1199,51,0,0,1887,65,176,17,24,172
29019001604,2610,826,1738,46,0,0,1999,71,250,45,35,210
29019001702,4035,2488,1357,190,0,0,3475,64,48,61,38,349
29019001703,2510,1391,518,601,0,0,2246,27,4,25,12,196
29019001704,3259,2073,475,711,0,0,2808,56,6,21,21,347
29019001803,3112,1813,1143,156,0,0,2706,57,37,22,34,256
29019001806,3703,2426,1184,93,0,0,2969,61,94,102,79,398
29019001807,3452,1970,1455,27,0,0,2611,95,113,146,121,366
29019001901,3177,1925,798,454,0,0,2806,56,11,12,12,280
29019001903,3220,1755,1041,424,0,0,2854,58,9,24,10,265
29019001904,2878,1509,661,708,0,0,2627,40,10,13,8,180
29019002000,3499,1709,859,931,0,0,3163,52,6,9,14,255
29019002100,2254,97,2081,76,0,0,1304,70,591,33,41,215
29019002200,2773,17,2744,12,0,0,2131,95,51,51,61,384
29095000300,957,103,738,116,0,0,573,65,106,92,49,72
29095000600,1321,111,1136,74,0,0,581,481,42,108,27,82
29095000700,1551,167,1245,139,0,0,714,444,70,152,82,89
29095000800,1703,192,1328,183,0,0,886,409,125,114,51,118
29095000900,1304,185,886,233,0,0,725,271,110,54,51,93
29095001000,1249,119,1026,104,0,0,497,140,296,91,131,94
29095001100,1226,130,881,215,0,0,893,94,77,21,24,117
29095001800,1169,75,960,134,0,0,485,224,258,67,56,79
29095001900,1078,79,965,34,0,0,430,358,163,54,25,48
29095002000,736,53,656,27,0,0,295,334,34,29,6,38
29095002100,1443,77,1302,64,0,0,540,408,343,72,15,65
29095002200,1109,83,950,76,0,0,401,281,321,33,15,58
29095002300,919,52,792,75,0,0,263,166,437,12,14,27
29095003400,1191,49,1104,38,0,0,340,226,563,8,9,45
29095003700,655,9,634,12,0,0,74,24,541,4,5,7
29095003800,1053,29,1013,11,0,0,111,37,876,6,9,14
29095004300,1541,191,963,387,0,0,934,101,316,32,40,118
29095004400,1098,342,411,345,0,0,816,54,21,34,34,139
29095004600,1912,464,879,569,0,0,1318,249,134,24,20,167
29095005100,1157,306,721,130,0,0,831,63,116,17,15,115
29095005200,873,11,786,76,0,0,195,23,599,7,8,41
29095005300,1055,65,898,92,0,0,253,62,690,8,9,33
29095005400,593,16,569,8,0,0,61,16,503,3,3,7
29095005500,632,17,607,8,0,0,75,23,520,1,3,10
29095005601,1129,28,1079,22,0,0,117,27,956,6,8,15
29095005602,1005,41,956,8,0,0,93,25,857,4,6,20
29095005700,1574,48,1489,37,0,0,153,39,1336,6,16,24
29095005801,1348,38,1299,11,0,0,174,34,1092,8,6,34
29095006000,978,31,941,6,0,0,80,23,856,4,3,12
29095006100,1848,44,1798,6,0,0,173,44,1588,10,7,26
29095006300,1103,16,1063,24,0,0,196,41,822,8,11,25
29095006500,1241,235,520,486,0,0,922,84,87,8,21,119
29095006600,1328,387,510,431,0,0,1018,61,50,33,25,141
29095006700,1069,187,664,218,0,0,809,51,62,13,17,117
29095006900,778,169,504,105,0,0,601,38,21,18,21,79
29095007100,1950,378,910,662,0,0,1516,129,24,43,40,198
29095007200,1549,703,530,316,0,0,1228,59,9,31,42,180
29095007301,859,301,322,236,0,0,665,33,6,17,26,112
29095007302,831,182,339,310,0,0,634,39,11,10,22,115
29095007400,2517,1101,896,520,0,0,1977,77,50,50,66,297
29095007500,1481,97,1228,156,0,0,537,73,740,24,17,90
29095007600,1582,35,1532,15,0,0,160,55,1309,9,17,32
29095007700,1253,30,1177,46,0,0,154,29,1040,3,12,15
29095007802,1569,72,1460,37,0,0,147,36,1356,7,5,18
29095007900,2250,70,2166,14,0,0,219,59,1922,15,5,30
29095008000,2138,67,2014,57,0,0,248,42,1800,12,12,24
29095008100,1679,68,1552,59,0,0,274,46,1271,17,20,51
29095008200,2314,834,743,737,0,0,1816,111,56,45,40,246
29095008300,1867,1024,635,208,0,0,1567,50,20,19,22,189
29095008400,2255,1390,716,149,0,0,1862,45,29,31,28,260
29095008500,2875,1754,880,241,0,0,2418,54,28,36,42,297
29095008600,4064,1865,1268,931,0,0,3322,112,95,50,64,421
29095008700,1752,54,1675,23,0,0,272,45,1364,12,10,49
29095008800,2209,69,2113,27,0,0,234,51,1869,11,10,34
29095008900,1452,50,1387,15,0,0,149,39,1225,10,11,18
29095009000,3277,162,2992,123,0,0,388,64,2714,17,28,66
29095009100,3015,941,1174,900,0,0,2233,83,314,34,46,305
29095009200,2193,974,794,425,0,0,1826,59,34,23,36,215
29095009300,1797,518,725,554,0,0,1470,99,23,20,17,168
29095009400,3044,565,1822,657,0,0,1880,116,749,31,45,223
29095009500,1649,90,1538,21,0,0,460,46,1072,6,12,53
29095009600,719,46,664,9,0,0,256,26,404,6,5,22
29095009700,915,52,771,92,0,0,302,33,510,16,9,45
29095009800,2360,496,1313,551,0,0,1668,109,339,36,31,177
29095009900,1785,484,841,460,0,0,1424,86,78,34,20,143
29095010001,1466,616,563,287,0,0,1137,43,125,14,18,129
29095010002,2028,336,1323,369,0,0,1125,73,650,22,30,128
29095010103,1600,284,1066,250,0,0,718,75,675,17,12,103
29095010105,2711,1404,961,346,0,0,2104,85,163,35,55,269
29095010201,958,107,796,55,0,0,424,43,418,16,9,48
29095010203,2944,970,1374,600,0,0,1864,123,619,58,49,231
29095010204,2571,541,1374,656,0,0,1664,116,492,79,37,183
29095010500,2886,319,2285,282,0,0,1177,190,1375,26,14,104
29095010600,2005,648,1028,329,0,0,1393,111,347,26,20,108
29095010702,2028,351,1494,183,0,0,983,101,817,14,18,95
29095011001,1279,205,916,158,0,0,1049,81,7,6,24,112
29095011002,1284,144,1007,133,0,0,1030,110,18,7,19,100
29095011100,1994,497,1196,301,0,0,1646,102,13,17,23,193
29095011200,1899,640,797,462,0,0,1636,82,14,16,15,136
29095011300,2807,927,1245,635,0,0,2305,181,62,23,28,208
29095011405,1121,119,937,65,0,0,839,90,99,6,17,70
29095011406,3478,1219,1494,765,0,0,2901,211,44,32,23,267
29095011407,2052,815,775,462,0,0,1705,84,39,32,36,156
29095011408,995,328,411,256,0,0,821,60,34,7,14,59
29095011409,1049,538,288,223,0,0,898,42,21,14,6,68
29095011410,1570,509,738,323,0,0,1329,68,15,9,10,139
29095011501,2181,348,1570,263,0,0,1774,154,41,17,17,178
29095011502,980,169,696,115,0,0,780,57,43,5,13,82
29095011601,1610,313,1061,236,0,0,1374,65,29,12,15,115
29095011602,1365,448,657,260,0,0,1201,49,13,5,12,85
29095011701,935,106,726,103,0,0,765,70,27,5,6,62
29095011702,1196,223,868,105,0,0,978,78,17,6,10,107
29095011800,2698,402,2066,230,0,0,2181,225,51,13,19,209
29095011900,2033,523,1156,354,0,0,1635,190,33,25,15,135
29095012000,2120,601,1045,474,0,0,1630,167,94,20,32,177
29095012100,3284,996,1501,787,0,0,2642,263,65,27,30,257
29095012200,3960,1424,1699,837,0,0,3344,200,50,45,30,291
29095012300,2380,1124,736,520,0,0,2056,104,10,22,16,172
29095012400,2624,833,1212,579,0,0,2151,174,81,24,21,173
29095012501,2127,504,1345,278,0,0,1432,118,413,15,25,124
29095012502,1989,643,862,484,0,0,1508,79,220,19,22,141
29095012600,2862,714,1508,640,0,0,2038,153,448,27,25,171
29095012702,2821,973,1365,483,0,0,1954,88,544,19,29,187
29095012703,1613,597,731,285,0,0,1193,60,184,14,11,151
29095012802,2548,869,1240,439,0,0,1667,76,623,27,23,132
29095012803,1379,411,661,307,0,0,1078,64,130,15,6,86
29095012804,3913,998,2387,528,0,0,2324,167,1135,32,43,212
29095012903,2138,212,1762,164,0,0,588,115,1326,15,24,70
29095012904,1778,285,1334,159,0,0,552,67,1010,17,64,68
29095012906,2758,347,2168,243,0,0,709,116,1664,19,145,105
29095013003,2887,194,2570,123,0,0,770,127,1829,22,34,105
29095013100,1825,237,1434,154,0,0,635,75,1015,12,18,70
29095013203,1963,97,1802,64,0,0,583,94,1173,13,22,78
29095013208,1749,126,1528,95,0,0,324,59,1291,19,12,44
29095013210,1485,85,1341,59,0,0,346,51,1027,9,9,43
29095013301,2296,569,1327,400,0,0,1670,146,270,21,21,168
29095013307,1613,178,1336,99,0,0,336,73,1104,31,22,47
29095013309,3117,495,2353,269,0,0,938,120,1831,57,40,131
29095013313,3333,857,1916,560,0,0,1880,202,980,38,35,198
29095013401,1234,211,902,121,0,0,651,59,440,16,11,57
29095013405,1263,545,542,176,0,0,971,36,129,12,9,106
29095013407,2095,1417,514,164,0,0,1747,45,47,34,33,189
29095013410,1848,212,1497,139,0,0,1241,103,351,23,20,110
29095013416,1539,214,1192,133,0,0,432,79,938,18,15,57
29095013417,1540,543,668,329,0,0,1099,65,188,30,34,124
29095013418,2070,1013,713,344,0,0,1602,60,153,46,29,180
29095013502,4272,2503,897,872,0,0,3669,129,73,23,40,338
29095013504,2515,1557,626,332,0,0,2049,119,72,43,31,201
29095013606,1193,894,235,64,0,0,1046,21,10,11,5,100
29095013612,5182,3657,1135,390,0,0,4194,132,208,93,118,437
29095013613,1869,954,670,245,0,0,1673,29,17,5,9,136
29095013614,957,740,180,37,0,0,760,15,62,36,19,65
29095013615,1466,1049,295,122,0,0,1242,42,30,17,34,101
29095013705,870,238,529,103,0,0,754,32,9,7,4,64
29095013706,2235,577,1287,371,0,0,1844,98,86,22,20,165
29095013707,2002,897,668,437,0,0,1721,61,29,18,24,149
29095013708,2940,1670,720,550,0,0,2504,76,43,21,40,256
29095013801,3907,1926,1204,777,0,0,3241,157,76,38,69,326
29095013803,3706,1872,1007,827,0,0,3130,106,72,31,60,307
29095013804,2182,1192,571,419,0,0,1761,80,54,31,45,211
29095013902,1139,709,171,259,0,0,1002,28,5,6,6,92
29095013904,5111,3266,1073,772,0,0,4263,174,91,55,59,469
29095013916,4558,2831,981,746,0,0,3790,133,96,54,79,406
29095013917,2992,2182,472,338,0,0,2611,44,8,22,42,265
29095013918,2510,1819,446,245,0,0,2189,48,14,25,22,212
29095014002,1318,780,276,262,0,0,1177,26,2,9,16,88
29095014004,1854,810,600,444,0,0,1614,45,10,19,10,156
29095014005,3369,1610,1054,705,0,0,2997,80,6,12,24,250
29095014006,4101,2359,880,862,0,0,3555,181,14,32,37,282
29095014008,2428,980,692,756,0,0,2079,106,23,11,18,191
29095014009,1737,928,379,430,0,0,1461,81,22,10,9,154
29095014111,2416,1598,509,309,0,0,2034,89,37,38,34,184
29095014112,1022,693,177,152,0,0,879,25,7,15,18,78
29095014120,2186,1406,404,376,0,0,1837,70,29,28,31,191
29095014121,4082,1823,1325,934,0,0,3450,181,32,35,38,346
29095014122,1640,953,381,306,0,0,1381,60,26,10,20,143
29095014123,1730,661,703,366,0,0,1442,84,52,13,15,124
29095014124,2343,960,849,534,0,0,1985,98,34,16,28,182
29095014125,1599,1175,324,100,0,0,1393,32,19,16,22,117
29095014126,3473,1799,876,798,0,0,2935,124,57,52,31,274
29095014127,1218,459,464,295,0,0,1034,52,14,18,9,91
29095014128,3599,1293,1450,856,0,0,2971,123,135,34,51,285
29095014203,2957,2038,654,265,0,0,2471,79,45,59,61,242
29095014205,2171,951,760,460,0,0,1615,55,273,30,32,166
29095014206,4551,3223,972,356,0,0,3866,120,43,67,49,406
29095014300,3696,1585,1459,652,0,0,2658,120,612,46,53,207
29095014400,1792,714,859,219,0,0,1065,44,508,22,39,114
29095014501,2797,1328,926,543,0,0,2288,125,112,25,34,213
29095014503,711,299,253,159,0,0,619,22,9,3,2,56
29095014504,2664,1523,676,465,0,0,2295,93,19,26,31,200
29095014601,3506,1401,1380,725,0,0,2918,223,17,31,41,276
29095014603,2464,1100,884,480,0,0,2031,138,17,33,34,211
29095014604,2955,1000,1317,638,0,0,2394,199,64,37,35,226
29095014701,2009,953,547,509,0,0,1672,100,41,26,23,147
29095014702,4066,2324,1066,676,0,0,3476,171,27,25,44,323
29095014804,2566,1922,453,191,0,0,2228,66,23,26,34,189
29095014806,3211,2057,760,394,0,0,2696,130,38,50,46,251
29095014902,1183,528,346,309,0,0,1044,31,1,6,7,94
29095014903,4216,2743,751,722,0,0,3726,111,9,27,22,321
29095014904,4371,2424,1081,866,0,0,3695,194,53,43,40,346
29095014905,3694,2597,654,443,0,0,3197,137,13,27,41,279
29095015000,2526,1354,667,505,0,0,2265,61,1,11,16,172
29095015100,3594,1629,1159,806,0,0,3047,166,20,24,37,300
29095015200,1816,210,1039,567,0,0,1430,84,33,47,28,194
29095015300,1975,223,1485,267,0,0,723,920,176,8,36,112
29095015401,884,13,617,254,0,0,272,68,425,27,36,56
29095015402,552,8,536,8,0,0,91,31,326,22,60,22
29095015500,604,56,483,65,0,0,414,108,17,15,6,44
29095015600,920,91,756,73,0,0,689,114,40,6,3,68
29095015701,1621,209,651,761,0,0,1233,82,37,28,36,205
29095015702,1454,176,838,440,0,0,1065,77,62,37,38,175
29095015800,1905,320,810,775,0,0,1370,87,167,51,21,209
29095015900,851,117,390,344,0,0,510,35,67,68,67,104
29095016000,937,22,887,28,0,0,185,68,623,12,17,32
29095016100,1330,32,1253,45,0,0,177,31,1082,9,7,24
29095016200,1231,63,1097,71,0,0,422,52,671,16,10,60
29095016300,1121,100,956,65,0,0,491,57,494,7,10,62
29095016400,890,27,854,9,0,0,190,85,574,5,8,28
29095016500,1160,31,1124,5,0,0,88,39,997,6,4,26
29095016600,1024,25,990,9,0,0,120,39,831,7,13,14
29095016700,2316,229,1693,394,0,0,1595,201,221,46,35,218
29095016801,1721,207,863,651,0,0,1281,100,109,29,34,168
29095016802,1049,249,464,336,0,0,766,143,7,15,15,103
29095016900,1729,51,1646,32,0,0,259,63,1347,9,11,40
29095017000,1195,234,754,207,0,0,822,119,170,8,11,65
29095017100,2686,75,2568,43,0,0,195,91,2359,8,13,20
29095017200,2682,349,2056,277,0,0,970,116,1441,17,19,119
29095017300,2444,1030,942,472,0,0,1919,82,128,28,36,251
29095017400,1369,63,1244,62,0,0,357,36,750,24,151,51
29095017500,1306,259,821,226,0,0,658,57,504,10,9,68
29095017600,3717,1306,1945,466,0,0,2163,138,1107,29,37,243
29095017700,3482,1872,867,743,0,0,2993,157,25,29,27,251
29095017800,2288,200,1701,387,0,0,1259,147,601,47,34,200
29095017900,3338,1702,1002,634,0,0,2735,125,72,60,61,285
29095018000,2308,789,933,586,0,0,1980,71,36,13,12,196
29095018101,3899,2656,752,491,0,0,3309,118,56,48,36,332
29095018102,2324,1527,522,275,0,0,1815,86,167,60,26,170
29095018200,2521,1779,537,205,0,0,2050,82,101,39,39,210
29095018500,3464,2432,691,341,0,0,2891,65,89,65,72,282
29095018600,2177,1381,426,370,0,0,1837,83,13,19,42,183
29095019301,2611,1331,689,591,0,0,2184,118,71,25,28,185
29095019302,2255,1268,465,522,0,0,1908,64,60,21,29,173
29095980101,59,20,21,18,0,0,50,5,3,0,0,1
29095980802,0,0,0,0,0,0,0,0,0,0,0,0
29095988300,107,56,35,16,0,0,87,11,4,0,0,5
29095989100,18,7,3,8,0,0,18,0,0,0,0,0
29095989200,2,0,0,2,0,0,0,0,0,0,2,0
29229490100,2432,1387,431,614,0,0,2206,20,4,8,8,186
29229490200,2559,1265,421,873,0,0,2330,33,11,8,8,169
29229490300,4349,2214,587,1548,0,0,3943,56,10,16,25,299
29229490400,3490,1329,749,1412,0,0,3122,59,6,21,19,263
29107090100,3493,1991,675,827,0,0,3066,37,7,16,20,347
29107090200,3723,1855,797,1071,0,0,3180,101,51,19,22,350
29107090300,1004,543,226,235,0,0,850,24,2,2,5,121
29107090401,2579,1370,538,671,0,0,2261,37,19,6,14,242
29107090402,1997,857,508,632,0,0,1714,38,29,9,7,200
29107090500,2541,1433,497,611,0,0,2179,26,4,18,24,290
29107090601,4252,2227,903,1122,0,0,3740,68,14,21,24,385
29107090602,2819,1777,470,572,0,0,2486,54,10,4,18,247
29049960100,3474,1607,797,1070,0,0,3098,55,7,18,23,273
29049960201,2041,1186,305,550,0,0,1836,25,7,12,9,152
29049960202,2861,1643,473,745,0,0,2550,57,3,9,15,227
29049960300,3142,1886,484,772,0,0,2786,68,53,14,7,214
29049960400,3177,1861,529,787,0,0,2818,35,14,11,30,269
29197470100,1261,578,256,427,0,0,1156,12,0,4,3,86
29197470200,1168,568,185,415,0,0,1062,7,5,1,2,91
29005950100,2074,1210,215,649,0,0,1850,16,1,8,7,192
29005950200,1561,1008,162,391,0,0,1386,14,2,1,3,155
29157470100,1606,1157,166,283,0,0,1397,13,0,6,1,189
29157470200,3274,2156,354,764,0,0,2768,36,6,11,19,434
29157470300,2258,1259,239,760,0,0,1915,33,3,9,18,280
29157470400,2532,1460,300,772,0,0,2142,42,5,11,35,297
29157470500,2672,1916,220,536,0,0,2261,11,2,13,69,316
29175490100,2691,1813,252,626,0,0,2413,30,8,9,10,221
29175490200,2134,1208,259,667,0,0,1870,27,19,16,12,190
29175490300,2425,732,426,1267,0,0,2052,44,118,7,23,181
29175490400,2040,1091,320,629,0,0,1788,30,32,5,17,168
29175490500,2920,1453,422,1045,0,0,2554,53,49,24,9,231
29175490600,2540,1540,301,699,0,0,2240,24,4,16,17,239
29179380100,1882,857,389,636,0,0,1711,22,4,5,17,123
29179380200,2322,977,525,820,0,0,2143,26,2,1,11,139
29141470100,2827,1776,288,763,0,0,2441,39,5,17,14,311
29141470200,1975,1089,238,648,0,0,1754,35,3,11,8,164
29141470300,1710,705,226,779,0,0,1495,32,22,9,12,140
29141470401,814,493,85,236,0,0,710,14,1,4,7,78
29141470402,1217,630,133,454,0,0,1084,20,0,9,6,98
29141470501,1244,812,114,318,0,0,1092,15,2,6,6,123
29141470502,845,426,98,321,0,0,751,15,1,6,7,65
29141470503,1790,907,166,717,0,0,1583,24,6,11,11,155
29013070100,3002,1679,336,987,0,0,2648,35,15,3,26,275
29013070200,1845,1052,219,574,0,0,1615,25,15,8,9,173
29013070300,3227,1439,482,1306,0,0,2866,44,49,10,17,241
29013070400,1635,895,173,567,0,0,1423,20,6,9,5,172
29101960101,4397,3054,425,918,0,0,3929,61,9,20,35,343
29101960102,2183,1500,291,392,0,0,1968,21,21,5,5,163
29101960200,3377,1798,720,859,0,0,3037,53,11,12,15,249
29101960301,3365,1962,499,904,0,0,2908,105,14,45,43,250
29101960302,2560,1502,415,643,0,0,2250,59,13,15,22,201
29101960401,621,63,338,220,0,0,497,20,24,7,5,68
29101960402,1292,476,432,384,0,0,1097,44,40,8,8,95
29101960501,1970,826,677,467,0,0,1674,57,26,18,21,174
29101960502,2247,932,723,592,0,0,1901,61,28,34,21,202
29101960600,1986,621,598,767,0,0,1670,60,50,27,6,173
29101960701,1139,389,368,382,0,0,937,45,25,10,9,113
29101960702,1474,723,356,395,0,0,1237,62,25,11,15,124
29101960900,3187,1824,702,661,0,0,2878,32,10,13,11,243
29101980000,367,31,228,108,0,0,260,45,5,7,8,42
29169470101,3338,1983,364,991,0,0,2961,86,7,29,14,241
29169470102,2096,1239,210,647,0,0,1857,35,2,15,10,177
29169470286,2381,1189,383,809,0,0,1897,124,73,68,28,191
29169470288,2022,687,461,874,0,0,1525,120,154,60,14,149
29169470289,1678,674,436,568,0,0,1152,128,161,70,23,144
29169470389,252,29,106,117,0,0,159,43,18,4,6,22
29169470390,476,45,139,292,0,0,306,52,36,10,8,64
29169470401,2660,1353,517,790,0,0,2099,156,155,53,19,178
29169470402,3826,1720,721,1385,0,0,2999,276,152,48,36,315
29169470501,2269,1339,245,685,0,0,1985,54,22,36,14,158
29169470502,1200,614,172,414,0,0,1049,31,2,12,6,100
29169470601,130,22,44,64,0,0,85,12,17,3,0,13
29169470602,122,32,32,58,0,0,85,19,3,1,0,14
29055450101,1241,796,136,309,0,0,1105,21,0,2,5,108
29055450103,2328,1167,319,842,0,0,2038,30,2,10,21,227
29055450104,1565,865,202,498,0,0,1376,22,1,16,9,141
29055450200,2602,1463,337,802,0,0,2347,26,3,3,7,216
29055450301,1693,1006,210,477,0,0,1487,22,5,12,13,154
29055450302,2721,1216,339,1166,0,0,2375,54,4,12,19,257
29055450401,1278,682,160,436,0,0,1137,18,0,6,7,110
29055450402,1977,1090,209,678,0,0,1762,21,4,9,12,169
29047020201,3147,680,1085,1382,0,0,2184,240,178,159,118,268
29047020202,3383,1978,746,659,0,0,2702,150,63,99,64,305
29047020300,3936,1408,1306,1222,0,0,2934,259,194,143,71,335
29047020400,1410,396,448,566,0,0,1014,98,82,58,46,112
29047020500,3652,1179,1123,1350,0,0,2595,248,191,96,207,315
29047020602,2254,524,810,920,0,0,1559,168,147,47,137,196
29047020603,2644,967,752,925,0,0,2175,156,79,29,29,176
29047020604,3309,981,1150,1178,0,0,2398,316,175,50,102,268
29047020802,1897,989,302,606,0,0,1625,59,9,19,20,165
29047020803,1866,885,336,645,0,0,1578,80,12,7,8,181
29047020901,4275,2104,1034,1137,0,0,3432,250,99,104,51,339
29047020902,1668,669,529,470,0,0,1356,118,29,17,15,133
29047021001,2331,962,575,794,0,0,1843,164,61,21,41,201
29047021003,2929,1808,571,550,0,0,2356,133,74,48,46,272
29047021004,2054,811,523,720,0,0,1641,122,28,26,40,197
29047021101,3717,1179,1223,1315,0,0,3052,190,79,33,57,306
29047021103,2612,1379,513,720,0,0,2107,154,60,35,40,216
29047021104,2156,1086,423,647,0,0,1745,118,53,26,28,186
29047021105,2515,1018,691,806,0,0,2065,135,74,28,40,173
29047021204,2862,822,1029,1011,0,0,2107,214,144,86,67,244
29047021208,3661,1195,1256,1210,0,0,2688,219,236,56,121,341
29047021209,3270,2070,590,610,0,0,2592,161,71,74,72,300
29047021210,3163,1655,633,875,0,0,2395,182,94,110,77,305
29047021211,1833,962,300,571,0,0,1509,97,21,22,22,162
29047021212,4383,2634,757,992,0,0,3394,221,114,112,94,448
29047021213,1330,433,454,443,0,0,930,79,119,21,58,123
29047021214,869,366,161,342,0,0,669,50,23,23,17,87
29047021303,3666,2635,457,574,0,0,3044,111,33,56,63,359
29047021307,4792,2556,953,1283,0,0,3690,280,139,122,92,469
29047021309,3935,3006,558,371,0,0,3231,102,61,135,61,345
29047021311,1756,1271,230,255,0,0,1394,107,19,31,31,174
29047021312,4713,3300,587,826,0,0,3934,192,39,88,64,396
29047021313,5908,3272,1106,1530,0,0,4731,324,106,113,124,510
29047021314,4782,2783,729,1270,0,0,3881,214,75,65,95,452
29047021401,2847,1643,458,746,0,0,2428,94,27,25,22,251
29047021403,2253,789,615,849,0,0,1930,75,24,11,13,200
29047021404,3117,1785,699,633,0,0,2627,86,60,23,33,288
29047021601,3166,1848,607,711,0,0,2664,113,48,28,29,284
29047021602,2730,1783,349,598,0,0,2423,47,8,19,20,213
29047021701,3579,1897,694,988,0,0,3140,91,8,18,20,302
29047021703,1719,558,425,736,0,0,1528,34,9,11,5,132
29047021704,2271,770,657,844,0,0,1958,66,58,20,7,162
29047021806,2793,1731,437,625,0,0,2444,76,4,22,24,223
29047021807,2570,1496,413,661,0,0,2079,146,52,33,43,217
29047021808,3138,2017,490,631,0,0,2547,160,59,37,42,293
29047021809,3398,2421,329,648,0,0,3050,52,6,19,23,248
29047021810,2467,1900,327,240,0,0,2156,56,6,22,26,201
29047021811,2798,2081,311,406,0,0,2464,48,5,16,28,237
29047021812,3863,2407,457,999,0,0,3376,91,6,38,32,320
29047021900,4724,3435,550,739,0,0,4113,118,28,35,46,384
29047022000,4756,2872,543,1341,0,0,4158,109,10,41,33,405
29047022100,3148,817,1033,1298,0,0,2496,180,131,50,46,245
29047022200,2551,969,776,806,0,0,2016,223,63,28,26,195
29047022301,2073,912,515,646,0,0,1787,74,16,21,12,163
29047022302,4069,2825,682,562,0,0,3431,181,27,38,43,349
29115490100,1076,606,250,220,0,0,963,13,2,1,3,94
29115490200,1499,885,302,312,0,0,1368,14,1,3,7,106
29115490300,1839,1001,393,445,0,0,1637,23,4,4,4,167
29115490400,1665,820,311,534,0,0,1449,31,2,4,6,173
29115490500,1721,883,393,445,0,0,1488,23,16,1,19,174
29029950101,1734,1140,167,427,0,0,1487,21,10,5,15,196
29029950102,2168,1258,245,665,0,0,1895,45,1,14,21,192
29029950201,2602,1422,249,931,0,0,2266,52,6,21,11,246
29029950202,1881,1150,194,537,0,0,1643,38,1,14,5,180
29029950301,990,669,84,237,0,0,876,5,0,2,7,100
29029950302,778,539,59,180,0,0,683,6,1,3,2,83
29029950401,1215,642,146,427,0,0,1038,22,3,5,10,137
29029950402,1358,834,124,400,0,0,1171,28,3,11,13,132
29029950500,2664,1362,275,1027,0,0,2317,52,1,21,20,253
29029950600,2792,1730,290,772,0,0,2447,55,6,6,19,259
29029950701,1736,1155,197,384,0,0,1549,40,3,3,7,134
29029950702,814,484,90,240,0,0,743,10,0,2,7,52
29029950801,1920,1082,246,592,0,0,1707,27,2,3,7,174
29029950802,2604,1511,280,813,0,0,2319,45,3,9,12,216
29029950900,2178,1341,246,591,0,0,1916,36,4,26,11,185
29029951101,1271,891,112,268,0,0,1097,15,3,6,7,143
29029951102,973,642,79,252,0,0,855,19,3,2,8,86
29029951201,800,532,77,191,0,0,694,11,1,8,6,80
29029951202,755,444,73,238,0,0,658,12,1,2,2,80
29153470101,2309,1097,296,916,0,0,2043,49,3,9,13,192
29153470102,1050,571,112,367,0,0,951,12,5,5,9,68
29153470200,2924,1343,386,1195,0,0,2593,68,4,10,15,234
29131962501,2218,1274,281,663,0,0,2040,18,1,1,3,155
29131962502,1633,1134,170,329,0,0,1368,11,1,1,3,249
29131962600,2235,1332,303,600,0,0,1976,28,3,2,9,217
29131962701,1539,921,161,457,0,0,1351,16,0,4,13,155
29131962702,1918,1013,232,673,0,0,1710,35,4,8,9,152
29131962801,1435,707,190,538,0,0,1258,41,3,14,8,111
29131962802,2628,1519,283,826,0,0,2375,29,1,12,14,197
29131962901,2158,926,308,924,0,0,1921,36,1,12,12,176
29131962902,874,309,118,447,0,0,760,18,1,3,4,88
29065960100,2259,1194,226,839,0,0,2028,23,8,6,9,185
29065960200,3217,1797,340,1080,0,0,2903,30,3,10,24,247
29065960300,1539,640,175,724,0,0,1398,21,1,7,6,106
29065960400,2117,981,267,869,0,0,1914,37,3,5,10,148
29105960101,3360,1959,418,983,0,0,3056,57,8,12,20,207
29105960102,2400,1495,272,633,0,0,2157,34,5,12,6,186
29105960201,2105,1396,224,485,0,0,1882,15,0,11,15,182
29105960202,1917,1161,242,514,0,0,1729,35,0,11,6,136
29105960301,2076,1326,216,534,0,0,1884,30,3,12,4,143
29105960302,2778,1763,312,703,0,0,2498,44,0,12,5,219
29105960400,2394,1187,296,911,0,0,2105,43,10,18,11,207
29105960500,3697,1761,481,1455,0,0,3311,70,7,28,14,267
29105960600,2494,852,402,1240,0,0,2205,71,12,17,19,170
29165030002,1793,559,576,658,0,0,1324,89,115,43,45,177
29165030003,1466,747,333,386,0,0,1068,91,70,66,42,129
29165030004,4205,2375,893,937,0,0,3348,219,135,69,63,371
29165030101,2557,1570,455,532,0,0,2071,128,53,56,44,205
29165030102,2489,1477,551,461,0,0,1912,113,115,43,72,234
29165030103,3712,2240,703,769,0,0,2996,162,93,55,59,347
29165030201,3479,2293,576,610,0,0,2741,137,89,84,85,343
29165030207,4186,2485,846,855,0,0,3246,204,162,78,79,417
29165030208,2490,1875,426,189,0,0,2117,71,28,50,36,188
29165030210,1682,1000,299,383,0,0,1255,93,63,47,47,177
29165030211,1737,658,440,639,0,0,1216,119,137,33,62,170
29165030212,3056,1711,657,688,0,0,2378,169,142,43,58,266
29165030213,1612,812,309,491,0,0,1271,94,42,38,34,133
29165030214,1462,572,504,386,0,0,1107,85,57,43,39,131
29165030215,1014,460,190,364,0,0,844,35,29,18,15,73
29165030216,2701,1519,554,628,0,0,2105,137,105,72,56,226
29165030306,3316,2542,496,278,0,0,2762,107,45,46,35,321
29165030308,3388,1898,693,797,0,0,2595,230,105,115,65,278
29165030309,3329,1753,716,860,0,0,2748,127,91,52,34,277
29165030310,3526,2337,612,577,0,0,3025,118,67,29,28,259
29165030401,4999,3660,589,750,0,0,4316,129,16,39,53,446
29165030501,1909,1124,283,502,0,0,1614,72,27,22,13,161
29165030502,1917,895,353,669,0,0,1659,62,13,14,7,162
29165030601,1254,683,236,335,0,0,1085,33,17,13,14,92
29165030602,4371,2980,561,830,0,0,3876,97,7,22,44,325
29165030700,2572,1759,311,502,0,0,2281,33,6,25,16,211
29165980000,3,2,0,1,0,0,3,0,0,0,0,0
29177080001,1908,1258,264,386,0,0,1718,26,5,11,7,141
29177080002,3382,2123,336,923,0,0,3007,68,8,18,23,258
29177080100,2240,1416,327,497,0,0,2038,27,5,13,8,149
29177080201,2155,1028,459,668,0,0,1948,28,11,7,14,147
29177080202,1915,894,455,566,0,0,1728,42,5,7,5,128
29177080300,4151,2392,692,1067,0,0,3716,75,4,11,31,314
29186960101,2591,1483,569,539,0,0,2231,26,3,8,19,304
29186960102,1527,945,225,357,0,0,1378,9,0,6,9,125
29186960200,3378,1847,652,879,0,0,2835,48,8,17,24,446
29186960300,3145,2187,494,464,0,0,2568,26,1,5,24,521
29186960400,1899,1244,319,336,0,0,1579,15,1,1,13,290
29221460101,1484,669,353,462,0,0,1322,23,2,4,12,121
29221460102,2330,945,592,793,0,0,2081,38,4,5,9,193
29221460200,2247,1066,476,705,0,0,1979,31,1,5,16,215
29221460300,2298,835,620,843,0,0,2078,26,12,4,10,168
29221460400,2676,1233,583,860,0,0,2463,20,3,8,13,169
29221460500,2696,1339,624,733,0,0,2414,27,1,5,9,240
29053950100,2335,1597,215,523,0,0,2053,17,5,8,18,234
29053950200,1181,524,194,463,0,0,958,15,65,11,13,119
29053950300,2651,1412,329,910,0,0,2353,34,36,15,15,198
29053950400,1681,906,242,533,0,0,1440,24,16,8,15,178
29053950500,3356,2115,388,853,0,0,2802,25,25,10,11,483
29135385100,2906,1984,311,611,0,0,2498,54,4,15,16,319
29135385200,2803,1390,438,975,0,0,2327,203,2,10,18,243
29135385300,1740,1135,163,442,0,0,1557,17,6,5,2,153
29135385400,1760,1006,171,583,0,0,1509,19,4,14,8,206
29147470100,1618,846,324,448,0,0,1450,18,5,5,6,134
29147470200,1941,1234,322,385,0,0,1750,12,1,9,9,160
29147470301,830,297,316,217,0,0,717,14,6,9,6,78
29147470302,2578,1384,498,696,0,0,2200,65,14,23,15,261
29147470400,2266,900,589,777,0,0,2009,31,11,13,10,192
29147470500,3418,1949,703,766,0,0,2997,22,1,16,16,366
29145020100,2663,1094,422,1147,0,0,2240,150,13,14,10,236
29145020200,3083,1666,434,983,0,0,2705,144,6,21,14,193
29145020300,1997,1078,272,647,0,0,1726,98,5,16,14,138
29145020401,2358,1445,286,627,0,0,2063,40,4,64,11,176
29145020402,2492,1534,282,676,0,0,2225,55,3,11,13,185
29145020501,2882,1896,319,667,0,0,2526,70,6,58,37,185
29145020502,4340,2298,642,1400,0,0,3721,123,19,63,59,355
29145020601,3673,2230,383,1060,0,0,3254,85,8,28,46,252
29145020602,3606,2275,393,938,0,0,3214,68,27,18,21,258
29145020700,3134,1700,334,1100,0,0,2846,64,5,12,11,196
29145020800,4039,2122,506,1411,0,0,3564,181,3,32,24,235
29145020900,2769,1504,338,927,0,0,2473,42,3,35,8,208
29145021000,2064,1212,271,581,0,0,1788,43,8,91,3,131
29037060001,3348,2145,526,677,0,0,2855,138,39,27,22,267
29037060003,2178,1075,481,622,0,0,1756,132,59,33,9,189
29037060004,3512,1638,748,1126,0,0,2960,154,32,27,21,318
29037060100,728,269,228,231,0,0,565,51,12,8,4,88
29037060202,3349,1770,728,851,0,0,2841,139,17,17,30,305
29037060305,3506,2344,569,593,0,0,2959,124,83,30,41,269
29037060306,4907,2919,821,1167,0,0,4058,172,172,58,53,394
29037060307,3198,2143,542,513,0,0,2570,88,186,39,54,261
29037060308,3155,2058,563,534,0,0,2753,89,28,22,22,241
29037060309,3120,2026,390,704,0,0,2653,106,38,25,21,277
29037060401,1779,1462,205,112,0,0,1533,44,12,17,22,151
29037060402,2545,2034,295,216,0,0,2250,50,4,12,12,217
29037060500,2159,1538,269,352,0,0,1934,29,3,9,7,177
29037060601,3020,1863,411,746,0,0,2690,55,1,13,16,245
29037060602,2655,1604,436,615,0,0,2350,70,12,12,15,196
29037060700,2480,1494,416,570,0,0,2180,41,5,9,13,232
29037060800,4662,3185,588,889,0,0,4212,63,6,20,38,323
29037060904,2001,850,529,622,0,0,1764,49,7,14,11,156
29037061001,3484,2414,408,662,0,0,3065,54,12,14,16,323
29037061002,5308,3115,1064,1129,0,0,4695,122,22,31,25,413
29037061100,4241,2633,615,993,0,0,3744,68,19,24,24,362
29037061200,2979,1772,532,675,0,0,2669,45,5,8,26,226
29037061300,4308,1839,1278,1191,0,0,3506,206,178,40,28,350
29037061400,3250,1533,715,1002,0,0,2856,76,13,15,16,274
29025950100,1864,1157,162,545,0,0,1699,16,4,2,9,134
29025950201,2082,1297,231,554,0,0,1868,31,4,9,5,165
29025950202,2173,1228,231,714,0,0,1947,25,2,8,11,180
29199480100,669,353,125,191,0,0,596,2,0,4,1,66
29199480200,1794,901,385,508,0,0,1668,7,2,5,6,106
29211480100,1242,595,281,366,0,0,1117,30,2,1,9,83
29211480200,921,517,173,231,0,0,836,22,1,2,5,55
29211480300,1291,504,427,360,0,0,950,234,2,6,5,94
29067950100,628,310,82,236,0,0,575,3,3,2,3,42
29067950200,934,384,89,461,0,0,830,8,1,1,9,85
29067950500,1807,716,205,886,0,0,1641,20,6,16,2,122
29021000100,4005,2624,582,799,0,0,3316,110,43,105,47,384
29021000200,3008,1748,573,687,0,0,2611,78,19,29,18,253
29021000300,1676,712,455,509,0,0,1480,43,12,7,5,129
29021000400,806,242,254,310,0,0,694,26,6,1,3,76
29021000500,1714,776,427,511,0,0,1519,47,7,13,6,122
29021000600,2021,1097,454,470,0,0,1716,61,30,14,23,177
29021000701,2521,1335,480,706,0,0,2168,74,19,42,19,199
29021000702,2701,1381,544,776,0,0,2273,87,37,32,19,253
29021000900,2503,947,821,735,0,0,2099,103,83,27,12,179
29021001000,1057,167,465,425,0,0,747,50,166,6,8,80
29021001100,1198,379,378,441,0,0,1039,37,34,9,7,72
29021001200,889,196,273,420,0,0,719,46,14,5,8,97
29021001500,2675,963,838,874,0,0,2287,103,32,18,20,215
29021001600,1448,572,421,455,0,0,1233,50,24,5,10,126
29021001700,2491,1057,746,688,0,0,2194,74,16,15,10,182
29021001800,2198,1020,563,615,0,0,1873,102,11,16,5,191
29021002100,1178,460,393,325,0,0,1000,55,24,8,6,85
29021002200,1425,1002,176,247,0,0,1276,25,0,7,9,108
29021002300,1437,716,388,333,0,0,1276,42,6,5,9,99
29021002400,865,297,258,310,0,0,734,52,7,4,13,55
29021002500,1141,367,400,374,0,0,996,45,5,5,5,85
29021002700,2315,1395,511,409,0,0,2067,25,11,4,11,197
29021002800,3475,2392,501,582,0,0,3144,50,3,8,22,248
29021002900,1905,1034,382,489,0,0,1685,32,6,6,16,160
29021003001,1487,375,534,578,0,0,1265,72,15,11,10,114
29021003002,1263,292,468,503,0,0,1032,59,60,10,17,85
29207470100,2426,1225,255,946,0,0,2218,30,18,5,4,151
29207470200,2679,1534,267,878,0,0,2453,22,6,10,4,184
29207470300,2604,1524,288,792,0,0,2372,27,3,14,4,184
29207470400,1654,910,199,545,0,0,1496,23,27,11,5,92
29207470500,1930,741,240,949,0,0,1756,34,9,5,5,121
29207470600,3260,1664,369,1227,0,0,2987,42,3,23,16,189
29207470700,1580,822,163,595,0,0,1448,15,12,4,0,101
29207470800,2231,1513,180,538,0,0,2062,9,1,4,7,148
29121960100,1476,831,187,458,0,0,1357,16,1,11,7,84
29121960200,1647,970,174,503,0,0,1505,18,2,10,5,107
29121960300,2674,1693,321,660,0,0,2418,28,6,15,7,200
29121960400,2836,1681,368,787,0,0,2572,25,4,20,18,197
29121960500,1648,714,287,647,0,0,1407,13,94,10,6,118
29223690100,642,298,99,245,0,0,588,12,1,0,2,39
29223690200,2148,1105,265,778,0,0,1913,17,0,13,8,197
29223690300,3081,1291,408,1382,0,0,2790,32,6,9,17,227
29223690400,442,225,51,166,0,0,411,3,4,1,0,23
29079960100,1170,786,153,231,0,0,1097,3,1,3,4,62
29079960200,1191,767,135,289,0,0,1102,7,1,3,3,75
29079960300,1404,682,250,472,0,0,1227,44,5,5,16,107
29079960400,2149,1044,406,699,0,0,1940,38,5,8,7,151
29033960100,1372,880,143,349,0,0,1225,7,5,6,4,125
29033960200,1276,790,142,344,0,0,1169,5,7,4,6,85
29033960300,3019,1729,368,922,0,0,2694,52,20,12,5,236
29215480101,2210,1319,241,650,0,0,1975,50,4,13,18,150
29215480102,1817,799,251,767,0,0,1618,33,3,7,11,145
29215480201,1928,969,242,717,0,0,1736,8,4,7,8,165
29215480202,1548,831,181,536,0,0,1356,17,1,5,12,157
29215480301,2181,1287,309,585,0,0,1961,37,4,10,12,157
29215480302,2031,946,311,774,0,0,1817,47,3,5,6,153
29215480401,2452,1216,409,827,0,0,2251,20,3,8,14,156
29215480402,1656,784,241,631,0,0,1468,28,4,5,3,148
29023950101,3160,1906,300,954,0,0,2902,33,7,9,15,194
29023950102,2353,1153,255,945,0,0,2131,28,6,6,8,174
29023950201,3484,2305,351,828,0,0,3154,49,9,39,20,213
29023950202,3844,2222,384,1238,0,0,3488,49,5,22,15,265
29023950301,2465,1369,307,789,0,0,2121,46,26,35,28,209
29023950302,2413,1045,366,1002,0,0,2116,36,67,25,16,153
29023950400,1656,481,435,740,0,0,1287,35,223,3,10,98
29023950500,1320,424,236,660,0,0,1149,30,37,4,6,94
29023950600,2446,1305,272,869,0,0,2253,24,18,6,11,134
29023950700,1315,335,211,769,0,0,1155,22,28,3,9,98
29023950800,1686,605,254,827,0,0,1486,24,44,10,3,119
29023950900,1961,958,255,748,0,0,1726,14,55,10,5,151
29061470100,2201,1401,243,557,0,0,1993,26,5,3,14,160
29061470200,3061,1824,375,862,0,0,2770,25,5,10,12,239
29059480100,3041,1664,344,1033,0,0,2708,41,3,15,19,255
29059480200,3184,1656,344,1184,0,0,2848,54,6,16,12,248
29059480301,1943,1125,234,584,0,0,1753,26,0,3,16,145
29059480302,2809,1624,338,847,0,0,2526,42,2,11,14,214
29143960100,2677,1312,556,809,0,0,2395,32,99,14,16,121
29143960200,1230,407,407,416,0,0,912,23,220,1,14,60
29143960300,2055,771,849,435,0,0,1437,30,471,5,17,95
29143960400,1397,540,404,453,0,0,1066,18,242,4,1,66
29143960500,1242,535,224,483,0,0,1140,11,3,2,5,81
29143960600,2031,843,682,506,0,0,1587,20,298,6,8,112
29103960100,948,484,200,264,0,0,885,2,0,3,0,58
29103960200,1472,714,350,408,0,0,1351,6,0,1,3,111
29071800101,1781,1162,246,373,0,0,1528,36,7,6,8,196
29071800102,1648,1255,192,201,0,0,1419,13,1,3,11,201
29071800103,1801,1044,395,362,0,0,1580,29,15,6,12,159
29071800104,1417,897,345,175,0,0,1188,15,0,5,15,194
29071800201,3406,1772,781,853,0,0,2855,48,2,25,30,446
29071800202,4906,3677,601,628,0,0,4086,60,6,34,38,682
29071800301,2585,1745,351,489,0,0,2187,35,2,8,27,326
29071800302,3010,1500,568,942,0,0,2477,42,7,12,20,452
29071800401,3740,2415,691,634,0,0,3086,52,6,16,16,564
29071800403,2968,1968,475,525,0,0,2504,28,2,11,20,403
29071800404,2157,1317,463,377,0,0,1841,26,0,4,13,273
29071800501,2907,1851,533,523,0,0,2559,39,1,12,15,281
29071800502,1961,1159,421,381,0,0,1717,29,2,2,9,202
29071800603,2294,1127,583,584,0,0,1953,32,5,10,20,274
29071800604,1981,832,507,642,0,0,1716,28,2,3,11,221
29071800605,3252,1888,705,659,0,0,2784,48,6,9,27,378
29071800606,3158,1902,612,644,0,0,2731,47,5,10,22,343
29071800702,2123,1268,274,581,0,0,1797,31,3,9,40,243
29071800703,3001,1756,499,746,0,0,2570,48,15,21,23,324
29071800704,1860,716,503,641,0,0,1607,42,9,15,17,170
29071800801,3706,2106,802,798,0,0,3282,28,14,11,34,337
29071800802,1490,815,382,293,0,0,1228,13,68,9,14,158
29071800901,1922,1112,417,393,0,0,1697,20,1,1,28,175
29071800903,1898,776,498,624,0,0,1685,22,6,10,7,168
29071800904,2387,1120,628,639,0,0,2096,33,13,9,22,214
29071801000,2622,1524,565,533,0,0,2338,17,2,6,27,232
29071801101,2781,1069,652,1060,0,0,2450,61,6,11,13,240
29071801102,2773,1738,319,716,0,0,2435,36,5,17,13,267
29151490100,2535,1829,251,455,0,0,2019,17,0,4,8,487
29151490200,2696,1618,318,760,0,0,2219,27,4,3,25,418
29151490300,2348,1674,261,413,0,0,1877,24,0,2,5,440
29151490400,1738,1185,179,374,0,0,1424,11,0,3,11,289
29163460100,1897,721,514,662,0,0,1647,51,40,7,11,141
29163460200,2200,1356,417,427,0,0,1970,14,11,11,22,172
29163460300,2522,1524,516,482,0,0,2257,22,10,8,10,215
29163460400,2207,914,585,708,0,0,1896,33,78,11,14,175
29163460500,1505,790,347,368,0,0,1344,18,26,4,19,94
29119070101,2183,1106,237,840,0,0,1972,48,3,13,9,138
29119070102,1542,875,190,477,0,0,1369,26,1,13,11,122
29119070200,2674,1199,361,1114,0,0,2440,45,4,15,9,161
29119070300,2781,997,749,1035,0,0,1969,481,17,39,105,170
29119070401,2159,914,333,912,0,0,1864,112,2,15,7,159
29119070402,1836,814,251,771,0,0,1667,44,1,13,4,107
