GEOID20,total_reg,party_npp,party_rep,party_dem,party_oth,party_unk,eth1_eur,eth1_hisp,eth1_aa,eth1_esa,eth1_oth,eth1_unk
47035970101,4062,1193,2238,631,0,0,3528,57,5,15,47,410
47035970103,2396,904,1045,447,0,0,2076,41,2,9,20,248
47035970104,2714,902,1342,470,0,0,2382,35,7,11,21,258
47035970201,3190,1108,1706,376,0,0,2898,59,1,15,21,196
47035970202,1209,467,618,124,0,0,1132,7,0,4,5,61
47035970301,1906,804,862,240,0,0,1735,33,2,7,18,111
47035970302,2617,1057,1135,425,0,0,2382,41,3,14,9,168
47035970401,2046,1150,639,257,0,0,1788,72,15,20,7,144
47035970402,1417,507,729,181,0,0,1252,16,2,17,10,120
47035970501,1632,568,837,227,0,0,1479,25,3,18,12,95
47035970502,2357,1109,927,321,0,0,2094,70,9,22,15,147
47035970601,3391,1253,1698,440,0,0,3017,69,3,31,31,240
47035970602,2778,1058,1335,385,0,0,2503,39,5,6,18,207
47035970603,1413,440,781,192,0,0,1280,23,2,4,3,101
47035970701,1743,636,839,268,0,0,1572,32,2,6,13,118
47035970702,3010,1091,1574,345,0,0,2770,31,2,7,14,186
47035970800,2506,953,1222,331,0,0,2311,23,5,13,21,133
47125100100,448,308,47,93,0,0,284,19,104,1,7,33
47125100200,764,442,149,173,0,0,552,22,115,3,4,68
47125100300,2914,1585,689,640,0,0,2072,136,483,24,17,182
47125100500,2749,1454,706,589,0,0,2040,129,377,21,23,159
47125100601,1527,539,678,310,0,0,1319,47,49,10,11,91
47125100602,1729,747,597,385,0,0,1439,60,60,18,19,133
47125100800,1004,704,92,208,0,0,434,59,449,8,9,45
47125100900,1057,732,105,220,0,0,484,81,428,7,5,52
47125101001,2060,1257,373,430,0,0,1279,169,453,29,18,112
47125101002,1878,1074,327,477,0,0,918,149,666,28,16,101
47125101101,1340,809,212,319,0,0,799,104,344,16,11,66
47125101102,4169,2751,661,757,0,0,2568,314,949,47,43,248
47125101103,1326,718,399,209,0,0,1036,92,96,13,9,80
47125101201,1199,767,131,301,0,0,439,148,542,20,4,46
47125101202,1997,1283,373,341,0,0,1367,159,321,24,14,112
47125101304,2323,1647,219,457,0,0,1119,224,803,38,27,112
47125101305,2726,1929,320,477,0,0,1630,272,570,48,40,166
47125101306,3324,2272,404,648,0,0,1810,341,925,47,23,178
47125101307,1151,688,191,272,0,0,631,125,323,13,11,48
47125101308,1427,992,152,283,0,0,725,163,428,30,16,65
47125101309,3483,2336,438,709,0,0,1808,388,983,66,52,186
47125101400,0,0,0,0,0,0,0,0,0,0,0,0
47125101501,2000,1008,714,278,0,0,1669,81,84,20,19,127
47125101502,2415,1140,1002,273,0,0,2056,85,71,18,28,157
47125101600,3142,1407,1178,557,0,0,2649,99,172,23,17,182
47125101701,2093,917,849,327,0,0,1892,42,24,15,10,110
47125101702,3310,1408,1352,550,0,0,2878,87,90,13,30,212
47125101803,5625,2462,2042,1121,0,0,4512,233,290,145,64,381
47125101805,2497,1086,911,500,0,0,2151,76,98,30,15,127
47125101806,4928,2023,2123,782,0,0,4227,132,101,62,58,348
47125101807,2516,1126,1034,356,0,0,2063,95,106,18,23,211
47125101808,3949,1995,1268,686,0,0,3111,198,226,76,39,299
47125101902,1842,658,770,414,0,0,1487,84,110,18,9,134
47125101904,3076,1707,879,490,0,0,2319,168,277,57,29,226
47125101905,2890,1414,877,599,0,0,2248,122,251,64,30,175
47125101906,2929,1713,636,580,0,0,2035,154,429,83,30,198
47125102001,4080,2518,767,795,0,0,2880,270,627,49,29,225
47125102003,3070,2098,401,571,0,0,1787,292,704,46,33,208
47125102004,2807,1778,426,603,0,0,1406,222,959,53,25,142
47125102005,3154,2146,420,588,0,0,1915,248,711,53,48,179
47125102007,1003,640,149,214,0,0,633,83,217,4,8,58
47125102008,3266,2069,556,641,0,0,2143,258,551,35,40,239
47125102009,2602,1666,462,474,0,0,1833,194,321,59,25,170
47125102010,2220,1326,448,446,0,0,1378,190,472,25,12,143
47125102100,2202,1132,381,689,0,0,1076,97,905,19,8,97
47125980100,0,0,0,0,0,0,0,0,0,0,0,0
47043060100,2594,1036,1035,523,0,0,2356,39,35,5,10,149
47043060201,2381,1023,862,496,0,0,2142,35,71,3,11,119
47043060202,2011,773,798,440,0,0,1832,23,49,4,10,93
47043060300,4267,2002,1477,788,0,0,3865,80,18,15,37,252
47043060401,2416,871,1101,444,0,0,2194,40,12,13,8,149
47043060402,4521,1924,1773,824,0,0,3978,81,105,38,22,297
47043060501,3995,1652,1505,838,0,0,3502,80,111,28,17,257
47043060502,2061,800,794,467,0,0,1848,25,61,6,9,112
47043060601,2522,1199,805,518,0,0,2106,79,166,13,7,151
47043060602,3597,1813,1072,712,0,0,3022,91,233,38,10,203
47043060700,2855,1174,1106,575,0,0,2578,46,25,11,8,187
47119010100,2358,823,1202,333,0,0,2160,29,29,10,3,127
47119010201,6166,2846,2396,924,0,0,5085,217,290,50,47,477
47119010203,3632,1721,1301,610,0,0,2899,140,191,37,41,324
47119010204,5856,3516,1555,785,0,0,4715,276,224,86,76,479
47119010205,1033,569,327,137,0,0,864,33,24,8,16,88
47119010301,5217,2353,2029,835,0,0,4201,244,346,37,34,355
47119010302,2011,826,848,337,0,0,1738,62,51,18,12,130
47119010401,2339,1008,852,479,0,0,1843,64,242,11,12,167
47119010402,1512,778,515,219,0,0,1175,46,204,4,9,74
47119010500,2344,1272,358,714,0,0,895,42,1314,3,6,84
47119010600,3034,1573,781,680,0,0,1935,111,805,10,24,149
47119010700,1949,1022,577,350,0,0,1530,85,212,7,14,101
47119010801,2162,823,899,440,0,0,1848,73,111,7,13,110
47119010802,4209,2028,1295,886,0,0,3099,209,593,27,30,251
47119010900,2209,874,1020,315,0,0,1866,45,159,4,10,125
47119011001,1826,703,791,332,0,0,1502,34,165,3,4,118
47119011003,1350,692,421,237,0,0,1037,28,216,6,2,61
47119011004,2215,1028,762,425,0,0,1748,42,287,10,7,121
47119011101,3626,1181,1838,607,0,0,3144,83,169,36,12,182
47119011102,1925,766,896,263,0,0,1581,37,136,34,17,120
47119011200,3976,1611,1863,502,0,0,3602,78,49,13,28,206
47105060100,3349,1220,1703,426,0,0,3012,72,18,40,21,186
47105060201,2429,990,1154,285,0,0,2153,72,33,18,21,132
47105060203,1270,594,450,226,0,0,1104,79,4,8,10,65
47105060204,2558,1248,1018,292,0,0,2208,137,17,17,19,160
47105060301,2898,1110,1425,363,0,0,2545,68,9,38,25,213
47105060303,3080,1185,1544,351,0,0,2774,76,15,14,15,186
47105060304,2121,790,1043,288,0,0,1908,32,9,18,16,138
47105060400,3815,1598,1819,398,0,0,3451,61,12,9,19,263
47105060502,1473,645,701,127,0,0,1338,33,5,13,5,79
47105060503,2540,856,1327,357,0,0,2210,76,12,11,11,220
47105060504,4408,1213,2395,800,0,0,3774,54,10,24,50,496
47105060505,2093,547,1202,344,0,0,1795,36,1,21,20,220
47105060600,2426,1014,1086,326,0,0,2078,111,41,25,16,155
47105060700,1785,750,880,155,0,0,1601,25,19,5,8,127
47055920100,2036,785,933,318,0,0,1838,25,39,9,10,115
47055920200,2593,1149,961,483,0,0,2118,39,271,17,7,141
47055920301,2856,1227,995,634,0,0,2112,37,559,17,12,119
47055920302,1172,464,545,163,0,0,1067,19,9,5,6,66
47055920400,1615,611,666,338,0,0,1405,26,96,9,8,71
47055920500,2652,1096,1025,531,0,0,2231,21,264,12,7,117
47055920600,1698,685,749,264,0,0,1574,13,17,5,10,79
47055920700,1141,428,494,219,0,0,963,14,78,1,9,76
47055920800,1700,762,654,284,0,0,1464,26,96,14,7,93
47007953000,2132,848,1047,237,0,0,1968,43,4,3,3,111
47007953101,1094,310,465,319,0,0,1023,8,0,1,3,59
47007953102,2530,802,1153,575,0,0,2337,25,44,6,18,100
47007953200,1963,643,935,385,0,0,1849,26,3,7,7,71
47087960100,1267,443,543,281,0,0,1160,19,2,3,10,73
47087960200,1576,536,713,327,0,0,1440,19,0,9,7,101
47087960300,3561,1427,1398,736,0,0,3281,37,8,14,11,210
47087960400,1026,402,359,265,0,0,939,17,1,3,5,61
47137925101,2321,677,1264,380,0,0,2144,23,6,13,5,130
47137925102,1360,402,712,246,0,0,1240,21,1,3,4,91
47171080100,1423,502,799,122,0,0,1332,18,0,6,2,65
47171080200,3308,1249,1724,335,0,0,3065,93,5,11,9,125
47171080300,3205,1171,1702,332,0,0,2950,66,4,5,22,158
47171080400,2571,901,1362,308,0,0,2374,65,3,7,3,119
47179060100,1746,1016,272,458,0,0,1284,67,271,13,17,94
47179060401,1628,518,828,282,0,0,1447,28,26,14,14,99
47179060402,3072,1144,1360,568,0,0,2689,66,40,55,45,177
47179060501,2607,1307,891,409,0,0,2280,67,31,38,46,145
47179060503,1540,704,561,275,0,0,1340,34,23,8,19,116
47179060504,2266,1070,801,395,0,0,1982,65,36,19,29,135
47179060601,1780,839,630,311,0,0,1562,49,23,13,13,120
47179060602,1789,947,421,421,0,0,1480,59,61,31,17,141
47179060700,231,192,8,31,0,0,182,13,12,3,2,19
47179060800,1681,745,344,592,0,0,1431,49,37,13,15,136
47179060901,1214,774,252,188,0,0,985,29,95,7,12,86
47179060902,1231,789,227,215,0,0,980,60,102,9,10,70
47179061000,1201,678,243,280,0,0,922,41,143,6,14,75
47179061100,3105,1210,1243,652,0,0,2726,72,36,17,42,212
47179061200,1767,920,589,258,0,0,1535,46,34,11,15,126
47179061301,1619,804,514,301,0,0,1439,48,19,19,12,82
47179061302,3436,1445,1417,574,0,0,3000,59,42,61,53,221
47179061401,3442,1602,1375,465,0,0,3083,55,25,29,30,220
47179061403,3403,1662,1314,427,0,0,2986,72,29,55,35,226
47179061404,2385,1014,1022,349,0,0,2050,50,12,53,52,168
47179061500,4575,2143,1934,498,0,0,4144,84,33,19,25,270
47179061601,3167,1198,1683,286,0,0,2880,54,7,10,7,209
47179061603,3227,1346,1552,329,0,0,3024,32,5,4,13,149
47179061604,2824,1266,1269,289,0,0,2607,24,8,15,15,155
47179061701,4733,1954,2276,503,0,0,4097,108,28,101,58,341
47179061703,2050,874,916,260,0,0,1880,43,10,9,11,97
47179061704,2777,1030,1262,485,0,0,2417,54,64,16,32,194
47179061800,3992,1675,1941,376,0,0,3712,61,12,13,27,167
47179061902,3115,1294,1479,342,0,0,2832,65,13,12,8,185
47179061903,2019,913,890,216,0,0,1865,35,3,6,14,96
47179061904,1841,795,841,205,0,0,1734,20,8,7,1,71
47179062000,1972,1181,406,385,0,0,1607,74,118,26,24,123
47009010100,1398,729,256,413,0,0,729,40,560,4,13,52
47009010200,4210,1677,1799,734,0,0,3703,84,115,31,35,242
47009010301,3085,1554,959,572,0,0,2621,84,118,25,26,211
47009010302,2233,994,895,344,0,0,1923,43,55,22,36,154
47009010400,1922,803,809,310,0,0,1720,30,35,7,3,127
47009010500,1535,704,511,320,0,0,1319,38,56,5,13,104
47009010600,2141,987,661,493,0,0,1865,45,25,14,17,175
47009010700,2951,1296,1152,503,0,0,2581,61,51,23,21,214
47009010800,1401,800,380,221,0,0,1176,63,45,4,7,106
47009010900,4068,1730,1720,618,0,0,3630,87,33,22,29,267
47009011001,4287,1655,1956,676,0,0,3812,91,29,21,35,299
47009011002,2944,1046,1484,414,0,0,2714,30,6,13,8,173
47009011101,3468,1368,1544,556,0,0,3113,75,19,21,14,226
47009011102,6570,2275,3186,1109,0,0,5909,113,34,32,50,432
47009011201,2951,1582,977,392,0,0,2582,60,33,35,28,213
47009011202,2617,1309,918,390,0,0,2250,60,36,58,17,196
47009011301,3961,1760,1739,462,0,0,3626,77,6,22,13,217
47009011302,3584,1513,1677,394,0,0,3255,57,11,9,14,238
47009011401,1310,512,594,204,0,0,1192,11,3,8,6,90
47009011403,1348,591,568,189,0,0,1246,18,3,6,5,70
47009011404,1743,602,866,275,0,0,1566,22,7,12,9,127
47009011501,1053,461,449,143,0,0,954,26,2,6,8,57
47009011502,2542,1168,1106,268,0,0,2333,49,4,6,12,138
47009011503,5035,1895,2483,657,0,0,4628,64,16,20,16,291
47009011603,3038,1391,1372,275,0,0,2750,51,7,15,16,199
47009011604,2674,1095,1230,349,0,0,2441,42,15,15,7,154
47009011605,2722,957,1362,403,0,0,2408,43,3,15,22,231
47009011606,3865,1721,1712,432,0,0,3487,59,15,18,19,267
47009011607,3014,1485,1168,361,0,0,2674,52,38,25,32,193
47009980100,0,0,0,0,0,0,0,0,0,0,0,0
47009980200,8,3,0,5,0,0,6,0,0,0,0,2
47177930100,2031,720,777,534,0,0,1833,66,37,8,1,86
47177930201,1762,519,826,417,0,0,1618,49,28,3,4,60
47177930202,1714,656,691,367,0,0,1584,50,8,4,11,57
47177930300,1508,504,647,357,0,0,1400,26,10,4,12,56
47177930400,3143,1359,1070,714,0,0,2764,132,92,21,9,125
47177930500,2147,955,657,535,0,0,1784,167,78,29,7,82
47177930600,1972,696,737,539,0,0,1697,69,106,10,6,84
47177930700,2778,939,1139,700,0,0,2483,82,34,17,14,148
47177930800,3704,1226,1612,866,0,0,3311,108,70,24,14,177
47177930900,1019,346,458,215,0,0,941,22,0,3,6,47
47173040101,2316,923,1061,332,0,0,2170,31,3,8,8,96
47173040102,1769,603,923,243,0,0,1661,19,1,4,7,77
47173040201,2151,915,950,286,0,0,1990,39,0,5,3,114
47173040202,3350,1229,1567,554,0,0,3121,24,4,20,9,172
47173040300,1710,625,860,225,0,0,1559,14,0,3,6,128
47157000100,3560,1920,510,1130,0,0,2421,102,438,162,107,330
47157000200,506,303,9,194,0,0,38,4,457,3,1,3
47157000300,433,225,2,206,0,0,28,4,393,1,4,3
47157000400,793,449,9,335,0,0,45,9,734,0,1,4
47157000600,1128,560,9,559,0,0,44,4,1073,0,4,3
47157000700,2599,1359,43,1197,0,0,239,19,2284,7,14,36
47157000800,1188,670,4,514,0,0,53,9,1121,0,0,5
47157000900,1460,759,11,690,0,0,69,14,1362,4,4,7
47157001100,1128,722,124,282,0,0,378,102,592,11,5,40
47157001200,1530,868,269,393,0,0,889,128,382,48,7,76
47157001300,1404,907,55,442,0,0,170,60,1137,23,2,12
47157001400,604,370,5,229,0,0,35,16,536,8,1,8
47157001500,1014,495,21,498,0,0,149,21,811,9,4,20
47157001600,1610,527,249,834,0,0,1254,27,150,28,17,134
47157001700,2569,1005,179,1385,0,0,987,46,1373,39,19,105
47157001900,706,366,5,335,0,0,24,6,671,0,0,5
47157002000,943,562,12,369,0,0,49,6,860,2,15,11
47157002100,705,355,41,309,0,0,82,6,589,3,5,20
47157002400,1113,604,24,485,0,0,193,19,862,9,2,28
47157002500,1768,813,139,816,0,0,828,49,731,48,15,97
47157002600,1885,635,266,984,0,0,1523,37,115,30,36,144
47157002700,933,460,99,374,0,0,461,36,333,37,9,57
47157002800,1592,922,111,559,0,0,280,19,1225,18,13,37
47157002900,3429,1274,1185,970,0,0,2846,50,158,43,43,289
47157003000,1834,845,302,687,0,0,905,24,779,20,15,91
47157003100,2075,776,328,971,0,0,1597,52,229,23,13,161
47157003200,2407,1029,262,1116,0,0,1623,62,464,40,35,183
47157003300,1721,520,292,909,0,0,1418,44,55,19,26,159
47157003400,1386,602,161,623,0,0,909,25,323,20,15,94
47157003500,2178,800,362,1016,0,0,1492,43,398,32,22,191
47157003600,821,452,67,302,0,0,381,19,311,51,11,48
47157003700,689,360,26,303,0,0,139,12,501,9,5,23
47157003800,317,186,15,116,0,0,55,2,249,1,3,7
47157003900,763,446,30,287,0,0,111,13,602,9,4,24
47157004200,2411,1259,314,838,0,0,1530,60,534,41,44,202
47157004300,1732,790,301,641,0,0,1124,31,342,41,37,157
47157004500,385,256,4,125,0,0,30,6,338,1,2,8
47157004600,811,462,27,322,0,0,109,6,674,3,6,13
47157005000,485,278,3,204,0,0,20,4,456,1,1,3
47157005300,2001,994,14,993,0,0,64,5,1917,1,6,8
47157005500,1236,685,19,532,0,0,41,6,1181,1,0,7
47157005600,2380,1179,17,1184,0,0,77,7,2278,1,0,17
47157005700,1216,678,11,527,0,0,49,8,1153,3,0,3
47157005800,501,303,2,196,0,0,17,1,481,1,0,1
47157005900,1201,701,10,490,0,0,53,4,1129,5,4,6
47157006000,1088,601,5,482,0,0,57,3,1005,9,5,9
47157006200,1304,650,18,636,0,0,59,15,1208,6,5,11
47157006300,1633,677,117,839,0,0,1033,46,450,10,7,87
47157006400,1056,429,17,610,0,0,77,10,954,3,2,10
47157006500,1448,761,9,678,0,0,58,7,1367,2,4,10
47157006600,1500,666,111,723,0,0,881,31,476,12,16,84
47157006700,1718,977,22,719,0,0,81,7,1599,2,7,22
47157006800,1408,754,5,649,0,0,51,6,1338,3,3,7
47157006900,2029,1114,14,901,0,0,89,14,1909,4,2,11
47157007000,1652,991,46,615,0,0,262,20,1315,14,7,34
47157007100,1789,674,531,584,0,0,1184,25,435,21,26,98
47157007200,2078,815,495,768,0,0,1783,29,82,26,24,134
47157007300,1178,514,302,362,0,0,702,21,348,11,20,76
47157007400,1642,945,243,454,0,0,1195,47,226,13,31,130
47157007500,1044,492,7,545,0,0,67,4,963,2,4,4
47157007810,1302,719,14,569,0,0,51,5,1235,2,2,7
47157007821,2891,1344,36,1511,0,0,96,25,2747,8,2,13
47157007822,849,420,14,415,0,0,54,12,772,2,2,7
47157007900,3153,1703,44,1406,0,0,145,29,2942,6,3,28
47157008000,2620,1420,169,1031,0,0,655,50,1858,15,9,33
47157008110,996,591,10,395,0,0,71,6,910,1,2,6
47157008120,2905,1488,36,1381,0,0,117,26,2742,8,2,10
47157008200,1651,1076,30,545,0,0,143,56,1418,10,4,20
47157008500,3550,959,1782,809,0,0,2989,39,84,79,60,299
47157008600,4037,1416,1552,1069,0,0,3243,86,288,75,68,277
47157008700,2100,1053,512,535,0,0,1447,134,272,72,64,111
47157008800,1755,1048,342,365,0,0,997,321,306,26,12,93
47157008900,1182,790,168,224,0,0,469,182,479,16,6,30
47157009100,675,397,143,135,0,0,395,124,75,20,21,40
47157009201,2568,890,952,726,0,0,2032,40,157,71,40,228
47157009202,2473,988,802,683,0,0,1861,76,129,104,44,259
47157009300,2839,1227,762,850,0,0,2127,76,368,28,31,209
47157009400,2098,848,623,627,0,0,1720,48,148,15,27,140
47157009501,1950,846,551,553,0,0,1606,36,168,15,15,110
47157009502,2643,914,1047,682,0,0,2227,37,150,23,22,184
47157009600,4021,1333,1636,1052,0,0,3077,68,115,96,88,577
47157009700,1410,780,189,441,0,0,454,79,806,15,9,47
47157009800,1188,625,329,234,0,0,801,91,147,32,45,72
47157009901,1081,745,93,243,0,0,315,38,684,5,7,32
47157009902,1063,689,49,325,0,0,160,12,868,1,3,19
47157010001,2228,1275,36,917,0,0,109,20,2081,5,3,10
47157010002,1958,1170,64,724,0,0,188,19,1727,6,5,13
47157010120,2437,1541,97,799,0,0,249,24,2125,8,5,26
47157010121,1633,1080,58,495,0,0,139,13,1456,3,4,18
47157010122,1451,946,38,467,0,0,129,9,1295,7,1,10
47157010210,2898,1711,123,1064,0,0,229,27,2604,5,11,22
47157010220,3771,2022,141,1608,0,0,311,27,3362,17,5,49
47157010300,680,448,9,223,0,0,29,4,643,1,1,2
47157010500,649,422,26,201,0,0,83,18,509,17,6,16
47157010610,2906,1826,74,1006,0,0,242,91,2524,21,4,24
47157010620,1359,982,12,365,0,0,76,31,1231,12,3,6
47157010630,1411,921,25,465,0,0,106,48,1224,10,6,17
47157010710,2554,1348,179,1027,0,0,325,81,2032,57,6,53
47157010720,1835,1082,71,682,0,0,200,30,1543,17,6,39
47157010810,3011,1824,74,1113,0,0,199,70,2650,47,13,32
47157010820,2573,1296,94,1183,0,0,202,30,2291,18,7,25
47157011010,1829,1032,43,754,0,0,146,53,1593,14,2,21
47157011020,787,463,11,313,0,0,44,17,703,7,4,12
47157011100,1078,629,8,441,0,0,82,3,983,0,1,9
47157011200,841,467,8,366,0,0,69,1,758,3,1,9
47157011300,736,426,13,297,0,0,106,11,592,7,3,17
47157011401,449,278,9,162,0,0,83,1,346,1,4,14
47157011402,824,521,40,263,0,0,269,18,489,8,6,34
47157011500,1438,831,9,598,0,0,50,4,1363,4,7,10
47157011600,1608,1022,14,572,0,0,101,6,1482,4,6,9
47157011700,961,521,7,433,0,0,46,2,890,11,2,10
47157011800,2315,1227,344,744,0,0,1016,121,1052,26,23,77
47157020101,2329,1271,429,629,0,0,804,60,1386,9,13,57
47157020102,2163,837,979,347,0,0,1739,38,239,13,4,130
47157020210,3374,1707,924,743,0,0,2059,113,973,31,21,177
47157020221,2014,850,581,583,0,0,1112,57,758,15,14,58
47157020222,1828,963,366,499,0,0,803,73,875,6,4,67
47157020301,1385,514,637,234,0,0,1127,50,115,15,12,66
47157020302,1954,1066,552,336,0,0,1334,66,413,20,13,108
47157020400,214,159,29,26,0,0,127,22,43,4,0,18
47157020511,1500,652,107,741,0,0,185,13,1277,5,1,19
47157020521,1715,1087,36,592,0,0,140,13,1539,7,4,12
47157020523,1514,1002,44,468,0,0,149,30,1299,9,4,23
47157020524,2635,1490,92,1053,0,0,191,45,2354,3,7,35
47157020531,2623,1542,132,949,0,0,382,117,2054,16,8,46
47157020532,3807,1928,255,1624,0,0,553,82,3083,13,14,62
47157020541,3209,1660,221,1328,0,0,481,69,2569,20,16,54
47157020542,2161,1368,116,677,0,0,284,44,1765,14,20,34
47157020543,1360,809,50,501,0,0,154,17,1169,6,3,11
47157020544,1262,649,92,521,0,0,208,17,1010,2,4,21
47157020610,2234,1243,197,794,0,0,475,70,1564,14,50,61
47157020621,3897,2010,659,1228,0,0,1379,110,2200,27,44,137
47157020622,2778,1099,1166,513,0,0,2040,77,449,30,24,158
47157020632,3854,1649,1569,636,0,0,3028,134,378,73,45,196
47157020633,2183,751,1107,325,0,0,1850,58,112,26,22,115
47157020634,2063,742,971,350,0,0,1735,41,142,25,24,96
47157020635,1763,754,773,236,0,0,1507,30,105,7,11,103
47157020651,4210,1917,1107,1186,0,0,2358,108,1464,45,50,185
47157020652,3517,1486,1469,562,0,0,2927,83,255,41,31,180
47157020653,2883,1107,942,834,0,0,1601,62,1021,37,35,127
47157020654,3564,1511,1130,923,0,0,1986,81,1214,55,53,175
47157020655,2282,821,1009,452,0,0,1795,60,257,30,29,111
47157020656,3516,1521,1161,834,0,0,2160,96,946,61,87,166
47157020657,3298,1548,620,1130,0,0,1390,115,1596,49,31,117
47157020658,2972,1579,366,1027,0,0,885,116,1832,28,24,87
47157020700,1850,657,945,248,0,0,1558,29,162,9,8,84
47157020833,3612,1479,1276,857,0,0,2228,96,906,107,74,201
47157020834,2338,771,1095,472,0,0,1792,56,298,37,29,126
47157020835,1943,745,780,418,0,0,1347,21,480,4,4,87
47157020836,6308,2407,2938,963,0,0,4932,169,415,243,140,409
47157020837,4409,1937,1727,745,0,0,3388,134,465,105,56,261
47157020901,3315,1454,1362,499,0,0,2561,77,392,56,49,180
47157020902,4109,1704,1778,627,0,0,3256,96,421,52,28,256
47157021020,5065,2205,1550,1310,0,0,2858,110,1600,106,129,262
47157021021,3742,1867,513,1362,0,0,1357,133,1974,72,70,136
47157021022,4013,2093,420,1500,0,0,1218,103,2355,99,96,142
47157021023,3058,1349,910,799,0,0,1789,63,958,56,49,143
47157021111,1766,1058,239,469,0,0,744,115,790,29,18,70
47157021112,2777,1559,578,640,0,0,1664,318,595,35,38,127
47157021113,2041,1128,326,587,0,0,920,162,794,49,28,88
47157021121,2846,1352,706,788,0,0,1393,52,1206,34,51,110
47157021122,2646,1584,431,631,0,0,1254,186,992,64,36,114
47157021124,4200,2293,500,1407,0,0,1607,261,1978,106,55,193
47157021125,2649,1296,548,805,0,0,1550,94,755,73,40,137
47157021126,2512,1241,513,758,0,0,1468,67,787,41,35,114
47157021135,3540,1882,616,1042,0,0,1818,161,1240,104,66,151
47157021136,3851,1653,792,1406,0,0,1973,122,1420,108,58,170
47157021138,2666,1218,514,934,0,0,1227,93,1041,103,67,135
47157021139,3053,1167,995,891,0,0,1985,88,539,104,97,240
47157021140,2959,1382,782,795,0,0,1912,88,659,64,50,186
47157021141,4802,2434,812,1556,0,0,2094,180,2090,129,82,227
47157021142,2275,1051,579,645,0,0,1399,89,592,27,41,127
47157021143,2933,1345,707,881,0,0,1755,128,777,70,61,142
47157021144,2321,1131,500,690,0,0,1289,85,695,75,51,126
47157021200,70,29,14,27,0,0,18,0,31,16,0,5
47157021311,3989,1451,1537,1001,0,0,2821,72,278,124,138,556
47157021312,1486,632,471,383,0,0,1103,31,148,36,29,139
47157021320,4505,1799,1578,1128,0,0,3056,90,961,35,53,310
47157021331,2365,926,614,825,0,0,1483,52,666,24,32,108
47157021333,2532,1087,571,874,0,0,1301,64,958,37,49,123
47157021334,2053,1050,247,756,0,0,557,43,1318,29,26,80
47157021341,4327,1457,2120,750,0,0,3401,76,218,128,117,387
47157021351,3669,1325,1719,625,0,0,3026,75,129,88,55,296
47157021352,5252,1744,2660,848,0,0,4279,89,188,153,111,432
47157021354,2673,1311,324,1038,0,0,720,61,1700,58,39,95
47157021355,3680,1550,1344,786,0,0,2493,64,521,141,141,320
47157021356,3220,1276,1525,419,0,0,2493,67,93,145,137,285
47157021357,4425,1486,2268,671,0,0,3402,96,141,294,153,339
47157021410,2172,748,1028,396,0,0,1746,46,58,53,51,218
47157021420,2519,868,1182,469,0,0,2000,54,115,64,43,243
47157021430,3001,1083,1425,493,0,0,2395,59,196,57,56,238
47157021530,3997,1450,2019,528,0,0,3300,77,135,131,71,283
47157021541,5466,2290,2419,757,0,0,4271,153,204,343,91,404
47157021542,3118,1315,1439,364,0,0,2508,68,55,181,69,237
47157021543,2941,1347,537,1057,0,0,1120,82,1218,221,135,165
47157021544,1205,523,447,235,0,0,886,36,101,80,29,73
47157021545,2118,865,797,456,0,0,1435,55,299,105,58,166
47157021546,1569,742,278,549,0,0,610,47,711,90,53,58
47157021547,4090,1973,221,1896,0,0,434,77,3375,112,36,56
47157021548,1617,819,250,548,0,0,584,40,865,20,29,79
47157021611,5149,2098,2355,696,0,0,4238,147,243,94,58,369
47157021612,3291,1309,1630,352,0,0,2895,48,59,40,34,215
47157021613,3139,1252,1475,412,0,0,2629,108,55,70,45,232
47157021620,2203,1116,510,577,0,0,949,33,1074,42,18,87
47157021710,1178,795,39,344,0,0,127,13,1012,6,3,17
47157021721,2227,1477,39,711,0,0,214,61,1907,14,9,22
47157021724,1171,677,28,466,0,0,122,40,966,12,6,25
47157021725,1723,1268,35,420,0,0,157,49,1475,8,9,25
47157021731,1065,634,14,417,0,0,62,37,946,4,0,16
47157021744,3746,1811,155,1780,0,0,339,92,3221,31,20,43
47157021745,5894,2859,267,2768,0,0,616,165,4968,39,28,78
47157021746,2528,1392,72,1064,0,0,208,62,2198,22,5,33
47157021747,2151,1205,70,876,0,0,158,84,1866,9,16,18
47157021751,5134,2473,153,2508,0,0,366,95,4558,48,10,57
47157021752,3614,1721,105,1788,0,0,216,58,3264,25,11,40
47157021753,2109,1033,70,1006,0,0,155,80,1832,16,7,19
47157021754,2662,1404,83,1175,0,0,224,87,2286,28,11,26
47157021755,712,503,22,187,0,0,98,5,594,0,4,11
47157021756,1173,558,273,342,0,0,481,26,634,1,3,28
47157021757,1516,1037,17,462,0,0,122,29,1342,4,6,13
47157021758,1522,911,48,563,0,0,118,46,1318,15,10,15
47157021759,2016,1120,62,834,0,0,155,70,1752,16,2,21
47157021760,1915,1150,51,714,0,0,126,87,1677,8,3,14
47157021900,3031,1655,29,1347,0,0,121,31,2846,5,8,20
47157022023,1124,544,6,574,0,0,51,4,1047,4,8,10
47157022024,2327,1042,42,1243,0,0,117,14,2159,8,13,16
47157022025,996,769,4,223,0,0,74,10,890,3,8,11
47157022026,979,616,12,351,0,0,62,9,897,2,4,5
47157022111,3216,1784,50,1382,0,0,195,19,2952,10,9,31
47157022121,3332,1419,74,1839,0,0,151,12,3127,7,14,21
47157022122,2396,1242,26,1128,0,0,103,11,2251,5,6,20
47157022130,3596,1765,48,1783,0,0,157,18,3392,6,8,15
47157022131,1433,860,12,561,0,0,66,6,1339,5,5,12
47157022132,1543,846,29,668,0,0,82,9,1428,8,3,13
47157022210,2910,1456,24,1430,0,0,98,13,2765,14,9,11
47157022220,2340,1253,21,1066,0,0,80,11,2228,5,4,12
47157022310,3476,1805,24,1647,0,0,135,12,3288,18,5,18
47157022321,2484,1219,19,1246,0,0,72,10,2371,12,7,12
47157022322,2972,1314,37,1621,0,0,92,11,2846,7,4,12
47157022330,2929,1436,23,1470,0,0,77,24,2810,8,2,8
47157022410,4046,1757,53,2236,0,0,224,33,3756,10,3,20
47157022500,2592,1253,72,1267,0,0,184,48,2305,20,5,30
47157022600,1900,1164,71,665,0,0,213,52,1586,17,9,23
47157022700,4206,2211,29,1966,0,0,128,19,4021,14,7,17
47157980100,51,41,0,10,0,0,39,1,6,1,0,4
47157980200,97,58,1,38,0,0,37,0,54,0,0,6
47157980300,0,0,0,0,0,0,0,0,0,0,0,0
47157980401,2,2,0,0,0,0,1,0,1,0,0,0
47157980402,7,2,3,2,0,0,7,0,0,0,0,0
47089070101,1524,609,791,124,0,0,1368,37,9,7,6,97
47089070102,2522,1176,1103,243,0,0,2279,61,12,11,8,151
47089070200,2667,1241,1204,222,0,0,2484,30,15,7,9,122
47089070300,3328,1561,1273,494,0,0,2939,54,104,25,28,178
47089070400,2204,888,1062,254,0,0,2017,28,29,4,10,116
47089070500,2889,1327,1222,340,0,0,2637,47,34,15,12,144
47089070600,2849,1264,1217,368,0,0,2581,65,30,9,15,149
47089070701,2399,1179,954,266,0,0,2099,62,28,24,13,173
47089070702,2545,1065,1217,263,0,0,2318,24,21,14,22,146
47089070801,2221,992,1001,228,0,0,1998,29,7,10,15,162
47089070802,2475,1136,1084,255,0,0,2238,38,4,5,11,179
47089070900,3103,1350,1419,334,0,0,2791,46,32,16,26,192
47145030100,2552,894,930,728,0,0,2174,45,45,26,28,234
47145030203,2792,841,1502,449,0,0,2497,26,15,27,27,200
47145030204,2156,736,1004,416,0,0,1928,28,64,7,13,116
47145030205,1977,796,942,239,0,0,1795,28,5,3,8,138
47145030206,2751,1073,1359,319,0,0,2507,47,13,17,12,155
47145030301,2060,593,1161,306,0,0,1850,38,2,10,6,154
47145030302,2068,782,999,287,0,0,1894,35,7,7,9,116
47145030401,1696,577,818,301,0,0,1570,21,10,11,5,79
47145030402,2547,958,1114,475,0,0,2295,21,50,21,10,150
47145030500,1742,773,613,356,0,0,1547,21,70,12,8,84
47145030600,2247,834,1033,380,0,0,2056,25,25,12,11,118
47145030700,2423,909,1145,369,0,0,2219,31,40,5,16,112
47145030801,1024,462,332,230,0,0,851,21,68,4,9,71
47145030802,1713,642,759,312,0,0,1501,22,74,6,4,106
47145030900,3409,1383,1539,487,0,0,3185,38,31,10,10,135
47145980100,0,0,0,0,0,0,0,0,0,0,0,0
47165020101,1912,946,692,274,0,0,1734,35,6,11,5,121
47165020102,2813,1282,1064,467,0,0,2601,49,10,11,11,131
47165020203,1588,766,591,231,0,0,1415,39,18,3,7,106
47165020204,2072,1141,674,257,0,0,1836,47,31,10,14,134
47165020205,1517,883,422,212,0,0,1305,45,89,2,5,71
47165020206,727,336,272,119,0,0,632,21,5,1,5,63
47165020207,944,488,337,119,0,0,854,28,7,2,1,52
47165020208,1481,747,521,213,0,0,1303,28,24,6,13,107
47165020209,1281,512,557,212,0,0,1142,16,11,15,7,90
47165020300,2520,1413,679,428,0,0,2190,84,58,25,9,154
47165020403,1380,622,595,163,0,0,1260,23,9,5,11,72
47165020404,1247,554,519,174,0,0,1143,16,2,2,9,75
47165020405,1726,792,670,264,0,0,1546,37,22,7,2,112
47165020406,2515,1190,1004,321,0,0,2269,49,14,25,10,148
47165020407,2729,1296,1032,401,0,0,2444,65,22,13,10,175
47165020501,5690,2347,2500,843,0,0,4878,148,131,55,46,432
47165020502,4140,1904,1585,651,0,0,3471,133,151,54,35,296
47165020503,1783,654,842,287,0,0,1592,32,40,13,8,98
47165020601,2361,898,1094,369,0,0,2150,34,42,13,9,113
47165020602,2685,1206,1042,437,0,0,2358,50,86,15,15,161
47165020603,2397,930,1038,429,0,0,2095,62,89,9,11,131
47165020700,2688,1193,923,572,0,0,2188,101,205,33,18,143
47165020800,2794,1641,313,840,0,0,1112,161,1377,16,19,109
47165020901,831,324,356,151,0,0,726,20,35,6,3,41
47165020903,3040,1213,1213,614,0,0,2589,87,124,22,27,191
47165020904,1575,890,338,347,0,0,1169,100,201,13,8,84
47165020905,3776,2065,1035,676,0,0,2957,188,348,43,21,219
47165021002,5492,2478,1954,1060,0,0,4429,194,271,124,70,404
47165021004,1905,1012,537,356,0,0,1566,76,106,17,25,115
47165021005,4003,1527,1732,744,0,0,3433,78,184,68,24,216
47165021006,2613,1062,1190,361,0,0,2290,48,65,28,7,175
47165021007,2838,1403,1010,425,0,0,2413,73,56,45,40,211
47165021008,4248,2026,1550,672,0,0,3493,158,131,70,72,324
47165021009,3331,1627,1114,590,0,0,2761,118,106,41,34,271
47165021103,3856,1755,1316,785,0,0,3227,139,101,37,57,295
47165021104,1057,516,341,200,0,0,905,49,40,6,3,54
47165021105,3591,2005,898,688,0,0,2880,171,240,39,41,220
47165021106,2337,1093,729,515,0,0,1928,75,108,29,25,172
47165021107,3230,1525,1079,626,0,0,2730,103,126,32,35,204
47165021201,5450,1925,2661,864,0,0,4756,107,62,41,61,423
47165021203,5428,2380,2280,768,0,0,4644,144,101,40,46,453
47165021204,5082,2303,1813,966,0,0,4184,133,246,72,66,381
47165021205,3041,1130,1345,566,0,0,2647,65,63,45,27,194
47141000100,3136,1278,1323,535,0,0,2778,142,12,7,11,186
47141000201,3610,1368,1606,636,0,0,3221,89,38,38,25,199
47141000202,3078,1152,1327,599,0,0,2760,48,37,23,20,190
47141000301,1883,727,855,301,0,0,1697,46,5,10,3,122
47141000303,1302,593,454,255,0,0,1129,56,14,5,5,93
47141000304,1619,968,356,295,0,0,1350,85,25,25,17,117
47141000305,1760,901,570,289,0,0,1540,47,28,32,13,100
47141000400,2818,1017,1133,668,0,0,2503,80,15,35,30,155
47141000500,1556,539,665,352,0,0,1346,31,15,43,13,108
47141000600,2127,734,877,516,0,0,1834,58,12,59,18,146
47141000700,2022,1079,543,400,0,0,1698,83,75,21,25,120
47141000800,1516,931,278,307,0,0,1251,85,40,14,18,108
47141000900,3924,1656,1579,689,0,0,3561,65,23,16,21,238
47141001000,2221,885,935,401,0,0,2063,30,4,4,7,113
47141001100,4269,1730,1866,673,0,0,3916,76,18,11,12,236
47141001201,3658,1379,1619,660,0,0,3278,110,10,25,28,207
47141001202,2660,978,1185,497,0,0,2367,45,15,22,18,193
47141001300,1514,521,725,268,0,0,1376,26,7,8,15,82
47101970100,2996,1132,1365,499,0,0,2690,51,34,6,13,202
47101970200,4444,1606,2197,641,0,0,4060,62,40,36,20,226
47027955000,3287,1184,1328,775,0,0,3071,34,46,8,3,125
47027955100,1671,630,791,250,0,0,1577,11,2,3,5,73
47189030102,4484,1853,1978,653,0,0,3951,96,100,20,24,293
47189030103,2071,788,977,306,0,0,1856,47,14,15,11,128
47189030104,1677,635,805,237,0,0,1503,23,19,11,10,111
47189030105,3118,1211,1419,488,0,0,2668,82,94,31,32,211
47189030202,5999,2134,2947,918,0,0,5331,148,75,54,41,350
47189030203,4460,2114,1610,736,0,0,3644,148,96,93,136,343
47189030205,1398,542,653,203,0,0,1211,33,30,6,10,108
47189030206,3686,1518,1588,580,0,0,3072,104,91,49,80,290
47189030207,1561,632,682,247,0,0,1403,26,37,8,6,81
47189030303,3316,1172,1522,622,0,0,2912,80,25,25,37,237
47189030304,4567,1912,1821,834,0,0,3909,117,146,46,44,305
47189030305,3697,1391,1538,768,0,0,3286,77,43,23,30,238
47189030308,3141,1422,1082,637,0,0,2586,108,126,39,84,198
47189030309,4690,2134,1707,849,0,0,3893,150,151,62,99,335
47189030310,4369,2031,1550,788,0,0,3580,157,111,79,87,355
47189030311,1953,880,754,319,0,0,1677,78,34,13,19,132
47189030401,1642,724,629,289,0,0,1385,51,84,18,8,96
47189030402,1825,955,484,386,0,0,1367,95,196,34,9,124
47189030500,3725,1992,1071,662,0,0,3075,154,204,27,19,246
47189030600,2160,911,802,447,0,0,1893,73,54,17,11,112
47189030700,1573,843,261,469,0,0,956,47,481,11,10,68
47189030800,5092,2336,1916,840,0,0,4481,141,78,30,31,331
47189030904,2714,1197,1129,388,0,0,2443,45,20,19,14,173
47189030905,3505,1393,1547,565,0,0,3035,76,89,32,35,238
47189030906,3529,1362,1583,584,0,0,3092,53,32,67,34,251
47189030907,3733,1351,1582,800,0,0,3090,86,106,41,72,338
47189030908,4454,2376,1189,889,0,0,3499,178,154,138,120,365
47189031000,3828,1495,1674,659,0,0,3412,66,87,12,25,226
47003950100,2566,1023,1176,367,0,0,2295,60,41,15,18,137
47003950201,2012,918,844,250,0,0,1794,53,18,7,3,137
47003950202,2218,1007,935,276,0,0,1975,64,36,8,9,126
47003950300,2244,918,1015,311,0,0,1989,72,35,14,8,126
47003950401,2829,1319,1045,465,0,0,2277,184,157,21,13,177
47003950402,3685,1827,1284,574,0,0,2861,213,341,32,33,205
47003950500,3010,1412,1009,589,0,0,2186,193,430,26,14,161
47003950600,3107,1615,980,512,0,0,2269,206,431,14,25,162
47003950700,1979,753,946,280,0,0,1752,42,51,8,13,113
47003950800,1977,675,1017,285,0,0,1766,36,24,11,11,129
47169090100,3825,1667,1510,648,0,0,3345,63,191,13,20,193
47169090200,1647,819,480,348,0,0,1282,35,245,6,2,77
47021070102,2446,1059,890,497,0,0,2207,49,13,15,10,152
47021070103,1959,839,787,333,0,0,1777,43,14,5,7,113
47021070104,3239,1467,1121,651,0,0,2890,64,38,27,18,202
47021070201,3222,1381,1349,492,0,0,2889,69,17,10,17,220
47021070202,3345,1417,1337,591,0,0,3039,79,13,19,11,184
47021070203,2251,985,941,325,0,0,2039,47,27,11,6,121
47021070300,2381,1073,756,552,0,0,2088,62,68,16,10,137
47021070401,1660,628,636,396,0,0,1462,35,29,7,16,111
47021070402,4921,1835,1856,1230,0,0,4408,95,19,23,34,342
47103975000,1111,383,579,149,0,0,1018,14,22,3,2,52
47103975100,1452,528,718,206,0,0,1307,13,42,4,6,80
47103975200,1177,429,581,167,0,0,1054,19,14,2,4,84
47103975300,3848,1653,1491,704,0,0,3014,69,537,29,11,188
47103975400,2346,894,1027,425,0,0,2037,21,157,14,9,108
47103975500,2823,1247,1219,357,0,0,2583,38,19,15,10,158
47103975601,3093,1391,1349,353,0,0,2747,55,87,8,17,179
47103975602,2477,1090,1090,297,0,0,2234,46,42,15,10,130
47103975700,2079,836,1014,229,0,0,1887,27,9,11,16,129
47167040100,2760,1310,1063,387,0,0,2244,42,325,12,16,121
47167040200,1130,566,420,144,0,0,975,18,58,4,0,75
47167040302,6611,3280,2530,801,0,0,5532,149,479,33,38,380
47167040303,3903,1823,1521,559,0,0,3131,83,424,15,15,235
47167040304,3932,1970,1610,352,0,0,3409,78,145,6,15,279
47167040400,1835,700,967,168,0,0,1659,15,24,6,9,122
47167040500,3729,1857,1452,420,0,0,3111,59,305,11,12,231
47167040601,2743,1371,854,518,0,0,1659,21,924,16,6,117
47167040602,1888,747,827,314,0,0,1363,15,375,10,5,120
47167040700,2565,1336,664,565,0,0,1236,15,1196,16,6,96
47167040800,2878,1220,1378,280,0,0,2506,47,169,5,15,136
47167040900,1034,420,386,228,0,0,679,6,315,0,1,33
47167041000,1475,746,334,395,0,0,628,17,792,5,2,31
47139950100,1173,499,401,273,0,0,1092,11,2,3,7,58
47139950201,1536,598,662,276,0,0,1423,19,3,1,6,84
47139950203,2056,878,749,429,0,0,1868,34,2,12,9,131
47139950204,1983,810,772,401,0,0,1866,10,6,5,7,89
47139950300,2749,1237,1074,438,0,0,2502,34,2,8,20,183
47139950400,2610,1264,898,448,0,0,2408,34,6,4,2,156
47017962000,2321,895,954,472,0,0,2010,34,130,14,8,125
47017962101,1920,685,931,304,0,0,1623,22,150,4,3,118
47017962102,2329,845,1080,404,0,0,1940,36,251,10,12,80
47017962201,1696,821,591,284,0,0,1356,18,216,6,3,97
47017962202,2278,854,1089,335,0,0,2013,33,98,11,19,104
47017962300,2550,1026,1026,498,0,0,2065,24,340,13,6,102
47017962400,1594,633,715,246,0,0,1417,25,66,9,12,65
47017962500,1276,444,652,180,0,0,1110,13,90,7,2,54
47017980100,0,0,0,0,0,0,0,0,0,0,0,0
47153060102,1663,635,770,258,0,0,1535,26,4,6,9,83
47153060103,2602,1139,1024,439,0,0,2395,49,5,10,11,132
47153060104,2658,1117,1113,428,0,0,2464,37,10,13,10,124
47153060200,3256,1303,1492,461,0,0,3018,37,2,13,5,181
47001020100,1833,975,375,483,0,0,1235,38,412,18,14,116
47001020201,3085,1072,1128,885,0,0,2583,59,69,124,42,208
47001020202,2869,1033,973,863,0,0,2416,98,65,45,36,209
47001020300,2443,1009,747,687,0,0,2120,62,77,17,20,147
47001020400,2776,1166,783,827,0,0,2402,51,66,22,36,199
47001020500,1989,1074,467,448,0,0,1662,51,99,13,7,157
47001020600,1769,653,633,483,0,0,1489,45,47,27,28,133
47001020700,669,285,264,120,0,0,613,6,0,4,0,46
47001020800,2485,1193,958,334,0,0,2275,27,6,16,5,156
47001020901,4187,1478,1996,713,0,0,3917,27,6,13,10,214
47001020902,3776,1563,1655,558,0,0,3469,44,10,17,12,224
47001021001,1467,685,574,208,0,0,1357,22,2,5,5,76
47001021002,1891,770,750,371,0,0,1733,18,31,8,8,93
47001021100,2989,1010,1407,572,0,0,2715,44,29,21,19,161
47001021201,2758,1119,1173,466,0,0,2529,32,59,8,7,123
47001021202,2898,1234,1137,527,0,0,2639,40,30,12,12,165
47001021301,2208,846,989,373,0,0,2038,33,6,6,8,117
47001021303,2492,1035,1028,429,0,0,2273,35,40,7,13,124
47001021304,1938,986,698,254,0,0,1713,42,25,12,13,133
47001980100,0,0,0,0,0,0,0,0,0,0,0,0
47039955001,1141,364,601,176,0,0,1045,15,9,12,4,56
47039955003,1607,582,791,234,0,0,1465,25,18,8,6,85
47039955004,1068,426,440,202,0,0,941,22,41,5,3,56
47039955101,1081,325,479,277,0,0,972,7,53,2,2,45
47039955102,2099,665,1029,405,0,0,1956,21,17,2,4,99
47047060300,1841,751,559,531,0,0,892,33,853,8,5,50
47047060401,2403,936,1204,263,0,0,1956,70,223,26,6,122
47047060402,2860,1206,1126,528,0,0,2049,55,580,23,22,131
47047060403,3334,1247,1525,562,0,0,2557,51,535,16,24,151
47047060404,4396,1924,1767,705,0,0,3465,69,572,28,24,238
47047060501,2933,1132,1204,597,0,0,1901,33,852,13,6,128
47047060502,2594,904,1162,528,0,0,1793,25,661,11,16,88
47047060600,2701,1005,985,711,0,0,1502,27,1015,9,17,131
47047060701,1742,614,799,329,0,0,1146,22,482,9,3,80
47047060702,3067,1051,1543,473,0,0,2200,44,608,45,18,152
47047060800,1561,536,696,329,0,0,1012,14,471,8,3,53
47151975000,2421,1001,1154,266,0,0,2293,13,1,7,6,101
47151975101,1555,682,688,185,0,0,1468,10,0,7,1,69
47151975102,2842,1116,1437,289,0,0,2688,21,1,3,7,122
47151975200,3311,1386,1520,405,0,0,3163,17,3,8,1,119
47151975300,1529,693,587,249,0,0,1475,11,0,1,2,40
47151975400,1636,638,747,251,0,0,1553,8,3,3,5,64
47013950100,1621,750,563,308,0,0,1536,16,0,2,11,56
47013950200,1467,656,504,307,0,0,1355,16,15,9,5,67
47013950300,1119,557,409,153,0,0,1043,17,1,3,1,54
47013950400,2755,1235,1042,478,0,0,2536,34,1,12,9,163
47013950500,3302,1181,1601,520,0,0,3100,33,3,21,19,126
47013950601,929,487,283,159,0,0,856,9,9,2,7,46
47013950602,1202,556,422,224,0,0,1136,9,1,3,2,51
47013950701,991,329,497,165,0,0,932,4,0,1,1,53
47013950702,1470,696,502,272,0,0,1368,10,5,9,4,74
47013950800,1512,549,721,242,0,0,1424,12,0,6,4,66
47013950900,1822,753,801,268,0,0,1678,17,5,1,4,117
47013951000,1360,526,617,217,0,0,1254,6,0,3,15,82
47013951100,3376,1290,1532,554,0,0,3165,26,1,5,15,164
47111970100,2804,1106,1400,298,0,0,2542,58,12,5,7,180
47111970200,3685,1438,1873,374,0,0,3376,66,7,12,8,216
47111970301,2481,1075,1125,281,0,0,2224,61,13,11,15,157
47111970302,1976,846,938,192,0,0,1804,30,9,9,8,116
47111970400,2353,1168,917,268,0,0,2137,40,12,10,4,150
47011010100,3233,1489,1289,455,0,0,2705,150,108,60,30,180
47011010201,1734,674,821,239,0,0,1484,58,49,16,24,103
47011010202,2086,959,861,266,0,0,1744,85,72,39,15,131
47011010300,1920,1156,550,214,0,0,1612,80,101,15,11,101
47011010400,1031,680,204,147,0,0,733,61,162,6,9,60
47011010500,1643,938,482,223,0,0,1372,55,63,6,11,136
47011010600,2262,980,970,312,0,0,1910,96,59,16,18,163
47011010700,2298,1503,514,281,0,0,1805,131,205,11,18,128
47011010800,1539,970,357,212,0,0,1134,97,187,10,19,92
47011010900,1884,890,804,190,0,0,1672,73,12,7,19,101
47011011000,3395,1841,1132,422,0,0,2846,183,74,26,36,230
47011011101,4180,1772,1973,435,0,0,3674,97,40,30,55,284
47011011102,2316,1082,965,269,0,0,2037,62,53,7,12,145
47011011201,4299,1976,1812,511,0,0,3646,129,163,35,38,288
47011011203,3329,1383,1595,351,0,0,2895,90,58,41,36,209
47011011204,4173,1904,1704,565,0,0,3417,183,208,75,48,242
47011011301,3603,1478,1835,290,0,0,3280,43,32,13,21,214
47011011302,1708,818,726,164,0,0,1532,44,10,6,14,102
47011011402,1867,986,658,223,0,0,1506,100,80,28,20,133
47011011403,2919,1185,1465,269,0,0,2525,98,42,50,25,179
47011011404,3076,1118,1626,332,0,0,2730,67,25,41,23,190
47011011501,3662,1840,1491,331,0,0,3175,124,27,25,54,257
47011011502,2479,1159,1098,222,0,0,2230,60,14,12,28,135
47011011601,3208,1585,1336,287,0,0,2869,68,37,10,26,198
47011011602,3076,1480,1330,266,0,0,2769,58,3,21,22,203
47147080101,2722,1373,960,389,0,0,2407,67,91,7,4,146
47147080103,4561,2382,1503,676,0,0,4021,122,60,39,39,280
47147080104,4781,2110,2006,665,0,0,4287,107,73,13,34,267
47147080200,3759,1390,1813,556,0,0,3354,80,67,14,15,229
47147080301,1418,686,344,388,0,0,921,68,360,10,6,53
47147080302,1468,655,369,444,0,0,874,63,442,6,10,73
47147080401,2518,1336,516,666,0,0,1503,118,750,14,6,127
47147080402,2442,1015,808,619,0,0,1901,98,266,26,12,139
47147080500,3066,1191,1372,503,0,0,2640,76,114,19,19,198
47147080603,2932,1224,1224,484,0,0,2625,56,17,16,18,200
47147080604,3248,1260,1452,536,0,0,2948,53,18,35,16,178
47147080605,1634,695,723,216,0,0,1484,24,7,7,8,104
47147080606,3583,1693,1355,535,0,0,3214,68,34,8,19,240
47147080701,2072,834,972,266,0,0,1902,28,13,3,8,118
47147080702,2918,1162,1283,473,0,0,2572,58,48,16,24,200
47149040101,1471,903,286,282,0,0,849,200,267,29,46,80
47149040102,1786,1023,300,463,0,0,1029,206,379,17,43,112
47149040104,2344,1443,332,569,0,0,1225,230,632,37,68,152
47149040105,2067,1255,379,433,0,0,1397,203,289,20,40,118
47149040106,1272,875,116,281,0,0,517,183,430,20,36,86
47149040107,2332,1551,189,592,0,0,745,293,981,37,117,159
47149040200,1885,1025,453,407,0,0,1283,140,250,31,58,123
47149040303,1170,614,330,226,0,0,940,47,87,12,18,66
47149040304,2246,1163,562,521,0,0,1612,146,263,35,45,145
47149040305,1114,672,192,250,0,0,760,81,113,17,56,87
47149040307,2100,1003,679,418,0,0,1626,107,120,41,47,159
47149040308,3487,1840,871,776,0,0,2490,206,385,68,88,250
47149040309,3509,1787,1062,660,0,0,2785,133,191,57,73,270
47149040310,2039,1071,590,378,0,0,1638,105,82,25,40,149
47149040311,1316,708,335,273,0,0,985,74,130,28,19,80
47149040312,638,425,78,135,0,0,421,40,108,11,19,39
47149040404,1949,820,755,374,0,0,1592,102,85,27,31,112
47149040405,1628,958,334,336,0,0,1158,120,199,20,15,116
47149040501,5565,2639,2073,853,0,0,4779,168,120,52,39,407
47149040502,5249,2115,2396,738,0,0,4530,135,229,29,30,296
47149040600,3061,1148,1390,523,0,0,2712,68,59,26,13,183
47149040702,4139,1956,1498,685,0,0,3413,149,211,40,35,291
47149040703,4829,2505,1485,839,0,0,3808,196,294,89,50,392
47149040704,2874,1339,1107,428,0,0,2426,78,112,13,17,228
47149040806,5316,2453,1935,928,0,0,4412,208,158,81,128,329
47149040807,4329,2072,1495,762,0,0,3618,144,158,40,45,324
47149040808,6969,3268,2465,1236,0,0,5692,233,281,98,105,560
47149040809,2831,1240,1186,405,0,0,2474,71,45,22,17,202
47149040810,2055,831,903,321,0,0,1872,27,23,11,6,116
47149040811,4189,2030,1157,1002,0,0,2933,145,448,139,173,351
47149040812,2057,1107,455,495,0,0,1425,156,237,64,46,129
47149040901,3010,1652,748,610,0,0,2275,112,291,64,38,230
47149040904,3028,1339,948,741,0,0,2359,123,188,88,40,230
47149040906,3320,1850,725,745,0,0,2446,170,306,66,78,254
47149040907,6180,3210,1790,1180,0,0,4734,243,382,129,147,545
47149040908,5462,3029,1351,1082,0,0,4140,224,480,106,105,407
47149040909,3459,2021,686,752,0,0,2570,181,330,71,52,255
47149040910,3551,1751,1022,778,0,0,2706,118,362,66,54,245
47149040911,3882,1764,1293,825,0,0,3010,146,266,84,62,314
47149041000,5378,2322,2018,1038,0,0,4452,176,230,68,74,378
47149041102,1764,707,697,360,0,0,1492,37,119,12,5,99
47149041103,3088,1208,1194,686,0,0,2531,73,214,36,46,188
47149041104,2718,1052,1021,645,0,0,2213,76,155,41,36,197
47149041201,4011,1725,1432,854,0,0,3181,164,242,96,52,276
47149041202,3154,1364,1147,643,0,0,2528,82,160,94,32,258
47149041301,4594,1361,2176,1057,0,0,3976,69,140,89,49,271
47149041302,3844,1274,1673,897,0,0,3252,67,162,40,62,261
47149041401,3009,1323,999,687,0,0,2324,70,324,63,40,188
47149041404,1887,1165,294,428,0,0,1261,70,424,19,20,93
47149041405,1189,779,149,261,0,0,890,54,161,11,7,66
47149041406,2721,1471,677,573,0,0,2064,92,333,43,27,162
47149041407,2553,1320,670,563,0,0,1945,87,299,39,42,141
47149041500,511,418,14,79,0,0,370,16,77,5,7,36
47149041601,1556,893,254,409,0,0,1131,67,232,11,16,99
47149041602,1261,542,294,425,0,0,951,44,169,7,16,74
47149041700,2607,1190,754,663,0,0,2049,90,247,18,33,170
47149041800,2021,1276,369,376,0,0,1382,76,329,50,32,152
47149041900,1816,1139,122,555,0,0,749,86,874,12,15,80
47149042000,2932,1276,898,758,0,0,2175,98,296,71,51,241
47149042101,2763,1811,276,676,0,0,1453,140,887,69,31,183
47149042102,2260,1303,357,600,0,0,1630,92,333,17,21,167
47149042200,2280,1131,685,464,0,0,1823,151,111,31,27,137
47149042301,2270,1404,419,447,0,0,1573,173,217,64,35,208
47149042302,2307,1354,499,454,0,0,1786,111,177,29,27,177
47091956000,723,181,451,91,0,0,679,12,2,1,2,27
47091956100,1575,523,911,141,0,0,1459,25,1,6,9,75
47091956200,1513,459,888,166,0,0,1422,19,0,4,3,65
47091956300,3319,1001,1927,391,0,0,3084,38,15,16,19,147
47091956400,2831,841,1696,294,0,0,2612,30,2,10,3,174
47187050102,4742,2007,1791,944,0,0,3823,139,110,135,173,362
47187050103,4685,1991,1929,765,0,0,3971,89,146,59,61,359
47187050104,3602,1606,1276,720,0,0,2625,129,74,267,159,348
47187050105,6009,2808,2041,1160,0,0,4749,158,80,211,160,651
47187050204,3748,1574,1347,827,0,0,2880,100,66,211,146,345
47187050205,2686,894,1267,525,0,0,2344,65,18,53,33,173
47187050206,2353,877,968,508,0,0,1914,54,15,120,43,207
47187050207,3101,1469,1086,546,0,0,2351,64,52,238,104,292
47187050209,3063,1170,1234,659,0,0,2443,61,36,186,85,252
47187050210,2103,693,978,432,0,0,1774,36,26,69,47,151
47187050211,3888,1963,1188,737,0,0,3079,163,80,134,78,354
47187050212,1410,586,576,248,0,0,1145,36,8,62,41,118
47187050303,2307,748,1127,432,0,0,2032,48,11,35,40,141
47187050304,1774,627,849,298,0,0,1538,24,8,39,28,137
47187050305,2115,844,898,373,0,0,1758,51,17,68,68,153
47187050306,1491,599,600,292,0,0,1181,50,24,77,39,120
47187050307,2403,1106,850,447,0,0,2028,72,25,39,36,203
47187050403,1543,506,671,366,0,0,1321,39,11,21,19,132
47187050404,5152,1821,2246,1085,0,0,4441,76,30,78,64,463
47187050405,2358,788,1084,486,0,0,2067,34,14,9,23,211
47187050406,4813,1702,2170,941,0,0,4202,82,30,44,73,382
47187050502,2768,1047,1171,550,0,0,2479,65,11,13,14,186
47187050503,3590,1493,1480,617,0,0,3169,91,18,35,17,260
47187050504,2591,1133,1007,451,0,0,2315,63,18,11,15,169
47187050601,3857,1564,1405,888,0,0,3122,132,189,59,51,304
47187050603,2140,874,778,488,0,0,1611,77,226,24,37,165
47187050604,7076,2996,2801,1279,0,0,6060,133,112,67,82,622
47187050701,2855,994,1181,680,0,0,2418,109,21,31,41,235
47187050702,3102,1125,1352,625,0,0,2702,69,12,42,35,242
47187050801,2130,998,606,526,0,0,1422,121,457,16,19,95
47187050802,1008,352,395,261,0,0,866,12,11,7,12,100
47187050904,2737,1277,753,707,0,0,1922,195,360,32,34,194
47187050905,3810,1820,1261,729,0,0,3091,197,70,93,60,299
47187050906,3976,1429,1769,778,0,0,3462,73,58,32,43,308
47187050907,3849,1455,1549,845,0,0,3310,108,38,57,45,291
47187050908,3121,1193,1395,533,0,0,2693,86,26,22,30,264
47187050909,3278,1326,1444,508,0,0,2875,74,28,36,44,221
47187051001,5181,2170,1968,1043,0,0,4154,167,52,214,90,504
47187051002,7120,3164,2690,1266,0,0,5941,212,65,150,103,649
47187051100,6298,2625,2797,876,0,0,5447,127,133,46,51,494
47187051203,2371,900,1075,396,0,0,2110,43,51,7,19,141
47187051204,3966,1788,1518,660,0,0,3349,132,71,51,40,323
47187051205,5887,2960,2010,917,0,0,5002,190,81,52,110,452
47187051206,4900,2537,1581,782,0,0,3990,272,106,55,61,416
47187051207,4012,2043,1287,682,0,0,3298,186,83,43,58,344
47187051208,4891,2355,1732,804,0,0,4104,170,83,52,71,411
47073050100,2156,1018,939,199,0,0,1999,30,9,8,6,104
47073050200,2804,1033,1545,226,0,0,2617,25,10,9,5,138
47073050301,2469,873,1336,260,0,0,2270,21,51,10,13,104
47073050302,2222,910,1092,220,0,0,2049,26,37,14,6,90
47073050400,3196,1289,1553,354,0,0,3034,20,13,6,8,115
47073050501,2317,1053,1025,239,0,0,2179,25,8,5,6,94
47073050502,1890,825,854,211,0,0,1748,13,41,4,4,80
47073050503,3011,1288,1341,382,0,0,2842,18,15,12,11,113
47073050601,3160,1682,1164,314,0,0,2883,40,36,18,15,168
47073050602,2863,1226,1307,330,0,0,2605,55,14,12,13,164
47073050700,1901,807,852,242,0,0,1802,10,3,6,2,78
47073050800,2809,1098,1403,308,0,0,2640,35,5,4,15,110
47073050900,1514,672,692,150,0,0,1407,11,4,3,5,84
47161110201,2902,1123,1244,535,0,0,2636,61,7,8,4,186
47161110202,992,433,388,171,0,0,880,30,1,6,3,72
47161110600,1581,621,647,313,0,0,1423,23,25,6,13,91
47161110700,2920,896,1415,609,0,0,2613,42,25,74,15,151
47161980100,4,4,0,0,0,0,4,0,0,0,0,0
47161980200,0,0,0,0,0,0,0,0,0,0,0,0
47081950100,3223,1326,1287,610,0,0,2878,63,37,13,15,217
47081950201,1910,833,684,393,0,0,1675,44,52,4,6,129
47081950202,1922,871,690,361,0,0,1742,39,12,3,13,113
47081950301,1709,636,661,412,0,0,1512,26,84,5,5,77
47081950302,3071,1088,1287,696,0,0,2839,44,33,7,8,140
47081950400,1279,483,592,204,0,0,1190,8,2,3,6,70
47081950500,772,314,306,152,0,0,702,20,4,1,0,45
47059090100,2977,1503,1029,445,0,0,2516,65,212,15,9,160
47059090200,1449,441,832,176,0,0,1328,24,6,18,4,69
47059090300,3726,1223,1996,507,0,0,3329,72,40,22,30,233
47059090400,2932,1171,1349,412,0,0,2633,67,40,11,19,162
47059090501,3109,1242,1438,429,0,0,2786,55,42,14,21,191
47059090502,1257,455,646,156,0,0,1169,15,6,9,5,53
47059090600,2316,802,1259,255,0,0,2135,34,7,4,5,131
47059090700,1522,600,759,163,0,0,1407,12,3,1,5,94
47059090800,2489,1082,1070,337,0,0,2291,26,10,9,21,132
47059090900,3106,1249,1530,327,0,0,2860,48,16,11,7,164
47059091001,2695,1056,1351,288,0,0,2476,34,5,6,14,160
47059091002,1858,759,923,176,0,0,1699,28,5,2,8,116
47059091100,2168,759,1171,238,0,0,1994,21,4,9,8,132
47059091200,1809,772,847,190,0,0,1656,22,9,6,12,104
47059091300,2286,1082,949,255,0,0,2079,39,8,9,6,145
47059091400,1545,609,752,184,0,0,1428,14,13,2,3,85
47059091500,1851,763,878,210,0,0,1733,17,1,4,1,95
47155080101,2295,1297,763,235,0,0,2026,70,19,7,17,156
47155080103,2679,1468,989,222,0,0,2388,55,11,14,16,195
47155080104,2310,1133,955,222,0,0,2092,41,1,6,13,157
47155080202,4323,2069,1827,427,0,0,3856,102,29,20,23,293
47155080203,3488,1572,1563,353,0,0,3173,54,5,13,23,220
47155080204,2434,1136,1063,235,0,0,2178,43,3,19,17,174
47155080300,3677,1897,1418,362,0,0,3287,91,19,19,23,238
47155080401,2105,1030,852,223,0,0,1926,52,1,3,11,112
47155080402,2291,1251,827,213,0,0,2039,58,12,4,20,158
47155080500,3348,1692,1328,328,0,0,2898,109,14,57,38,232
47155080601,2921,1590,1025,306,0,0,2542,113,12,30,23,201
47155080603,2352,1248,887,217,0,0,2115,47,11,9,13,157
47155080604,3441,1562,1545,334,0,0,3139,56,6,12,22,206
47155080701,2687,1153,1263,271,0,0,2408,54,2,19,23,181
47155080702,2965,1484,1169,312,0,0,2669,67,3,11,16,199
47155080801,1078,611,357,110,0,0,895,68,21,10,8,76
47155080803,2929,1248,1375,306,0,0,2558,90,6,57,32,186
47155080804,1627,826,655,146,0,0,1383,72,9,24,11,128
47155080901,2347,1057,1026,264,0,0,2069,71,3,18,7,179
47155080903,1580,702,714,164,0,0,1402,30,3,6,8,131
47155080904,1408,804,475,129,0,0,1201,44,1,41,21,100
47155081001,1611,908,575,128,0,0,1428,41,9,21,15,97
47155081002,1901,1135,586,180,0,0,1600,59,6,54,33,149
47155081101,1073,609,332,132,0,0,868,41,8,42,15,99
47155081103,1313,512,589,212,0,0,1139,43,2,15,10,104
47155081104,1031,555,381,95,0,0,902,23,3,28,4,71
47155980100,18,8,8,2,0,0,13,2,0,1,0,2
47107970102,2812,1072,1409,331,0,0,2517,51,38,19,10,177
47107970103,1864,759,913,192,0,0,1694,14,11,10,6,129
47107970104,1978,871,885,222,0,0,1742,26,60,7,20,123
47107970201,1198,623,394,181,0,0,985,37,85,8,2,81
47107970202,1609,866,500,243,0,0,1283,70,125,12,9,110
47107970300,1630,703,632,295,0,0,1311,64,119,15,9,112
47107970401,2099,784,1011,304,0,0,1869,48,36,15,8,123
47107970402,3337,1146,1765,426,0,0,2936,78,78,18,26,201
47107970500,2295,798,1210,287,0,0,2032,46,8,8,12,189
47107970601,1741,618,921,202,0,0,1576,24,16,4,19,102
47107970602,1808,778,805,225,0,0,1623,39,30,14,5,97
47107970700,2458,1030,1076,352,0,0,2114,35,136,10,24,139
47107970801,2812,1123,1365,324,0,0,2513,53,52,17,15,162
47107970802,2317,946,1090,281,0,0,2031,48,39,10,11,178
47015960100,2501,895,1117,489,0,0,2307,37,13,10,16,118
47015960201,1378,557,534,287,0,0,1243,23,28,6,4,74
47015960202,2684,942,1270,472,0,0,2491,27,11,13,14,128
47015960300,2053,723,974,356,0,0,1906,31,16,3,6,91
47079969001,1665,611,802,252,0,0,1532,16,1,7,8,101
47079969002,1530,563,738,229,0,0,1408,10,14,3,7,88
47079969100,1673,690,716,267,0,0,1503,15,23,5,3,124
47079969200,881,326,407,148,0,0,790,4,25,8,0,54
47079969300,1449,768,353,328,0,0,923,25,422,6,5,68
47079969400,997,482,251,264,0,0,702,16,210,6,2,61
47079969501,1345,530,573,242,0,0,1166,20,56,12,6,85
47079969502,1966,802,761,403,0,0,1724,30,74,17,4,117
47079969601,1892,717,846,329,0,0,1683,23,92,8,5,81
47079969602,2958,1115,1410,433,0,0,2693,45,32,9,11,168
47079969700,1392,569,589,234,0,0,1232,22,56,4,3,75
47079969800,1327,585,570,172,0,0,1184,39,44,1,4,55
47071920100,2185,808,1153,224,0,0,2048,23,12,5,3,94
47071920200,2733,1035,1381,317,0,0,2458,34,65,13,10,153
47071920300,2467,779,1275,413,0,0,2144,29,133,17,13,131
47071920401,910,370,421,119,0,0,824,12,18,2,2,52
47071920402,1324,624,479,221,0,0,1118,21,75,17,9,84
47071920501,2394,947,1142,305,0,0,2240,29,18,3,6,98
47071920502,800,321,380,99,0,0,749,7,2,0,0,42
47071920600,2208,880,1023,305,0,0,2031,22,31,8,1,115
47075930100,1548,531,633,384,0,0,1075,27,397,2,2,45
47075930200,968,342,331,295,0,0,560,9,367,4,1,27
47075930301,2648,986,630,1032,0,0,1004,77,1505,13,3,46
47075930302,1522,705,192,625,0,0,401,24,1069,5,0,23
47075930400,2162,896,507,759,0,0,814,34,1244,10,8,52
47075930500,1411,549,352,510,0,0,630,15,700,3,4,59
47183968000,657,277,303,77,0,0,627,1,2,6,1,20
47183968101,1825,742,670,413,0,0,1440,41,231,23,11,79
47183968102,1164,416,566,182,0,0,1030,25,22,5,6,76
47183968201,2860,1106,1229,525,0,0,2475,63,146,26,24,126
47183968202,209,144,34,31,0,0,135,5,57,2,1,9
47183968203,1346,717,377,252,0,0,1044,32,183,11,14,62
47183968300,1288,474,623,191,0,0,1149,12,52,4,5,66
47183968400,3125,1127,1436,562,0,0,2882,20,65,16,11,131
47183968500,2483,1025,1121,337,0,0,2281,33,30,8,5,126
47183968600,2023,777,967,279,0,0,1796,26,99,12,5,85
47183968700,734,262,365,107,0,0,686,9,1,3,3,32
47109930100,2458,1002,1188,268,0,0,2233,49,25,9,12,130
47109930200,1135,462,547,126,0,0,1010,22,10,2,7,84
47109930300,1556,578,757,221,0,0,1333,22,101,3,1,96
47109930400,1124,388,602,134,0,0,1041,8,14,3,4,54
47109930501,1345,491,625,229,0,0,1162,14,108,2,1,58
47109930502,2967,1158,1317,492,0,0,2440,33,305,10,9,170
47109930600,2059,707,980,372,0,0,1802,22,114,9,6,106
47109930700,1946,788,877,281,0,0,1753,8,76,3,7,99
47185935000,2480,871,1182,427,0,0,2266,52,4,8,19,131
47185935100,3675,1273,1846,556,0,0,3363,54,14,12,16,216
47185935200,2477,925,1125,427,0,0,2307,43,4,11,13,99
47185935300,3322,1142,1553,627,0,0,3024,62,65,24,7,140
47185935400,1925,726,764,435,0,0,1698,35,91,3,9,89
47185935500,1963,698,937,328,0,0,1809,26,7,8,11,102
47037010103,1661,570,710,381,0,0,1435,35,62,5,10,114
47037010104,2159,765,832,562,0,0,1812,45,143,12,13,134
47037010105,3343,1021,228,2094,0,0,586,35,2612,35,9,66
47037010106,1864,793,141,930,0,0,457,46,1302,6,11,42
47037010201,2787,988,444,1355,0,0,1193,90,1356,29,16,103
47037010202,2646,894,1159,593,0,0,2298,59,86,20,32,151
47037010301,2654,1130,630,894,0,0,1622,83,762,34,23,130
47037010302,1369,689,288,392,0,0,871,51,365,5,10,67
47037010303,2313,1200,424,689,0,0,1577,104,441,47,21,123
47037010401,2466,1210,446,810,0,0,1414,178,709,34,17,114
47037010403,1507,939,101,467,0,0,660,68,669,11,10,89
47037010404,934,508,113,313,0,0,564,87,223,11,7,42
47037010501,3456,1419,806,1231,0,0,2811,81,274,30,43,217
47037010502,3374,1428,847,1099,0,0,2553,110,401,64,43,203
47037010601,2707,1193,464,1050,0,0,1467,156,908,29,15,132
47037010602,1635,752,139,744,0,0,590,105,856,16,13,55
47037010701,2081,1101,238,742,0,0,1186,136,616,15,13,115
47037010702,1224,592,161,471,0,0,665,72,388,8,8,83
47037010801,2935,1324,448,1163,0,0,1406,141,1210,30,18,130
47037010802,2082,724,410,948,0,0,1374,88,506,13,19,82
47037010901,1933,857,267,809,0,0,917,75,811,5,17,108
47037010903,3144,1676,88,1380,0,0,373,57,2616,15,32,51
47037010904,1939,993,57,889,0,0,258,34,1601,9,12,25
47037011001,2969,1497,158,1314,0,0,749,96,1973,40,15,96
47037011002,1624,729,183,712,0,0,792,45,678,12,15,82
47037011100,2860,934,474,1452,0,0,2316,85,178,43,33,205
47037011200,3195,1183,346,1666,0,0,2362,80,439,45,40,229
47037011300,2921,1585,145,1191,0,0,1186,149,1353,41,25,167
47037011400,3615,1737,211,1667,0,0,1543,93,1610,42,49,278
47037011500,2818,948,355,1515,0,0,1935,85,502,35,26,235
47037011600,3867,1437,454,1976,0,0,2568,121,829,40,34,275
47037011700,4073,1755,276,2042,0,0,2521,137,1016,45,40,314
47037011800,1770,885,72,813,0,0,414,36,1199,17,18,86
47037011900,1790,979,83,728,0,0,764,75,796,19,30,106
47037012100,2204,801,176,1227,0,0,1730,50,153,30,19,222
47037012200,1669,653,170,846,0,0,1291,51,145,32,13,137
47037012600,1136,674,42,420,0,0,318,20,727,13,9,49
47037012701,3384,1610,50,1724,0,0,272,34,3000,20,23,35
47037012702,1958,822,42,1094,0,0,264,23,1602,17,11,41
47037012801,3041,1240,59,1742,0,0,317,41,2623,13,14,33
47037012802,2016,914,71,1031,0,0,263,29,1662,13,15,34
47037013001,157,95,13,49,0,0,127,3,10,3,1,13
47037013002,1,0,0,1,0,0,0,0,1,0,0,0
47037013100,1515,536,303,676,0,0,858,36,503,30,19,69
47037013201,1733,752,405,576,0,0,1305,59,68,155,36,110
47037013202,2243,1186,319,738,0,0,1752,95,124,66,33,173
47037013300,3287,1838,404,1045,0,0,2519,99,256,65,30,318
47037013400,3370,1218,573,1579,0,0,2815,80,45,57,51,322
47037013500,1397,732,123,542,0,0,874,37,332,18,20,116
47037013600,4082,3081,32,969,0,0,316,51,3606,27,28,54
47037013701,2311,1250,51,1010,0,0,387,41,1774,20,14,75
47037013702,2041,1207,248,586,0,0,740,61,1042,25,32,141
47037013800,969,507,17,445,0,0,108,18,819,3,2,19
47037013900,1336,820,52,464,0,0,403,37,812,11,9,64
47037014200,867,593,4,270,0,0,76,18,733,13,10,17
47037014300,1141,678,31,432,0,0,177,21,897,14,4,28
47037014400,1577,1094,52,431,0,0,676,34,699,21,17,130
47037014800,508,445,1,62,0,0,46,19,428,2,5,8
47037015100,2570,1104,672,794,0,0,2144,109,112,31,27,147
47037015200,1738,674,454,610,0,0,1492,58,45,15,20,108
47037015300,4358,1674,1225,1459,0,0,3364,163,371,50,89,321
47037015401,3852,1480,1283,1089,0,0,3025,129,318,85,52,243
47037015402,2834,1356,648,830,0,0,2155,141,266,27,46,199
47037015404,1594,696,426,472,0,0,1212,91,153,29,7,102
47037015405,2748,1357,631,760,0,0,2051,117,352,35,34,159
47037015501,2307,1188,454,665,0,0,1778,86,199,39,44,161
47037015502,2367,1185,468,714,0,0,1858,90,200,24,50,145
47037015609,3182,1815,531,836,0,0,2353,160,284,52,43,290
47037015613,1576,962,189,425,0,0,736,220,394,64,58,104
47037015614,1801,1064,132,605,0,0,601,176,674,59,169,122
47037015615,1529,908,132,489,0,0,523,220,542,64,82,98
47037015617,1606,624,308,674,0,0,947,72,454,12,25,96
47037015618,3264,1561,407,1296,0,0,1312,209,1388,47,127,181
47037015619,3110,1416,449,1245,0,0,1297,176,1283,62,141,151
47037015620,3292,1737,326,1229,0,0,1022,250,1627,48,185,160
47037015622,2370,1084,554,732,0,0,1589,118,417,37,61,148
47037015623,3290,1738,694,858,0,0,2085,129,742,53,49,232
47037015624,2601,1421,403,777,0,0,1653,104,543,50,70,181
47037015625,3338,1579,642,1117,0,0,2361,133,482,52,85,225
47037015626,2871,1727,175,969,0,0,774,209,1403,56,214,215
47037015627,1334,745,124,465,0,0,437,155,517,62,70,93
47037015628,1503,973,77,453,0,0,333,76,957,19,57,61
47037015629,3140,1974,187,979,0,0,1044,156,1538,74,165,163
47037015630,2842,1602,158,1082,0,0,749,157,1554,70,171,141
47037015632,2127,1308,307,512,0,0,1389,90,456,26,37,129
47037015633,3576,1318,1216,1042,0,0,2839,95,303,50,44,245
47037015634,4898,2845,417,1636,0,0,1691,395,2058,105,367,282
47037015635,1440,723,273,444,0,0,696,68,478,32,84,82
47037015636,1714,958,177,579,0,0,839,138,508,25,112,92
47037015637,2180,1340,225,615,0,0,922,111,918,32,78,119
47037015700,787,335,140,312,0,0,542,71,72,15,36,51
47037015804,1701,1057,154,490,0,0,776,108,525,18,167,107
47037015805,1211,620,198,393,0,0,738,109,155,27,78,104
47037015806,1631,985,182,464,0,0,753,132,472,30,126,118
47037015900,1211,612,234,365,0,0,807,47,233,21,20,83
47037016000,1258,805,42,411,0,0,248,40,917,12,8,33
47037016100,1479,804,114,561,0,0,709,59,576,24,21,90
47037016200,2038,1093,159,786,0,0,705,35,1120,34,19,125
47037016300,1714,960,146,608,0,0,791,46,687,36,23,131
47037016400,1537,800,173,564,0,0,1172,43,61,50,25,186
47037016500,2301,1971,57,273,0,0,1449,104,173,166,71,338
47037016600,2043,1149,244,650,0,0,1477,71,197,65,42,191
47037016700,4174,1237,1004,1933,0,0,3465,93,38,82,57,439
47037016800,2858,1204,297,1357,0,0,2235,74,39,130,69,311
47037016900,3438,1144,434,1860,0,0,2716,87,121,93,61,360
47037017000,1911,832,206,873,0,0,1130,34,525,32,14,176
47037017100,2556,1299,288,969,0,0,1727,79,365,67,43,275
47037017200,1086,536,182,368,0,0,860,54,44,21,31,76
47037017300,1458,713,158,587,0,0,1002,100,163,49,35,109
47037017401,912,479,140,293,0,0,581,86,133,19,29,64
47037017402,2693,1295,420,978,0,0,1915,171,270,44,64,229
47037017500,1489,694,198,597,0,0,1120,128,88,18,29,106
47037017701,1745,522,635,588,0,0,1489,22,10,51,23,150
47037017702,2606,840,740,1026,0,0,2241,56,25,49,23,212
47037017800,4268,1666,864,1738,0,0,3393,117,137,112,78,431
47037017901,3967,1211,1290,1466,0,0,3318,53,44,112,80,360
47037017902,3642,1083,1200,1359,0,0,3020,68,54,81,73,346
47037018000,4207,1182,1216,1809,0,0,3521,73,47,91,55,420
47037018101,2732,1502,319,911,0,0,1812,124,449,75,51,221
47037018102,2748,793,925,1030,0,0,2275,54,32,56,39,292
47037018201,2335,684,756,895,0,0,1958,45,47,51,50,184
47037018203,1287,349,495,443,0,0,1096,18,17,19,24,113
47037018204,1974,1082,283,609,0,0,1415,81,224,31,36,187
47037018205,2340,1027,462,851,0,0,1798,50,159,26,41,266
47037018302,2163,826,688,649,0,0,1762,58,66,43,46,188
47037018303,2838,1550,551,737,0,0,2105,90,235,117,60,231
47037018304,3009,1128,886,995,0,0,2311,79,109,139,129,242
47037018404,3182,1328,681,1173,0,0,2404,94,253,33,83,315
47037018405,3549,1118,1152,1279,0,0,2900,80,90,63,104,312
47037018407,3677,1330,1061,1286,0,0,2899,110,102,136,108,322
47037018408,2672,897,814,961,0,0,2121,50,86,75,79,261
47037018409,3375,1014,1159,1202,0,0,2820,67,93,56,59,280
47037018410,1942,902,396,644,0,0,1500,71,90,30,62,189
47037018411,1668,894,275,499,0,0,1104,50,224,68,76,146
47037018412,2770,1210,623,937,0,0,2195,83,143,37,66,246
47037018500,4202,1153,1875,1174,0,0,3637,46,21,43,39,416
47037018601,2017,665,811,541,0,0,1703,40,7,36,26,205
47037018602,3563,936,1341,1286,0,0,3000,69,26,93,71,304
47037018700,2989,805,1231,953,0,0,2635,34,29,42,52,197
47037018801,4114,1270,1445,1399,0,0,3573,75,79,41,34,312
47037018803,2777,1150,873,754,0,0,2262,65,111,58,83,198
47037018804,3722,1286,1357,1079,0,0,2883,103,176,198,120,242
47037018901,1589,780,309,500,0,0,1045,77,137,45,143,142
47037018902,1555,627,421,507,0,0,1243,75,53,30,35,119
47037018904,1805,913,348,544,0,0,1227,105,220,45,76,132
47037018905,1376,748,244,384,0,0,1002,80,107,34,22,131
47037019003,1462,858,182,422,0,0,749,155,312,62,94,90
47037019004,1394,743,228,423,0,0,736,138,263,58,100,99
47037019007,920,462,159,299,0,0,521,98,129,58,49,65
47037019008,2166,1330,195,641,0,0,602,243,838,129,208,146
47037019105,2160,1107,431,622,0,0,1440,136,252,76,102,154
47037019106,2256,1140,423,693,0,0,1656,117,171,65,78,169
47037019108,917,580,120,217,0,0,433,142,226,25,38,53
47037019109,1883,1020,273,590,0,0,870,268,444,89,83,129
47037019110,1577,740,260,577,0,0,870,197,290,42,78,100
47037019111,1771,1042,185,544,0,0,703,179,677,56,63,93
47037019112,2493,1341,303,849,0,0,1077,191,780,120,160,165
47037019115,2780,1067,819,894,0,0,1910,82,267,113,163,245
47037019116,4293,2010,1007,1276,0,0,2930,158,521,134,204,346
47037019117,2645,1314,342,989,0,0,998,139,981,106,228,193
47037019118,2221,1462,158,601,0,0,763,152,957,125,98,126
47037019119,5240,2538,1330,1372,0,0,3794,215,462,134,198,437
47037019120,1868,986,326,556,0,0,1319,88,151,69,88,153
47037019121,2585,1238,509,838,0,0,1519,82,324,126,296,238
47037019200,2338,1070,189,1079,0,0,1527,61,510,27,40,173
47037019300,1432,1001,30,401,0,0,470,29,839,9,15,70
47037019401,2314,1457,159,698,0,0,1209,68,793,35,37,172
47037019402,2828,1694,244,890,0,0,1827,81,523,57,40,300
47037019501,1424,1000,137,287,0,0,1071,55,40,49,22,187
47037019502,2674,1959,257,458,0,0,1745,85,496,51,48,249
47037019503,1928,1082,287,559,0,0,1479,65,101,34,34,215
47037019600,1954,1026,336,592,0,0,1265,95,394,28,50,122
47037980100,180,128,8,44,0,0,64,9,68,5,19,15
47037980200,16,13,0,3,0,0,11,3,2,0,0,0
47113000100,2247,1028,456,763,0,0,945,53,1151,25,13,60
47113000200,3142,1551,616,975,0,0,1112,56,1858,20,27,69
47113000300,2442,998,760,684,0,0,1561,55,709,21,12,84
47113000400,1712,890,198,624,0,0,370,22,1284,2,5,29
47113000500,1467,899,34,534,0,0,167,5,1275,3,1,16
47113000600,1021,451,208,362,0,0,435,10,527,1,6,42
47113000700,1150,666,181,303,0,0,523,27,566,5,2,27
47113000800,952,643,76,233,0,0,292,11,628,4,3,14
47113000900,1182,642,19,521,0,0,97,13,1061,1,1,9
47113001000,1019,526,20,473,0,0,93,9,910,1,0,6
47113001100,444,230,11,203,0,0,27,4,409,0,0,4
47113001300,3447,1458,1355,634,0,0,2705,48,494,13,16,171
47113001401,952,454,272,226,0,0,631,21,260,3,4,33
47113001402,1418,565,555,298,0,0,1028,21,307,3,6,53
47113001501,2861,1303,793,765,0,0,1610,43,1078,18,12,100
47113001502,3780,1407,1826,547,0,0,3207,41,313,12,28,179
47113001603,1699,635,678,386,0,0,1127,28,424,15,14,91
47113001604,1932,602,950,380,0,0,1499,27,287,17,20,82
47113001605,1232,526,470,236,0,0,838,20,282,11,19,62
47113001607,3632,1482,1248,902,0,0,2442,115,817,53,29,176
47113001608,1880,720,859,301,0,0,1584,21,174,6,5,90
47113001609,1355,378,792,185,0,0,1128,20,136,9,8,54
47113001610,4761,1508,2639,614,0,0,3959,91,286,93,45,287
47113001611,1686,717,556,413,0,0,1044,42,452,28,27,93
47113001612,4987,2245,1526,1216,0,0,3075,87,1526,50,54,195
47113001700,1049,380,317,352,0,0,504,9,507,1,1,27
47113001800,1944,735,678,531,0,0,1178,24,668,4,7,63
47113001900,2406,940,1173,293,0,0,2106,30,148,7,12,103
47093000100,1646,736,306,604,0,0,1356,28,47,16,25,174
47093000800,1606,1000,184,422,0,0,1193,50,206,22,22,113
47093000901,142,107,3,32,0,0,100,10,12,5,1,14
47093000902,679,537,36,106,0,0,523,28,28,14,15,71
47093001400,652,442,75,135,0,0,401,35,181,3,6,26
47093001500,1806,729,384,693,0,0,1540,47,68,6,14,131
47093001600,1620,612,399,609,0,0,1401,25,58,7,20,109
47093001700,1241,554,237,450,0,0,980,48,114,7,5,87
47093001800,1451,538,355,558,0,0,1189,52,98,4,21,87
47093001900,737,373,38,326,0,0,182,22,499,8,0,26
47093002000,1441,747,41,653,0,0,171,23,1223,5,6,13
47093002100,1415,659,125,631,0,0,385,29,948,4,13,36
47093002200,2067,859,494,714,0,0,1830,38,64,10,11,114
47093002300,1855,785,422,648,0,0,1587,41,59,12,21,135
47093002400,1682,988,303,391,0,0,1364,50,131,8,17,112
47093002600,1066,629,149,288,0,0,653,38,260,9,20,86
47093002700,1042,559,253,230,0,0,802,42,107,11,7,73
47093002800,1866,1128,238,500,0,0,909,66,777,7,21,86
47093002900,1509,809,225,475,0,0,1012,35,364,8,14,76
47093003000,2571,1080,721,770,0,0,2124,60,212,17,17,141
47093003100,1781,685,504,592,0,0,1241,61,378,4,16,81
47093003200,1673,787,187,699,0,0,530,40,1052,4,7,40
47093003300,1653,450,458,745,0,0,1149,21,387,8,6,82
47093003400,2988,1275,857,856,0,0,2586,47,82,31,27,215
47093003501,1888,644,704,540,0,0,1654,25,43,10,13,143
47093003502,1152,651,249,252,0,0,959,30,19,21,11,112
47093003700,1656,617,385,654,0,0,1422,36,67,16,16,99
47093003801,2263,1121,491,651,0,0,1845,82,109,25,42,160
47093003802,1893,913,500,480,0,0,1513,54,175,23,18,110
47093003901,2384,1107,674,603,0,0,1890,85,198,30,46,135
47093003902,1372,692,371,309,0,0,1109,50,104,18,16,75
47093004000,2199,1130,507,562,0,0,1827,56,128,23,26,139
47093004100,2472,1063,761,648,0,0,2179,46,75,8,17,147
47093004200,2098,698,770,630,0,0,1849,58,35,8,10,138
47093004300,1683,726,507,450,0,0,1370,50,146,8,12,97
47093004401,3835,1129,1756,950,0,0,3350,96,30,36,66,257
47093004403,3136,1367,906,863,0,0,2575,94,75,57,83,252
47093004404,2783,1019,1072,692,0,0,2312,65,58,57,62,229
47093004501,1924,808,543,573,0,0,1582,45,74,29,39,155
47093004502,2146,709,806,631,0,0,1786,55,33,36,28,208
47093004606,4545,1872,1708,965,0,0,3896,108,86,84,65,306
47093004607,3617,1731,1161,725,0,0,3041,71,160,19,59,267
47093004608,1690,778,507,405,0,0,1422,36,100,12,15,105
47093004609,2935,1297,948,690,0,0,2442,100,82,47,56,208
47093004610,2748,1521,587,640,0,0,2178,113,125,37,56,239
47093004611,2747,928,1142,677,0,0,2369,64,39,52,35,188
47093004612,1695,685,610,400,0,0,1440,53,44,20,15,123
47093004613,3107,1499,864,744,0,0,2607,110,128,33,36,193
47093004614,1901,791,611,499,0,0,1571,73,62,36,30,129
47093004615,2383,1063,700,620,0,0,1922,71,105,35,60,190
47093004700,2417,1057,809,551,0,0,2101,59,88,15,19,135
47093004800,3342,1443,1138,761,0,0,2784,76,174,39,50,219
47093004900,3601,1455,1359,787,0,0,3134,89,82,51,24,221
47093005000,2361,942,788,631,0,0,2102,39,51,9,13,147
47093005100,4858,1631,2106,1121,0,0,4261,79,111,49,31,327
47093005202,2407,1095,817,495,0,0,1956,53,259,12,14,113
47093005203,2449,968,1009,472,0,0,2066,42,148,15,22,156
47093005204,998,417,424,157,0,0,907,8,24,0,4,55
47093005301,2720,1093,1194,433,0,0,2434,31,88,28,5,134
47093005302,2366,1065,1024,277,0,0,2170,41,21,12,4,118
47093005401,2263,854,1020,389,0,0,2006,39,65,16,9,128
47093005402,1857,799,813,245,0,0,1689,35,33,1,12,87
47093005501,1833,758,709,366,0,0,1669,27,17,7,16,97
47093005502,1705,737,776,192,0,0,1565,20,3,6,9,102
47093005602,2652,1001,1195,456,0,0,2439,31,8,27,11,136
47093005603,2492,925,1095,472,0,0,2247,64,24,3,12,142
47093005604,1848,607,851,390,0,0,1673,27,21,5,13,109
47093005701,3672,999,1825,848,0,0,3237,72,25,33,42,263
47093005704,3978,1687,1372,919,0,0,3324,135,77,72,79,291
47093005706,2947,1223,1067,657,0,0,2405,70,52,86,77,257
47093005707,3519,1467,1423,629,0,0,2877,66,51,137,100,288
47093005708,2130,876,794,460,0,0,1865,36,18,26,24,161
47093005709,1590,566,669,355,0,0,1372,33,14,33,19,119
47093005710,1750,513,913,324,0,0,1492,46,10,42,37,123
47093005711,4040,1512,1586,942,0,0,3355,109,73,125,71,307
47093005713,2884,1039,1214,631,0,0,2411,89,30,68,75,211
47093005714,3181,975,1454,752,0,0,2758,68,31,46,38,240
47093005803,1967,712,828,427,0,0,1667,61,39,39,24,137
47093005807,1955,676,857,422,0,0,1643,39,22,61,50,140
47093005808,3638,1501,1404,733,0,0,3052,125,49,66,63,283
47093005809,4170,1393,2017,760,0,0,3456,119,28,115,60,392
47093005810,2861,1006,1320,535,0,0,2344,55,32,81,98,251
47093005811,2694,957,1277,460,0,0,2221,67,23,166,46,171
47093005813,4444,1550,2023,871,0,0,3656,105,35,226,99,323
47093005814,3087,1337,1266,484,0,0,2604,79,23,79,66,236
47093005815,1853,699,842,312,0,0,1589,29,14,34,33,154
47093005903,2840,1213,1063,564,0,0,2393,87,52,52,50,206
47093005906,1496,541,694,261,0,0,1347,28,9,19,13,80
47093005907,2620,1066,1042,512,0,0,2231,64,39,31,47,208
47093005908,2955,1230,1250,475,0,0,2580,66,68,24,20,197
47093005909,732,317,323,92,0,0,638,12,4,11,12,55
47093005910,1016,456,386,174,0,0,859,26,17,14,18,82
47093005911,1665,728,624,313,0,0,1397,40,67,18,26,117
47093005912,4356,2094,1501,761,0,0,3578,123,67,108,82,398
47093006001,3048,1582,940,526,0,0,2570,73,61,35,43,266
47093006002,3901,1405,1853,643,0,0,3480,52,67,22,34,246
47093006003,3331,1220,1631,480,0,0,2983,59,35,21,32,201
47093006102,3179,1368,1360,451,0,0,2892,52,25,25,25,160
47093006103,3543,1616,1371,556,0,0,3173,74,57,12,30,197
47093006104,3477,1491,1532,454,0,0,3078,79,23,22,26,249
47093006202,3578,1426,1658,494,0,0,3242,50,14,29,24,219
47093006203,2929,1347,1154,428,0,0,2671,48,19,16,10,165
47093006205,3201,1222,1562,417,0,0,2924,44,9,32,20,172
47093006206,3388,1213,1703,472,0,0,3040,47,12,34,19,236
47093006207,2178,995,851,332,0,0,1941,62,34,14,16,111
47093006208,2892,1198,1285,409,0,0,2596,59,21,11,15,190
47093006301,2024,848,924,252,0,0,1881,21,4,5,13,100
47093006302,1645,703,719,223,0,0,1509,7,6,7,5,111
47093006401,2406,1112,966,328,0,0,2164,56,20,7,15,144
47093006402,3053,1241,1432,380,0,0,2837,34,10,12,14,146
47093006403,1956,817,927,212,0,0,1798,36,12,8,5,97
47093006501,1952,782,916,254,0,0,1793,26,6,7,7,113
47093006502,1869,888,734,247,0,0,1713,35,28,10,2,81
47093006600,1943,740,276,927,0,0,1665,34,73,7,16,148
47093006700,1504,695,115,694,0,0,660,41,714,3,9,77
47093006800,2051,1260,133,658,0,0,659,35,1250,10,12,85
47093006901,1004,698,86,220,0,0,784,39,16,46,20,99
47093006902,671,459,39,173,0,0,507,23,38,17,12,74
47093006903,747,495,55,197,0,0,584,38,6,22,21,76
47093007000,1017,604,84,329,0,0,397,23,554,5,4,34
47093007100,2989,715,1157,1117,0,0,2601,42,13,35,52,246
47005963000,2170,997,752,421,0,0,1960,23,2,3,8,174
47005963100,1860,774,683,403,0,0,1681,25,26,8,8,112
47005963200,1203,568,404,231,0,0,1106,18,14,3,6,56
47005963300,2120,914,677,529,0,0,1890,29,70,15,4,112
47005963400,2465,996,887,582,0,0,2266,31,24,5,7,132
47053966100,1473,544,705,224,0,0,1225,10,181,4,2,51
47053966200,2063,905,832,326,0,0,1690,22,256,6,7,82
47053966300,1500,695,611,194,0,0,1340,24,59,12,3,62
47053966400,2992,1420,1176,396,0,0,2558,41,235,18,12,128
47053966501,1479,743,436,300,0,0,993,20,398,8,3,57
47053966502,2156,1153,669,334,0,0,1598,40,425,15,4,74
47053966600,986,495,372,119,0,0,824,13,97,4,3,45
47053966701,1423,615,382,426,0,0,875,25,473,2,5,43
47053966702,1700,666,671,363,0,0,1367,15,244,2,9,63
47053966800,738,268,330,140,0,0,651,9,49,0,2,27
47053966900,1304,715,124,465,0,0,282,24,957,7,1,33
47053967001,2382,1001,997,384,0,0,1799,32,437,9,6,99
47053967002,1903,1000,550,353,0,0,1202,31,563,9,5,93
47053967100,4555,2199,1979,377,0,0,4093,73,114,25,18,232
47053967300,678,195,396,87,0,0,635,7,1,0,1,34
47053967400,1922,738,921,263,0,0,1744,17,65,6,7,83
47053980100,4,2,2,0,0,0,3,0,1,0,0,0
47051960100,2014,733,783,498,0,0,1738,36,102,4,17,117
47051960201,4172,1490,2024,658,0,0,3753,70,23,17,31,278
47051960202,3333,1380,1395,558,0,0,2946,53,62,13,14,245
47051960300,1926,715,876,335,0,0,1688,37,54,14,7,126
47051960401,1974,849,714,411,0,0,1661,50,109,15,10,129
47051960402,2840,1047,1268,525,0,0,2487,39,86,32,28,168
47051960500,2214,868,830,516,0,0,1705,60,282,22,9,136
47051960600,3134,1137,1394,603,0,0,2711,57,170,15,13,168
47051960700,1833,566,407,860,0,0,1575,53,30,14,12,149
47051960800,1590,666,649,275,0,0,1443,25,32,4,6,80
47127930100,2871,977,1526,368,0,0,2632,31,18,9,7,174
47127930200,1797,607,900,290,0,0,1576,23,59,11,12,116
47029920100,2326,874,1270,182,0,0,2160,35,2,9,8,112
47029920200,3095,1346,1433,316,0,0,2775,57,70,8,14,171
47029920300,2565,924,1425,216,0,0,2300,37,29,36,7,156
47029920400,1225,426,667,132,0,0,1147,5,1,2,4,66
47029920501,3544,1699,1516,329,0,0,3140,62,81,16,19,226
47029920502,3252,1163,1819,270,0,0,3037,28,8,12,17,150
47029920600,2552,931,1318,303,0,0,2283,37,98,19,4,111
47029920700,2735,1134,1290,311,0,0,2510,56,3,4,12,150
47029980100,3,1,2,0,0,0,2,0,0,0,0,1
47083120100,1827,581,758,488,0,0,1617,31,41,11,5,122
47083120200,1292,390,501,401,0,0,1149,12,53,4,3,71
47083120300,1716,471,786,459,0,0,1576,16,7,4,8,105
47099960100,2769,1162,1106,501,0,0,2551,45,9,8,9,147
47099960200,1444,467,776,201,0,0,1321,34,4,4,5,76
47099960300,2289,832,1085,372,0,0,2092,31,15,12,10,129
47099960401,3372,1104,1706,562,0,0,3111,60,25,27,11,138
47099960402,2455,905,1175,375,0,0,2257,27,13,10,3,145
47099960501,2045,948,716,381,0,0,1742,42,113,6,4,138
47099960502,2518,933,1215,370,0,0,2309,41,36,6,8,118
47099960600,1266,473,512,281,0,0,1169,18,13,4,3,59
47099960700,2336,769,930,637,0,0,2112,31,5,6,9,173
47099960800,2228,771,1156,301,0,0,2085,26,5,8,13,91
47099960900,1090,392,486,212,0,0,1017,20,3,0,2,48
47115050101,2326,831,1006,489,0,0,2132,24,9,7,19,135
47115050102,3340,1294,1307,739,0,0,3110,33,25,7,11,154
47115050201,2879,1146,1041,692,0,0,2553,30,57,12,13,214
47115050203,1472,634,552,286,0,0,1360,12,16,3,1,80
47115050204,2463,918,916,629,0,0,2128,44,127,14,7,143
47115050301,3330,1291,1000,1039,0,0,2792,38,310,26,10,154
47115050302,2208,812,861,535,0,0,1973,24,9,9,11,182
47023970101,1622,678,784,160,0,0,1417,36,66,5,7,91
47023970102,2142,922,950,270,0,0,1841,25,135,6,10,125
47023970200,2659,1226,1010,423,0,0,2019,34,437,21,17,131
47023970301,1039,421,498,120,0,0,924,11,52,0,3,49
47023970302,2488,966,1285,237,0,0,2190,44,100,5,16,133
47085130100,3557,1600,1216,741,0,0,3216,39,10,4,16,272
47085130200,1360,543,499,318,0,0,1221,25,14,7,3,90
47085130300,3420,1384,1090,946,0,0,2963,51,189,14,5,198
47085130400,1691,632,604,455,0,0,1526,16,7,20,10,112
47085130500,1920,692,707,521,0,0,1748,16,21,8,11,116
47163040200,1287,737,285,265,0,0,906,19,278,9,5,70
47163040300,1480,786,474,220,0,0,1334,33,35,10,6,62
47163040500,1960,1159,561,240,0,0,1774,38,37,14,15,82
47163040600,1974,1174,537,263,0,0,1729,57,51,15,7,115
47163040700,1847,601,967,279,0,0,1688,22,14,11,13,99
47163040800,1873,1009,612,252,0,0,1686,33,27,9,13,105
47163040900,2616,1192,1120,304,0,0,2332,49,37,32,14,152
47163041000,3138,1269,1470,399,0,0,2891,37,14,26,17,153
47163041100,1651,783,633,235,0,0,1512,19,21,7,8,84
47163041200,4589,1764,2275,550,0,0,4171,62,24,30,24,278
47163041300,3020,1337,1411,272,0,0,2786,43,6,13,17,155
47163041400,2980,1387,1251,342,0,0,2786,26,14,10,10,134
47163041500,2062,690,1067,305,0,0,1893,26,14,7,12,110
47163041600,1540,767,598,175,0,0,1407,17,14,5,11,86
47163041700,1795,937,652,206,0,0,1663,20,12,7,5,88
47163041800,2404,1366,767,271,0,0,2144,40,38,17,16,149
47163041900,1878,869,808,201,0,0,1749,20,7,7,8,87
47163042000,1894,924,770,200,0,0,1768,20,4,4,14,84
47163042100,3422,1518,1511,393,0,0,3063,54,20,80,31,174
47163042200,2069,922,898,249,0,0,1910,11,9,12,4,123
47163042300,4751,1880,2368,503,0,0,4375,27,13,24,28,284
47163042400,2062,1015,812,235,0,0,1898,12,7,16,7,122
47163042500,2152,1036,847,269,0,0,1964,22,14,18,8,126
47163042600,2573,1223,1018,332,0,0,2345,35,29,16,11,137
47163042702,1447,683,583,181,0,0,1319,10,9,5,8,96
47163042703,1035,600,267,168,0,0,906,21,28,10,6,64
47163042704,1367,808,397,162,0,0,1233,25,15,10,7,77
47163042801,1690,829,606,255,0,0,1552,17,21,6,7,87
47163042802,2185,1219,610,356,0,0,1893,36,94,10,12,140
47163042900,3176,1250,1448,478,0,0,2854,30,29,32,23,208
47163043000,2465,1250,905,310,0,0,2262,38,14,13,11,127
47163043100,1686,942,570,174,0,0,1576,17,9,9,9,66
47163043201,2847,1222,1323,302,0,0,2627,33,12,10,8,157
47163043202,2787,1324,1165,298,0,0,2596,24,3,6,17,141
47163043301,4355,1939,1911,505,0,0,3918,82,15,23,20,297
47163043302,3635,1713,1458,464,0,0,3378,41,20,14,11,171
47163043401,3459,1416,1679,364,0,0,3179,42,9,8,12,209
47163043402,2541,1161,1068,312,0,0,2372,34,4,9,7,115
47163043500,2551,1051,1245,255,0,0,2388,29,4,13,10,107
47163043600,3281,1470,1442,369,0,0,2999,33,11,16,22,200
47123925001,3189,1160,1582,447,0,0,2833,33,3,11,27,282
47123925002,2505,1005,1230,270,0,0,2239,73,2,4,11,176
47123925101,2627,1267,1048,312,0,0,2363,58,26,10,9,161
47123925102,2254,1120,868,266,0,0,1923,121,24,9,14,163
47123925200,2838,1251,1074,513,0,0,2305,60,255,40,22,156
47123925301,2183,956,952,275,0,0,1921,49,8,9,14,182
47123925302,2273,889,1064,320,0,0,2032,38,27,9,13,154
47123925401,2985,1203,1354,428,0,0,2672,47,18,28,19,201
47123925402,2758,1074,1250,434,0,0,2423,47,80,11,7,190
47123925501,1971,704,1016,251,0,0,1814,21,5,3,5,123
47123925503,2065,712,1139,214,0,0,1882,23,3,5,9,143
47123925504,1527,552,816,159,0,0,1418,14,5,3,4,83
47033961000,1321,494,632,195,0,0,1081,17,141,7,2,73
47033961100,2276,913,992,371,0,0,1732,124,277,10,5,128
47033961200,1079,426,498,155,0,0,951,28,40,6,3,51
47033961300,1141,395,522,224,0,0,899,23,149,7,3,60
47033961400,2091,936,842,313,0,0,1592,131,251,8,11,98
47175925000,1903,692,725,486,0,0,1737,30,2,20,15,99
47175925200,2202,763,815,624,0,0,2049,31,4,9,6,103
47095960100,1759,689,636,434,0,0,1308,18,358,5,8,62
47095960200,1314,505,505,304,0,0,1011,25,195,1,2,80
47031970100,2175,840,1000,335,0,0,1993,40,8,9,5,120
47031970201,1891,854,764,273,0,0,1700,34,14,21,13,109
47031970202,2265,857,1044,364,0,0,2028,47,19,21,9,141
47031970300,1127,428,531,168,0,0,999,19,14,5,4,86
47031970401,1177,401,586,190,0,0,1060,14,7,8,2,86
47031970402,2418,1037,971,410,0,0,2147,81,29,14,8,139
47031970501,637,249,258,130,0,0,542,27,28,3,0,37
47031970502,3061,1282,1228,551,0,0,2614,104,86,44,32,181
47031970600,2798,1228,1111,459,0,0,2470,79,33,34,16,166
47031970700,2556,1038,1115,403,0,0,2348,44,8,9,8,139
47031970801,2411,915,1063,433,0,0,2072,76,52,25,26,160
47031970803,1759,616,881,262,0,0,1561,29,19,13,13,124
47031970804,2364,750,1171,443,0,0,2028,45,56,25,19,191
47031970900,1791,1002,435,354,0,0,1378,58,228,12,4,111
47031971001,551,264,172,115,0,0,450,11,31,13,9,37
47031971002,3362,1339,1358,665,0,0,2906,91,104,26,21,214
47031980100,0,0,0,0,0,0,0,0,0,0,0,0
47045964001,2300,944,1009,347,0,0,1944,49,171,6,13,117
47045964002,1518,651,692,175,0,0,1376,21,27,4,5,85
47045964200,3593,1460,1566,567,0,0,2795,76,468,43,24,187
47045964300,2488,1317,779,392,0,0,2012,48,296,4,20,108
47045964401,1557,795,438,324,0,0,979,20,479,8,1,70
47045964402,1078,585,168,325,0,0,443,11,579,4,5,36
47045964500,1412,530,717,165,0,0,1292,20,26,1,5,68
47045964600,1435,587,648,200,0,0,1293,12,52,6,8,64
47045964800,1775,689,844,242,0,0,1592,18,83,5,5,72
47045964900,3335,1328,1656,351,0,0,3046,28,81,15,11,154
47129110100,1917,738,895,284,0,0,1795,15,3,6,10,88
47129110200,2026,716,1023,287,0,0,1888,15,4,4,9,106
47129110300,1996,699,921,376,0,0,1815,28,3,3,8,139
47129110400,2253,742,1014,497,0,0,2114,24,7,2,15,91
47129110500,2789,1008,1381,400,0,0,2602,29,5,4,8,141
47065000400,1663,895,20,748,0,0,114,17,1517,2,4,9
47065000600,2619,930,734,955,0,0,2227,50,36,28,47,231
47065000700,3050,1169,867,1014,0,0,2599,62,85,36,32,236
47065000800,1363,655,224,484,0,0,915,37,275,21,22,93
47065001100,1014,470,68,476,0,0,355,40,545,10,10,54
47065001200,1588,814,78,696,0,0,235,19,1301,3,4,26
47065001300,1077,563,133,381,0,0,440,35,540,5,8,49
47065001400,1076,483,129,464,0,0,505,46,451,9,6,59
47065001600,1353,743,90,520,0,0,303,21,978,2,6,43
47065001800,1914,730,381,803,0,0,1305,35,398,17,18,141
47065001900,2152,1295,61,796,0,0,268,30,1813,4,6,31
47065002000,1513,742,204,567,0,0,921,39,410,21,8,114
47065002300,471,295,53,123,0,0,245,24,177,3,2,20
47065002400,1282,721,242,319,0,0,803,73,308,4,1,93
47065002500,1741,961,271,509,0,0,748,65,821,6,21,80
47065002600,838,476,98,264,0,0,311,41,448,5,2,31
47065002800,2559,960,606,993,0,0,1826,45,467,19,18,184
47065002900,1551,696,201,654,0,0,660,44,753,10,8,76
47065003000,1268,648,175,445,0,0,597,65,531,17,4,54
47065003100,1263,651,263,349,0,0,955,40,134,22,16,96
47065003200,2063,908,129,1026,0,0,292,18,1676,11,8,58
47065003300,4267,1798,314,2155,0,0,826,59,3261,18,5,98
47065003400,2146,1191,416,539,0,0,1267,141,565,26,22,125
47065010101,4240,1820,1834,586,0,0,3745,71,110,30,25,259
47065010103,2596,1143,1145,308,0,0,2361,50,32,11,23,119
47065010104,2608,1119,1217,272,0,0,2383,45,23,13,10,134
47065010201,2901,1090,1445,366,0,0,2658,29,11,8,11,184
47065010202,2924,1192,1349,383,0,0,2634,41,105,0,16,128
47065010303,2063,925,836,302,0,0,1875,28,32,4,11,113
47065010304,3651,1509,1627,515,0,0,3356,38,27,8,28,194
47065010305,2281,991,987,303,0,0,2116,23,9,9,11,113
47065010306,2253,1019,876,358,0,0,2057,50,24,2,7,113
47065010308,1826,723,824,279,0,0,1668,17,8,13,5,115
47065010309,1667,751,680,236,0,0,1521,20,8,8,8,102
47065010411,4811,1786,2196,829,0,0,4180,92,94,65,57,323
47065010412,3233,1352,1349,532,0,0,2909,47,65,14,26,172
47065010413,2895,1066,1349,480,0,0,2587,49,37,37,20,165
47065010431,5063,2074,1970,1019,0,0,4224,148,186,97,87,321
47065010432,5213,1920,2187,1106,0,0,4463,102,81,95,69,403
47065010433,3017,1331,918,768,0,0,2347,99,302,47,23,199
47065010434,1707,594,838,275,0,0,1554,16,12,7,13,105
47065010435,3454,1507,1200,747,0,0,2897,106,148,43,28,232
47065010501,4110,1713,1323,1074,0,0,3386,100,268,56,24,276
47065010502,2220,802,741,677,0,0,1853,38,68,45,25,191
47065010600,1822,766,577,479,0,0,1615,36,55,6,11,99
47065010700,2307,1078,564,665,0,0,1911,62,104,22,53,155
47065010800,2511,1211,577,723,0,0,2070,67,169,18,15,172
47065010901,1391,725,332,334,0,0,1203,32,24,13,20,99
47065010902,545,219,173,153,0,0,478,18,6,7,7,29
47065010904,1563,790,409,364,0,0,1274,27,95,26,19,122
47065010905,2532,1118,803,611,0,0,2175,49,103,24,31,150
47065011001,1349,515,648,186,0,0,1240,14,6,1,6,82
47065011003,2747,906,1270,571,0,0,2448,59,9,16,20,195
47065011004,3120,985,1462,673,0,0,2742,56,12,20,33,257
47065011100,4913,1275,2373,1265,0,0,4337,68,8,35,50,415
47065011203,3784,1810,1480,494,0,0,2995,266,87,80,61,295
47065011204,3820,1756,1565,499,0,0,3222,184,60,40,42,272
47065011205,5942,2492,2628,822,0,0,5012,138,162,112,65,453
47065011206,2930,1449,1074,407,0,0,2337,164,111,24,55,239
47065011311,4475,2148,1425,902,0,0,3207,221,555,80,61,351
47065011314,3685,1644,1323,718,0,0,2806,173,374,59,37,236
47065011321,4598,2241,1400,957,0,0,3444,204,371,165,80,334
47065011323,3960,1552,1573,835,0,0,2949,120,474,82,51,284
47065011324,2965,1120,1207,638,0,0,2337,76,193,106,48,205
47065011325,4460,1744,1790,926,0,0,3519,99,328,128,102,284
47065011326,3090,1517,961,612,0,0,2373,94,316,85,44,178
47065011402,3730,1595,421,1714,0,0,958,74,2593,18,9,78
47065011411,2799,1217,607,975,0,0,1519,55,1078,25,16,106
47065011413,5233,2140,1755,1338,0,0,3796,146,899,30,57,305
47065011442,1743,803,593,347,0,0,1362,46,198,23,20,94
47065011444,2257,945,140,1172,0,0,301,21,1899,6,7,23
47065011445,2558,1306,528,724,0,0,1413,76,891,27,31,120
47065011446,2579,1265,712,602,0,0,1950,85,277,58,45,164
47065011447,6236,2961,2199,1076,0,0,5134,266,310,57,61,408
47065011448,2087,1064,511,512,0,0,1374,73,466,45,26,103
47065011449,1645,652,473,520,0,0,1011,37,481,24,11,81
47065011600,3122,1651,858,613,0,0,2568,129,197,23,33,172
47065011700,2778,1183,883,712,0,0,2323,90,185,12,19,149
47065011800,3677,1638,1273,766,0,0,3021,123,272,22,28,211
47065011900,959,464,233,262,0,0,712,19,156,13,3,56
47065012000,1618,413,879,326,0,0,1442,13,18,16,14,115
47065012100,4036,1607,1751,678,0,0,3559,72,77,64,12,252
47065012200,981,588,14,379,0,0,82,8,879,1,3,8
47065012300,2488,1321,242,925,0,0,801,25,1559,16,11,76
47065012400,2344,1455,218,671,0,0,1509,66,527,31,25,186
47065980100,0,0,0,0,0,0,0,0,0,0,0,0
47065980200,3,3,0,0,0,0,3,0,0,0,0,0
47121960100,1988,801,934,253,0,0,1812,21,6,6,11,132
47121960200,2842,995,1339,508,0,0,2621,30,5,13,8,165
47121960300,2597,1086,1207,304,0,0,2369,27,28,7,9,157
47049965000,2244,828,1089,327,0,0,2060,21,3,11,6,143
47049965100,2633,1056,1256,321,0,0,2437,37,5,8,7,139
47049965201,1500,609,709,182,0,0,1397,18,1,1,3,80
47049965202,2147,714,1152,281,0,0,2020,18,1,14,5,89
47049965300,3120,1264,1483,373,0,0,2897,54,5,15,15,134
47069950100,2143,788,944,411,0,0,1733,29,287,15,4,75
47069950200,1754,630,362,762,0,0,664,21,1018,7,5,39
47069950300,2222,692,655,875,0,0,964,37,1143,12,17,49
47069950400,3164,1115,837,1212,0,0,1397,40,1624,8,6,89
47069950500,2453,859,1235,359,0,0,2106,24,153,22,15,133
47069950600,1736,637,422,677,0,0,745,17,925,3,7,39
47025970100,1734,739,820,175,0,0,1644,9,6,6,3,66
47025970200,1594,619,748,227,0,0,1461,15,2,11,8,97
47025970300,2116,919,902,295,0,0,1936,33,16,10,6,115
47025970400,359,185,87,87,0,0,348,0,1,1,0,9
47025970500,1647,637,841,169,0,0,1546,16,1,2,2,80
47025970600,2813,1104,1393,316,0,0,2606,36,1,15,5,150
47025970700,3013,1311,1307,395,0,0,2808,27,12,16,15,135
47025970800,2186,956,936,294,0,0,2032,18,25,11,5,95
47025970900,2378,932,1130,316,0,0,2190,8,23,5,17,135
47133950100,1000,320,455,225,0,0,929,10,1,3,0,57
47133950200,1100,317,457,326,0,0,1049,5,2,4,3,37
47133950301,2631,928,907,796,0,0,2447,22,21,9,6,126
47133950302,1888,619,739,530,0,0,1749,27,7,8,4,93
47133950400,1236,444,443,349,0,0,1166,7,1,1,4,57
47133950501,2538,932,1040,566,0,0,2380,26,8,6,11,107
47133950502,1530,573,598,359,0,0,1423,21,1,9,1,75
47133950600,1488,565,653,270,0,0,1360,23,1,3,3,98
47057500100,2402,988,1102,312,0,0,2220,18,8,8,15,133
47057500200,3052,1330,1414,308,0,0,2799,43,11,14,13,172
47057500301,1879,708,1007,164,0,0,1756,26,12,5,7,73
47057500302,2183,839,1134,210,0,0,1997,44,6,7,6,123
47057500401,1363,622,589,152,0,0,1221,25,2,9,5,101
47057500402,3111,1401,1337,373,0,0,2884,41,4,12,10,160
47061955000,1645,597,666,382,0,0,1520,18,5,5,3,94
47061955100,1037,303,451,283,0,0,948,4,4,6,3,72
47061955200,2459,817,1023,619,0,0,2249,23,3,12,5,167
47061955300,2629,942,1080,607,0,0,2458,28,4,10,5,124
47159975000,2497,750,1330,417,0,0,2284,33,25,10,12,133
47159975100,1704,544,765,395,0,0,1536,20,46,9,7,86
47159975200,3409,1228,1553,628,0,0,3074,71,57,14,8,185
47159975300,1234,410,586,238,0,0,1110,14,19,9,4,78
47159975400,3029,1042,1494,493,0,0,2778,45,28,14,8,156
47041920101,1592,584,718,290,0,0,1427,34,2,7,2,120
47041920102,2534,1041,941,552,0,0,2305,56,13,11,3,146
47041920201,2657,1235,916,506,0,0,2349,75,31,26,7,169
47041920202,1527,648,539,340,0,0,1356,44,27,7,1,92
47041920300,3406,1390,1402,614,0,0,3087,60,37,15,10,197
47131965000,2457,1070,959,428,0,0,2101,21,207,12,5,111
47131965100,1452,532,695,225,0,0,1333,17,28,4,2,68
47131965200,1312,477,637,198,0,0,1237,5,9,0,5,56
47131965300,2171,780,1022,369,0,0,2032,12,7,8,11,101
47131965400,2543,972,1197,374,0,0,2343,42,28,2,7,121
47131965500,1421,690,462,269,0,0,1153,48,139,15,0,66
47131965600,1792,885,472,435,0,0,1035,74,608,5,3,67
47131965700,2658,1012,1197,449,0,0,2225,75,235,11,5,107
47131965800,1092,419,505,168,0,0,991,8,18,0,3,72
47131965900,751,269,367,115,0,0,697,4,23,2,3,22
47135930100,1795,628,863,304,0,0,1646,20,5,3,5,116
47135930201,1572,556,818,198,0,0,1407,14,54,4,2,91
47135930202,1425,504,743,178,0,0,1313,16,12,4,4,76
47063100100,2372,1260,779,333,0,0,1926,164,128,9,13,132
47063100200,2592,1329,869,394,0,0,2178,123,129,21,16,125
47063100300,987,648,218,121,0,0,773,95,70,5,3,41
47063100400,2901,1387,1045,469,0,0,2338,147,249,17,8,142
47063100500,2285,906,1088,291,0,0,2031,38,57,13,12,134
47063100600,4532,1945,2091,496,0,0,4089,94,68,25,11,245
47063100700,3643,1492,1687,464,0,0,3324,73,57,17,17,155
47063100800,1541,800,562,179,0,0,1369,68,18,6,5,75
47063100900,2854,1232,1282,340,0,0,2504,75,34,45,26,170
47063101000,3379,1459,1604,316,0,0,3122,54,18,4,23,158
47063101100,3568,1518,1680,370,0,0,3216,57,27,30,22,216
47063101200,4187,1816,1875,496,0,0,3757,87,40,27,27,249
47097050100,704,290,272,142,0,0,553,4,102,1,2,42
47097050200,2050,805,820,425,0,0,1543,16,403,3,7,78
47097050300,1445,578,557,310,0,0,1127,18,218,5,12,65
47097050400,1704,697,731,276,0,0,1491,21,107,3,7,75
47097050503,1346,505,551,290,0,0,1014,16,252,11,0,53
47097050504,1401,630,421,350,0,0,745,9,577,1,11,58
47097050505,1532,803,149,580,0,0,367,12,1118,3,3,29
47097050506,1230,509,300,421,0,0,593,10,589,4,1,33
47097050600,1166,499,227,440,0,0,472,7,638,4,8,37
47067960500,1652,532,970,150,0,0,1562,11,0,2,6,71
47067960600,2179,881,1110,188,0,0,2019,20,7,7,11,115
47077975000,1726,586,1007,133,0,0,1528,18,81,4,1,94
47077975100,2044,770,1060,214,0,0,1698,28,205,3,3,107
47077975200,3146,1281,1642,223,0,0,2866,54,43,12,7,164
47077975301,1934,732,1045,157,0,0,1680,42,113,5,10,84
47077975302,2581,934,1421,226,0,0,2190,24,189,33,4,141
47077975400,2280,1056,895,329,0,0,1712,32,412,5,10,109
47077975500,2221,843,1219,159,0,0,2060,28,5,7,3,118
47181950100,1587,569,802,216,0,0,1447,22,23,2,12,81
47181950200,3285,1114,1813,358,0,0,3006,45,19,12,15,188
47181950300,2068,701,1204,163,0,0,1921,25,6,9,11,96
47181950400,1915,734,1044,137,0,0,1785,27,5,3,13,82
47143975000,3287,1174,1608,505,0,0,2943,36,38,11,14,245
47143975100,2912,1038,1500,374,0,0,2635,52,37,8,10,170
47143975200,3783,1313,2002,468,0,0,3462,78,10,12,12,209
47143975300,3265,1306,1506,453,0,0,2955,80,19,9,16,186
47143975401,3560,1548,1492,520,0,0,3012,138,116,34,18,242
47143975402,2211,769,1132,310,0,0,1964,50,30,14,6,147
47117955000,5345,2413,2203,729,0,0,4700,147,64,29,50,355
47117955100,3390,1388,1510,492,0,0,2973,75,102,10,23,207
47117955200,3937,1617,1608,712,0,0,3309,94,246,47,15,226
47117955300,1600,831,352,417,0,0,1052,81,381,6,11,69
47117955400,2306,895,984,427,0,0,1944,51,137,17,12,145
47117955500,2720,1046,1297,377,0,0,2459,45,35,17,11,153
47019070100,1174,461,578,135,0,0,1068,10,6,10,3,77
47019070200,2571,818,1449,304,0,0,2368,36,3,9,12,143
47019070300,3104,1248,1417,439,0,0,2781,41,79,17,8,178
47019070400,1536,652,727,157,0,0,1412,22,10,7,8,77
47019070500,2560,870,1482,208,0,0,2391,22,5,4,17,121
47019070600,1479,542,785,152,0,0,1378,18,3,2,1,77
47019070700,2015,876,922,217,0,0,1836,27,14,9,11,118
47019070800,1645,796,654,195,0,0,1485,24,27,4,9,96
47019070900,1798,824,744,230,0,0,1575,37,23,15,9,139
47019071000,1655,655,804,196,0,0,1551,15,7,7,3,72
47019071100,1010,354,532,124,0,0,905,16,5,2,14,68
47019071200,2099,877,1022,200,0,0,1951,18,12,5,13,100
47019071301,2404,818,1362,224,0,0,2236,31,3,3,11,120
47019071302,2123,722,1234,167,0,0,1984,20,5,5,9,100
47019071400,2002,759,1070,173,0,0,1862,22,1,5,8,104
47019071500,1269,429,723,117,0,0,1170,12,2,1,5,79
47019071600,868,304,483,81,0,0,806,12,1,7,3,39
47019071700,2217,813,1245,159,0,0,2060,14,2,6,18,117
