GEOID20,total_reg,party_dem,party_rep,party_npp,party_oth,party_unk,eth1_eur,eth1_hisp,eth1_aa,eth1_esa,eth1_oth,eth1_unk
53029970100,1996,731,910,355,0,0,1640,99,5,29,27,196
53029970200,303,153,37,113,0,0,205,49,5,11,3,30
53029970300,4088,1521,1875,692,0,0,3328,223,13,69,35,420
53029970401,2184,896,830,458,0,0,1665,232,14,53,43,177
53029970402,1552,719,420,413,0,0,1102,196,13,29,41,171
53029970500,4453,1794,1950,709,0,0,3500,355,15,88,74,421
53029970601,2193,1074,645,474,0,0,1580,268,40,55,42,208
53029970602,2046,929,680,437,0,0,1559,202,21,38,34,192
53029970700,1191,682,283,226,0,0,916,107,17,32,17,102
53029970800,1663,724,614,325,0,0,1288,177,13,10,20,155
53029970900,1013,673,187,153,0,0,685,152,43,18,13,102
53029971000,3895,1989,1342,564,0,0,3223,147,9,68,48,400
53029971100,2855,1490,912,453,0,0,2438,96,0,27,26,268
53029971301,2148,1362,516,270,0,0,1827,46,2,26,37,210
53029971302,2161,1338,553,270,0,0,1837,50,2,38,30,204
53029971400,4138,1888,1697,553,0,0,3471,113,1,65,80,408
53029971500,3417,1548,1380,489,0,0,2922,89,3,41,42,320
53029971600,3458,1654,1308,496,0,0,2896,122,1,52,49,338
53029971700,3648,1838,1265,545,0,0,3063,115,1,51,57,361
53029971800,2531,1546,648,337,0,0,2102,60,4,37,31,297
53029971900,3507,2364,733,410,0,0,2905,83,0,45,59,415
53029972000,3626,2515,704,407,0,0,2984,95,4,72,59,412
53029972100,3246,2006,775,465,0,0,2713,99,2,52,46,334
53029992201,0,0,0,0,0,0,0,0,0,0,0,0
53041970100,2713,761,1475,477,0,0,2323,102,2,16,21,249
53041970200,2649,885,1347,417,0,0,2197,129,2,36,23,262
53041970300,3382,1420,1356,606,0,0,2737,235,7,42,38,323
53041970400,3647,1429,1370,848,0,0,2927,307,5,40,44,324
53041970500,1517,620,499,398,0,0,1255,102,6,32,16,106
53041970600,1297,512,400,385,0,0,1042,91,5,16,20,123
53041970700,2451,1403,750,298,0,0,1965,237,1,22,23,203
53041970800,2901,1086,1143,672,0,0,2386,165,6,44,38,262
53041970900,1020,509,341,170,0,0,835,82,1,13,12,77
53041971000,2068,774,851,443,0,0,1674,133,1,35,20,205
53041971100,3118,888,1628,602,0,0,2661,129,7,24,35,262
53041971200,2716,749,1419,548,0,0,2327,94,2,18,16,259
53041971300,3927,1078,2056,793,0,0,3339,207,5,25,27,324
53041971400,2151,582,1093,476,0,0,1822,77,1,35,18,198
53041971501,1985,641,903,441,0,0,1624,127,4,6,16,208
53041971502,3526,953,1951,622,0,0,3059,81,1,28,22,335
53041971600,2932,1191,1343,398,0,0,2450,119,2,21,22,318
53041971700,3830,1237,1960,633,0,0,3269,137,5,35,43,341
53041971800,3438,1124,1702,612,0,0,2915,86,2,34,27,374
53041971900,2069,631,983,455,0,0,1807,58,1,14,10,179
53041972000,2219,845,956,418,0,0,1899,56,0,24,18,222
53027000201,6040,3135,2080,825,0,0,5038,203,11,100,67,621
53027000202,1552,747,470,335,0,0,1311,47,6,25,21,142
53027000300,2260,833,1054,373,0,0,1888,75,4,19,32,242
53027000401,2267,911,991,365,0,0,1963,47,0,11,23,223
53027000402,2696,1245,941,510,0,0,2281,90,2,26,23,274
53027000501,2150,875,907,368,0,0,1796,104,0,23,17,210
53027000502,2417,1103,860,454,0,0,2030,128,6,20,19,214
53027000600,2721,1184,1032,505,0,0,2349,83,2,22,29,236
53027000700,3171,1246,1333,592,0,0,2677,130,1,16,39,308
53027000800,3043,1341,1185,517,0,0,2537,128,0,44,36,298
53027000900,3476,1926,1020,530,0,0,2833,222,10,48,52,311
53027001000,1846,1117,430,299,0,0,1502,140,5,28,30,141
53027001100,2819,1443,912,464,0,0,2283,153,3,42,47,291
53027001200,2374,1369,642,363,0,0,1842,212,8,28,35,249
53027001300,2076,1081,626,369,0,0,1704,123,4,16,34,195
53027001400,1387,639,407,341,0,0,1138,67,3,12,17,150
53027001500,2429,1381,667,381,0,0,1985,159,1,37,22,225
53027001601,1927,942,628,357,0,0,1568,82,3,25,18,231
53027001602,1321,519,558,244,0,0,1150,33,3,13,11,111
53027940000,556,360,57,139,0,0,401,37,4,6,18,90
53027990000,0,0,0,0,0,0,0,0,0,0,0,0
53077000100,890,681,126,83,0,0,433,348,5,11,12,81
53077000200,1809,1493,189,127,0,0,690,1002,10,18,10,79
53077000301,1431,927,418,86,0,0,915,388,5,18,16,89
53077000302,956,512,305,139,0,0,631,241,2,6,14,62
53077000401,4294,1870,1905,519,0,0,3285,519,10,76,52,352
53077000402,2002,762,927,313,0,0,1524,225,0,48,23,182
53077000500,2908,1590,934,384,0,0,1979,667,6,31,41,184
53077000600,2116,1807,251,58,0,0,686,1295,15,15,17,88
53077000700,3025,2206,565,254,0,0,1526,1255,7,23,31,183
53077000800,3514,1773,1134,607,0,0,2560,593,14,50,49,248
53077000902,2366,1148,885,333,0,0,1637,458,7,48,32,184
53077000903,2362,1015,978,369,0,0,1731,391,1,32,17,190
53077000904,2974,1246,1274,454,0,0,2201,439,5,47,42,240
53077001000,3296,1911,919,466,0,0,2189,786,16,38,35,232
53077001100,4278,1992,1509,777,0,0,2771,1124,7,52,45,279
53077001201,1567,1137,371,59,0,0,757,710,3,8,5,84
53077001202,2653,1987,589,77,0,0,1142,1324,8,12,21,146
53077001300,1424,855,416,153,0,0,773,537,5,11,8,90
53077001400,1650,1026,406,218,0,0,842,697,1,5,14,91
53077001502,697,594,79,24,0,0,196,465,0,5,2,29
53077001503,1396,1197,143,56,0,0,343,983,8,8,6,48
53077001504,776,686,62,28,0,0,203,541,4,5,7,16
53077001601,1656,538,873,245,0,0,1279,206,3,15,17,136
53077001602,5808,2380,2546,882,0,0,4226,963,7,84,68,460
53077001701,2011,678,1050,283,0,0,1446,407,0,7,14,137
53077001702,3681,1677,1419,585,0,0,2156,1141,4,20,44,316
53077001801,2219,1190,868,161,0,0,1053,1023,0,18,8,117
53077001802,1334,723,490,121,0,0,627,613,0,8,5,81
53077001901,1201,971,207,23,0,0,292,863,0,5,4,37
53077001902,2479,1864,443,172,0,0,693,1672,0,22,7,85
53077002003,1720,1456,204,60,0,0,346,1306,0,15,6,47
53077002004,973,812,146,15,0,0,166,769,0,4,4,30
53077002005,1027,836,151,40,0,0,190,772,1,13,14,37
53077002006,2325,1684,520,121,0,0,700,1503,0,18,15,89
53077002101,1069,484,468,117,0,0,568,413,0,7,5,76
53077002103,1234,718,419,97,0,0,476,678,0,2,6,72
53077002104,1898,1399,385,114,0,0,509,1289,1,7,11,81
53077002201,2928,1283,1273,372,0,0,1854,844,2,20,20,188
53077002202,1280,665,469,146,0,0,678,497,0,14,11,80
53077002701,1015,779,180,56,0,0,253,725,3,2,11,21
53077002801,4033,1198,2281,554,0,0,3138,398,3,42,51,401
53077002803,4037,1400,1928,709,0,0,3027,537,2,95,49,327
53077002804,2620,842,1411,367,0,0,1988,300,1,63,55,213
53077002900,3757,1716,1639,402,0,0,2478,951,3,34,32,259
53077003002,2504,778,1336,390,0,0,2066,193,3,18,22,202
53077003003,1240,342,678,220,0,0,1061,61,0,12,3,103
53077003004,2157,589,1247,321,0,0,1796,138,0,14,25,184
53077003100,3793,1186,2010,597,0,0,2999,389,5,22,48,330
53077003200,4069,1645,1676,748,0,0,3057,605,15,38,32,322
53077003400,3504,1099,1829,576,0,0,2883,274,0,35,35,277
53077940001,3216,1834,860,522,0,0,1474,1221,3,42,85,391
53077940002,1931,1268,419,244,0,0,881,718,0,18,50,264
53077940003,2058,1009,663,386,0,0,1229,417,8,13,41,350
53077940005,1721,1424,226,71,0,0,390,1225,0,8,21,77
53077940006,1719,1514,166,39,0,0,293,1296,6,7,16,101
53077940007,1530,1325,141,64,0,0,294,1074,1,12,32,117
53077940008,895,757,100,38,0,0,141,655,0,7,13,79
53075000100,1664,982,148,534,0,0,1182,130,11,73,50,218
53075000201,2593,1384,617,592,0,0,1982,154,21,112,55,269
53075000202,1681,1017,303,361,0,0,1270,98,10,61,35,207
53075000300,3770,1997,946,827,0,0,2848,184,14,234,93,397
53075000400,2743,1642,587,514,0,0,2159,121,11,106,55,291
53075000500,192,156,3,33,0,0,124,19,3,21,6,19
53075000601,1354,1051,97,206,0,0,878,142,17,105,46,166
53075000602,1592,1284,178,130,0,0,1036,236,23,85,47,165
53075000700,2718,978,1325,415,0,0,2358,52,5,18,20,265
53075000800,2590,726,1438,426,0,0,2229,51,3,39,26,242
53075000900,2671,758,1514,399,0,0,2304,55,2,24,17,269
53075001000,1603,472,904,227,0,0,1379,24,9,12,8,171
53059950100,48,21,24,3,0,0,37,0,0,0,0,11
53059950200,3401,1173,1478,750,0,0,2917,78,0,48,41,317
53059950300,1718,813,565,340,0,0,1472,52,2,16,22,154
53059950400,1627,747,598,282,0,0,1362,59,0,14,14,178
53059950500,1750,638,770,342,0,0,1481,67,0,10,20,172
53005010100,3608,1665,1377,566,0,0,2904,143,9,147,63,342
53005010201,4845,1647,2030,1168,0,0,3871,271,7,180,87,429
53005010203,2311,981,765,565,0,0,1789,229,6,62,34,191
53005010204,1551,887,349,315,0,0,1104,199,25,29,42,152
53005010300,3700,1352,1442,906,0,0,2905,326,11,59,55,344
53005010400,2224,949,767,508,0,0,1735,221,5,31,38,194
53005010500,1740,685,512,543,0,0,1331,196,8,25,26,154
53005010600,2734,1208,861,665,0,0,2062,286,11,52,62,261
53005010701,1637,389,890,358,0,0,1360,101,2,19,16,139
53005010703,2254,739,1070,445,0,0,1803,213,1,25,20,192
53005010705,4065,1207,2035,823,0,0,3365,208,10,73,60,349
53005010707,2367,652,1209,506,0,0,1964,135,2,38,32,196
53005010708,3389,1020,1576,793,0,0,2724,255,11,64,46,289
53005010807,868,193,514,161,0,0,707,51,1,13,15,81
53005010809,3981,1459,1516,1006,0,0,2933,528,13,91,64,352
53005010810,3808,1306,1728,774,0,0,3001,231,2,114,71,389
53005010811,3916,1156,2074,686,0,0,3111,220,1,147,91,346
53005010814,3585,783,2123,679,0,0,2952,150,6,66,55,356
53005010815,6851,2242,3081,1528,0,0,5377,590,3,167,142,572
53005010816,3777,1307,1780,690,0,0,2975,314,7,77,60,344
53005010817,4411,1498,2037,876,0,0,3421,313,9,177,118,373
53005010818,2149,729,892,528,0,0,1621,204,3,67,65,189
53005010819,3227,1145,1368,714,0,0,2482,240,6,129,78,292
53005010820,2630,1115,932,583,0,0,1935,265,11,96,63,260
53005010901,2774,1407,923,444,0,0,1961,479,32,36,64,202
53005010902,2831,1422,953,456,0,0,2076,442,11,49,41,212
53005011001,2779,1178,1038,563,0,0,1942,501,18,36,84,198
53005011002,2443,1134,758,551,0,0,1654,516,11,35,34,193
53005011100,4476,1833,1736,907,0,0,3117,818,7,55,79,400
53005011201,1624,1129,358,137,0,0,886,528,9,45,46,110
53005011202,1049,787,200,62,0,0,588,322,10,26,22,81
53005011300,2267,1454,640,173,0,0,1294,749,7,25,32,160
53005011401,1925,948,620,357,0,0,1254,480,5,29,27,130
53005011402,4075,1265,1980,830,0,0,3173,475,1,33,74,319
53005011501,4089,1302,1991,796,0,0,3145,578,1,24,41,300
53005011504,2048,629,1019,400,0,0,1561,263,1,22,39,162
53005011505,2858,1077,1295,486,0,0,2224,313,6,60,46,209
53005011506,4403,1387,2184,832,0,0,3385,406,7,98,95,412
53005011600,381,116,201,64,0,0,254,91,0,5,2,29
53005011701,1349,585,536,228,0,0,835,388,2,12,3,109
53005011702,2672,1195,1079,398,0,0,1793,655,2,35,15,172
53005011801,1884,688,914,282,0,0,1275,481,3,12,18,95
53005011802,1607,719,719,169,0,0,986,489,2,9,7,114
53005011900,3577,1177,1676,724,0,0,2717,524,2,18,42,274
53005012000,0,0,0,0,0,0,0,0,0,0,0,0
53037975101,2495,843,1167,485,0,0,2088,61,3,26,47,270
53037975102,1190,428,511,251,0,0,1008,26,1,10,12,133
53037975103,995,375,408,212,0,0,825,39,0,12,19,100
53037975104,1536,717,513,306,0,0,1230,41,6,15,44,200
53037975201,2485,854,1169,462,0,0,2097,57,3,42,25,261
53037975202,1287,490,632,165,0,0,1119,30,0,14,16,108
53037975203,1045,342,550,153,0,0,901,20,0,8,16,100
53037975300,3887,1227,1997,663,0,0,3332,133,3,42,54,323
53037975402,3710,1839,1264,607,0,0,3062,200,5,59,42,342
53037975403,2070,984,674,412,0,0,1633,140,2,36,30,229
53037975404,1740,1323,277,140,0,0,1342,162,15,43,21,157
53037975500,3699,2097,1012,590,0,0,2885,318,12,80,54,350
53037975600,1343,784,281,278,0,0,1064,115,4,24,20,116
53037975700,3217,1059,1661,497,0,0,2635,208,3,21,24,326
53063000201,1845,1241,476,128,0,0,1467,101,12,25,44,196
53063000202,1011,578,238,195,0,0,803,50,11,14,28,105
53063000301,1595,899,454,242,0,0,1268,87,11,27,40,162
53063000302,1624,962,413,249,0,0,1265,82,13,49,43,172
53063000400,2356,1612,553,191,0,0,1896,112,14,40,53,241
53063000500,2362,1080,760,522,0,0,1956,89,8,37,23,249
53063000600,2024,969,604,451,0,0,1672,98,17,25,24,188
53063000700,3466,1790,1090,586,0,0,2871,128,11,30,50,376
53063000800,4005,1780,1604,621,0,0,3304,168,5,71,61,396
53063000900,4298,1994,1472,832,0,0,3554,180,16,50,67,431
53063001000,4214,2121,1300,793,0,0,3576,144,9,45,67,373
53063001100,2782,1374,815,593,0,0,2303,125,21,40,38,255
53063001200,1558,837,466,255,0,0,1287,62,6,22,25,156
53063001300,2332,1351,600,381,0,0,1924,107,11,24,23,243
53063001400,3930,2644,951,335,0,0,3141,226,16,84,84,379
53063001500,3656,1972,1042,642,0,0,2911,203,15,55,90,382
53063001600,2022,1304,552,166,0,0,1533,91,16,65,129,188
53063001800,1719,1115,460,144,0,0,1362,88,24,15,67,163
53063001900,2493,1546,633,314,0,0,2062,108,11,43,40,229
53063002000,2645,1758,553,334,0,0,2116,146,30,38,42,273
53063002100,1605,971,425,209,0,0,1323,85,7,22,31,137
53063002300,3709,2664,812,233,0,0,3051,154,24,44,70,366
53063002400,1691,1267,231,193,0,0,1333,106,14,30,30,178
53063002501,1449,996,222,231,0,0,1160,82,29,25,30,123
53063002502,1209,746,219,244,0,0,939,79,17,29,34,111
53063002503,410,272,25,113,0,0,274,38,5,25,16,52
53063002600,3042,2034,769,239,0,0,2277,169,54,79,105,358
53063002900,2177,1117,575,485,0,0,1679,132,11,48,76,231
53063003000,1389,982,313,94,0,0,1001,77,52,51,71,137
53063003100,3342,2329,583,430,0,0,2640,127,43,75,100,357
53063003200,1764,1216,286,262,0,0,1387,83,11,28,45,210
53063003500,2077,1205,270,602,0,0,1682,90,22,20,31,232
53063003601,1415,781,285,349,0,0,1159,70,4,26,26,130
53063003602,1889,1387,246,256,0,0,1481,109,10,32,42,215
53063003800,1398,739,298,361,0,0,1141,53,10,28,21,145
53063003900,1732,879,596,257,0,0,1442,50,3,34,29,174
53063004001,1806,1110,272,424,0,0,1428,64,14,39,50,211
53063004002,1483,1074,204,205,0,0,1177,67,10,29,22,178
53063004100,1745,1090,401,254,0,0,1478,41,3,27,31,165
53063004200,3909,2565,824,520,0,0,3273,92,3,51,51,439
53063004300,2772,1540,858,374,0,0,2277,88,6,49,45,307
53063004400,3275,1852,868,555,0,0,2712,131,8,43,50,331
53063004500,2958,1749,788,421,0,0,2505,90,4,41,53,265
53063004601,2706,1578,644,484,0,0,2165,97,14,64,62,304
53063004602,2310,1042,738,530,0,0,1773,95,3,61,112,266
53063004701,2076,969,631,476,0,0,1596,119,15,55,75,216
53063004702,2581,1379,730,472,0,0,2016,90,11,76,111,277
53063004800,3547,1706,1064,777,0,0,2788,147,25,80,116,391
53063004900,4458,2194,1606,658,0,0,3698,156,18,90,73,423
53063005000,2713,1331,911,471,0,0,2215,91,9,55,50,293
53063010101,2977,906,1613,458,0,0,2509,79,0,36,66,287
53063010102,2272,688,1208,376,0,0,1978,41,0,21,21,211
53063010201,3474,1017,1927,530,0,0,2967,74,1,14,52,366
53063010203,3603,1161,1975,467,0,0,3074,80,2,43,62,342
53063010204,2326,679,1328,319,0,0,1979,44,2,9,59,233
53063010301,3557,1463,1724,370,0,0,2972,98,1,28,56,402
53063010303,2663,727,1525,411,0,0,2253,60,0,22,36,292
53063010304,4751,1424,2482,845,0,0,4047,107,2,36,69,490
53063010305,5582,1789,2914,879,0,0,4711,137,4,61,102,567
53063010401,3578,1639,968,971,0,0,2759,266,30,83,80,360
53063010403,2727,803,1482,442,0,0,2264,106,0,30,66,261
53063010404,3008,929,1613,466,0,0,2508,66,1,26,76,331
53063010504,2855,1035,1392,428,0,0,2379,61,4,49,67,295
53063010505,2862,1069,1301,492,0,0,2395,98,6,57,42,264
53063010506,3693,1536,1563,594,0,0,3038,117,10,71,77,380
53063010507,3996,1489,1784,723,0,0,3342,121,7,59,77,390
53063010508,3051,1119,1501,431,0,0,2571,62,3,47,52,316
53063010601,2731,1131,1198,402,0,0,2305,107,5,33,41,240
53063010603,3524,1474,1480,570,0,0,2942,103,4,52,82,341
53063010604,2941,1277,1234,430,0,0,2407,107,19,39,51,318
53063010701,3482,1263,1482,737,0,0,2666,131,10,154,97,424
53063010702,2748,973,1311,464,0,0,2250,89,4,78,66,261
53063010800,1287,611,362,314,0,0,1035,58,8,19,28,139
53063010901,1385,595,551,239,0,0,1142,62,1,25,19,136
53063010902,1520,624,618,278,0,0,1266,77,3,36,21,117
53063011000,2600,1140,929,531,0,0,2161,151,9,34,36,209
53063011102,2323,1232,710,381,0,0,1814,125,8,56,74,246
53063011103,1874,1104,487,283,0,0,1487,103,11,36,53,184
53063011104,1541,1005,416,120,0,0,1225,94,12,22,35,153
53063011202,3160,1104,1455,601,0,0,2565,122,7,28,89,349
53063011203,3107,1511,963,633,0,0,2389,146,22,101,106,343
53063011204,1416,633,479,304,0,0,1030,56,6,80,89,155
53063011301,3061,1188,1267,606,0,0,2517,104,5,66,58,311
53063011302,3300,1520,1282,498,0,0,2628,96,10,91,116,359
53063011400,4415,1778,1776,861,0,0,3612,130,7,72,168,426
53063011500,1079,458,387,234,0,0,946,29,0,12,12,80
53063011600,1296,538,490,268,0,0,1099,46,0,17,14,120
53063011701,1632,926,590,116,0,0,1345,75,4,29,33,146
53063011702,3800,2461,914,425,0,0,3024,207,27,51,84,407
53063011800,3373,2011,1001,361,0,0,2752,147,18,42,72,342
53063011900,3177,1634,936,607,0,0,2520,161,23,39,83,351
53063012000,2852,1117,1073,662,0,0,2323,125,7,29,73,295
53063012100,1819,816,668,335,0,0,1521,94,7,9,36,152
53063012200,1816,815,636,365,0,0,1502,52,6,32,40,184
53063012300,4110,2174,1308,628,0,0,3237,189,22,84,153,425
53063012401,3761,1364,1768,629,0,0,3096,121,4,49,83,408
53063012402,5367,1835,2624,908,0,0,4552,157,1,100,73,484
53063012500,2120,1194,642,284,0,0,1661,131,7,30,51,240
53063012600,2953,1148,1067,738,0,0,2403,151,8,31,77,283
53063012701,2997,1264,1148,585,0,0,2483,119,8,44,83,260
53063012702,1616,594,676,346,0,0,1357,62,3,15,31,148
53063012801,3063,1145,1286,632,0,0,2563,115,4,39,53,289
53063012802,2425,918,1083,424,0,0,2066,80,9,31,28,211
53063012901,2421,935,975,511,0,0,1977,116,9,34,54,231
53063012902,5387,1950,2415,1022,0,0,4397,180,12,91,139,568
53063013001,1275,392,639,244,0,0,1052,29,0,29,31,134
53063013002,1835,792,488,555,0,0,1416,111,11,28,47,222
53063013003,4470,1562,1965,943,0,0,3579,189,3,130,119,450
53063013101,5221,2052,1930,1239,0,0,4284,182,6,74,142,533
53063013102,5027,1760,2216,1051,0,0,4120,181,6,63,149,508
53063013201,5500,1923,2701,876,0,0,4653,140,0,77,118,512
53063013203,2749,1015,1175,559,0,0,2275,86,1,51,53,283
53063013204,3958,1414,1843,701,0,0,3291,130,5,79,73,380
53063013205,2364,844,1060,460,0,0,1900,85,0,58,62,259
53063013300,2768,775,1635,358,0,0,2361,47,0,18,56,286
53063013401,4460,1956,1901,603,0,0,3669,138,18,121,100,414
53063013501,1311,460,638,213,0,0,1111,34,0,11,35,120
53063013502,1991,681,1008,302,0,0,1674,45,0,17,31,224
53063013503,4472,1814,1858,800,0,0,3624,155,6,106,90,491
53063013600,3640,1468,1312,860,0,0,2825,167,3,59,173,413
53063013700,2571,1006,935,630,0,0,2004,145,14,66,75,267
53063013800,692,467,117,108,0,0,511,68,3,15,15,80
53063013900,3811,1357,1633,821,0,0,3200,151,8,40,38,374
53063014001,2495,1463,546,486,0,0,1899,253,21,41,35,246
53063014002,3685,1838,963,884,0,0,2853,293,33,59,87,360
53063014100,5057,1812,2288,957,0,0,4175,207,6,57,92,520
53063014200,2711,900,1364,447,0,0,2293,83,5,24,34,272
53063014300,2629,717,1381,531,0,0,2188,76,2,15,31,317
53063014400,3018,1419,980,619,0,0,2314,152,20,120,134,278
53063014500,1474,988,257,229,0,0,1160,84,52,23,27,128
53023970300,1743,492,975,276,0,0,1514,26,0,4,18,181
53061040100,3284,2025,705,554,0,0,2638,149,7,67,73,350
53061040200,2757,2012,394,351,0,0,1939,248,30,121,118,301
53061040300,2062,1267,386,409,0,0,1680,121,8,41,21,191
53061040400,2751,1609,451,691,0,0,2159,177,26,62,38,289
53061040500,1593,896,319,378,0,0,1242,102,5,47,40,157
53061040700,2573,1555,374,644,0,0,1940,170,27,69,59,308
53061040800,1958,1151,300,507,0,0,1508,107,15,56,48,224
53061040900,2192,1199,614,379,0,0,1715,105,8,105,48,211
53061041000,4029,2333,767,929,0,0,3027,299,31,136,91,445
53061041100,2982,1608,667,707,0,0,2126,277,35,120,104,320
53061041201,2183,1118,588,477,0,0,1437,209,20,201,92,224
53061041202,3314,1729,800,785,0,0,2220,346,57,200,143,348
53061041301,4263,2366,1158,739,0,0,3083,189,10,371,154,456
53061041303,2973,1518,767,688,0,0,1970,313,18,178,159,335
53061041304,2220,1231,625,364,0,0,1656,106,9,150,74,225
53061041400,3691,2155,857,679,0,0,2600,390,38,178,89,396
53061041500,1371,694,307,370,0,0,966,104,9,74,54,164
53061041601,3986,2001,1197,788,0,0,2684,295,52,385,178,392
53061041605,4080,2044,1144,892,0,0,2812,316,34,352,172,394
53061041606,3655,1911,750,994,0,0,2266,322,61,400,185,421
53061041607,2697,1412,835,450,0,0,1923,119,14,244,118,279
53061041609,2388,1242,750,396,0,0,1730,109,9,171,100,269
53061041610,2466,1273,671,522,0,0,1614,172,18,201,157,304
53061041701,3374,1779,682,913,0,0,2178,291,61,295,163,386
53061041703,4222,2189,997,1036,0,0,2423,374,49,669,264,443
53061041704,3662,1938,733,991,0,0,2438,295,51,326,130,422
53061041805,3522,1903,770,849,0,0,2149,404,62,334,188,385
53061041808,2348,1275,499,574,0,0,1508,277,25,177,130,231
53061041809,2696,1508,495,693,0,0,1657,322,91,172,131,323
53061041810,2428,1580,352,496,0,0,1491,329,80,144,124,260
53061041812,3423,1829,582,1012,0,0,1780,301,82,601,260,399
53061041813,1970,1076,331,563,0,0,1175,268,38,170,103,216
53061041814,2319,1401,424,494,0,0,1366,258,63,244,151,237
53061041815,1891,1040,299,552,0,0,1069,197,53,244,92,236
53061041816,2472,1288,493,691,0,0,1104,248,70,561,183,306
53061041901,3052,1557,672,823,0,0,1626,290,88,434,245,369
53061041904,2182,1362,352,468,0,0,1341,339,52,146,118,186
53061041905,2890,1720,524,646,0,0,1677,347,103,274,186,303
53061041906,1505,975,209,321,0,0,931,235,27,98,73,141
53061041907,1699,1014,349,336,0,0,1016,173,29,184,98,199
53061042001,4555,2619,1197,739,0,0,3240,225,19,489,163,419
53061042003,2507,1430,659,418,0,0,1808,125,9,184,123,258
53061042004,2898,1570,654,674,0,0,1826,150,43,419,148,312
53061042005,4066,2261,1168,637,0,0,2535,185,18,764,173,391
53061042006,2897,1544,512,841,0,0,1765,264,29,408,163,268
53061050101,2183,1276,524,383,0,0,1540,111,32,184,76,240
53061050102,3527,2049,582,896,0,0,2176,334,121,384,175,337
53061050200,3527,2070,969,488,0,0,2705,172,6,196,100,348
53061050300,4489,2767,1153,569,0,0,3615,135,9,173,86,471
53061050402,4107,2617,738,752,0,0,3141,185,36,242,132,371
53061050403,3021,1953,684,384,0,0,2376,132,14,125,73,301
53061050404,2255,1447,406,402,0,0,1578,172,42,139,87,237
53061050501,3259,2073,742,444,0,0,2642,98,2,127,60,330
53061050502,3233,2076,816,341,0,0,2618,102,3,139,70,301
53061050600,1014,535,352,127,0,0,767,25,3,73,38,108
53061050700,4566,2917,843,806,0,0,3467,207,47,245,111,489
53061050800,4746,2914,945,887,0,0,3384,287,56,407,137,475
53061050900,2054,1300,321,433,0,0,1312,172,61,178,108,223
53061051000,2868,1765,542,561,0,0,1909,241,49,207,140,322
53061051100,3004,1931,552,521,0,0,2009,283,42,225,127,318
53061051200,2903,1804,522,577,0,0,1922,289,34,261,118,279
53061051301,2484,1532,484,468,0,0,1637,165,42,213,128,299
53061051302,2360,1467,450,443,0,0,1663,168,42,170,70,247
53061051401,2183,1327,303,553,0,0,1259,259,79,223,138,225
53061051402,2369,1564,435,370,0,0,1340,215,58,325,151,280
53061051500,3200,1942,637,621,0,0,2056,272,78,299,158,337
53061051601,3052,1789,613,650,0,0,1875,272,67,347,138,353
53061051602,2816,1667,684,465,0,0,1997,187,31,213,107,281
53061051701,3448,1996,719,733,0,0,2080,293,87,428,216,344
53061051702,3168,1766,742,660,0,0,1732,231,112,537,223,333
53061051802,4096,2224,783,1089,0,0,1994,388,97,897,328,392
53061051803,3464,1970,479,1015,0,0,2089,330,116,383,161,385
53061051804,3922,2149,575,1198,0,0,1841,359,181,862,249,430
53061051912,1808,936,596,276,0,0,1435,81,1,72,36,183
53061051913,3453,1979,922,552,0,0,2502,176,10,330,108,327
53061051914,3210,1943,775,492,0,0,2346,165,9,210,124,356
53061051916,3005,1633,723,649,0,0,2123,158,5,273,100,346
53061051917,2970,1758,804,408,0,0,2198,105,8,233,112,314
53061051918,3896,2172,996,728,0,0,2804,183,5,370,124,410
53061051921,2975,1592,648,735,0,0,1922,294,28,277,120,334
53061051922,3364,1856,694,814,0,0,2131,257,34,454,165,323
53061051926,3546,1765,965,816,0,0,2232,111,13,614,210,366
53061051927,3846,2106,882,858,0,0,2306,253,31,631,221,404
53061051928,2944,1728,555,661,0,0,1747,256,59,442,135,305
53061051929,2866,1675,495,696,0,0,1628,229,109,394,191,315
53061051930,2917,1676,621,620,0,0,1898,237,49,317,111,305
53061051931,2452,1382,499,571,0,0,1504,147,32,336,158,275
53061051932,2683,1545,627,511,0,0,1904,182,17,187,85,308
53061051933,1546,860,220,466,0,0,947,137,11,184,87,180
53061051934,2178,1165,505,508,0,0,1397,151,15,284,109,222
53061051935,2130,1148,542,440,0,0,1405,134,4,253,89,245
53061051936,1955,1035,397,523,0,0,1270,194,10,180,73,228
53061051937,2550,1368,649,533,0,0,1472,92,15,552,143,276
53061051938,2061,1099,379,583,0,0,1241,142,9,325,110,234
53061052004,4181,2231,1118,832,0,0,2823,231,33,424,210,460
53061052005,4278,2329,1166,783,0,0,2998,222,22,467,155,414
53061052006,3088,1697,800,591,0,0,1999,196,14,425,153,301
53061052007,3090,1652,734,704,0,0,2009,281,27,324,168,281
53061052008,2259,1153,589,517,0,0,1272,140,16,442,158,231
53061052009,1205,595,251,359,0,0,561,87,5,290,104,158
53061052010,2134,1083,517,534,0,0,1091,214,22,412,162,233
53061052104,2601,1162,816,623,0,0,1886,221,9,121,97,267
53061052105,1415,605,569,241,0,0,1174,56,1,29,23,132
53061052107,3582,1708,1006,868,0,0,2231,194,9,599,151,398
53061052108,4719,2120,1738,861,0,0,3789,197,2,112,106,513
53061052112,2130,914,801,415,0,0,1701,75,1,73,71,209
53061052113,2455,1135,907,413,0,0,2000,73,1,70,44,267
53061052114,3476,1666,1309,501,0,0,2623,152,16,256,120,309
53061052119,2077,1141,568,368,0,0,1371,162,23,191,128,202
53061052120,2418,1283,739,396,0,0,1860,144,9,136,70,199
53061052121,2463,1138,787,538,0,0,1740,153,12,182,94,282
53061052122,2609,1151,982,476,0,0,1957,145,4,165,104,234
53061052203,5144,2223,1744,1177,0,0,3982,330,10,183,131,508
53061052204,3479,1575,1231,673,0,0,2609,351,7,101,96,315
53061052206,3862,1593,1540,729,0,0,3159,143,6,68,74,412
53061052207,4199,1790,1640,769,0,0,3469,206,2,81,56,385
53061052208,2210,1135,599,476,0,0,1674,272,0,42,27,195
53061052210,1108,550,285,273,0,0,888,96,1,12,23,88
53061052211,329,157,74,98,0,0,267,23,1,9,9,20
53061052301,4106,1780,1550,776,0,0,3430,177,3,64,65,367
53061052302,3145,1383,1229,533,0,0,2573,119,1,56,44,352
53061052401,2892,1431,916,545,0,0,2366,132,5,41,39,309
53061052402,2771,1485,689,597,0,0,2245,128,3,47,45,303
53061052502,3833,1781,1313,739,0,0,3154,156,8,74,76,365
53061052504,2097,918,687,492,0,0,1695,98,12,41,36,215
53061052505,3240,1496,854,890,0,0,2273,299,14,195,121,338
53061052506,3121,1453,898,770,0,0,2340,242,13,128,68,330
53061052603,2124,873,758,493,0,0,1686,126,10,40,47,215
53061052604,3960,1906,1014,1040,0,0,2940,261,27,168,119,445
53061052605,4339,1995,1421,923,0,0,3506,228,12,76,71,446
53061052606,3667,1580,1293,794,0,0,2991,192,10,60,50,364
53061052607,4555,2009,1452,1094,0,0,3522,266,20,129,131,487
53061052701,1516,623,572,321,0,0,1216,82,0,22,43,153
53061052706,3784,1764,1129,891,0,0,2782,339,31,146,89,397
53061052707,3178,1391,932,855,0,0,2295,266,24,151,85,357
53061052708,3798,1717,1372,709,0,0,2739,358,19,159,130,393
53061052709,2524,1084,950,490,0,0,1932,166,17,78,58,273
53061052710,3068,1398,1004,666,0,0,2194,287,27,117,132,311
53061052711,3186,1407,1017,762,0,0,2266,305,30,150,112,323
53061052803,4082,1855,1170,1057,0,0,3014,408,16,116,89,439
53061052805,2818,1254,984,580,0,0,2213,226,1,65,54,259
53061052807,2593,1143,842,608,0,0,1948,215,8,74,74,274
53061052808,2554,1204,767,583,0,0,1866,276,28,78,55,251
53061052809,2197,1074,543,580,0,0,1530,238,26,109,71,223
53061052810,2510,1144,790,576,0,0,1944,231,3,54,44,234
53061052903,2247,1141,512,594,0,0,1713,206,11,61,30,226
53061052904,3909,1861,1206,842,0,0,2875,356,18,109,114,437
53061052905,2419,1356,567,496,0,0,1776,290,14,58,40,241
53061052906,3089,1454,951,684,0,0,2344,301,8,81,77,278
53061053101,3086,1292,1068,726,0,0,2392,209,28,74,54,329
53061053102,3946,1702,1480,764,0,0,3254,187,6,55,74,370
53061053201,3395,1311,1480,604,0,0,2847,100,7,46,51,344
53061053202,3714,1527,1493,694,0,0,3085,131,3,53,69,373
53061053301,4784,1978,1773,1033,0,0,3895,270,5,67,74,473
53061053302,5170,2065,2092,1013,0,0,4340,186,10,45,91,498
53061053400,4633,1711,2098,824,0,0,3912,136,2,56,56,471
53061053505,4531,1787,1770,974,0,0,3787,184,1,55,66,438
53061053506,4362,1588,1878,896,0,0,3723,141,2,46,60,390
53061053507,3603,1518,1415,670,0,0,2832,261,11,77,89,333
53061053508,2352,926,876,550,0,0,1843,149,5,44,83,228
53061053509,2506,1044,851,611,0,0,1946,207,8,51,52,242
53061053510,2308,1020,794,494,0,0,1862,137,4,19,25,261
53061053511,2368,998,731,639,0,0,1867,170,5,39,44,243
53061053603,3275,1304,1287,684,0,0,2701,131,2,34,55,352
53061053604,3564,1440,1231,893,0,0,2851,206,6,45,65,391
53061053605,2206,879,917,410,0,0,1858,72,4,22,28,222
53061053606,2847,1138,1029,680,0,0,2389,94,6,29,39,290
53061053700,2225,786,950,489,0,0,1911,55,1,19,42,197
53061053801,2715,1155,948,612,0,0,2235,110,1,23,44,302
53061053802,4199,1771,1400,1028,0,0,3382,293,4,66,55,399
53061053803,3915,1656,1349,910,0,0,3237,192,5,41,58,382
53061940001,4977,2356,1376,1245,0,0,3860,307,8,136,138,528
53061940002,3463,1621,972,870,0,0,2732,176,11,54,110,380
53061990002,0,0,0,0,0,0,0,0,0,0,0,0
53061990100,0,0,0,0,0,0,0,0,0,0,0,0
53001950100,1614,429,916,269,0,0,1401,41,0,14,10,148
53001950200,932,238,539,155,0,0,808,46,0,6,1,71
53001950301,725,251,411,63,0,0,388,292,0,9,2,34
53001950302,968,606,249,113,0,0,252,669,0,12,10,25
53001950303,844,377,375,92,0,0,446,340,0,4,7,47
53001950400,1018,616,310,92,0,0,414,538,0,15,4,47
53001950500,1622,1042,448,132,0,0,525,1029,0,13,8,47
53025010100,2569,822,1204,543,0,0,2203,61,6,19,29,251
53025010200,2081,474,1204,403,0,0,1631,144,2,16,92,196
53025010300,2558,927,1193,438,0,0,1976,199,3,23,88,269
53025010401,1832,605,834,393,0,0,1462,147,1,11,17,194
53025010402,3119,1116,1384,619,0,0,2395,395,1,34,21,273
53025010500,1792,593,925,274,0,0,1257,340,2,23,17,153
53025010600,2921,1838,781,302,0,0,1134,1596,2,36,15,138
53025010700,1668,497,909,262,0,0,1241,285,0,13,11,118
53025010800,1739,934,518,287,0,0,1165,402,10,9,22,131
53025010901,839,271,431,137,0,0,592,150,1,6,19,71
53025010903,1758,1119,510,129,0,0,1024,575,6,14,39,100
53025010904,4803,1761,2000,1042,0,0,3339,864,10,79,135,376
53025011001,3774,1177,1799,798,0,0,2791,534,10,63,61,315
53025011002,3711,1328,1567,816,0,0,2536,804,2,48,43,278
53025011101,2278,778,1027,473,0,0,1596,415,3,29,25,210
53025011102,1806,763,615,428,0,0,1269,348,9,22,26,132
53025011200,3751,985,2191,575,0,0,2853,461,3,24,94,316
53025011300,1532,671,649,212,0,0,848,590,0,25,4,65
53025011401,949,314,501,134,0,0,649,193,0,2,4,101
53025011403,765,563,151,51,0,0,175,553,0,2,1,34
53025011404,311,140,151,20,0,0,174,108,0,0,0,29
53025011405,803,397,312,94,0,0,401,370,0,0,3,29
53025011406,1111,499,484,128,0,0,729,268,1,15,13,85
53007960100,1851,740,885,226,0,0,1466,182,1,16,17,169
53007960201,3380,1843,1039,498,0,0,2788,140,3,35,50,364
53007960202,1542,723,562,257,0,0,1307,58,5,6,26,140
53007960203,866,396,304,166,0,0,754,11,0,13,7,81
53007960301,1946,909,764,273,0,0,1444,284,2,22,29,165
53007960302,1547,707,618,222,0,0,1149,248,8,12,7,123
53007960303,1625,736,678,211,0,0,1283,168,0,13,18,143
53007960400,2586,1120,1155,311,0,0,1937,368,1,25,34,221
53007960501,1854,754,814,286,0,0,1421,225,1,9,32,166
53007960502,2865,1022,1392,451,0,0,2186,385,1,17,40,236
53007960600,2611,1103,1090,418,0,0,1959,377,4,20,30,221
53007960700,3419,1289,1597,533,0,0,2772,252,0,58,38,299
53007960801,2328,910,1135,283,0,0,1917,166,0,33,19,193
53007960803,1708,881,539,288,0,0,1183,373,1,22,12,117
53007960804,2616,1142,1004,470,0,0,1956,381,1,25,34,219
53007961001,1550,838,355,357,0,0,1116,279,0,16,14,125
53007961002,1937,1351,421,165,0,0,1254,507,1,15,18,142
53007961101,1899,1331,409,159,0,0,967,789,2,12,21,108
53007961102,3155,1762,1007,386,0,0,1913,948,1,33,35,225
53007961200,3284,1222,1571,491,0,0,2554,363,7,32,41,287
53007961301,1050,415,483,152,0,0,868,68,0,10,10,94
53007961303,2598,1263,940,395,0,0,1943,384,0,31,28,212
53007961304,3391,1445,1364,582,0,0,2722,276,5,52,38,298
53017950101,1685,693,789,203,0,0,1212,310,0,9,16,138
53017950102,1164,547,467,150,0,0,734,321,0,7,10,92
53017950200,1713,445,930,338,0,0,1406,73,0,17,31,186
53017950300,4546,1990,1998,558,0,0,3128,946,3,60,43,366
53017950400,5153,1847,2463,843,0,0,4084,578,2,51,47,391
53017950500,1992,859,726,407,0,0,1439,335,0,19,27,172
53017950600,3550,1315,1640,595,0,0,2740,469,1,58,41,241
53017950700,2502,1367,868,267,0,0,1702,561,2,26,24,187
53017950800,3503,1401,1502,600,0,0,2453,695,3,34,25,293
53011040101,3630,953,1912,765,0,0,3060,111,5,24,44,386
53011040102,2607,658,1426,523,0,0,2186,55,1,29,20,316
53011040201,4857,1667,2238,952,0,0,4000,209,5,60,80,503
53011040202,3187,946,1619,622,0,0,2693,85,0,30,42,337
53011040203,4267,1368,2142,757,0,0,3525,139,3,47,65,488
53011040301,1390,480,624,286,0,0,1132,52,0,42,25,139
53011040303,4655,1816,1548,1291,0,0,3616,246,8,141,124,520
53011040304,2312,941,876,495,0,0,1849,118,0,68,50,227
53011040305,2055,835,722,498,0,0,1678,79,3,32,32,231
53011040403,3107,1092,1349,666,0,0,2502,117,4,48,95,341
53011040407,3675,1407,1302,966,0,0,2795,211,2,49,167,451
53011040408,2904,941,1488,475,0,0,2329,120,0,60,106,289
53011040409,1725,779,673,273,0,0,1419,49,4,34,53,166
53011040411,1496,708,401,387,0,0,1187,69,5,55,44,136
53011040412,4189,1890,1293,1006,0,0,3304,202,15,127,118,423
53011040413,1965,710,784,471,0,0,1506,113,2,28,111,205
53011040414,4123,1332,1777,1014,0,0,3050,233,6,75,286,473
53011040415,3205,1117,1354,734,0,0,2490,160,6,47,145,357
53011040416,2775,948,1309,518,0,0,2267,126,2,46,46,288
53011040504,3702,1205,1832,665,0,0,3015,109,2,38,65,473
53011040505,4676,1657,2216,803,0,0,3868,143,2,87,90,486
53011040507,1404,582,419,403,0,0,1157,96,1,10,22,118
53011040509,1995,823,602,570,0,0,1665,111,1,18,21,179
53011040510,4881,1822,2073,986,0,0,3905,166,10,130,108,562
53011040511,1896,668,837,391,0,0,1577,49,0,40,25,205
53011040512,1752,665,656,431,0,0,1472,90,3,27,34,126
53011040513,3275,1341,1300,634,0,0,2707,131,5,63,65,304
53011040603,3774,1334,1794,646,0,0,3076,99,0,65,132,402
53011040604,5042,1987,1868,1187,0,0,3548,415,30,267,233,549
53011040605,4833,2075,1557,1201,0,0,3680,274,12,238,146,483
53011040608,3530,1517,1258,755,0,0,2557,143,4,372,104,350
53011040609,3451,1517,1203,731,0,0,2388,134,11,444,126,348
53011040610,3193,1446,1044,703,0,0,2291,171,7,242,113,369
53011040703,4070,1674,1422,974,0,0,2968,336,15,137,214,400
53011040706,2218,1138,664,416,0,0,1552,217,16,75,125,233
53011040707,2045,893,662,490,0,0,1469,187,3,61,106,219
53011040709,3870,1445,1370,1055,0,0,2623,263,5,202,294,483
53011040711,1870,765,576,529,0,0,1328,174,12,88,85,183
53011040712,4295,1661,1559,1075,0,0,3101,305,15,140,226,508
53011040713,3280,1335,1072,873,0,0,2316,196,7,187,170,404
53011040714,1914,784,483,647,0,0,1213,175,21,129,156,220
53011040715,2134,762,944,428,0,0,1676,63,1,24,105,265
53011040803,3717,1774,1238,705,0,0,2863,228,12,123,106,385
53011040806,3223,1301,1173,749,0,0,2272,200,20,135,239,357
53011040808,1122,448,412,262,0,0,814,84,1,43,64,116
53011040809,3717,1730,1024,963,0,0,2655,297,30,205,164,366
53011040810,2525,1215,583,727,0,0,1825,223,25,95,108,249
53011040811,2854,1247,1100,507,0,0,2229,115,5,115,91,299
53011040812,3807,1585,1322,900,0,0,2853,191,9,168,145,441
53011040904,4180,2040,1190,950,0,0,3334,263,21,97,90,375
53011040905,2677,1056,1145,476,0,0,2169,88,3,72,74,271
53011040907,5071,2451,1746,874,0,0,3964,191,11,233,118,554
53011040908,5044,2439,1678,927,0,0,4036,245,12,151,88,512
53011040909,3944,1950,1248,746,0,0,3238,163,2,116,75,350
53011040910,3029,1359,1071,599,0,0,2400,138,12,108,76,295
53011041003,3027,1773,717,537,0,0,2427,152,8,69,48,323
53011041005,1399,1032,251,116,0,0,1009,184,6,14,46,140
53011041007,2306,1186,620,500,0,0,1836,126,3,59,57,225
53011041008,2979,1520,972,487,0,0,2408,129,16,78,44,304
53011041009,2685,1504,694,487,0,0,2117,164,9,63,65,267
53011041010,3032,1433,666,933,0,0,2235,222,18,104,113,340
53011041011,2512,1175,705,632,0,0,1946,143,9,55,75,284
53011041104,2413,1023,688,702,0,0,1747,201,13,79,134,239
53011041105,4287,1945,1242,1100,0,0,3125,309,21,162,200,470
53011041107,2010,812,692,506,0,0,1446,143,16,87,103,215
53011041110,4010,1866,1077,1067,0,0,3009,266,28,132,179,396
53011041111,1386,1094,173,119,0,0,945,174,30,43,56,138
53011041112,3421,1605,864,952,0,0,2331,308,32,126,227,397
53011041113,1227,605,253,369,0,0,888,112,14,21,48,144
53011041114,2988,1555,745,688,0,0,2196,215,22,96,112,347
53011041203,3127,1474,813,840,0,0,2225,267,32,110,106,387
53011041205,2987,1498,706,783,0,0,2217,226,16,128,93,307
53011041206,3940,1877,1138,925,0,0,2926,281,22,124,152,435
53011041207,1277,652,319,306,0,0,958,132,11,35,21,120
53011041208,3155,1568,821,766,0,0,2342,209,21,168,103,312
53011041309,3289,1632,937,720,0,0,2478,200,17,163,81,350
53011041310,3900,1941,1385,574,0,0,3100,152,12,184,100,352
53011041312,2770,1327,647,796,0,0,1927,277,26,94,146,300
53011041313,1615,764,341,510,0,0,1161,148,15,50,77,164
53011041317,3761,1775,855,1131,0,0,2682,340,24,108,221,386
53011041319,4373,2034,1393,946,0,0,3146,303,23,280,184,437
53011041320,3882,1899,992,991,0,0,2832,348,26,185,130,361
53011041321,1937,880,609,448,0,0,1371,143,5,129,94,195
53011041322,2734,1384,638,712,0,0,1951,294,20,85,78,306
53011041323,3344,1655,905,784,0,0,2385,307,26,169,115,342
53011041325,3927,1911,1208,808,0,0,2617,184,6,579,140,401
53011041326,1659,714,453,492,0,0,1168,158,11,88,58,176
53011041328,3957,1928,956,1073,0,0,2794,250,32,379,126,376
53011041329,3460,1668,867,925,0,0,2356,224,18,323,149,390
53011041330,3037,1288,988,761,0,0,2110,263,18,101,209,336
53011041331,1585,731,403,451,0,0,1054,171,15,72,92,181
53011041332,2468,1026,849,593,0,0,1818,170,11,90,93,286
53011041333,2084,900,670,514,0,0,1594,148,4,52,81,205
53011041334,1946,815,593,538,0,0,1296,145,19,191,111,184
53011041335,3982,1631,1431,920,0,0,2707,277,22,284,253,439
53011041336,1639,794,340,505,0,0,1115,194,13,64,79,174
53011041337,2401,1219,548,634,0,0,1756,170,22,124,69,260
53011041400,4208,1913,1310,985,0,0,3272,184,3,165,109,475
53011041500,1842,875,519,448,0,0,1485,84,4,26,44,199
53011041600,1789,1222,324,243,0,0,1223,207,29,47,106,177
53011041700,1946,1475,293,178,0,0,1450,208,19,40,43,186
53011041800,2352,1311,436,605,0,0,1749,254,8,58,52,231
53011041900,1497,927,252,318,0,0,1187,84,2,28,22,174
53011042000,1217,759,214,244,0,0,1006,50,6,14,19,122
53011042100,2101,1311,341,449,0,0,1658,154,18,57,15,199
53011042300,2441,1387,358,696,0,0,1897,145,13,53,63,270
53011042400,1075,527,170,378,0,0,830,53,7,40,24,121
53011042500,1143,726,146,271,0,0,854,72,27,29,23,138
53011042601,1529,794,354,381,0,0,1174,77,9,62,37,170
53011042602,2227,1438,385,404,0,0,1766,160,13,42,41,205
53011042700,2283,1760,320,203,0,0,1614,294,22,43,99,211
53011042800,2118,1201,539,378,0,0,1707,101,13,55,48,194
53011042900,1006,548,281,177,0,0,769,65,4,25,29,114
53011043000,1113,597,309,207,0,0,880,67,4,22,28,112
53011043100,3014,1472,950,592,0,0,2355,179,8,106,65,301
53051970100,1595,494,813,288,0,0,1359,32,0,14,12,178
53051970200,2187,648,1127,412,0,0,1864,53,3,14,10,243
53051970300,2250,907,950,393,0,0,1949,51,0,16,24,210
53051970400,2275,717,1143,415,0,0,1960,42,8,16,30,219
53051970500,2043,618,959,466,0,0,1757,53,2,21,24,186
53015000400,2864,1665,784,415,0,0,2391,94,3,54,41,281
53015000501,1894,1141,578,175,0,0,1537,120,6,28,23,180
53015000502,2209,1625,480,104,0,0,1715,234,11,28,18,203
53015000601,2112,1331,576,205,0,0,1674,142,1,59,25,211
53015000602,2342,1151,807,384,0,0,1992,78,1,48,21,202
53015000702,2170,927,818,425,0,0,1795,104,5,36,16,214
53015000703,1151,500,426,225,0,0,944,51,1,19,8,128
53015000705,2424,1235,870,319,0,0,1969,155,4,46,24,226
53015000706,2220,1053,781,386,0,0,1865,93,1,44,35,182
53015000801,2538,1073,1055,410,0,0,2157,90,1,60,20,210
53015000802,2674,1123,1145,406,0,0,2255,83,1,38,37,260
53015000901,2388,937,926,525,0,0,1966,120,8,24,45,225
53015000902,2341,940,891,510,0,0,1978,118,0,15,20,210
53015001000,725,499,174,52,0,0,575,54,0,11,5,80
53015001100,3255,2025,842,388,0,0,2666,227,6,34,28,294
53015001200,3334,1398,1289,647,0,0,2810,122,15,53,35,299
53015001300,2167,1381,631,155,0,0,1742,156,3,19,32,215
53015001501,2733,915,1377,441,0,0,2357,84,1,40,14,237
53015001503,4086,1354,1907,825,0,0,3386,177,5,54,52,412
53015001504,1869,801,750,318,0,0,1503,148,1,20,27,170
53015001601,3303,1323,1309,671,0,0,2762,140,6,37,39,319
53015001602,2225,828,1006,391,0,0,1864,80,0,19,29,233
53015001700,4413,1525,2091,797,0,0,3789,126,4,43,54,397
53015001800,1609,572,750,287,0,0,1374,49,0,16,11,159
53015001900,4102,1413,1971,718,0,0,3613,101,2,36,37,313
53015002001,2924,1140,1414,370,0,0,2553,73,1,31,11,255
53015002003,3375,1259,1481,635,0,0,2860,115,0,25,48,327
53015002004,1666,578,804,284,0,0,1419,47,0,13,28,159
53015002100,2012,1361,451,200,0,0,1632,147,5,27,17,184
53015980000,286,187,79,20,0,0,220,31,0,8,2,25
53071920000,3033,829,1648,556,0,0,2429,350,3,12,7,232
53071920100,3841,1051,2188,602,0,0,3160,202,6,39,35,399
53071920200,2968,1070,1347,551,0,0,2346,247,6,41,50,278
53071920301,2528,1031,1059,438,0,0,1890,337,1,41,32,227
53071920302,2796,1140,1011,645,0,0,2017,433,11,32,40,263
53071920400,10,2,8,0,0,0,7,1,2,0,0,0
53071920500,1194,917,194,83,0,0,596,492,1,18,13,74
53071920600,3509,1931,1105,473,0,0,2360,824,15,36,28,246
53071920701,2710,1399,726,585,0,0,2052,346,8,51,21,232
53071920702,3257,1601,1153,503,0,0,2511,337,8,41,38,322
53071920801,2934,1380,959,595,0,0,2237,394,9,20,42,232
53071920802,1755,1025,383,347,0,0,1395,115,0,47,23,175
53071920901,2565,1066,1050,449,0,0,2018,256,4,26,28,233
53071920902,4603,1737,2357,509,0,0,3819,220,1,57,66,440
53067010100,2886,2022,261,603,0,0,2288,147,14,74,43,320
53067010200,3950,2746,643,561,0,0,3199,182,6,101,63,399
53067010300,3909,2693,420,796,0,0,3151,202,23,70,62,401
53067010400,2789,2000,421,368,0,0,2305,97,5,63,38,281
53067010510,1846,1128,324,394,0,0,1466,105,9,37,31,198
53067010520,4077,2904,500,673,0,0,3071,269,37,186,56,458
53067010600,4670,3560,512,598,0,0,3538,273,15,273,72,499
53067010700,4420,2671,1062,687,0,0,3416,222,21,289,63,409
53067010801,1510,839,276,395,0,0,1236,105,11,16,9,133
53067010802,3769,2240,823,706,0,0,3008,201,10,133,50,367
53067010910,5291,2947,1064,1280,0,0,4057,324,75,274,68,493
53067010920,3646,1948,985,713,0,0,2976,192,16,82,37,343
53067011000,3952,2010,1269,673,0,0,3287,165,5,82,54,359
53067011100,3418,2110,649,659,0,0,2547,217,18,205,86,345
53067011200,3200,2182,591,427,0,0,2347,300,37,130,72,314
53067011300,3114,1914,697,503,0,0,2519,167,14,95,33,286
53067011410,3335,1726,863,746,0,0,2428,335,35,129,77,331
53067011421,2497,1276,695,526,0,0,1825,193,41,122,69,247
53067011422,2746,1399,705,642,0,0,2126,190,29,72,56,273
53067011500,3562,1774,892,896,0,0,2614,336,47,164,62,339
53067011622,2854,1454,821,579,0,0,2092,282,39,129,57,255
53067011623,3886,2001,924,961,0,0,2826,380,68,206,75,331
53067011624,2901,1417,850,634,0,0,2212,263,17,98,41,270
53067011625,1813,925,383,505,0,0,1243,201,31,118,46,174
53067011626,2972,1592,736,644,0,0,2169,230,38,149,51,335
53067011627,1359,600,418,341,0,0,1028,106,11,75,27,112
53067011628,4423,2248,1388,787,0,0,3432,319,33,136,71,432
53067011720,4437,2119,1502,816,0,0,3607,194,25,169,69,373
53067011721,3601,2160,796,645,0,0,2692,168,11,304,83,343
53067011722,2641,1475,804,362,0,0,2077,129,15,141,26,253
53067011810,2956,1481,1007,468,0,0,2478,103,11,47,42,275
53067011821,3798,1708,1196,894,0,0,3064,217,10,77,64,366
53067011822,3325,1539,1095,691,0,0,2702,145,15,90,49,324
53067011901,1709,862,570,277,0,0,1408,40,3,28,16,214
53067011902,4783,2674,1423,686,0,0,4014,138,8,88,95,440
53067012001,3339,1933,716,690,0,0,2472,173,11,287,61,335
53067012002,2447,1479,629,339,0,0,2048,58,7,71,37,226
53067012100,3840,2404,948,488,0,0,3231,115,7,75,41,371
53067012211,2049,1070,651,328,0,0,1681,83,3,60,33,189
53067012221,5426,2663,1672,1091,0,0,4123,323,24,286,103,567
53067012223,2579,1451,533,595,0,0,1962,164,24,130,45,254
53067012224,2399,1245,604,550,0,0,1722,146,19,193,108,211
53067012225,4408,2369,1353,686,0,0,3480,228,41,197,69,393
53067012226,4399,2136,1123,1140,0,0,2956,469,63,382,110,419
53067012320,2134,964,649,521,0,0,1577,163,11,106,45,232
53067012330,2589,1316,615,658,0,0,1810,331,47,110,56,235
53067012331,3875,1869,1249,757,0,0,2805,251,82,282,96,359
53067012332,3415,1659,994,762,0,0,2221,470,91,234,80,319
53067012412,3514,1304,1284,926,0,0,2804,260,14,51,38,347
53067012420,3468,1536,1311,621,0,0,2893,168,8,64,28,307
53067012421,1649,666,517,466,0,0,1192,195,23,38,23,178
53067012422,3702,1488,1269,945,0,0,2886,307,17,74,61,357
53067012510,2253,872,724,657,0,0,1787,165,5,37,29,230
53067012530,3350,1284,1297,769,0,0,2822,148,7,38,37,298
53067012531,3230,1123,1389,718,0,0,2720,165,9,30,39,267
53067012532,2531,870,1165,496,0,0,2101,140,6,40,24,220
53067012610,4764,1962,1950,852,0,0,4009,174,3,62,50,466
53067012620,3296,1288,1322,686,0,0,2813,148,3,32,33,267
53067012710,1591,558,714,319,0,0,1317,102,3,26,14,129
53067012720,4224,1612,1739,873,0,0,3401,321,8,48,49,397
53067012730,4401,1687,1874,840,0,0,3687,266,5,37,49,357
53067990100,0,0,0,0,0,0,0,0,0,0,0,0
53019940000,966,551,275,140,0,0,753,41,6,6,24,136
53019970100,1932,566,995,371,0,0,1672,38,1,18,20,183
53019970200,2321,797,1227,297,0,0,2022,62,0,15,14,208
53003960100,3386,992,1839,555,0,0,2944,58,0,29,22,333
53003960200,3602,1197,1802,603,0,0,3072,69,3,27,21,410
53003960300,2108,1261,609,238,0,0,1788,55,7,19,25,214
53003960400,1383,578,504,301,0,0,1176,46,2,6,8,145
53003960500,2104,915,784,405,0,0,1795,69,2,18,18,202
53003960600,2476,946,1061,469,0,0,2183,53,0,16,9,215
53033000101,1916,1502,103,311,0,0,1016,203,195,125,123,254
53033000102,2892,2025,234,633,0,0,1876,190,68,301,124,333
53033000201,2896,2150,227,519,0,0,1844,212,79,307,128,326
53033000202,2882,2202,172,508,0,0,1927,207,60,307,108,273
53033000300,1883,1355,147,381,0,0,1243,124,33,213,60,210
53033000402,3540,2674,312,554,0,0,2599,228,58,216,79,360
53033000403,2142,1525,151,466,0,0,1461,114,65,159,94,249
53033000404,2234,1588,149,497,0,0,1292,188,194,162,111,287
53033000500,2776,2169,284,323,0,0,2094,74,7,202,97,302
53033000601,2616,1841,201,574,0,0,1533,193,78,346,116,350
53033000602,2623,1895,179,549,0,0,1655,194,92,301,90,291
53033000700,3224,2378,196,650,0,0,2023,235,90,337,134,405
53033000800,2009,1543,129,337,0,0,1438,93,17,172,71,218
53033000900,1686,1272,178,236,0,0,1182,47,1,213,51,192
53033001000,1362,1066,66,230,0,0,916,61,59,132,32,162
53033001100,1929,1525,117,287,0,0,1377,94,15,152,66,225
53033001201,2255,1640,137,478,0,0,1350,214,90,212,115,274
53033001202,2355,1771,122,462,0,0,1483,184,53,253,131,251
53033001300,3155,2270,198,687,0,0,1974,286,98,309,121,367
53033001400,3910,3004,267,639,0,0,2931,186,47,216,100,430
53033001500,2128,1662,178,288,0,0,1650,88,1,103,46,240
53033001600,3442,2590,324,528,0,0,2597,119,13,212,103,398
53033001701,2973,2281,160,532,0,0,2063,188,52,215,110,345
53033001702,3693,2741,195,757,0,0,2524,269,36,286,141,437
53033001800,3374,2458,135,781,0,0,2218,267,37,332,122,398
53033001900,3325,2542,217,566,0,0,2295,155,26,281,108,460
53033002000,2702,2175,99,428,0,0,1919,124,12,231,96,320
53033002100,3044,2380,186,478,0,0,2165,149,15,298,96,321
53033002200,4636,3594,371,671,0,0,3331,158,11,463,135,538
53033002400,2297,1840,129,328,0,0,1651,89,5,187,69,296
53033002500,2621,2092,145,384,0,0,1856,114,11,229,85,326
53033002600,3810,3080,161,569,0,0,2801,162,18,272,93,464
53033002700,4270,3360,233,677,0,0,3100,191,13,320,163,483
53033002800,3667,2970,132,565,0,0,2786,137,5,207,83,449
53033002900,3589,2958,121,510,0,0,2794,137,5,164,75,414
53033003000,4655,3802,176,677,0,0,3571,231,19,229,78,527
53033003100,5051,4060,348,643,0,0,3944,193,4,193,109,608
53033003201,3764,2764,244,756,0,0,2861,147,12,172,92,480
53033003202,3534,2863,116,555,0,0,2683,180,11,184,93,383
53033003301,2926,2287,91,548,0,0,2102,141,14,215,90,364
53033003302,2461,1959,74,428,0,0,1811,110,7,168,64,301
53033003400,2686,2255,101,330,0,0,2068,113,5,111,56,333
53033003500,3151,2632,136,383,0,0,2417,95,4,154,82,399
53033003601,2742,2164,142,436,0,0,1928,151,9,198,85,371
53033003602,3049,2195,89,765,0,0,2019,190,21,324,123,372
53033003800,1765,1386,88,291,0,0,1191,88,6,213,45,222
53033003900,2191,1734,168,289,0,0,1545,85,13,228,61,259
53033004000,2114,1672,132,310,0,0,1385,109,57,222,62,279
53033004101,3015,2249,366,400,0,0,2260,74,6,186,111,378
53033004102,2972,2213,304,455,0,0,2125,88,7,323,68,361
53033004201,2791,2240,181,370,0,0,1928,121,33,273,89,347
53033004202,3216,2688,114,414,0,0,2332,123,4,250,87,420
53033004301,2360,1915,84,361,0,0,1685,105,9,207,72,282
53033004302,1618,1336,69,213,0,0,1051,106,16,162,79,204
53033004401,2311,1731,90,490,0,0,1673,99,16,172,59,292
53033004402,1694,1212,39,443,0,0,1060,135,21,221,55,202
53033004500,2034,1575,70,389,0,0,1478,94,12,133,60,257
53033004600,2719,2204,130,385,0,0,2023,101,1,174,58,362
53033004701,2598,1800,110,688,0,0,1851,143,48,173,72,311
53033004702,2700,1978,79,643,0,0,1885,148,11,239,81,336
53033004703,2361,1759,92,510,0,0,1664,150,55,171,48,273
53033004800,3894,3157,133,604,0,0,2955,171,10,203,108,447
53033004901,2693,2089,75,529,0,0,1938,116,11,163,89,376
53033004902,2278,1702,56,520,0,0,1602,111,17,167,68,313
53033005000,3129,2481,96,552,0,0,2192,155,37,225,99,421
53033005100,2995,2513,86,396,0,0,2198,121,10,191,79,396
53033005201,2325,1803,82,440,0,0,1544,141,14,251,88,287
53033005202,1089,794,33,262,0,0,549,106,15,242,59,118
53033005303,75,48,2,25,0,0,48,4,0,11,5,7
53033005304,282,196,4,82,0,0,151,25,4,57,14,31
53033005305,1001,857,19,125,0,0,531,102,18,178,50,122
53033005306,1089,926,51,112,0,0,641,70,8,198,43,129
53033005307,832,373,23,436,0,0,562,50,4,68,24,124
53033005401,2748,2007,110,631,0,0,1959,125,14,211,63,376
53033005402,2322,1797,84,441,0,0,1688,99,16,157,77,285
53033005600,5540,4088,756,696,0,0,4265,183,2,277,169,644
53033005700,4852,3565,476,811,0,0,3622,229,11,281,138,571
53033005801,4023,2849,274,900,0,0,2889,291,10,222,123,488
53033005803,2376,1682,202,492,0,0,1683,127,15,158,82,311
53033005804,1881,1339,84,458,0,0,1291,148,14,122,73,233
53033005901,1573,1151,92,330,0,0,1130,85,10,102,45,201
53033005902,2792,2156,140,496,0,0,2040,110,6,196,94,346
53033006000,3975,2981,211,783,0,0,2876,207,18,257,128,489
53033006100,4304,3311,166,827,0,0,3128,188,14,298,107,569
53033006200,3280,2780,127,373,0,0,2466,122,14,212,77,389
53033006300,4356,3104,611,641,0,0,3410,132,14,211,93,496
53033006400,2739,2325,101,313,0,0,2007,112,26,162,78,354
53033006500,3778,3086,115,577,0,0,2730,152,9,268,103,516
53033006600,3022,2213,111,698,0,0,2129,174,16,239,87,377
53033006701,1838,1162,61,615,0,0,1179,119,25,225,81,209
53033006702,1935,1293,90,552,0,0,1287,106,8,198,86,250
53033006703,2259,1657,133,469,0,0,1633,99,18,143,76,290
53033006800,2384,1805,148,431,0,0,1785,94,3,143,62,297
53033006900,3485,2745,157,583,0,0,2574,146,4,210,101,450
53033007001,2640,1942,155,543,0,0,1933,125,15,188,78,301
53033007002,2743,1958,155,630,0,0,1959,145,23,186,86,344
53033007101,1658,1109,62,487,0,0,1126,121,18,137,42,214
53033007102,1547,1081,59,407,0,0,1080,95,21,116,62,173
53033007201,2030,1289,105,636,0,0,1260,143,22,295,85,225
53033007202,1805,1109,89,607,0,0,1076,103,49,285,85,207
53033007203,1276,845,37,394,0,0,699,105,76,186,51,159
53033007301,1491,978,56,457,0,0,837,126,115,165,69,179
53033007302,2246,1632,111,503,0,0,1242,166,171,323,102,242
53033007303,1546,1025,113,408,0,0,941,86,59,184,63,213
53033007403,1771,1385,28,358,0,0,1228,163,5,135,46,194
53033007404,2065,1634,33,398,0,0,1430,165,7,137,71,255
53033007405,1710,1296,26,388,0,0,1118,114,59,151,59,209
53033007406,1773,1349,37,387,0,0,1186,123,61,128,68,207
53033007501,2970,2328,64,578,0,0,2042,159,31,217,100,421
53033007502,2312,1778,39,495,0,0,1536,163,33,223,73,284
53033007503,1446,1046,19,381,0,0,929,112,20,159,51,175
53033007600,3067,2476,58,533,0,0,2079,147,102,229,118,392
53033007700,3920,3194,68,658,0,0,2521,219,364,281,94,441
53033007800,4678,3904,240,534,0,0,3253,177,256,302,120,570
53033007901,2149,1720,47,382,0,0,1475,150,44,144,79,257
53033007902,2703,2153,47,503,0,0,1599,184,277,232,91,320
53033008002,2519,1586,152,781,0,0,1697,179,112,191,78,262
53033008003,2296,1413,117,766,0,0,1495,150,52,256,100,243
53033008004,1745,1148,95,502,0,0,1083,103,29,256,72,202
53033008101,1654,1091,112,451,0,0,1108,108,17,143,54,224
53033008102,2036,1355,114,567,0,0,1249,151,146,189,75,226
53033008200,3014,1999,170,845,0,0,1952,207,68,308,84,395
53033008300,1762,1251,78,433,0,0,1143,128,30,180,65,216
53033008401,2139,1579,86,474,0,0,1299,146,64,238,77,315
53033008402,1715,1248,30,437,0,0,1143,135,32,147,57,201
53033008500,1730,1499,119,112,0,0,1068,110,133,177,72,170
53033008600,3257,2358,76,823,0,0,1794,288,192,424,148,411
53033008700,3026,2505,39,482,0,0,1706,216,350,279,128,347
53033008800,2927,2569,39,319,0,0,1572,164,633,164,86,308
53033008900,4255,3406,152,697,0,0,2258,236,718,426,146,471
53033009000,2723,2001,101,621,0,0,1306,218,361,506,104,228
53033009100,1466,1205,130,131,0,0,562,120,50,539,58,137
53033009200,2772,1684,106,982,0,0,1531,223,299,413,47,259
53033009300,2120,1391,110,619,0,0,1345,135,45,284,64,247
53033009400,4354,3436,155,763,0,0,2234,392,140,1038,144,406
53033009500,5057,4176,227,654,0,0,3096,222,478,578,133,550
53033009600,4371,3154,495,722,0,0,3348,186,14,216,105,502
53033009701,4605,3350,398,857,0,0,3472,224,19,213,123,554
53033009702,4660,3499,371,790,0,0,3581,223,13,208,123,512
53033009801,2909,2198,217,494,0,0,2258,124,18,104,81,324
53033009802,2580,1932,186,462,0,0,1948,98,5,127,72,330
53033009900,4227,3088,203,936,0,0,2937,357,58,284,121,470
53033010001,2745,2055,126,564,0,0,1172,214,271,548,263,277
53033010002,3090,2443,131,516,0,0,1667,314,60,645,83,321
53033010101,2478,1806,153,519,0,0,988,170,407,454,221,238
53033010102,3153,2707,111,335,0,0,1811,192,353,357,141,299
53033010200,4194,3419,220,555,0,0,2429,233,346,435,164,587
53033010301,2588,2148,78,362,0,0,1320,201,385,292,121,269
53033010302,2386,1908,49,429,0,0,1338,187,305,230,70,256
53033010401,2812,1956,182,674,0,0,1043,246,184,1039,89,211
53033010402,3170,2209,218,743,0,0,1395,331,74,1003,105,262
53033010501,2772,1999,131,642,0,0,1934,207,23,178,86,344
53033010502,3682,2788,238,656,0,0,2757,208,20,178,110,409
53033010601,3057,2338,198,521,0,0,2303,175,37,142,92,308
53033010602,3276,2463,302,511,0,0,2518,149,11,140,101,357
53033010701,2416,1783,118,515,0,0,1331,218,227,241,143,256
53033010702,2687,2002,128,557,0,0,1182,168,443,267,380,247
53033010800,3511,2460,281,770,0,0,2051,315,131,480,154,380
53033010900,1069,755,52,262,0,0,747,87,16,81,22,116
53033011001,2659,1841,170,648,0,0,703,167,395,840,361,193
53033011002,2487,1655,131,701,0,0,652,228,267,887,293,160
53033011101,3504,2589,193,722,0,0,1155,360,619,799,208,363
53033011102,2846,2174,194,478,0,0,1485,231,189,366,155,420
53033011200,2128,1502,156,470,0,0,1170,372,60,249,76,201
53033011300,4415,3214,361,840,0,0,2799,479,126,459,147,405
53033011401,2763,2031,170,562,0,0,1759,300,121,219,103,261
53033011402,2504,1813,186,505,0,0,1447,320,86,229,152,270
53033011500,3393,2588,237,568,0,0,2546,203,20,169,104,351
53033011601,2789,2124,308,357,0,0,2178,139,11,124,61,276
53033011602,2595,1984,218,393,0,0,1988,124,12,103,53,315
53033011700,3493,2401,281,811,0,0,1030,365,506,1070,204,318
53033011801,2149,1615,136,398,0,0,848,211,413,346,128,203
53033011802,2406,1877,144,385,0,0,837,228,678,259,190,214
53033011901,2524,1814,179,531,0,0,881,263,533,529,134,184
53033011902,2749,2125,192,432,0,0,1431,208,436,358,92,224
53033012000,2935,2134,309,492,0,0,2259,183,14,104,72,303
53033012100,2401,1776,318,307,0,0,1822,125,10,127,50,267
53033020100,2732,1812,500,420,0,0,2077,92,3,226,63,271
53033020200,4260,2827,795,638,0,0,2930,221,61,400,174,474
53033020301,2214,1439,234,541,0,0,1344,158,74,266,110,262
53033020302,2423,1610,337,476,0,0,1501,190,56,293,97,286
53033020401,2581,1805,269,507,0,0,1750,229,34,201,99,268
53033020402,3908,2751,512,645,0,0,2754,223,48,312,175,396
53033020500,5010,3510,515,985,0,0,3197,353,110,531,246,573
53033020600,2754,1871,367,516,0,0,1732,235,44,341,98,304
53033020700,2704,1803,296,605,0,0,1723,189,100,264,103,325
53033020800,3633,2516,603,514,0,0,2671,132,23,273,126,408
53033020900,2498,1691,342,465,0,0,1712,136,23,257,75,295
53033021000,4056,2797,479,780,0,0,2541,294,102,476,175,468
53033021100,2820,2042,262,516,0,0,1763,205,120,270,131,331
53033021300,2944,2042,360,542,0,0,1966,180,39,245,132,382
53033021400,3123,2218,425,480,0,0,2409,93,9,207,67,338
53033021500,3599,2562,523,514,0,0,2694,108,6,258,113,420
53033021600,3789,2546,604,639,0,0,2748,194,18,294,130,405
53033021701,2595,1464,374,757,0,0,1692,141,19,316,137,290
53033021702,2910,1817,387,706,0,0,1927,208,32,248,150,345
53033021802,3537,2008,585,944,0,0,2380,255,10,397,142,353
53033021803,3830,2337,633,860,0,0,2832,204,38,227,133,396
53033021804,3977,2432,699,846,0,0,2923,271,17,238,127,401
53033021903,3839,2208,734,897,0,0,2604,247,20,293,165,510
53033021904,3152,1798,526,828,0,0,1765,235,10,522,263,357
53033021905,3359,1932,624,803,0,0,2195,249,17,348,180,370
53033021906,2759,1662,488,609,0,0,1725,154,11,360,150,359
53033022001,3510,1989,794,727,0,0,2440,170,7,322,169,402
53033022003,3314,1929,571,814,0,0,2238,220,16,294,183,363
53033022005,2909,1720,381,808,0,0,1839,207,32,303,222,306
53033022006,2451,1475,355,621,0,0,1599,131,9,259,159,294
53033022101,3767,2417,695,655,0,0,2764,173,14,245,164,407
53033022102,4527,2727,773,1027,0,0,3045,277,16,478,224,487
53033022201,2950,1796,510,644,0,0,2114,191,17,159,136,333
53033022203,3723,2125,777,821,0,0,2534,179,4,393,217,396
53033022204,2446,1459,449,538,0,0,1740,109,10,205,124,258
53033022205,2476,1472,322,682,0,0,1649,153,13,207,170,284
53033022300,2324,1545,433,346,0,0,1695,84,10,153,123,259
53033022401,2617,1654,368,595,0,0,1774,131,13,204,150,345
53033022402,3862,2379,628,855,0,0,2663,154,5,326,225,489
53033022501,2765,1702,414,649,0,0,1814,143,7,318,180,303
53033022502,3315,1936,549,830,0,0,2237,140,5,317,199,417
53033022603,3644,2086,582,976,0,0,2202,217,19,522,244,440
53033022604,2992,1707,504,781,0,0,1873,160,8,428,159,364
53033022605,3096,1830,361,905,0,0,1941,201,26,399,181,348
53033022606,3446,2061,566,819,0,0,2153,155,10,518,229,381
53033022701,2189,1209,454,526,0,0,1500,81,6,189,139,274
53033022702,2580,1647,466,467,0,0,1786,76,8,246,184,280
53033022703,1645,988,323,334,0,0,1041,76,2,223,99,204
53033022802,2762,1606,422,734,0,0,1612,150,7,459,210,324
53033022803,2331,1306,320,705,0,0,1096,160,22,540,216,297
53033022804,1505,865,191,449,0,0,720,177,21,263,135,189
53033022805,1905,1138,310,457,0,0,1107,79,6,341,149,223
53033022901,2016,1207,342,467,0,0,1105,95,2,492,120,202
53033022902,3889,2290,658,941,0,0,2330,141,11,646,287,474
53033023000,3743,2175,727,841,0,0,2250,153,16,698,202,424
53033023100,2747,1596,523,628,0,0,1566,144,16,539,172,310
53033023201,2449,1350,322,777,0,0,1073,189,20,575,278,314
53033023202,1835,1030,293,512,0,0,857,162,45,374,189,208
53033023300,4179,2484,727,968,0,0,2438,300,17,741,269,414
53033023401,2087,1178,358,551,0,0,1071,149,20,450,144,253
53033023403,2856,1631,603,622,0,0,1783,107,12,476,151,327
53033023404,2474,1462,543,469,0,0,1730,97,5,264,107,271
53033023500,2550,1472,497,581,0,0,1541,121,9,491,116,272
53033023601,2855,1645,406,804,0,0,1533,147,29,642,170,334
53033023603,2395,1282,376,737,0,0,1166,155,25,522,235,292
53033023604,3217,1972,447,798,0,0,1673,278,40,661,218,347
53033023701,2673,1593,451,629,0,0,1608,104,9,511,149,292
53033023702,159,69,35,55,0,0,118,6,1,13,3,18
53033023801,1687,945,226,516,0,0,965,102,7,349,70,194
53033023805,1459,747,221,491,0,0,825,86,2,306,59,181
53033023806,1288,674,172,442,0,0,747,80,8,223,59,171
53033023807,2800,1388,444,968,0,0,1554,151,13,564,140,378
53033023808,914,465,53,396,0,0,504,56,15,183,48,108
53033023901,3104,1765,611,728,0,0,1916,107,17,494,193,377
53033023902,2231,1247,514,470,0,0,1458,64,3,424,83,199
53033024001,2484,1370,441,673,0,0,1321,109,7,678,129,240
53033024002,2324,1208,501,615,0,0,1358,77,3,514,111,261
53033024100,3450,1777,964,709,0,0,2186,77,3,670,188,326
53033024200,2170,1152,595,423,0,0,1418,35,2,376,96,243
53033024301,3298,2032,461,805,0,0,1956,149,19,632,119,423
53033024302,3005,2003,526,476,0,0,1980,75,3,453,140,354
53033024400,2048,1247,383,418,0,0,1358,92,8,306,64,220
53033024500,3815,2468,687,660,0,0,2373,93,5,694,152,498
53033024601,3664,2482,647,535,0,0,2388,79,2,571,79,545
53033024602,2842,1960,520,362,0,0,1881,49,8,406,99,399
53033024701,2362,1365,415,582,0,0,1204,119,14,668,119,238
53033024703,2870,1549,587,734,0,0,1684,120,11,675,132,248
53033024704,2689,1501,530,658,0,0,1535,107,8,629,132,278
53033024800,3250,1836,438,976,0,0,1634,183,27,917,176,313
53033024901,3563,2028,731,804,0,0,1571,106,10,1469,125,282
53033024902,2518,1482,456,580,0,0,1343,92,11,717,96,259
53033024904,1941,1162,328,451,0,0,825,32,2,818,75,189
53033024905,2877,1779,466,632,0,0,1325,86,5,981,172,308
53033025001,3506,2107,622,777,0,0,1958,143,15,904,131,355
53033025005,3547,1899,621,1027,0,0,1884,142,33,983,176,329
53033025006,4111,2343,741,1027,0,0,2541,177,22,768,187,416
53033025007,2693,1531,492,670,0,0,1361,109,7,758,143,315
53033025008,1726,1043,316,367,0,0,987,49,1,361,110,218
53033025101,3541,1979,694,868,0,0,2032,365,31,572,179,362
53033025103,2854,1544,414,896,0,0,1267,244,49,913,175,206
53033025104,2728,1385,562,781,0,0,1462,198,26,663,131,248
53033025201,2481,1363,460,658,0,0,1500,177,41,469,84,210
53033025202,2831,1536,539,756,0,0,1625,235,30,535,147,259
53033025302,3081,2035,339,707,0,0,1884,280,209,288,109,311
53033025303,1666,964,178,524,0,0,1059,166,41,150,47,203
53033025304,2511,1352,479,680,0,0,1599,158,26,361,96,271
53033025401,1711,1134,224,353,0,0,943,276,59,186,88,159
53033025402,1901,1112,284,505,0,0,1085,280,91,215,67,163
53033025500,2680,1545,426,709,0,0,1476,310,82,458,97,257
53033025601,2685,1523,382,780,0,0,1229,304,58,675,142,277
53033025602,4766,2594,993,1179,0,0,2880,317,26,995,152,396
53033025702,2584,1479,515,590,0,0,1608,211,74,368,92,231
53033025703,1980,1242,218,520,0,0,1239,215,105,141,72,208
53033025704,1744,1040,323,381,0,0,959,151,36,189,188,221
53033025803,2617,1632,379,606,0,0,1454,365,233,220,108,237
53033025804,2372,1362,482,528,0,0,1467,317,48,214,95,231
53033025805,3104,1823,409,872,0,0,1617,370,170,445,185,317
53033025806,3131,1855,433,843,0,0,1529,298,176,646,193,289
53033026001,4002,2855,366,781,0,0,1908,347,592,667,117,371
53033026003,1910,1394,116,400,0,0,602,200,619,151,183,155
53033026004,2488,1628,303,557,0,0,1162,280,255,503,91,197
53033026101,2312,1572,197,543,0,0,918,224,379,420,153,218
53033026102,2113,1563,114,436,0,0,689,194,594,363,120,153
53033026200,3545,2159,394,992,0,0,1793,452,245,435,239,381
53033026300,1088,702,162,224,0,0,446,123,66,241,103,109
53033026400,3166,2107,336,723,0,0,1795,439,250,266,120,296
53033026500,2575,1883,258,434,0,0,1216,286,115,467,223,268
53033026600,1640,1140,147,353,0,0,922,199,40,271,42,166
53033026700,3845,2593,573,679,0,0,2631,307,37,363,112,395
53033026801,2866,2092,283,491,0,0,1493,385,116,477,129,266
53033026802,2943,1934,368,641,0,0,1303,415,82,694,181,268
53033027000,2085,1296,286,503,0,0,1249,300,32,227,68,209
53033027100,1935,1243,247,445,0,0,981,308,134,223,65,224
53033027200,1451,887,163,401,0,0,688,181,77,233,131,141
53033027300,3448,2332,434,682,0,0,1445,525,302,516,306,354
53033027400,3242,1944,499,799,0,0,1736,516,31,542,109,308
53033027500,2873,1791,501,581,0,0,1796,383,28,342,72,252
53033027600,2417,1637,369,411,0,0,1658,230,49,140,77,263
53033027701,4948,3861,454,633,0,0,3988,162,4,132,81,581
53033027702,4445,3469,459,517,0,0,3652,130,3,84,69,507
53033027800,2827,1797,661,369,0,0,2288,98,1,75,44,321
53033027901,2807,1843,512,452,0,0,2135,179,13,112,71,297
53033027902,2090,1464,267,359,0,0,1368,268,37,123,73,221
53033028000,1602,1109,148,345,0,0,849,237,97,107,125,187
53033028100,1287,880,106,301,0,0,367,160,179,212,230,139
53033028200,2579,1585,280,714,0,0,1035,264,351,381,303,245
53033028300,3590,2051,595,944,0,0,1810,336,181,663,242,358
53033028402,2729,1817,352,560,0,0,1122,228,363,401,331,284
53033028403,2715,1635,432,648,0,0,1400,290,276,225,220,304
53033028500,2604,1589,397,618,0,0,1583,303,84,233,126,275
53033028600,4999,3005,1140,854,0,0,3858,226,19,250,109,537
53033028700,3844,2252,776,816,0,0,2707,332,61,229,98,417
53033028801,1453,853,236,364,0,0,970,164,25,91,50,153
53033028802,3146,2089,449,608,0,0,1522,357,286,350,277,354
53033028901,2549,1509,507,533,0,0,1790,226,33,124,57,319
53033028902,3131,2325,400,406,0,0,1565,444,245,225,298,354
53033029001,3202,1889,688,625,0,0,2249,245,52,266,77,313
53033029003,3129,1883,513,733,0,0,1685,472,217,318,137,300
53033029004,1184,756,168,260,0,0,647,250,73,78,34,102
53033029101,2251,1357,292,602,0,0,998,264,163,355,228,243
53033029102,2689,1575,528,586,0,0,1557,341,137,278,135,241
53033029203,1921,1128,261,532,0,0,1130,232,91,166,108,194
53033029205,2713,1673,369,671,0,0,1588,297,112,278,147,291
53033029206,1810,1281,176,353,0,0,1069,252,107,105,71,206
53033029207,1814,987,332,495,0,0,931,133,37,445,105,163
53033029208,1877,1095,208,574,0,0,986,243,143,184,106,215
53033029304,3547,1981,718,848,0,0,2027,327,60,601,156,376
53033029305,2763,1529,486,748,0,0,1347,267,80,608,200,261
53033029306,2474,1338,490,646,0,0,1263,235,62,553,153,208
53033029307,2642,1372,681,589,0,0,1726,200,33,339,112,232
53033029308,2212,1203,386,623,0,0,983,230,91,557,139,212
53033029309,2717,1535,427,755,0,0,1435,205,119,535,170,253
53033029403,3632,1986,657,989,0,0,1744,376,164,749,274,325
53033029405,3900,2076,818,1006,0,0,2174,364,100,711,210,341
53033029406,3310,1778,675,857,0,0,1717,273,95,640,221,364
53033029407,2291,1224,363,704,0,0,1083,270,138,365,210,225
53033029408,2206,1333,362,511,0,0,1112,281,124,358,132,199
53033029504,2926,1816,355,755,0,0,1365,282,264,437,259,319
53033029505,1849,1193,261,395,0,0,727,246,97,408,183,188
53033029506,1524,1017,172,335,0,0,694,212,96,140,165,217
53033029507,2153,1060,453,640,0,0,1042,187,38,425,244,217
53033029508,2601,1404,522,675,0,0,1240,248,39,635,199,240
53033029602,4600,2238,1065,1297,0,0,2422,346,58,816,433,525
53033029603,1999,1064,307,628,0,0,750,219,102,484,214,230
53033029604,2079,1086,455,538,0,0,1101,206,68,287,201,216
53033029701,2579,1436,480,663,0,0,1720,295,68,147,67,282
53033029702,1706,1007,336,363,0,0,972,167,48,215,124,180
53033029803,2178,1316,267,595,0,0,1259,309,103,121,142,244
53033029804,2703,1481,567,655,0,0,1645,246,70,356,125,261
53033029805,3212,1705,738,769,0,0,1907,382,87,270,194,372
53033029806,2861,1522,600,739,0,0,1548,289,64,496,191,273
53033029901,3086,1475,755,856,0,0,1875,284,50,269,306,302
53033029902,3845,1807,1033,1005,0,0,2259,281,65,594,239,407
53033030003,4084,2337,764,983,0,0,2457,391,151,445,214,426
53033030005,2657,1569,463,625,0,0,1335,577,110,234,154,247
53033030006,1845,1254,284,307,0,0,1062,207,81,231,70,194
53033030007,1357,1112,116,129,0,0,566,221,260,88,94,128
53033030008,2227,1418,368,441,0,0,1113,328,121,295,144,226
53033030101,2453,1375,644,434,0,0,1749,168,46,177,78,235
53033030102,3030,1702,730,598,0,0,2102,159,27,406,72,264
53033030201,3134,1777,544,813,0,0,1739,463,103,286,175,368
53033030203,1892,1061,301,530,0,0,1024,248,125,159,141,195
53033030204,2063,1172,389,502,0,0,1245,248,75,215,85,195
53033030304,2435,1139,598,698,0,0,1397,232,51,303,178,274
53033030305,3366,1825,729,812,0,0,2340,263,56,261,142,304
53033030306,3821,2129,847,845,0,0,2459,371,118,305,153,415
53033030308,3596,2043,612,941,0,0,1883,442,157,524,198,392
53033030309,3117,1735,543,839,0,0,1807,369,150,398,126,267
53033030310,3764,1910,836,1018,0,0,1890,449,90,737,271,327
53033030311,2838,1659,525,654,0,0,1693,458,86,180,114,307
53033030312,2818,1649,563,606,0,0,1635,332,140,241,174,296
53033030313,1971,1120,276,575,0,0,1115,238,106,174,139,199
53033030314,2337,1463,415,459,0,0,1400,302,91,220,103,221
53033030403,3259,1675,881,703,0,0,2109,266,52,314,189,329
53033030404,3154,1308,1003,843,0,0,2063,198,21,309,214,349
53033030405,2349,1044,694,611,0,0,1440,161,18,269,173,288
53033030406,1831,904,423,504,0,0,1176,163,49,120,131,192
53033030407,1628,808,283,537,0,0,677,164,51,387,196,153
53033030501,1066,652,171,243,0,0,777,81,17,42,40,109
53033030503,3174,1706,492,976,0,0,1805,351,126,308,203,381
53033030504,2706,1598,478,630,0,0,1806,298,53,98,148,303
53033030600,3798,2126,729,943,0,0,2749,363,52,119,116,399
53033030700,2132,1268,339,525,0,0,1375,251,61,80,125,240
53033030801,2225,1431,320,474,0,0,1264,528,63,61,99,210
53033030802,2053,1091,435,527,0,0,1346,297,26,85,62,237
53033030901,2224,1065,523,636,0,0,1369,319,21,134,125,256
53033030902,3226,1646,682,898,0,0,1993,462,44,178,186,363
53033031000,3228,1449,848,931,0,0,2170,249,39,271,124,375
53033031101,1754,1012,315,427,0,0,1143,190,37,65,129,190
53033031102,1924,1060,415,449,0,0,1283,236,45,68,55,237
53033031202,4630,1903,1582,1145,0,0,3637,309,19,82,90,493
53033031204,4824,1956,1760,1108,0,0,3728,246,11,153,185,501
53033031206,2356,1240,581,535,0,0,1609,251,36,109,104,247
53033031207,2179,1031,431,717,0,0,1209,231,68,206,232,233
53033031208,2306,1111,542,653,0,0,1406,175,37,201,199,288
53033031301,1843,704,728,411,0,0,1500,111,0,32,22,178
53033031302,3313,1447,1068,798,0,0,2764,161,2,44,35,307
53033031400,4489,1870,1387,1232,0,0,3746,181,6,43,58,455
53033031501,3064,1141,1161,762,0,0,2589,146,2,35,41,251
53033031502,3678,1460,1330,888,0,0,3053,158,3,37,50,377
53033031601,4119,1893,1326,900,0,0,3173,224,16,127,135,444
53033031603,5235,2353,1374,1508,0,0,3956,343,27,222,156,531
53033031604,3688,1771,906,1011,0,0,2690,293,28,229,105,343
53033031605,2944,1239,1015,690,0,0,2392,126,7,45,62,312
53033031704,3582,1750,815,1017,0,0,2114,320,115,448,244,341
53033031705,2860,1329,745,786,0,0,1941,208,41,212,149,309
53033031707,2749,1420,754,575,0,0,1794,209,38,309,135,264
53033031708,2406,1235,632,539,0,0,1686,207,18,161,116,218
53033031709,2547,1233,567,747,0,0,1592,239,24,293,149,250
53033031710,2025,954,528,543,0,0,1444,168,28,95,84,206
53033031800,3674,1780,1107,787,0,0,2476,190,16,435,149,408
53033031904,2567,1328,696,543,0,0,2072,101,1,69,61,263
53033031906,2945,1586,698,661,0,0,2044,137,20,352,112,280
53033031908,2727,1542,500,685,0,0,1808,211,108,221,111,268
53033031909,2112,1151,522,439,0,0,1352,156,46,283,89,186
53033031910,2466,1420,585,461,0,0,1587,200,35,346,70,228
53033031911,2886,1612,595,679,0,0,1687,234,54,512,148,251
53033031912,2665,1273,800,592,0,0,1974,151,1,199,87,253
53033031913,2535,1318,601,616,0,0,1660,151,19,315,88,302
53033032002,2402,1027,828,547,0,0,1922,98,2,75,60,245
53033032003,3973,1697,1377,899,0,0,3282,131,6,85,91,378
53033032005,4403,2139,1062,1202,0,0,3210,402,40,177,151,423
53033032006,3822,1732,1269,821,0,0,2944,241,20,130,101,386
53033032007,3003,1335,892,776,0,0,2248,185,12,158,94,306
53033032008,3094,1556,769,769,0,0,2429,184,6,87,81,307
53033032010,4397,2146,1132,1119,0,0,3176,261,20,276,123,541
53033032011,3241,1590,772,879,0,0,2462,187,15,127,123,327
53033032102,3921,2217,867,837,0,0,3088,142,3,148,77,463
53033032103,3802,2297,626,879,0,0,2755,211,11,278,120,427
53033032104,4616,2747,878,991,0,0,3473,257,16,265,125,480
53033032207,2626,1522,590,514,0,0,1812,79,2,373,100,260
53033032211,2962,1742,553,667,0,0,1818,141,3,574,88,338
53033032213,2828,1562,663,603,0,0,1890,100,2,449,104,283
53033032215,3272,1828,660,784,0,0,1783,135,0,871,158,325
53033032216,2373,1289,431,653,0,0,1334,99,8,538,113,281
53033032217,2846,1647,563,636,0,0,1807,115,7,493,135,289
53033032218,3611,2108,768,735,0,0,2345,163,5,582,137,379
53033032219,2470,1358,418,694,0,0,1626,149,9,335,101,250
53033032220,4072,2286,512,1274,0,0,2380,290,31,625,261,485
53033032221,4011,2209,710,1092,0,0,2535,152,19,759,164,382
53033032222,2076,1247,292,537,0,0,1278,148,9,346,82,213
53033032223,2590,1491,487,612,0,0,1553,110,7,532,130,258
53033032224,1504,864,234,406,0,0,678,65,5,516,87,153
53033032225,2239,1246,406,587,0,0,1150,94,2,606,128,259
53033032307,4727,2770,1147,810,0,0,3711,195,2,176,124,519
53033032311,4524,2580,1095,849,0,0,3541,150,4,201,124,504
53033032313,2277,1257,264,756,0,0,1211,176,11,454,168,257
53033032315,4101,2248,985,868,0,0,3018,160,3,286,167,467
53033032316,3790,2254,746,790,0,0,2298,136,5,689,245,417
53033032317,4016,2353,852,811,0,0,2770,159,8,422,209,448
53033032318,3514,1976,657,881,0,0,2031,155,11,716,220,381
53033032319,3955,2217,783,955,0,0,2866,232,25,215,153,464
53033032320,3512,2030,854,628,0,0,2690,126,4,214,120,358
53033032321,4177,2397,717,1063,0,0,2130,153,1,1079,335,479
53033032322,2325,1373,552,400,0,0,1706,62,0,227,87,243
53033032323,3679,2193,738,748,0,0,2279,165,10,606,215,404
53033032324,3075,1884,492,699,0,0,2026,199,13,351,159,327
53033032325,2991,1816,362,813,0,0,1744,235,44,394,196,378
53033032326,2665,1523,713,429,0,0,1917,136,9,272,93,238
53033032327,3712,2151,1147,414,0,0,2879,78,0,244,89,422
53033032328,2309,1338,558,413,0,0,1652,91,2,203,90,271
53033032330,2364,1397,212,755,0,0,1390,155,11,385,145,278
53033032331,2432,1401,161,870,0,0,1506,175,22,318,115,296
53033032332,2596,1509,402,685,0,0,1386,141,8,581,189,291
53033032333,2018,1135,294,589,0,0,927,105,8,544,197,237
53033032401,4756,2627,1146,983,0,0,3737,242,34,140,102,501
53033032402,4718,2588,1201,929,0,0,3740,233,5,128,104,508
53033032500,4470,2412,1140,918,0,0,3584,183,7,139,76,481
53033032601,2390,1204,660,526,0,0,1925,75,0,95,45,250
53033032603,3038,1474,805,759,0,0,2352,84,5,177,75,345
53033032604,3313,1734,617,962,0,0,2283,178,12,289,160,391
53033032605,2521,1440,504,577,0,0,1921,120,5,132,74,269
53033032703,1484,803,355,326,0,0,1220,55,4,33,36,136
53033032704,5920,3073,1484,1363,0,0,4771,212,5,168,103,661
53033032705,2770,1352,671,747,0,0,2267,91,7,58,44,303
53033032706,2340,1227,599,514,0,0,1974,51,1,27,53,234
53033032800,2349,1243,632,474,0,0,1916,75,3,36,35,284
53033990100,0,0,0,0,0,0,0,0,0,0,0,0
53045940000,433,324,73,36,0,0,350,31,1,4,12,35
53045960100,579,261,235,83,0,0,495,13,0,3,6,62
53045960201,2150,1017,752,381,0,0,1798,80,3,31,26,212
53045960202,2423,996,964,463,0,0,2054,78,5,21,26,239
53045960301,1777,806,664,307,0,0,1528,58,2,24,19,146
53045960302,2920,1150,1146,624,0,0,2391,163,3,27,21,315
53045960401,3360,1381,1359,620,0,0,2884,123,5,35,36,277
53045960402,1393,519,589,285,0,0,1154,41,1,15,12,170
53045960403,2313,1023,923,367,0,0,1949,76,0,29,36,223
53045960500,4530,2071,1742,717,0,0,3839,157,5,44,41,444
53045960600,2464,1029,877,558,0,0,2009,186,2,29,19,219
53045960700,897,482,270,145,0,0,718,85,0,5,7,82
53045960800,2455,1231,739,485,0,0,1982,163,3,31,21,255
53045960900,2695,1379,738,578,0,0,2182,222,5,24,23,239
53045961000,3739,1650,1461,628,0,0,3164,153,2,42,32,346
53045961101,2058,1086,688,284,0,0,1746,74,3,19,28,188
53045961102,3082,1485,1134,463,0,0,2621,122,4,18,32,285
53045961200,3021,1348,1099,574,0,0,2585,105,4,26,39,262
53045961300,2360,1164,766,430,0,0,1999,106,8,27,9,211
53031950202,1659,886,560,213,0,0,1426,44,0,7,22,160
53031950301,3417,1877,1023,517,0,0,2890,96,0,57,43,331
53031950302,2727,1584,749,394,0,0,2307,74,1,35,32,278
53031950400,3334,2076,729,529,0,0,2853,83,10,32,36,320
53031950501,4056,2513,987,556,0,0,3451,118,3,42,40,402
53031950502,2320,1726,321,273,0,0,1950,50,9,42,18,251
53031950602,2853,2189,327,337,0,0,2367,109,4,52,25,296
53031950603,2771,2156,282,333,0,0,2292,98,7,27,39,308
53031950604,3120,2599,257,264,0,0,2605,60,2,53,47,353
53031950702,1351,740,482,129,0,0,1153,46,9,10,5,128
53031990000,0,0,0,0,0,0,0,0,0,0,0,0
53013960200,2863,871,1634,358,0,0,2469,112,0,30,10,242
53049950200,2860,1319,1136,405,0,0,2323,157,1,65,21,293
53049950301,1912,882,730,300,0,0,1607,107,2,22,9,165
53049950302,575,282,221,72,0,0,482,24,2,16,4,47
53049950400,2879,1097,1392,390,0,0,2417,80,0,26,25,331
53049950501,1485,696,493,296,0,0,1287,46,0,24,7,121
53049950502,731,343,238,150,0,0,612,31,1,9,8,70
53049950600,1032,509,307,216,0,0,885,37,0,12,7,91
53049950701,987,442,364,181,0,0,860,29,0,10,6,82
53049950702,1749,815,664,270,0,0,1511,69,0,12,15,142
53049950801,1618,826,573,219,0,0,1397,58,0,10,11,142
53049950802,1102,592,388,122,0,0,957,17,2,7,10,109
53049990100,0,0,0,0,0,0,0,0,0,0,0,0
53039950101,1029,307,586,136,0,0,862,72,0,7,5,83
53039950102,2643,795,1495,353,0,0,2243,89,2,17,14,278
53039950103,2694,999,1371,324,0,0,2296,110,2,23,25,238
53039950200,3314,1228,1514,572,0,0,2847,123,3,35,18,288
53039950301,2558,1545,627,386,0,0,2083,150,2,37,26,260
53039950302,3806,1882,1284,640,0,0,3095,270,5,38,35,363
53065941000,935,470,205,260,0,0,708,40,10,2,10,165
53065950101,3659,1033,1841,785,0,0,3145,78,6,19,48,363
53065950102,2419,781,1257,381,0,0,2039,49,2,16,32,281
53065950200,3073,690,1846,537,0,0,2664,45,0,21,84,259
53065950300,1789,850,770,169,0,0,1499,54,0,15,25,196
53065950500,1650,433,823,394,0,0,1405,49,0,14,17,165
53065950600,2101,471,1186,444,0,0,1860,32,4,18,12,175
53065950700,1825,704,766,355,0,0,1554,50,0,13,14,194
53065950800,2713,867,1449,397,0,0,2363,50,3,16,27,254
53065950900,1394,361,805,228,0,0,1247,25,0,13,6,103
53065951100,2840,795,1379,666,0,0,2461,61,6,22,33,257
53065951301,2236,564,1203,469,0,0,1941,57,3,2,12,221
53065951302,1302,366,682,254,0,0,1140,40,1,9,6,106
53065951401,2801,816,1375,610,0,0,2389,80,16,19,54,243
53065951402,3822,1035,2109,678,0,0,3231,120,5,34,66,366
53073000101,2912,1421,1072,419,0,0,2357,112,0,80,44,319
53073000102,5151,2864,1035,1252,0,0,3553,404,10,482,164,538
53073000201,2916,1698,650,568,0,0,2215,183,5,140,67,306
53073000202,2535,1438,592,505,0,0,1804,141,6,220,92,272
53073000203,2460,1449,497,514,0,0,1798,171,9,149,69,264
53073000301,3350,2181,602,567,0,0,2634,217,6,115,69,309
53073000302,1700,1041,239,420,0,0,1139,204,20,98,39,200
53073000401,2463,1833,350,280,0,0,2037,78,3,50,36,259
53073000402,2751,2112,281,358,0,0,2243,72,4,50,48,334
53073000501,4036,3074,290,672,0,0,3198,191,6,90,75,476
53073000502,2194,1765,133,296,0,0,1692,141,8,48,36,269
53073000600,1434,1147,74,213,0,0,1068,102,16,34,36,178
53073000700,4512,3268,580,664,0,0,3356,392,21,211,98,434
53073000803,5133,3238,1066,829,0,0,4010,218,12,198,131,564
53073000804,5516,3182,1543,791,0,0,4442,175,10,227,135,527
53073000805,4475,2852,932,691,0,0,3622,167,9,109,98,470
53073000807,2200,1104,590,506,0,0,1806,75,0,52,46,221
53073000808,2030,1272,406,352,0,0,1646,91,5,43,43,202
53073000809,2053,1271,378,404,0,0,1623,89,5,47,38,251
53073000902,5003,3365,949,689,0,0,3952,161,4,215,102,569
53073000903,2824,1826,366,632,0,0,2167,180,11,112,59,295
53073000904,2407,1587,494,326,0,0,1948,80,2,88,54,235
53073001000,3063,2296,113,654,0,0,2367,148,16,103,69,360
53073001101,3582,2664,535,383,0,0,2857,87,11,106,77,444
53073001102,2555,1997,259,299,0,0,2107,72,2,59,55,260
53073001202,3200,2027,677,496,0,0,2696,63,3,74,47,317
53073001203,2027,1552,100,375,0,0,1604,100,4,65,27,227
53073001204,2266,1692,151,423,0,0,1701,148,18,95,61,243
53073010101,1806,803,712,291,0,0,1508,67,2,13,22,194
53073010102,2371,1148,710,513,0,0,1794,151,2,25,130,269
53073010103,1661,866,504,291,0,0,1340,60,0,15,40,206
53073010201,2652,928,1253,471,0,0,2155,175,2,18,20,282
53073010202,3255,1085,1572,598,0,0,2491,278,0,58,41,387
53073010301,5171,1448,2992,731,0,0,4026,394,1,72,52,626
53073010302,3660,1165,1945,550,0,0,2867,192,3,76,49,473
53073010303,4749,1424,2662,663,0,0,3632,359,4,138,69,547
53073010405,3487,1731,1188,568,0,0,2791,131,4,118,60,383
53073010406,1366,637,464,265,0,0,1124,64,1,13,27,137
53073010407,2530,1006,1082,442,0,0,2010,150,2,41,67,260
53073010408,2202,782,1079,341,0,0,1769,128,0,41,51,213
53073010409,2766,1291,778,697,0,0,2041,181,7,155,100,282
53073010410,1733,698,731,304,0,0,1379,90,2,64,35,163
53073010411,2613,1193,793,627,0,0,2065,158,2,86,71,231
53073010503,4370,2116,1446,808,0,0,3299,295,7,166,164,439
53073010504,2449,1037,1040,372,0,0,1877,123,7,92,91,259
53073010505,3571,1600,1246,725,0,0,2544,266,1,164,212,384
53073010506,2188,1118,566,504,0,0,1603,213,4,75,77,216
53073010600,5024,2024,2212,788,0,0,3857,339,6,264,105,453
53073010701,4826,1556,2509,761,0,0,3740,315,1,137,81,552
53073010702,3255,1361,1358,536,0,0,2533,254,8,47,63,350
53073010900,889,652,131,106,0,0,742,26,1,17,8,95
53073011000,1261,722,230,309,0,0,953,54,1,53,40,160
53073940001,1636,722,580,334,0,0,1291,78,1,23,26,217
53073940002,2074,1180,298,596,0,0,1432,145,14,32,40,411
53009000300,2569,968,1160,441,0,0,2113,194,13,33,30,186
53009000600,2859,1154,1266,439,0,0,2463,92,3,18,24,259
53009000700,2597,1214,899,484,0,0,2171,98,6,41,29,252
53009000800,2808,1414,814,580,0,0,2347,116,3,39,42,261
53009000900,1983,1084,474,425,0,0,1632,74,2,26,25,224
53009001000,1661,905,379,377,0,0,1389,62,6,27,19,158
53009001100,2147,1109,665,373,0,0,1829,65,1,19,22,211
53009001200,2907,1478,879,550,0,0,2469,106,3,62,32,235
53009001300,2621,1178,968,475,0,0,2234,91,0,29,24,243
53009001400,4021,1731,1695,595,0,0,3473,104,0,33,37,374
53009001500,1830,883,667,280,0,0,1550,54,1,32,25,168
53009001600,2895,1299,1206,390,0,0,2435,86,2,31,32,309
53009001701,1628,940,565,123,0,0,1363,45,2,25,26,167
53009001702,2542,1348,897,297,0,0,2145,74,0,39,22,262
53009001800,2747,1230,1092,425,0,0,2340,84,1,35,18,269
53009001901,2698,1312,1035,351,0,0,2259,100,0,43,38,258
53009001902,2752,1425,971,356,0,0,2334,82,3,29,45,259
53009002001,2392,1240,883,269,0,0,2015,68,1,37,33,238
53009002002,2938,1492,1077,369,0,0,2459,103,1,61,45,269
53009002100,2622,1547,754,321,0,0,2149,126,5,44,21,277
53009002301,1702,877,609,216,0,0,1427,45,2,21,22,185
53009002302,2122,1064,796,262,0,0,1818,88,0,27,23,166
53009002400,1755,674,790,291,0,0,1489,72,5,20,15,154
53009940000,784,564,103,117,0,0,579,59,3,3,30,110
53009990100,1,1,0,0,0,0,1,0,0,0,0,0
53069950100,3485,1464,1517,504,0,0,2977,77,1,26,22,382
53053060200,999,555,166,278,0,0,772,59,11,42,22,93
53053060300,4146,2454,931,761,0,0,3270,171,16,158,89,442
53053060400,3196,2065,659,472,0,0,2598,117,12,62,53,354
53053060500,3394,2323,597,474,0,0,2763,101,13,110,71,336
53053060600,4229,2849,634,746,0,0,3374,193,44,114,69,435
53053060700,4073,2743,573,757,0,0,3237,168,36,106,77,449
53053060800,4323,2736,786,801,0,0,3522,181,12,111,64,433
53053060903,2494,1439,631,424,0,0,1939,108,30,87,78,252
53053060904,3466,2068,689,709,0,0,2607,216,46,97,140,360
53053060906,1692,1012,412,268,0,0,1332,68,34,48,47,163
53053060907,2376,1555,461,360,0,0,1830,123,58,86,65,214
53053060908,2201,1277,570,354,0,0,1649,100,34,113,78,227
53053061001,3022,1711,761,550,0,0,2327,154,21,144,82,294
53053061002,3051,1938,617,496,0,0,2141,206,114,145,136,309
53053061100,4559,2806,941,812,0,0,3362,268,127,217,114,471
53053061200,3582,2396,519,667,0,0,2686,236,177,81,56,346
53053061300,3181,2335,291,555,0,0,1946,223,594,108,55,255
53053061400,2024,1788,124,112,0,0,1160,149,364,149,33,169
53053061501,1699,1068,149,482,0,0,1245,136,46,61,29,182
53053061502,2099,1385,199,515,0,0,1629,117,28,66,31,228
53053061601,1283,761,117,405,0,0,834,80,79,127,22,141
53053061602,611,341,56,214,0,0,387,51,64,23,19,67
53053061700,3272,2553,338,381,0,0,1755,252,783,149,70,263
53053061800,1654,1068,223,363,0,0,1159,156,82,72,33,152
53053061900,1190,725,191,274,0,0,839,111,49,66,17,108
53053062000,2614,1559,444,611,0,0,1833,282,87,125,48,239
53053062300,3347,1933,603,811,0,0,1894,462,195,379,83,334
53053062400,3763,2260,719,784,0,0,2807,262,139,143,66,346
53053062501,2754,1598,527,629,0,0,1887,237,133,144,50,303
53053062502,2024,1173,377,474,0,0,1467,173,113,75,43,153
53053062600,2329,1494,304,531,0,0,1386,221,296,104,72,250
53053062801,3299,2322,386,591,0,0,1945,337,455,140,134,288
53053062802,2686,1433,595,658,0,0,1673,243,197,227,110,236
53053062901,2259,1398,212,649,0,0,1281,270,302,102,65,239
53053062902,2505,1338,553,614,0,0,1763,211,84,158,66,223
53053063000,1904,1022,389,493,0,0,1323,170,100,81,48,182
53053063100,2904,1629,593,682,0,0,2008,248,110,193,65,280
53053063200,3355,1854,709,792,0,0,2430,277,90,191,74,293
53053063301,2112,1354,372,386,0,0,1042,278,296,244,45,207
53053063302,2201,1437,354,410,0,0,1147,358,108,289,73,226
53053063401,2431,1456,515,460,0,0,1583,262,92,197,74,223
53053063402,2280,1196,493,591,0,0,1497,214,69,215,55,230
53053063501,2504,1429,508,567,0,0,1498,246,229,242,65,224
53053063502,2878,1488,643,747,0,0,1462,305,179,553,100,279
53053070100,2648,863,1086,699,0,0,2264,100,1,27,34,222
53053070204,2437,904,878,655,0,0,2024,129,3,22,38,221
53053070205,2840,979,1186,675,0,0,2368,105,3,24,41,299
53053070206,3228,1044,1467,717,0,0,2761,120,7,23,37,280
53053070207,3920,1328,1587,1005,0,0,3269,112,3,46,59,431
53053070208,4837,2209,1500,1128,0,0,3763,289,14,138,98,535
53053070209,2824,1049,1062,713,0,0,2314,145,3,63,32,267
53053070307,4392,1581,1940,871,0,0,3636,126,3,84,92,451
53053070308,2747,1074,977,696,0,0,2267,132,3,60,44,241
53053070309,4983,1960,1822,1201,0,0,4097,253,7,74,93,459
53053070310,3327,1219,1196,912,0,0,2626,207,4,71,74,345
53053070311,3488,1324,1372,792,0,0,2819,208,3,47,54,357
53053070312,4306,1692,1570,1044,0,0,3353,278,26,152,78,419
53053070313,4645,1818,1757,1070,0,0,3820,223,12,64,65,461
53053070314,2576,1027,936,613,0,0,2056,94,6,88,68,264
53053070315,4116,1757,1432,927,0,0,2921,286,30,294,175,410
53053070316,3256,1619,732,905,0,0,2160,296,40,314,126,320
53053070401,1447,531,599,317,0,0,1170,90,4,27,27,129
53053070403,2913,1071,1077,765,0,0,2398,145,5,37,28,300
53053070404,3767,1291,1503,973,0,0,2991,242,22,59,90,363
53053070703,4151,1902,1219,1030,0,0,3125,314,32,123,129,428
53053071100,1737,800,631,306,0,0,1403,114,7,34,28,151
53053071205,3713,1669,1435,609,0,0,2994,153,14,91,93,368
53053071206,4500,1963,1397,1140,0,0,3470,268,46,165,108,443
53053071207,4420,2039,1279,1102,0,0,3355,344,54,108,82,477
53053071209,3047,1370,1132,545,0,0,2462,172,11,62,65,275
53053071210,4163,1728,1600,835,0,0,3224,226,7,174,107,425
53053071211,2919,1397,861,661,0,0,2234,228,25,65,64,303
53053071212,2729,1203,761,765,0,0,1889,261,36,156,118,269
53053071304,4095,1799,1202,1094,0,0,3069,302,75,157,96,396
53053071305,2448,1110,819,519,0,0,1826,192,44,83,33,270
53053071306,4733,2017,1654,1062,0,0,3519,354,96,128,128,508
53053071307,3484,1486,1150,848,0,0,2738,203,37,76,64,366
53053071309,2749,1101,981,667,0,0,2024,188,45,127,81,284
53053071310,4675,2022,1460,1193,0,0,3337,353,85,291,110,499
53053071403,2685,1141,901,643,0,0,2028,203,54,90,59,251
53053071408,2483,1220,719,544,0,0,1670,311,83,103,98,218
53053071409,2641,1452,623,566,0,0,1778,310,135,86,66,266
53053071411,3844,1786,976,1082,0,0,2417,550,237,120,138,382
53053071412,4025,1762,1180,1083,0,0,2669,426,167,214,172,377
53053071413,1775,794,543,438,0,0,1246,187,44,57,47,194
53053071414,2724,1195,855,674,0,0,1908,315,93,72,56,280
53053071415,1681,665,635,381,0,0,1338,118,16,15,39,155
53053071416,1574,756,446,372,0,0,1070,177,49,56,49,173
53053071417,3404,1679,901,824,0,0,2198,439,174,181,76,336
53053071503,3402,1835,991,576,0,0,2350,334,105,202,99,312
53053071504,2665,1450,523,692,0,0,1921,271,69,77,48,279
53053071505,3412,1681,982,749,0,0,2393,289,92,174,89,375
53053071506,3687,1686,1256,745,0,0,2636,355,98,165,107,326
53053071601,2613,1536,627,450,0,0,1692,298,81,241,61,240
53053071603,2125,1084,501,540,0,0,1406,207,76,156,65,215
53053071604,2200,1207,354,639,0,0,1274,231,265,148,62,220
53053071703,1379,1059,154,166,0,0,707,179,160,100,59,174
53053071704,1437,1182,148,107,0,0,827,207,192,61,31,119
53053071705,2162,1400,514,248,0,0,1420,237,72,119,69,245
53053071706,932,708,154,70,0,0,598,88,99,34,17,96
53053071707,1716,989,315,412,0,0,1206,165,53,77,40,175
53053071803,2895,1697,527,671,0,0,1698,311,257,247,85,297
53053071805,1571,1156,222,193,0,0,835,324,110,113,73,116
53053071806,1417,1179,133,105,0,0,846,210,131,68,30,132
53053071807,2056,1394,327,335,0,0,1237,276,197,98,53,195
53053071808,1720,1186,281,253,0,0,1010,277,95,172,29,137
53053071901,3359,1920,887,552,0,0,2279,314,172,181,93,320
53053071902,4291,1943,1583,765,0,0,3313,255,63,205,95,360
53053072000,2199,1605,382,212,0,0,1510,254,105,71,40,219
53053072105,3780,1899,1170,711,0,0,2738,252,81,252,107,350
53053072106,3617,2055,860,702,0,0,2468,366,196,165,92,330
53053072107,3290,1669,1008,613,0,0,2398,284,87,141,75,305
53053072108,3421,1748,980,693,0,0,2401,345,146,131,78,320
53053072109,2752,1473,851,428,0,0,2094,187,29,134,53,255
53053072111,1840,966,549,325,0,0,1404,130,25,84,36,161
53053072112,3099,1710,737,652,0,0,2086,349,164,176,68,256
53053072305,4926,2650,1336,940,0,0,3870,243,90,137,113,473
53053072307,3119,1955,747,417,0,0,2266,180,93,178,104,298
53053072309,4231,2415,1018,798,0,0,3187,252,60,204,125,403
53053072310,2752,1494,679,579,0,0,2006,179,60,116,87,304
53053072311,3343,2055,682,606,0,0,2297,245,189,145,138,329
53053072312,3472,2200,818,454,0,0,1989,311,321,382,131,338
53053072313,3094,1632,859,603,0,0,2083,217,74,349,89,282
53053072314,2817,1397,869,551,0,0,1942,171,50,256,94,304
53053072315,2260,1094,770,396,0,0,1652,150,22,129,72,235
53053072405,3554,1639,1400,515,0,0,2925,121,3,72,50,383
53053072406,5147,2372,1954,821,0,0,4082,198,4,163,116,584
53053072407,3731,1781,1203,747,0,0,2929,153,12,123,84,430
53053072408,4918,2346,1720,852,0,0,3967,180,15,125,112,519
53053072409,2137,944,833,360,0,0,1758,77,0,44,41,217
53053072410,3295,1576,1222,497,0,0,2713,114,5,69,58,336
53053072503,3242,1412,1166,664,0,0,2704,119,2,55,57,305
53053072504,3361,1505,1228,628,0,0,2754,108,4,62,68,365
53053072506,3109,1497,1149,463,0,0,2568,102,3,72,77,287
53053072507,2590,1349,869,372,0,0,2110,69,3,42,77,289
53053072508,3370,1491,1263,616,0,0,2778,142,3,84,70,293
53053072509,4472,2056,1574,842,0,0,3462,209,6,184,128,483
53053072601,3977,1741,1447,789,0,0,3304,181,11,42,65,374
53053072602,3016,1403,1076,537,0,0,2510,93,12,38,34,329
53053072603,4394,2036,1561,797,0,0,3725,153,8,51,61,396
53053072801,2591,1196,780,615,0,0,1651,388,60,168,60,264
53053072802,2586,1200,766,620,0,0,1879,225,39,147,49,247
53053072901,455,345,51,59,0,0,326,60,8,5,8,48
53053072903,490,227,66,197,0,0,303,80,19,20,11,57
53053072907,1799,1099,93,607,0,0,1040,390,81,70,39,179
53053072908,968,770,50,148,0,0,579,194,42,30,19,104
53053072909,50,27,11,12,0,0,39,5,2,1,0,3
53053073001,4729,1566,2058,1105,0,0,3883,260,9,52,73,452
53053073005,4295,1379,1955,961,0,0,3578,173,16,49,56,423
53053073006,3242,1068,1475,699,0,0,2713,121,8,28,37,335
53053073110,2803,1176,1048,579,0,0,2204,151,27,73,53,295
53053073111,3102,1283,1086,733,0,0,2368,239,30,83,58,324
53053073114,3513,1405,1262,846,0,0,2785,259,36,62,56,315
53053073115,3142,1178,1256,708,0,0,2514,227,15,45,57,284
53053073116,3381,1096,1544,741,0,0,2750,203,14,41,58,315
53053073117,3012,1030,1382,600,0,0,2533,104,3,37,30,305
53053073118,3527,1124,1605,798,0,0,2933,147,9,57,55,326
53053073119,2560,787,1249,524,0,0,2169,95,6,22,14,254
53053073120,2902,1311,906,685,0,0,2079,293,45,148,72,265
53053073121,3356,1368,1227,761,0,0,2446,245,55,137,108,365
53053073122,3380,1460,1038,882,0,0,2408,326,51,151,84,360
53053073123,3904,1493,1651,760,0,0,2975,191,30,219,104,385
53053073124,2196,908,748,540,0,0,1692,173,26,55,59,191
53053073126,2179,1001,577,601,0,0,1373,240,82,175,80,229
53053073127,1984,961,536,487,0,0,1312,248,76,115,40,193
53053073128,3650,1580,1104,966,0,0,2580,403,119,123,63,362
53053073129,3082,1332,804,946,0,0,2121,310,86,143,90,332
53053073130,2526,838,1147,541,0,0,2026,170,16,31,38,245
53053073131,2078,906,640,532,0,0,1530,196,35,66,57,194
53053073132,2568,1047,862,659,0,0,1863,249,34,90,68,264
53053073133,2369,970,818,581,0,0,1681,234,80,58,54,262
53053073200,4673,1614,2014,1045,0,0,4008,155,4,33,48,425
53053073301,3421,1732,959,730,0,0,2678,247,12,54,66,364
53053073302,3252,1575,970,707,0,0,2643,189,5,47,49,319
53053073404,4529,2084,1468,977,0,0,3661,238,6,113,80,431
53053073405,2212,1058,590,564,0,0,1658,151,27,63,51,262
53053073406,3676,1707,992,977,0,0,2808,257,26,126,87,372
53053073407,2244,1235,543,466,0,0,1761,136,6,41,36,264
53053073408,3100,1510,952,638,0,0,2462,159,14,71,53,341
53053073501,2944,1279,1023,642,0,0,2261,140,4,105,127,307
53053073502,3329,1529,1143,657,0,0,2663,151,7,88,95,325
53053940001,2258,1241,614,403,0,0,1717,97,12,165,55,212
53053940002,2589,1285,740,564,0,0,1736,257,46,166,120,264
53053940004,4877,2141,1791,945,0,0,3941,243,25,136,78,454
53053940005,3907,1951,1031,925,0,0,2486,404,108,324,205,380
53053940006,1609,1262,207,140,0,0,582,157,230,336,107,197
53053940007,1821,1053,300,468,0,0,1039,267,98,107,68,242
53053940008,4068,2159,1103,806,0,0,2697,330,72,357,180,432
53053940009,2582,1224,836,522,0,0,1751,182,12,195,119,323
53053940010,3365,1566,850,949,0,0,2488,277,20,99,110,371
53053940011,3254,1751,976,527,0,0,2341,165,29,317,106,296
53053940012,1934,1052,316,566,0,0,1147,267,71,138,87,224
53053940013,2078,1067,431,580,0,0,969,273,107,311,172,246
53047940100,1461,826,285,350,0,0,1116,62,5,14,52,212
53047940200,1232,664,352,216,0,0,940,107,0,10,18,157
53047970301,1890,801,871,218,0,0,1538,159,1,25,25,142
53047970302,1321,479,601,241,0,0,1121,82,0,12,11,95
53047970303,1723,747,876,100,0,0,1513,41,0,13,9,147
53047970400,2403,918,1150,335,0,0,1972,199,2,8,21,201
53047970500,1720,491,958,271,0,0,1430,90,1,11,14,174
53047970601,1966,710,978,278,0,0,1610,152,3,14,21,166
53047970602,2274,1046,899,329,0,0,1849,186,5,21,30,183
53047970700,2425,911,1110,404,0,0,1995,177,1,22,20,210
53047970800,2140,985,908,247,0,0,1283,673,1,16,13,154
53047970900,2312,1595,447,270,0,0,1981,44,2,23,14,248
53047971000,3113,1643,1071,399,0,0,2600,88,2,30,36,357
53021020101,664,505,85,74,0,0,170,460,0,5,5,24
53021020102,1656,1275,202,179,0,0,295,1257,9,30,18,47
53021020103,1018,867,129,22,0,0,201,755,12,9,18,23
53021020201,580,462,92,26,0,0,149,397,3,1,13,17
53021020202,1047,868,145,34,0,0,274,723,5,11,5,29
53021020300,1955,1373,445,137,0,0,719,1130,9,20,14,63
53021020401,482,351,102,29,0,0,165,274,1,7,3,32
53021020402,412,340,61,11,0,0,117,264,0,5,9,17
53021020403,1026,731,166,129,0,0,311,665,4,12,5,29
53021020404,666,567,80,19,0,0,226,397,5,8,4,26
53021020501,3838,1217,2198,423,0,0,2846,542,5,52,77,316
53021020503,2199,847,1112,240,0,0,1561,439,3,28,27,141
53021020504,3789,1751,1394,644,0,0,2078,1296,14,73,58,270
53021020603,2055,916,715,424,0,0,1119,690,7,55,59,125
53021020605,6858,2960,2810,1088,0,0,4024,2020,17,142,155,500
53021020606,4481,1923,1704,854,0,0,2786,1190,18,101,72,314
53021020607,3246,1341,1374,531,0,0,1951,941,9,65,59,221
53021020608,3916,1130,2372,414,0,0,2865,679,3,44,38,287
53021020700,797,191,505,101,0,0,595,128,0,2,6,66
53021020801,1162,395,649,118,0,0,725,357,1,8,6,65
53021020802,1522,584,723,215,0,0,890,469,1,25,5,132
53021980100,12,10,1,1,0,0,4,8,0,0,0,0
53055960101,2189,1468,340,381,0,0,1851,44,2,28,40,224
53055960102,1328,928,196,204,0,0,1132,35,0,24,10,127
53055960103,1274,906,172,196,0,0,1023,35,32,26,15,143
53055960301,2410,1561,486,363,0,0,2017,65,0,44,27,257
53055960302,2075,1414,392,269,0,0,1779,52,1,26,26,191
53055960400,2639,1598,503,538,0,0,2138,132,4,33,32,300
53055960501,1404,1039,214,151,0,0,1165,41,2,22,14,160
53055960502,1178,826,190,162,0,0,1003,30,1,16,7,121
53055990100,9,2,4,3,0,0,8,1,0,0,0,0
53035080101,1907,1019,479,409,0,0,1452,161,24,47,34,189
53035080102,2763,1509,672,582,0,0,2023,295,33,81,65,266
53035080200,2436,1220,650,566,0,0,1881,229,26,36,38,226
53035080300,2379,1488,470,421,0,0,1766,194,45,53,59,262
53035080400,2575,1439,667,469,0,0,2108,121,14,34,35,263
53035080500,1942,1266,269,407,0,0,1476,149,27,33,27,230
53035080600,3241,1758,692,791,0,0,2516,230,33,55,68,339
53035080700,2495,1278,750,467,0,0,2052,118,10,43,39,233
53035080800,732,438,82,212,0,0,524,103,20,8,9,68
53035080900,3349,1561,995,793,0,0,2625,225,31,60,57,351
53035081000,2657,1532,563,562,0,0,2019,217,45,66,44,266
53035081100,1802,952,339,511,0,0,1374,134,22,44,37,191
53035081200,1969,1305,350,314,0,0,1555,178,21,40,26,149
53035081400,192,74,12,106,0,0,123,30,5,7,2,25
53035090101,4471,2420,1322,729,0,0,3689,188,6,50,46,492
53035090102,5347,3075,1448,824,0,0,4404,190,21,100,67,565
53035090201,3888,1917,1330,641,0,0,3171,179,2,84,73,379
53035090202,4038,1987,1349,702,0,0,3311,191,7,61,62,406
53035090300,912,608,114,190,0,0,654,138,18,14,18,70
53035090400,3578,1547,1379,652,0,0,2904,212,4,69,65,324
53035090501,3076,1773,728,575,0,0,2515,137,4,51,51,318
53035090502,3897,2117,1169,611,0,0,3103,244,9,105,60,376
53035090700,4409,3302,677,430,0,0,3523,125,7,132,86,536
53035090800,3694,2806,543,345,0,0,3005,109,5,106,64,405
53035090901,3191,2427,331,433,0,0,2541,116,6,97,62,369
53035090902,3213,2407,418,388,0,0,2551,99,2,139,54,368
53035091001,2971,2224,459,288,0,0,2373,92,4,81,53,368
53035091002,3103,2391,429,283,0,0,2564,74,0,53,62,350
53035091100,3878,1764,1426,688,0,0,3201,184,6,72,65,350
53035091201,3006,1448,966,592,0,0,2285,258,10,98,51,304
53035091204,2182,1048,753,381,0,0,1683,171,13,59,42,214
53035091205,2699,1278,949,472,0,0,1823,367,14,92,120,283
53035091206,1908,947,350,611,0,0,1345,215,22,89,49,188
53035091301,3336,1333,1397,606,0,0,2766,133,5,52,54,326
53035091302,4592,2014,1879,699,0,0,3727,246,8,120,67,424
53035091400,2490,1193,868,429,0,0,1982,127,8,75,64,234
53035091500,2965,1347,1069,549,0,0,2272,271,12,86,50,274
53035091600,4487,2148,1343,996,0,0,3308,492,40,101,114,432
53035091701,2995,1339,1083,573,0,0,2269,262,12,65,66,321
53035091702,2628,1168,855,605,0,0,2018,243,15,53,56,243
53035091800,2152,968,749,435,0,0,1762,146,5,20,29,190
53035091900,2852,1406,842,604,0,0,2068,328,24,86,80,266
53035092000,4382,1623,1909,850,0,0,3669,130,5,55,64,459
53035092101,3702,1682,1369,651,0,0,2947,186,12,100,57,400
53035092102,2722,1147,839,736,0,0,2034,239,3,84,58,304
53035092200,4041,2094,1097,850,0,0,3141,339,30,55,81,395
53035092300,4173,1907,1259,1007,0,0,3180,367,33,80,105,408
53035092400,4176,1930,1291,955,0,0,3347,307,19,50,49,404
53035092500,4210,1965,1392,853,0,0,3457,192,19,84,53,405
53035092600,4580,2132,1676,772,0,0,3745,235,13,81,52,454
53035092701,3780,1618,1482,680,0,0,3116,201,8,61,50,344
53035092704,2638,1367,867,404,0,0,2211,115,4,40,36,232
53035092801,3394,1367,1325,702,0,0,2755,186,19,45,60,329
53035092802,3387,1411,1431,545,0,0,2822,146,1,42,40,336
53035092803,2280,937,901,442,0,0,1915,87,3,27,32,216
53035092901,4448,1685,1923,840,0,0,3717,209,4,46,54,418
53035092902,4416,1784,1759,873,0,0,3601,226,8,63,52,466
53035940000,2751,1665,658,428,0,0,2298,110,2,37,37,267
53035940100,5020,2961,1174,885,0,0,4040,252,7,103,92,526
53035990100,0,0,0,0,0,0,0,0,0,0,0,0
53057940201,2141,1137,707,297,0,0,1772,65,1,44,30,229
53057940301,1995,1003,679,313,0,0,1681,53,1,24,42,194
53057940302,2510,1313,863,334,0,0,2160,63,1,33,29,224
53057940401,2579,1275,938,366,0,0,2153,89,2,41,37,257
53057940402,1254,701,361,192,0,0,1049,50,1,14,29,111
53057940403,2386,1291,812,283,0,0,1971,73,1,43,47,251
53057940500,1648,931,485,232,0,0,1357,93,6,31,26,135
53057940600,1303,737,304,262,0,0,1100,34,0,25,19,125
53057940700,1274,804,322,148,0,0,1082,35,1,15,24,117
53057940801,1315,737,452,126,0,0,1132,29,0,10,13,131
53057940802,1249,713,249,287,0,0,1006,56,1,15,22,149
53057950100,941,599,207,135,0,0,805,25,2,8,17,84
53057950801,1647,861,573,213,0,0,1397,65,2,30,15,138
53057950802,2356,1155,801,400,0,0,1947,112,0,16,31,250
53057950803,1073,445,393,235,0,0,911,45,0,12,20,85
53057950900,2928,1098,1273,557,0,0,2448,140,8,26,31,275
53057951000,2132,770,969,393,0,0,1837,60,1,17,24,193
53057951101,1338,523,539,276,0,0,1131,34,0,14,21,138
53057951102,2068,900,775,393,0,0,1736,65,0,14,20,233
53057951200,2773,1146,1165,462,0,0,2279,145,1,33,54,261
53057951300,1341,545,542,254,0,0,1111,58,0,12,21,139
53057951400,2636,1138,934,564,0,0,2147,200,1,24,24,240
53057951501,1905,882,598,425,0,0,1544,176,2,8,23,152
53057951502,2327,940,858,529,0,0,1846,195,1,27,22,236
53057951503,2326,1064,762,500,0,0,1809,244,4,27,23,219
53057951600,2822,1292,1084,446,0,0,2088,399,3,43,30,259
53057951700,2368,1232,666,470,0,0,1689,432,2,24,23,198
53057951800,2467,1264,672,531,0,0,1740,455,8,44,31,189
53057951900,3121,1422,1279,420,0,0,2613,138,3,44,41,282
53057952100,2575,1478,793,304,0,0,2067,188,0,40,30,250
53057952200,2354,1246,636,472,0,0,1647,433,9,45,38,182
53057952301,1953,1270,476,207,0,0,1160,576,7,43,30,137
53057952303,2175,1219,546,410,0,0,1470,437,5,41,32,190
53057952304,4239,2156,1308,775,0,0,3043,582,6,115,105,388
53057952401,1763,1128,367,268,0,0,1354,212,1,27,16,153
53057952403,4279,2157,1490,632,0,0,3296,436,3,90,100,354
53057952404,666,471,102,93,0,0,326,285,0,4,9,42
53057952405,507,297,116,94,0,0,348,96,1,4,12,46
53057952500,1712,1005,381,326,0,0,1278,218,2,23,24,167
53057952600,2783,1360,926,497,0,0,2204,272,1,35,25,246
53057952700,2992,1270,1268,454,0,0,2438,150,1,32,35,336
53057990100,10,7,3,0,0,0,10,0,0,0,0,0
53043960100,1200,327,634,239,0,0,1031,33,0,3,12,121
53043960200,2657,632,1607,418,0,0,2279,43,2,10,37,286
53043960300,2152,563,1279,310,0,0,1835,39,0,14,12,252
53043960400,2178,525,1311,342,0,0,1841,48,1,16,16,256
