GEOID20,total_reg,party_npp,party_dem,party_rep,party_lib,party_grn,party_oth,party_unk,eth1_eur,eth1_hisp,eth1_aa,eth1_esa,eth1_oth,eth1_unk
08095967600,1792,555,267,952,14,0,1,0,1328,235,1,9,6,213
08095967700,1036,345,92,588,5,0,0,0,890,41,0,8,3,94
08085966100,1468,513,138,790,12,2,2,0,1299,38,2,7,20,102
08085966201,1922,680,217,1001,13,1,4,0,1589,144,0,11,8,170
08085966202,2338,924,298,1072,21,2,5,0,1716,409,4,9,7,193
08085966301,1502,662,332,474,14,3,7,0,1162,187,2,16,8,127
08085966302,1986,914,415,606,24,9,7,0,1394,424,0,8,13,147
08085966401,829,290,174,346,13,0,4,0,679,73,1,5,15,56
08085966402,3324,1308,644,1319,32,2,2,0,2630,363,2,25,31,273
08085966501,2484,895,365,1187,23,3,2,0,2040,131,4,32,28,249
08085966502,3155,1223,534,1351,25,3,4,0,2521,271,7,26,30,300
08085966503,2406,925,383,1053,25,3,7,0,1899,280,0,13,14,200
08085966601,3175,1318,532,1277,21,5,3,0,2357,465,3,23,30,297
08085966602,3804,1305,487,1981,18,5,3,0,3165,193,0,31,58,357
08005004951,577,274,225,61,12,2,0,0,398,74,17,17,4,67
08005004952,1401,605,568,176,32,11,7,0,915,201,47,29,38,171
08005005551,1632,727,625,229,21,7,8,0,828,548,33,52,42,129
08005005552,1501,644,525,296,19,5,2,0,875,404,8,32,31,151
08005005553,2332,1036,754,492,29,6,6,0,1492,518,6,77,32,207
08005005611,3845,1581,1111,1102,32,10,4,0,3027,238,6,81,70,423
08005005612,2489,1041,614,794,28,8,0,0,1922,173,4,29,48,313
08005005614,2567,1115,725,685,27,4,5,0,1997,139,2,70,47,312
08005005619,3492,1483,949,1000,35,7,5,0,2717,332,14,68,54,307
08005005620,1843,795,577,432,28,5,3,0,1417,167,1,24,32,202
08005005621,2401,943,558,879,12,5,1,0,1927,139,1,50,45,239
08005005622,2572,1080,517,934,31,4,3,0,2030,140,8,47,56,291
08005005623,3298,1321,915,1017,30,3,4,0,2660,167,5,65,38,363
08005005624,1739,707,517,489,20,3,0,0,1400,84,5,33,29,188
08005005625,2641,1145,697,743,34,5,3,0,2086,184,8,65,52,246
08005005626,2680,1135,725,770,37,8,0,0,2135,178,0,59,38,270
08005005627,3896,1667,1124,1058,33,7,2,0,3175,208,5,56,65,387
08005005628,4057,1683,1087,1228,43,9,1,0,3216,268,7,99,53,414
08005005629,1836,763,398,666,8,0,0,0,1496,45,6,52,36,201
08005005630,4048,1661,1094,1249,31,5,4,0,3300,209,5,68,74,392
08005005631,2463,938,714,769,27,6,1,0,1891,142,7,57,46,320
08005005632,2530,1054,671,766,32,3,2,0,1972,166,12,76,39,265
08005005633,2431,1012,660,731,25,2,1,0,1980,112,3,62,32,242
08005005634,2488,995,722,739,24,4,1,0,2023,95,2,25,53,290
08005005635,3679,1439,1036,1168,28,5,0,0,2952,154,8,85,71,409
08005005636,1612,595,311,688,15,2,1,0,1201,45,0,67,33,266
08005005701,1225,526,477,190,25,0,1,0,881,153,10,26,20,135
08005005702,1364,645,500,176,30,5,3,0,912,236,7,26,21,162
08005005800,2040,816,870,328,18,3,2,0,1612,145,1,28,16,238
08005005951,2929,1268,1104,489,43,9,8,0,2177,291,18,46,51,346
08005005952,2390,1030,851,457,40,6,1,0,1828,189,15,45,56,257
08005006000,2039,921,721,355,25,5,6,0,1554,207,11,20,25,222
08005006100,2100,959,778,302,39,7,3,0,1559,232,16,34,22,237
08005006200,2268,1092,727,398,28,11,4,0,1730,202,8,32,26,270
08005006300,1976,903,614,417,22,9,4,0,1588,168,2,22,25,171
08005006400,1922,833,662,371,29,8,5,0,1438,230,5,28,22,199
08005006501,1160,541,341,246,20,6,2,0,873,90,4,15,23,155
08005006502,2456,1090,728,586,36,6,5,0,1915,181,8,33,33,286
08005006601,2802,1314,907,487,49,16,15,0,1985,390,20,42,54,311
08005006603,2447,992,745,666,34,0,3,0,1938,155,5,40,37,272
08005006604,2466,984,806,624,29,4,8,0,1852,247,10,35,35,287
08005006704,3509,1445,854,1180,25,3,1,0,2657,85,10,131,104,522
08005006705,1445,575,283,575,10,1,1,0,1161,34,7,35,34,174
08005006706,3545,1408,1040,1064,24,6,2,0,2848,145,7,55,63,427
08005006707,3430,1457,994,922,39,6,4,0,2551,196,11,113,118,441
08005006708,3837,1617,1074,1098,32,9,4,0,3066,162,12,88,77,432
08005006709,4255,1784,1323,1111,26,4,2,0,3313,195,17,169,91,470
08005006711,3196,1363,939,859,22,4,5,0,2466,164,3,132,91,340
08005006712,1194,498,287,398,7,2,0,0,875,19,3,60,45,192
08005006713,717,361,237,103,11,3,1,0,492,70,5,28,26,96
08005006808,4203,1716,1293,1151,31,2,5,0,2960,133,9,320,130,651
08005006815,2635,1125,915,557,28,4,2,0,1786,226,15,146,79,383
08005006854,1755,766,554,408,19,4,2,0,1168,140,63,93,92,199
08005006857,1812,736,541,520,12,3,0,0,1208,66,4,133,98,303
08005006859,2020,978,590,404,34,4,4,0,1395,151,25,83,78,288
08005006860,1109,499,333,248,17,4,4,0,777,85,11,67,35,134
08005006861,2912,1282,968,634,20,3,1,0,1775,130,6,423,151,427
08005006862,1214,502,291,409,9,1,0,0,783,66,2,157,44,162
08005006863,3456,1660,1019,699,41,9,12,0,2268,398,86,159,141,404
08005006864,1766,792,475,451,37,3,1,0,1231,146,14,59,46,270
08005007101,4492,1803,612,1984,51,3,5,0,3476,447,11,44,48,466
08005007103,1262,500,193,548,14,2,2,0,956,164,1,11,17,113
08005007106,3978,1741,1106,1066,35,7,10,0,2599,442,127,177,151,482
08005007108,1465,623,442,372,15,2,6,0,895,247,74,46,32,171
08005007109,1513,615,503,374,13,1,2,0,916,222,142,89,22,122
08005007110,4594,1891,1508,1119,43,8,6,0,2860,778,155,137,102,562
08005007111,1274,586,418,244,17,2,3,0,732,348,8,32,14,140
08005007112,4271,1956,1235,1005,52,5,4,0,2861,441,115,225,179,450
08005007113,5435,2418,1328,1634,38,5,3,0,3715,464,85,333,202,636
08005007201,1497,648,660,154,15,5,8,0,734,430,170,32,46,85
08005007202,1540,690,677,142,13,4,5,0,730,513,135,21,39,102
08005007301,1123,447,518,127,16,3,6,0,515,283,157,41,26,101
08005007302,1736,736,789,166,10,6,17,0,793,518,202,53,41,129
08005007400,2333,955,1037,279,28,7,15,0,1077,906,105,49,44,152
08005007500,1195,491,550,130,10,4,7,0,574,393,92,26,14,96
08005007600,1600,663,685,206,21,4,12,0,694,544,167,44,35,116
08005007702,2236,892,931,356,23,8,15,0,1099,540,281,73,49,194
08005007703,2371,902,1081,353,15,3,6,0,1145,510,418,66,53,179
08005007704,2069,860,967,199,18,2,13,0,809,322,665,38,77,158
08005015100,2039,786,866,359,22,1,2,0,1572,105,13,68,36,245
08005080000,1866,784,766,271,23,4,11,0,919,368,262,63,76,178
08005080100,2279,910,974,345,24,5,6,0,1085,392,373,91,123,215
08005080200,3546,1458,1397,631,37,7,8,0,1953,422,346,172,287,366
08005080300,4038,1599,1643,741,32,5,8,0,2195,414,419,223,334,453
08005080400,4045,1672,1656,630,51,14,8,0,2529,392,273,186,201,464
08005080500,2356,910,946,457,20,7,6,0,1536,192,148,102,104,274
08005080600,2212,902,942,320,29,7,7,0,1281,256,275,66,95,239
08005080700,2980,1178,1286,455,33,7,13,0,1450,537,422,133,159,279
08005080800,1404,585,570,202,25,7,8,0,698,333,138,50,62,123
08005080900,2401,998,943,426,17,6,5,0,1245,642,195,60,66,193
08005081001,1032,414,497,93,16,2,6,0,406,163,330,17,34,82
08005081002,1346,517,609,184,20,5,5,0,627,271,259,37,34,118
08005081101,1550,603,760,150,15,6,7,0,545,257,486,61,63,138
08005081102,1112,432,501,153,8,4,8,0,516,177,268,31,30,90
08005081200,2516,1014,1162,276,41,8,9,0,1106,423,639,69,87,192
08005081300,1750,708,752,245,24,3,9,0,829,390,264,64,63,140
08005081400,3134,1285,1143,636,45,9,11,0,1883,478,255,106,92,320
08005081500,2960,975,1014,950,9,4,3,0,2411,133,18,54,32,312
08005081600,3232,1371,1047,739,43,7,9,0,2148,483,102,91,91,317
08005081700,2153,907,635,577,24,4,4,0,1486,126,32,215,90,204
08005081800,2032,899,846,234,10,10,19,0,768,752,256,96,33,127
08005081900,3216,1312,1336,481,34,9,18,0,1463,855,479,112,79,228
08005082000,1819,779,811,169,28,10,13,0,796,341,411,64,47,160
08005082100,3161,1299,1357,438,35,7,18,0,1492,713,490,75,86,305
08005082200,3508,1512,1398,528,31,11,12,0,1721,724,557,111,116,279
08005082300,2048,924,794,273,33,6,5,0,1101,390,255,55,56,191
08005082400,2435,1078,866,446,27,2,5,0,1449,438,193,77,61,217
08005082500,1572,644,518,377,24,3,3,0,980,265,71,47,47,162
08005082600,3029,1294,1268,389,45,9,11,0,1398,577,683,73,79,219
08005082700,2330,977,923,383,22,7,12,0,1184,426,318,95,89,218
08005082800,3259,1334,1240,601,50,7,13,0,1890,539,403,74,74,279
08005082900,2974,1237,1087,586,28,9,10,0,1667,560,286,110,80,271
08005083000,2501,968,863,630,19,4,6,0,1464,299,163,205,103,267
08005083100,4526,1928,1792,733,40,7,13,0,2258,737,576,358,172,425
08005083201,3841,1652,1193,934,45,3,9,0,2415,394,232,249,178,373
08005083202,1946,854,597,459,27,1,5,0,1238,271,102,89,55,191
08005083300,3235,1385,1175,603,42,10,8,0,1950,420,289,138,131,307
08005083400,4461,1996,1470,919,46,12,5,0,2792,566,283,181,179,460
08005083500,3113,1315,1168,574,25,6,11,0,1659,448,394,168,126,318
08005083600,2273,1033,786,386,40,6,6,0,1477,269,103,105,73,246
08005083700,2958,1233,942,737,31,2,5,0,1922,195,101,171,182,387
08005083800,1963,839,731,368,16,3,3,0,1151,200,225,96,78,213
08005083900,2076,900,727,411,19,7,5,0,1348,195,103,101,124,205
08005084000,1610,707,549,325,14,4,2,0,1051,263,41,49,45,161
08005084100,2933,1276,963,635,26,4,10,0,1866,366,209,93,119,280
08005084200,2334,1057,774,449,30,4,6,0,1422,447,113,66,67,219
08005084300,2308,1056,726,472,29,7,6,0,1510,312,112,68,54,252
08005084400,1967,882,669,375,28,3,2,0,1193,367,129,54,41,183
08005084500,1573,689,542,303,21,4,7,0,951,234,119,41,47,181
08005084600,3442,1524,1122,718,47,7,13,0,2246,475,126,88,124,383
08005084700,3211,1429,1050,682,25,12,5,0,2119,392,149,92,109,350
08005084800,2305,1016,706,552,21,2,3,0,1583,228,78,84,105,227
08005084900,2489,1047,702,704,26,0,4,0,1682,141,77,176,129,284
08005085000,1670,738,467,442,13,3,4,0,891,159,90,219,118,193
08005085100,4578,2091,1233,1217,20,5,3,0,2637,291,112,651,339,548
08005085200,2303,968,540,754,24,6,4,0,1654,121,11,157,102,258
08005085300,1848,741,582,508,14,1,1,0,1173,108,66,186,93,222
08005085400,3580,1437,1089,1001,38,5,3,0,2437,325,161,160,135,362
08005085500,3872,1685,1066,1070,40,6,2,0,2762,305,78,213,130,384
08005085600,2318,998,620,669,19,3,3,0,1562,162,47,155,123,269
08005085700,2865,1321,942,532,39,11,7,0,1770,501,115,102,96,281
08005085800,1211,522,396,271,11,4,3,0,848,142,56,28,37,100
08005085900,5530,2423,1782,1247,47,6,12,0,3165,679,292,456,258,680
08005086001,2491,1123,725,598,27,5,2,0,1606,307,102,136,121,219
08005086002,2261,1023,669,530,22,6,6,0,1407,247,129,137,96,245
08005086100,3269,1466,879,865,36,10,9,0,2174,386,87,159,135,328
08005086200,4219,1928,1150,1089,34,6,2,0,2786,428,119,279,188,419
08005086300,2554,1120,721,655,42,5,5,0,1699,259,64,134,95,303
08005086400,1737,667,325,720,18,3,1,0,1367,59,15,78,42,176
08005086500,4167,1814,1126,1159,45,6,11,0,2800,359,104,257,192,455
08005086600,4857,1925,1150,1723,45,4,3,0,3632,261,60,188,130,586
08005086700,4499,1948,1088,1416,42,3,0,0,3110,348,130,226,153,532
08005086801,2148,910,951,234,27,8,10,0,985,236,378,78,200,271
08005086802,1568,579,778,176,20,3,4,0,619,135,321,87,206,200
08005086900,1584,627,748,159,18,8,8,0,738,213,256,50,170,157
08005087000,2284,920,1051,267,20,10,9,0,1028,287,420,104,187,258
08005087100,1435,562,630,213,11,10,5,0,742,189,222,51,80,151
08005087200,2579,1045,1122,353,43,5,8,0,1528,222,212,90,187,340
08005087301,1926,874,832,173,24,5,10,0,962,332,281,36,122,193
08005087302,1441,587,565,268,10,4,4,0,866,159,89,38,83,206
08005980000,61,17,13,31,0,0,0,0,52,2,0,0,0,7
08039961100,1481,506,134,810,15,2,4,0,1236,77,0,5,11,152
08039961204,6208,2363,761,2980,75,9,4,0,5022,373,13,68,80,652
08039961205,1535,583,152,772,19,0,3,0,1255,89,0,14,18,159
08039961206,2838,1100,325,1370,31,3,2,0,2387,141,2,26,27,255
08039961207,3904,1525,396,1928,40,5,1,0,3224,193,2,27,45,413
08039961208,2900,1096,305,1456,27,1,1,0,2417,127,2,20,38,296
08039961209,1984,676,162,1120,16,3,1,0,1696,81,1,19,18,169
08121924100,1343,315,80,929,9,0,1,0,1162,31,0,9,16,125
08121924200,1853,483,157,1180,15,2,5,0,1545,103,0,7,8,190
08049000100,2047,794,271,950,18,5,2,0,1619,174,0,11,24,219
08049000203,1700,800,445,429,21,3,0,0,1405,54,0,18,19,204
08049000204,1020,500,301,201,16,2,0,0,806,43,0,9,14,148
08049000205,1718,768,327,584,28,5,1,0,1417,78,0,14,12,197
08049000206,1351,584,273,475,14,3,1,0,1148,37,1,5,5,155
08049000207,3481,1480,721,1213,38,14,1,0,2926,163,0,14,38,340
08019014701,2137,912,606,578,34,3,1,0,1785,69,3,17,31,232
08019014702,2035,934,552,509,27,6,1,0,1684,74,3,21,20,233
08019014800,1103,504,328,242,20,3,1,0,925,39,1,10,12,116
08019014900,1835,838,544,399,27,15,5,0,1471,111,0,13,27,213
08079973600,825,291,221,310,2,0,0,0,685,28,2,6,0,104
08007940400,897,343,205,326,12,3,1,0,709,96,1,8,7,76
08007974201,1469,618,299,535,14,0,1,0,1222,95,0,11,12,129
08007974202,3089,1242,639,1164,21,6,2,0,2424,294,1,33,26,311
08007974300,3027,1161,591,1221,29,10,5,0,2258,444,7,25,22,271
08007974400,1626,574,321,709,11,8,0,0,1316,136,1,13,13,147
08011966701,462,170,142,140,4,1,2,0,276,140,5,4,6,31
08011966702,2289,834,517,897,15,5,8,0,1610,511,2,11,15,140
08015000100,2008,901,748,331,17,5,3,0,1603,133,0,21,18,233
08015000200,4026,1840,1201,929,35,9,4,0,3296,213,1,31,31,454
08015000300,2900,1208,703,958,25,2,1,0,2420,120,4,30,30,296
08015000402,1912,835,414,626,23,5,3,0,1593,94,0,15,16,194
08015000403,1527,583,295,634,10,2,0,0,1283,45,0,3,13,183
08015000404,2732,1161,550,969,29,3,2,0,2311,108,0,23,27,263
08099000100,1043,334,112,586,3,2,1,0,863,104,0,5,8,63
08099000200,1091,459,307,297,3,2,14,0,524,487,0,6,4,70
08099000300,2758,1035,499,1182,15,0,9,0,1889,632,1,14,13,209
08099000600,836,300,126,399,5,1,2,0,588,156,0,8,5,79
08099000700,1261,408,226,618,3,0,3,0,860,300,1,12,3,85
08073961700,1555,495,175,856,19,0,4,0,1283,90,4,8,11,159
08073961800,1460,364,144,933,13,1,0,0,1239,67,2,9,6,137
08033000100,1512,574,224,692,10,3,0,0,1309,45,0,5,14,139
08101000100,2073,787,807,446,11,6,4,0,1236,657,9,13,17,141
08101000200,1216,508,496,188,12,2,5,0,513,598,6,10,6,83
08101000300,106,38,34,23,3,1,4,0,66,18,11,1,3,7
08101000400,1708,669,674,339,12,5,4,0,950,609,4,13,11,121
08101000500,1473,552,597,294,15,4,0,0,884,430,11,14,17,117
08101000600,1270,508,540,188,11,6,4,0,608,550,8,8,12,84
08101000800,1740,683,769,239,18,9,8,0,681,920,6,8,12,113
08101000902,3625,1341,1508,711,29,6,9,0,1828,1507,17,30,41,202
08101000903,89,47,26,12,3,0,1,0,45,18,8,3,4,11
08101000904,2863,935,1239,654,22,1,4,0,1584,1026,2,31,34,186
08101000905,1298,540,489,223,24,7,7,0,656,488,17,15,8,114
08101001000,2528,956,1226,287,20,12,11,0,951,1377,6,13,29,152
08101001100,1541,600,767,144,11,3,7,0,515,937,5,6,6,72
08101001200,1142,417,590,114,5,3,4,0,333,740,2,6,4,57
08101001400,889,381,387,94,12,5,6,0,458,345,0,7,7,72
08101001500,1446,508,672,232,22,4,3,0,846,400,5,16,13,166
08101001600,1347,489,522,315,15,0,3,0,868,311,9,4,23,132
08101001700,3299,1094,1466,693,27,3,5,0,1864,1055,25,26,49,280
08101001800,1513,597,608,282,11,3,3,0,858,514,2,7,15,117
08101001900,918,368,371,157,11,1,4,0,487,331,9,5,15,71
08101002000,1734,689,800,207,15,3,7,0,685,855,22,8,17,147
08101002100,816,323,394,73,9,3,7,0,280,468,7,3,9,49
08101002200,998,371,454,137,13,9,6,0,417,488,4,7,13,69
08101002300,2227,825,1020,329,23,10,7,0,1014,1042,14,20,32,105
08101002400,1362,515,633,177,17,3,7,0,646,606,5,8,14,83
08101002500,1747,657,803,251,13,7,8,0,847,739,22,12,20,107
08101002600,1918,756,863,251,23,3,3,0,857,908,10,10,18,115
08101002700,3786,1314,1774,622,38,8,11,0,1762,1699,11,13,42,259
08101002801,3384,1074,1694,566,22,3,11,0,1472,1601,10,9,35,257
08101002802,2825,936,1223,616,21,7,5,0,1651,906,10,9,22,227
08101002804,3555,1292,707,1481,50,4,3,0,2850,314,4,18,42,327
08101002806,2852,1083,830,901,25,5,2,0,1912,603,10,16,60,251
08101002807,3406,1157,1394,815,19,1,8,0,1788,1275,7,42,40,254
08101002808,2387,732,960,672,10,4,2,0,1327,767,4,21,45,223
08101002901,1746,656,747,305,15,4,4,0,802,785,13,11,20,115
08101002906,3464,1237,736,1435,37,10,1,0,2597,470,5,33,36,323
08101002911,2269,872,451,909,22,5,2,0,1652,394,1,19,18,185
08101002912,950,400,277,258,6,7,1,0,583,261,2,15,9,80
08101002913,3155,1144,734,1235,28,4,1,0,2203,588,3,55,34,272
08101002914,2087,833,567,649,16,5,5,0,1334,547,5,25,24,152
08101002915,1670,681,411,543,22,4,7,0,1136,374,5,14,13,128
08101002916,1952,804,506,595,26,3,3,0,1356,406,2,11,22,155
08101002917,2146,816,545,750,24,2,3,0,1473,427,10,21,41,174
08101002919,3307,1242,1183,830,26,8,4,0,1853,1089,15,54,33,263
08101002920,1676,653,534,470,10,2,5,0,934,539,10,32,22,139
08101002921,2013,808,420,750,24,1,2,0,1404,402,2,21,16,168
08101002922,2269,895,419,916,22,1,4,0,1592,397,8,23,30,219
08101002923,1464,559,264,614,14,5,2,0,1067,211,4,22,24,136
08101003001,814,353,232,216,4,4,0,0,503,220,4,6,18,63
08101003004,2016,722,684,581,15,3,6,0,1285,447,6,48,47,183
08101003103,1339,433,605,283,9,1,3,0,629,602,1,7,17,83
08101003104,1752,629,614,490,10,2,1,0,1118,443,0,10,30,151
08101003105,2504,856,802,820,18,1,1,0,1648,602,0,12,53,189
08101003106,850,282,318,239,7,0,0,0,476,295,0,4,16,59
08101003200,2450,905,619,894,19,3,0,0,1643,568,0,12,21,206
08101003500,1183,437,525,182,16,4,9,0,625,454,6,12,9,77
08101003600,1324,473,513,313,10,2,2,0,632,567,3,13,10,99
08101980100,4,1,0,3,0,0,0,0,4,0,0,0,0,0
08067940300,3716,1502,786,1363,31,7,9,0,2631,662,9,24,49,341
08067940400,4444,1749,970,1641,42,14,4,0,3536,359,4,32,60,453
08067970601,2685,1018,630,982,31,9,4,0,2208,155,0,12,24,286
08067970602,4583,1964,871,1647,66,11,7,0,3728,319,0,34,51,451
08067970701,3641,1600,1138,844,35,13,3,0,3012,139,3,38,53,396
08067970703,4846,2074,1478,1206,50,15,9,0,3892,337,6,47,60,504
08067970705,2168,929,621,582,23,6,3,0,1757,136,6,15,26,228
08067970706,1059,460,292,284,12,6,0,0,874,20,0,11,15,139
08067970800,4239,1861,1559,728,50,23,7,0,3346,268,5,54,70,496
08067970900,3111,1421,1231,386,37,23,5,0,2483,202,3,41,37,345
08067971000,2365,994,1018,305,35,5,1,0,1919,139,2,26,37,242
08067971100,3332,1508,1362,381,41,21,10,0,2514,302,11,31,65,409
08027970101,1941,647,252,1016,19,3,1,0,1611,62,5,20,19,224
08027970102,2078,747,281,1012,19,10,2,0,1788,73,3,16,17,181
08069000100,2113,946,894,226,26,13,0,0,1630,139,2,37,38,267
08069000201,1684,766,715,164,22,12,3,0,1326,93,10,21,33,201
08069000202,1929,858,900,137,20,6,1,0,1512,170,4,21,23,199
08069000300,2203,961,841,359,24,14,1,0,1771,117,0,19,29,267
08069000401,1329,617,555,135,12,4,2,0,1035,115,4,18,17,140
08069000402,1887,828,800,210,30,11,3,0,1425,175,6,19,29,233
08069000503,2481,1231,866,312,52,10,2,0,1878,216,18,45,38,286
08069000504,1694,789,634,219,31,10,3,0,1315,125,3,31,31,189
08069000505,1922,897,697,269,43,6,7,0,1426,212,5,31,32,216
08069000506,1938,892,681,309,32,10,4,0,1511,177,5,29,35,181
08069000600,1139,535,412,151,29,7,4,0,800,116,9,46,29,139
08069000700,1933,837,874,182,28,9,1,0,1515,104,2,34,27,251
08069000801,1143,445,503,171,14,7,2,0,922,49,0,23,19,130
08069000802,854,408,290,144,9,1,1,0,689,66,0,6,11,82
08069000901,3868,1690,1563,544,44,15,7,0,2969,252,22,61,56,508
08069000902,2472,1117,921,382,33,8,2,0,1948,156,5,47,41,275
08069001003,3518,1638,1197,608,46,9,4,0,2659,320,9,63,44,423
08069001004,2724,1167,951,567,25,8,4,0,2193,121,4,57,47,302
08069001007,2543,1181,835,474,33,7,4,0,1944,184,14,41,41,319
08069001008,1692,770,530,359,21,6,1,0,1297,107,10,47,26,205
08069001009,4485,1933,1284,1194,51,8,3,0,3556,253,4,88,72,512
08069001010,2390,950,673,749,13,2,2,0,1953,99,2,51,32,253
08069001104,3954,1895,1340,633,65,14,3,0,3114,302,19,64,66,389
08069001106,3710,1690,1266,676,48,9,7,0,2926,296,12,56,65,355
08069001107,4058,1932,1302,729,49,28,8,0,3153,321,16,73,69,426
08069001109,3516,1639,1112,680,51,11,8,0,2756,253,11,65,51,380
08069001110,3292,1555,1202,462,45,14,9,0,2545,242,11,77,46,371
08069001111,1317,559,554,183,14,7,0,0,1031,85,5,36,18,142
08069001112,3048,1374,1021,588,40,11,5,0,2355,287,5,49,53,299
08069001113,2735,1263,786,657,24,2,1,0,2203,150,0,43,42,297
08069001114,2122,854,656,593,17,1,0,0,1700,56,2,57,47,260
08069001301,2900,1224,765,851,37,13,5,0,2340,159,5,22,30,344
08069001304,1161,475,439,219,8,5,4,0,710,345,1,7,4,94
08069001305,2013,1002,637,315,28,16,8,0,1467,273,7,24,28,214
08069001306,2565,1241,870,385,46,6,7,0,1769,433,7,53,28,275
08069001307,3665,1579,1129,897,36,11,5,0,2843,288,11,50,58,415
08069001308,4421,1938,1285,1110,61,15,4,0,3490,284,3,77,61,506
08069001601,1217,548,368,261,20,8,3,0,875,187,0,21,10,124
08069001602,4055,1839,1268,879,51,9,1,0,3116,278,1,136,83,441
08069001603,3594,1573,1045,915,36,13,6,0,2715,361,18,76,47,377
08069001605,4061,1893,1197,893,56,9,5,0,3053,297,44,162,81,424
08069001606,2293,1046,599,609,26,4,2,0,1758,155,2,77,47,254
08069001607,2752,1304,736,666,33,6,1,0,2118,172,8,60,60,334
08069001608,5088,2339,1280,1416,36,2,1,0,3889,305,12,307,75,500
08069001706,4522,1965,1041,1456,36,6,9,0,3548,405,3,47,43,476
08069001707,3651,1628,794,1158,35,10,7,0,2765,407,8,34,39,398
08069001708,2828,1261,768,748,35,7,7,0,2150,250,11,91,47,279
08069001710,4289,1940,1007,1242,52,15,13,0,3271,475,5,41,37,460
08069001711,2482,1107,645,668,36,9,9,0,1938,228,2,33,16,265
08069001712,3315,1378,605,1287,30,5,2,0,2738,140,1,43,32,361
08069001713,3619,1450,598,1495,56,3,6,0,2795,327,6,55,43,393
08069001714,5367,2132,837,2346,35,5,2,0,4326,242,8,101,67,623
08069001715,3396,1496,805,1043,35,3,5,0,2671,232,4,41,34,414
08069001804,2779,1256,636,816,46,7,6,0,2175,241,4,32,31,296
08069001807,4462,1970,933,1471,52,8,4,0,3617,349,2,46,37,411
08069001808,4302,1774,927,1534,49,10,0,0,3560,198,2,45,35,462
08069001810,3976,1736,888,1278,47,6,9,0,3151,303,16,37,55,414
08069001811,1928,802,416,683,15,4,3,0,1560,113,0,22,17,216
08069001812,5177,2102,1381,1619,55,10,4,0,4220,264,6,63,62,562
08069001813,3937,1766,1047,1064,38,5,8,0,3061,273,3,84,74,442
08069001901,2801,1226,676,845,26,9,1,0,2222,218,1,28,26,306
08069001902,3289,1405,743,1081,33,9,5,0,2620,249,1,37,40,342
08069001904,1623,715,384,492,23,4,1,0,1368,44,2,21,18,170
08069001905,1589,704,458,396,26,4,0,0,1290,51,0,18,33,197
08069002005,3633,1685,814,1047,60,9,8,0,2838,348,4,39,39,365
08069002007,2441,1116,678,584,41,7,6,0,1950,170,2,27,31,261
08069002008,2674,1194,568,857,41,3,1,0,2164,202,4,27,27,250
08069002010,2235,915,408,882,21,2,2,0,1863,72,2,25,23,250
08069002011,4350,1892,850,1553,34,8,7,0,3591,250,3,54,46,406
08069002300,2824,1253,946,573,39,9,1,0,2298,110,1,46,66,303
08069002401,1092,441,211,419,15,2,1,0,909,34,2,5,16,126
08069002403,1386,574,340,439,22,4,0,0,1129,52,4,5,17,179
08069002404,1213,512,273,399,24,0,0,0,1019,30,0,23,11,130
08069002503,2263,926,375,919,31,3,1,0,1911,94,0,20,21,217
08069002504,1623,642,363,593,16,1,3,0,1248,191,0,18,15,151
08069002505,5831,2490,1090,2171,60,8,5,0,4679,274,7,158,121,592
08069002506,3265,1278,628,1306,37,6,3,0,2701,121,1,45,45,352
08069002507,3342,1474,641,1164,42,7,2,0,2651,267,3,35,31,355
08069002508,5036,2304,921,1714,65,12,4,0,3871,473,1,47,61,583
08069002601,1951,819,353,744,27,1,0,0,1639,67,2,23,22,198
08069002602,5871,2566,1074,2146,60,8,4,0,4729,360,8,70,66,638
08069002700,5897,2747,1208,1839,67,14,4,0,4742,363,2,53,80,657
08069002801,2421,987,706,687,24,7,4,0,2028,94,2,24,29,244
08069002803,23,11,7,5,0,0,0,0,18,0,0,0,1,4
08069002804,2160,892,664,593,9,2,0,0,1784,70,1,19,24,262
08069002805,2287,943,671,635,22,8,3,0,1925,74,1,23,14,250
08105976700,3238,1138,1114,925,21,7,11,0,1558,1433,0,23,16,208
08105976800,1160,446,369,327,4,5,3,0,623,455,2,6,10,64
08105977001,1605,571,289,718,14,6,1,0,1266,158,4,15,13,149
08105977002,1535,447,285,787,7,2,2,0,1092,316,0,10,9,108
08057955600,968,262,84,606,10,0,0,0,771,59,0,4,6,128
08091967601,1227,555,264,393,9,4,0,0,1044,44,0,5,8,126
08091967602,3036,1298,961,717,36,14,4,0,2536,101,2,29,34,334
08037000100,726,306,165,239,10,1,2,0,478,157,0,1,4,86
08037000200,4559,2153,1140,1188,47,9,6,0,2784,1364,3,36,44,328
08037000301,3571,1738,1255,516,37,9,6,0,2537,544,3,51,65,371
08037000302,1522,694,575,220,16,12,2,0,1245,52,1,25,13,186
08037000401,3015,1424,846,705,28,4,4,0,2268,253,8,36,43,407
08037000402,3171,1511,927,689,26,7,5,0,2290,434,1,34,46,366
08037000404,1583,738,406,413,13,4,3,0,1251,154,0,17,13,148
08037000405,4446,2144,1237,1008,43,5,4,0,3473,382,4,46,53,488
08037000501,584,265,132,172,13,1,0,0,433,23,0,6,14,108
08037000502,1617,791,504,295,19,5,1,0,1250,114,2,22,20,209
08037000504,1399,712,396,272,11,4,2,0,1020,149,5,21,23,181
08037000505,1193,590,373,207,10,6,2,0,881,107,0,15,29,161
08037000600,956,458,352,120,18,1,4,0,646,190,0,15,11,94
08037000701,963,502,278,166,11,5,1,0,722,41,1,20,20,159
08037000702,1153,599,325,200,20,6,2,0,886,76,3,9,24,155
08037000703,1896,961,562,333,25,10,3,0,1474,95,5,29,38,255
08125963100,2734,941,253,1514,15,2,2,0,2234,188,1,12,13,286
08125963200,2951,1033,365,1511,22,1,6,0,2329,326,0,13,15,268
08041000102,2421,1055,563,742,34,13,3,0,1883,240,6,29,24,239
08041000103,1751,785,439,470,33,3,8,0,1246,209,53,28,19,196
08041000104,2210,913,454,801,27,2,5,0,1723,178,22,29,38,220
08041000202,2953,1290,645,958,38,7,3,0,2233,333,42,54,33,258
08041000203,2734,1245,586,823,51,9,6,0,2072,259,19,45,32,307
08041000301,1826,832,401,540,33,6,6,0,1345,242,9,16,20,194
08041000302,2219,1011,503,629,39,8,10,0,1673,271,30,22,17,206
08041000400,1770,727,437,577,16,1,1,0,1416,130,10,12,22,180
08041000500,1549,640,500,381,17,5,3,0,1262,116,5,23,21,122
08041000600,2154,965,485,662,24,6,1,0,1707,201,15,32,32,167
08041000700,2128,969,542,562,35,8,4,0,1538,279,43,35,20,213
08041000800,1849,832,580,393,24,6,4,0,1433,175,14,16,28,183
08041000900,1739,696,718,298,19,4,1,0,1435,81,4,24,15,180
08041001000,1753,693,562,474,19,3,0,0,1412,74,2,29,34,202
08041001101,843,397,213,207,17,2,3,0,576,143,17,14,14,79
08041001104,2211,1042,563,556,35,7,1,0,1661,266,24,23,28,209
08041001301,1668,808,479,328,25,13,7,0,1304,130,4,20,10,200
08041001302,3679,1764,930,891,60,11,5,0,2813,358,19,30,53,406
08041001400,2447,1118,753,506,32,14,8,0,1913,196,11,22,35,270
08041001500,1714,796,547,320,32,5,3,0,1281,204,14,21,27,167
08041001600,1738,706,803,188,26,10,2,0,1281,118,20,48,26,245
08041001700,1115,532,406,150,21,2,2,0,840,110,23,12,10,120
08041001800,1493,650,521,292,25,1,1,0,1226,101,5,19,12,130
08041001901,1337,601,364,327,29,6,2,0,1000,166,15,17,16,123
08041001902,1206,570,373,232,16,4,7,0,843,165,59,18,15,106
08041002000,3897,1763,967,1062,63,13,12,0,2747,607,89,63,32,359
08041002101,1961,911,523,459,43,2,12,0,1373,303,56,24,15,190
08041002102,2623,1252,711,599,31,7,8,0,1707,529,121,22,20,224
08041002200,1931,894,627,333,40,14,7,0,1292,269,133,18,38,181
08041002300,1666,820,462,288,42,18,19,0,1234,160,50,26,26,170
08041002401,1698,706,403,560,19,7,1,0,1345,134,17,10,17,175
08041002402,2158,963,561,597,26,3,2,0,1611,196,7,57,28,259
08041002501,2842,1114,677,1002,38,6,2,0,2296,113,1,93,31,308
08041002502,2566,1074,677,757,36,14,3,0,2031,213,9,40,38,235
08041002700,2055,910,685,406,34,8,1,0,1440,277,139,21,10,168
08041002801,1726,780,554,363,11,4,4,0,964,408,179,17,19,139
08041002802,2332,1125,651,482,42,8,11,0,1464,396,159,57,35,221
08041002901,2591,1188,748,574,39,6,17,0,1659,571,77,38,28,218
08041002902,650,315,205,116,9,0,1,0,385,181,17,10,10,47
08041003001,1182,617,273,251,27,6,2,0,906,132,21,9,13,101
08041003002,1710,741,479,433,40,6,2,0,1299,144,15,31,22,199
08041003100,3593,1284,672,1602,28,1,1,0,2948,127,0,65,53,400
08041003303,3132,1333,810,923,37,6,12,0,2187,461,100,59,40,285
08041003305,5172,2015,936,2155,50,5,0,0,4034,297,18,155,99,569
08041003306,2210,923,385,864,31,3,2,0,1728,135,12,52,38,245
08041003307,2216,1020,550,594,33,5,5,0,1592,266,43,70,23,222
08041003308,2669,1294,668,631,51,9,5,0,1733,481,82,87,43,243
08041003401,1896,816,432,614,21,5,1,0,1564,88,2,15,26,201
08041003402,1123,455,206,441,16,3,0,0,941,34,1,14,11,122
08041003702,4066,1718,696,1597,47,2,2,0,3265,194,11,102,66,428
08041003705,4701,1832,759,2037,59,5,3,0,3771,253,16,97,80,484
08041003706,3642,1528,733,1294,69,11,1,0,2871,213,16,71,57,414
08041003707,2509,1047,493,919,37,4,2,0,1967,197,21,42,45,237
08041003708,2248,943,441,829,22,4,3,0,1769,127,6,56,45,245
08041003710,2213,1001,475,692,35,2,1,0,1740,171,6,21,50,225
08041003711,2232,935,418,836,33,3,2,0,1789,139,6,53,32,213
08041003712,3852,1592,537,1644,59,6,0,0,3131,235,4,50,47,385
08041003713,3552,1425,565,1505,47,2,2,0,2909,151,5,50,48,389
08041003801,700,341,106,237,12,3,0,0,523,67,10,16,8,76
08041003802,74,39,17,16,1,0,0,0,45,13,0,4,2,10
08041003905,2503,1069,408,968,38,6,2,0,1937,204,23,47,45,247
08041003906,4579,1885,750,1856,68,5,3,0,3577,353,19,109,83,438
08041003910,1835,667,163,962,20,5,0,0,1534,105,1,12,20,163
08041003911,3367,1201,320,1788,32,7,3,0,2780,149,1,37,38,362
08041003912,6038,2544,741,2605,101,8,8,0,4603,576,49,74,104,632
08041003913,1339,497,147,673,13,0,1,0,1107,56,1,11,19,145
08041003914,4488,1779,564,2050,65,4,4,0,3553,346,38,72,52,427
08041004008,352,204,63,72,10,0,1,0,255,43,10,8,3,33
08041004009,621,303,195,102,13,2,4,0,368,121,76,7,9,40
08041004100,3074,1376,680,920,60,9,9,0,2196,489,57,47,35,250
08041004200,2399,1048,508,791,28,6,9,0,1726,358,84,30,23,178
08041004300,4227,1879,893,1359,71,3,11,0,2900,594,178,73,62,420
08041004402,2113,1238,274,523,62,2,7,0,1299,472,56,55,34,197
08041004403,26,16,3,7,0,0,0,0,15,7,0,1,0,3
08041004404,20,10,1,7,1,0,0,0,14,5,0,1,0,0
08041004405,41,19,7,14,1,0,0,0,24,9,2,0,2,4
08041004406,21,12,4,4,0,0,1,0,12,5,2,0,0,2
08041004501,2276,1058,575,568,29,9,10,0,1427,554,83,32,23,157
08041004502,3829,1719,843,1189,51,9,6,0,2463,686,189,104,59,328
08041004506,3003,1312,668,945,50,13,5,0,2136,412,105,49,39,262
08041004507,1885,839,457,548,23,7,4,0,1320,286,95,25,24,135
08041004512,1460,689,316,414,22,4,6,0,1000,239,85,28,8,100
08041004513,1867,896,430,489,24,10,2,0,1308,296,65,17,16,165
08041004514,2947,1414,634,812,56,9,6,0,1967,529,137,40,41,233
08041004515,3199,1528,664,921,47,9,11,0,2116,539,123,59,45,317
08041004516,1932,924,331,603,44,4,5,0,1443,285,14,19,24,147
08041004517,2866,1342,552,884,55,10,5,0,1984,471,108,26,22,255
08041004518,4282,1928,894,1362,65,8,10,0,2802,707,226,75,56,416
08041004519,2723,1292,590,779,42,4,6,0,1794,502,111,60,46,210
08041004520,1430,594,329,476,18,2,4,0,975,209,72,36,13,125
08041004601,3182,1336,350,1418,50,7,4,0,2551,248,8,17,35,323
08041004602,3030,1204,314,1429,49,10,3,0,2439,241,9,19,35,287
08041004603,4087,1840,718,1399,94,10,11,0,2919,593,79,58,64,374
08041004701,3220,1347,576,1233,40,3,5,0,2488,274,38,55,43,322
08041004702,1375,623,238,487,17,4,1,0,1067,111,10,19,16,152
08041004703,4260,1778,797,1601,58,9,2,0,3331,363,45,59,51,411
08041004706,3336,1399,579,1296,44,5,4,0,2500,324,27,104,55,326
08041004707,2009,894,347,722,31,2,3,0,1525,222,46,27,32,157
08041004708,3382,1471,647,1218,30,6,3,0,2502,358,44,84,45,349
08041004800,3386,1533,761,1020,47,6,6,0,2514,409,55,40,39,329
08041004901,2213,992,439,724,35,7,3,0,1641,285,27,21,28,211
08041004902,4389,1787,712,1820,44,9,5,0,3365,406,24,105,55,434
08041005000,3132,1488,632,915,60,10,6,0,2238,444,97,46,34,273
08041005110,2419,1106,455,793,49,2,5,0,1748,317,55,52,28,219
08041005112,2085,934,423,666,43,4,6,0,1450,294,68,49,40,184
08041005113,2036,851,406,723,38,4,3,0,1473,253,45,53,42,170
08041005114,944,430,210,292,9,1,1,0,643,179,10,16,16,80
08041005115,3391,1578,711,1013,58,8,8,0,2234,537,178,66,55,321
08041005116,3112,1328,624,1089,51,5,6,0,2277,319,71,95,50,300
08041005117,2606,1078,450,1020,37,6,5,0,1934,264,30,75,40,263
08041005118,2884,1329,578,918,43,2,1,0,2046,399,70,55,53,261
08041005119,2934,1316,588,966,46,2,7,0,2075,384,79,73,59,264
08041005120,3442,1449,638,1280,46,5,7,0,2487,441,47,103,52,312
08041005121,3381,1486,592,1211,67,4,6,0,2427,409,44,95,47,359
08041005122,7488,3252,1244,2834,114,14,9,0,5386,926,96,200,124,756
08041005123,2382,913,281,1153,20,5,3,0,1938,185,8,20,19,212
08041005124,2195,964,391,788,40,2,4,0,1583,292,48,60,38,174
08041005125,3814,1514,686,1554,45,4,3,0,2765,388,95,138,63,365
08041005201,1825,927,483,358,29,6,10,0,1139,383,101,39,28,135
08041005202,1488,640,479,323,24,4,9,0,943,243,162,35,12,93
08041005300,2221,1065,680,403,37,7,13,0,1282,492,183,35,42,187
08041005400,2785,1277,963,446,41,11,16,0,1494,743,295,54,34,165
08041005501,4273,1782,793,1597,73,11,5,0,3315,397,54,66,70,371
08041005502,2592,1258,501,766,43,4,7,0,1869,345,42,45,34,257
08041005601,2378,1013,458,858,36,3,2,0,1744,262,50,44,41,237
08041005602,2053,854,404,745,29,6,2,0,1600,188,26,36,28,175
08041005700,3995,1663,767,1459,66,8,7,0,3045,428,61,54,58,349
08041005800,2146,818,426,865,23,4,1,0,1714,177,28,27,38,162
08041005900,4639,2000,925,1603,69,13,8,0,3455,546,86,65,67,420
08041006000,3064,1417,702,848,53,9,5,0,2159,476,91,47,35,256
08041006100,1492,769,423,240,36,3,5,0,908,356,78,23,12,115
08041006200,2407,1097,687,563,30,6,9,0,1497,531,141,38,31,169
08041006301,2745,1206,799,668,39,4,8,0,1540,626,234,72,52,221
08041006302,2238,1133,652,383,36,8,10,0,1249,466,236,56,48,183
08041006400,3676,1673,1167,728,55,18,11,0,1992,821,489,64,66,244
08041006501,1675,776,495,351,28,7,4,0,908,437,148,24,31,127
08041006502,3434,1546,1012,791,52,9,9,0,1902,810,318,96,40,268
08041006600,1909,792,528,550,26,4,3,0,1522,108,3,23,24,229
08041006701,2018,901,673,376,39,22,2,0,1630,104,2,27,28,227
08041006702,2388,1040,709,570,44,17,2,0,1952,119,4,23,43,247
08041006801,2679,1175,470,961,51,7,7,0,2062,249,13,46,51,258
08041006802,2619,1062,457,1047,32,5,5,0,2001,236,9,59,46,268
08041006901,3377,1491,550,1268,52,4,2,0,2538,283,18,84,65,389
08041006902,3198,1418,594,1132,42,6,1,0,2458,316,28,79,46,271
08041007000,3273,1332,466,1425,36,6,0,0,2565,196,22,123,43,324
08041007103,3152,1324,455,1316,44,4,2,0,2450,192,18,91,37,364
08041007104,3115,1294,435,1332,30,6,3,0,2335,195,9,179,66,331
08041007105,4636,2070,800,1689,56,4,4,0,3441,375,38,203,94,485
08041007106,4953,2234,776,1857,67,4,7,0,3620,417,44,179,106,587
08041007203,3063,1190,393,1446,28,1,1,0,2476,175,14,49,62,287
08041007204,5007,2116,661,2147,58,5,7,0,3880,344,18,130,90,545
08041007205,3052,1276,463,1251,46,7,2,0,2298,201,15,113,64,361
08041007206,5140,1943,618,2524,42,2,3,0,4005,267,14,214,86,554
08041007301,5079,2098,625,2273,65,3,2,0,4014,267,23,92,84,599
08041007302,4777,1854,570,2272,55,5,3,0,3794,301,9,110,73,490
08041007401,5508,2158,736,2535,63,6,4,0,4548,204,7,84,93,572
08041007402,2216,832,252,1112,15,0,1,0,1794,73,5,38,39,267
08041007501,1660,669,209,747,24,2,4,0,1334,111,12,38,19,146
08041007502,7569,2914,841,3715,79,4,1,0,6069,376,8,176,100,840
08041007602,3043,1124,315,1552,37,3,3,0,2524,150,9,17,37,306
08041007603,6089,2418,793,2759,72,14,11,0,4672,570,47,98,87,615
08041007604,2445,948,287,1162,32,4,1,0,1919,176,16,62,30,242
08041007700,4164,1754,861,1469,48,16,5,0,3231,322,46,66,75,424
08041007801,1235,525,238,449,13,1,1,0,944,110,12,27,26,116
08041007802,1450,579,305,531,25,5,1,0,1160,92,4,43,28,123
08041007900,2244,844,443,934,19,3,1,0,1825,118,2,48,28,223
08041008000,2694,1280,587,767,37,4,8,0,2008,289,36,37,40,284
08009964600,1154,323,171,648,3,3,3,0,1010,52,1,8,4,79
08009964700,1426,501,209,688,17,1,3,0,1221,76,1,8,15,105
08031000102,2793,1170,1335,240,29,6,6,0,1940,425,4,55,43,326
08031000201,2701,1044,1375,226,24,7,10,0,1317,1124,6,29,30,195
08031000202,2829,1096,1475,209,23,5,10,0,1470,1015,36,36,41,231
08031000301,4434,1779,2203,392,37,10,9,0,3137,607,8,86,74,522
08031000302,3345,1321,1726,255,21,12,3,0,2373,415,8,66,66,417
08031000303,4069,1698,1952,367,34,12,5,0,3031,390,1,80,71,496
08031000401,2314,911,1220,159,14,7,1,0,1475,508,5,43,32,251
08031000403,3035,1267,1464,264,27,6,2,0,2108,427,10,59,56,375
08031000404,1908,886,805,179,28,6,1,0,1413,157,18,46,39,235
08031000501,1539,650,715,156,13,3,1,0,1107,206,5,37,29,155
08031000503,1544,604,762,158,10,3,2,0,912,352,11,84,23,162
08031000504,2651,1105,1253,255,31,2,1,0,1820,405,6,79,49,292
08031000600,3392,1563,1366,385,47,10,4,0,2418,350,21,98,62,443
08031000703,1929,794,826,270,22,6,6,0,1209,338,8,40,38,296
08031000704,1863,826,821,181,17,7,5,0,1051,448,12,47,52,253
08031000705,1923,818,913,157,20,3,5,0,1077,503,54,45,36,208
08031000706,1869,893,739,186,21,13,12,0,1175,380,22,50,44,198
08031000800,481,227,203,32,6,4,7,0,215,148,58,8,13,39
08031000902,3080,1253,1478,279,28,9,7,0,1145,1670,6,61,28,170
08031000903,2915,1244,1434,183,24,11,8,0,1108,1560,8,33,28,178
08031000904,2257,884,1118,197,25,10,13,0,940,1084,24,34,24,151
08031000905,2000,814,1015,128,19,8,8,0,811,968,8,22,22,169
08031001000,1799,737,871,146,17,6,11,0,585,997,24,52,23,118
08031001101,1813,731,933,123,13,4,6,0,952,582,28,30,35,186
08031001102,3574,1633,1483,395,53,2,4,0,2515,408,10,115,71,455
08031001301,2462,1008,1179,225,24,7,11,0,1009,1133,13,122,27,158
08031001302,2318,979,1112,179,17,9,13,0,1090,978,6,40,33,171
08031001401,2894,1187,1329,327,22,7,12,0,1143,1343,21,212,27,148
08031001402,2161,889,988,232,21,6,8,0,823,1011,25,124,26,152
08031001403,2151,1010,877,221,30,6,4,0,1435,365,23,50,43,235
08031001500,1986,792,1025,136,12,8,6,0,808,908,56,19,38,157
08031001601,1886,827,916,102,22,8,7,0,1194,269,102,40,54,227
08031001602,2618,1254,1022,279,49,5,6,0,1981,198,8,69,57,305
08031001603,4282,2032,1753,372,54,20,23,0,2733,574,286,94,105,490
08031001703,2232,1092,817,278,37,2,5,0,1656,126,7,50,53,340
08031001704,1902,817,799,243,33,10,0,0,1334,151,21,127,44,225
08031001705,2229,1084,808,304,26,2,2,0,1640,125,7,69,61,327
08031001706,1976,918,810,212,23,4,5,0,1349,204,71,67,46,239
08031001707,1217,586,444,159,19,5,3,0,852,105,23,45,38,154
08031001800,2233,904,1146,135,25,12,5,0,1370,492,43,46,53,229
08031001901,2046,840,1023,118,32,16,6,0,938,605,200,55,55,193
08031002000,2445,1094,1074,231,31,8,3,0,1726,187,60,75,55,342
08031002101,2205,933,1129,116,14,9,3,0,1496,320,11,53,42,283
08031002102,2424,971,1278,143,20,8,1,0,1660,283,44,68,59,310
08031002300,4063,1578,2260,151,36,11,14,0,2223,440,880,83,83,354
08031002402,1355,530,733,65,12,7,5,0,831,152,192,30,28,122
08031002404,946,386,510,32,8,3,3,0,573,142,102,17,19,93
08031002405,3187,1325,1519,256,49,13,11,0,1957,375,331,88,82,354
08031002602,1965,829,952,134,36,5,2,0,1397,144,101,45,40,238
08031002603,1899,809,871,179,25,7,2,0,1358,145,28,65,51,252
08031002604,1255,503,589,119,19,10,7,0,827,128,86,32,35,147
08031002704,1498,653,731,77,23,8,4,0,1044,176,33,32,37,176
08031002705,2009,857,997,108,29,9,1,0,1460,185,24,33,55,252
08031002706,2443,1083,1148,156,33,12,4,0,1778,208,16,51,63,327
08031002707,2264,911,1187,144,16,5,0,0,1732,156,14,51,38,273
08031002708,2026,857,1045,72,32,9,6,0,1455,181,46,47,34,263
08031002709,1551,643,827,55,11,9,4,0,1155,111,24,39,30,192
08031002801,2560,1064,1280,173,35,7,1,0,1931,160,11,54,63,341
08031002802,3559,1473,1759,257,49,10,6,0,2687,259,20,68,86,439
08031002804,1604,684,734,165,17,2,1,0,1208,100,7,29,36,224
08031002805,2009,899,895,182,26,6,1,0,1555,121,12,34,46,241
08031002901,2878,1213,1352,255,46,7,4,0,2230,162,10,74,50,352
08031002902,3242,1421,1409,381,22,7,1,0,2551,130,4,73,71,413
08031003002,2005,862,851,258,26,6,1,0,1552,111,11,39,42,250
08031003003,2144,940,930,238,25,9,1,0,1642,124,5,56,34,283
08031003004,3877,1677,1662,482,38,11,3,0,2995,198,12,79,80,513
08031003005,2123,957,913,232,16,2,0,0,1609,125,7,42,40,300
08031003006,2824,1160,1297,337,24,1,2,0,2224,140,5,71,57,327
08031003101,1277,470,733,58,8,6,0,0,743,98,261,35,32,108
08031003102,2942,1231,1474,163,41,7,10,0,1933,264,276,65,73,331
08031003202,2567,965,1383,179,24,10,1,0,1916,174,44,47,47,339
08031003203,2558,1000,1146,390,15,6,1,0,2090,74,3,48,49,294
08031003204,1571,654,806,75,20,11,4,0,1128,117,23,37,33,233
08031003205,2424,903,1337,130,26,19,4,0,1880,132,19,45,43,305
08031003300,2602,986,1331,254,20,5,2,0,2035,100,15,66,51,335
08031003401,2528,1032,1054,410,26,5,0,0,1973,114,3,53,59,326
08031003402,3703,1502,1574,582,32,6,1,0,2871,132,6,99,74,521
08031003501,1710,691,857,122,17,5,8,0,638,824,76,20,21,131
08031003502,1265,500,661,78,8,4,8,0,310,888,3,9,7,48
08031003601,2848,1152,1532,112,26,11,9,0,1442,761,322,46,45,232
08031003602,2787,1090,1515,130,16,13,11,0,1120,657,738,34,36,202
08031003603,2797,961,1686,108,18,11,4,0,1088,275,1122,62,59,191
08031003701,2596,1041,1366,150,24,8,1,0,1833,200,87,65,52,359
08031003702,3495,1348,1916,178,36,8,3,0,2601,259,66,65,66,438
08031003703,2261,868,1208,147,27,11,0,0,1712,150,34,47,50,268
08031003801,2627,1076,945,570,26,4,1,0,1886,129,6,64,122,420
08031003802,3154,1356,1133,625,32,5,1,0,2278,139,15,96,97,529
08031003901,4216,1726,1484,961,38,3,1,0,3199,172,15,96,115,619
08031003902,3202,1359,1251,560,23,4,2,0,2435,136,1,114,84,432
08031004002,2579,1036,997,513,29,3,0,0,2111,71,7,52,49,289
08031004003,3293,1366,1317,546,42,12,3,0,2484,234,24,99,74,378
08031004004,1525,612,564,326,20,1,1,0,1132,92,6,32,58,205
08031004005,1982,828,885,240,17,4,4,0,1462,126,12,49,50,283
08031004006,3524,1456,1419,602,32,6,3,0,2672,178,20,94,84,476
08031004101,2897,1046,1655,136,23,8,14,0,1019,431,1180,56,66,145
08031004102,2745,960,1618,124,15,10,9,0,721,371,1468,36,30,119
08031004103,4331,1408,2675,206,24,8,5,0,2268,241,1303,82,68,369
08031004104,3471,1156,2107,166,21,7,7,0,1377,315,1412,62,57,248
08031004108,4733,1862,2425,400,26,9,6,0,3460,294,66,208,102,603
08031004109,2344,1028,1020,270,21,1,3,0,1611,201,3,158,62,309
08031004110,2296,1009,1058,207,14,3,3,0,1630,168,11,115,57,315
08031004111,3470,1545,1515,371,25,5,4,0,2390,321,6,215,113,425
08031004112,3617,1416,1807,349,32,4,3,0,2441,265,223,156,70,462
08031004113,949,395,463,85,4,1,0,0,697,81,1,52,22,96
08031004201,3629,1250,2076,283,9,6,3,0,2777,147,100,94,65,446
08031004202,3144,1088,1786,241,21,5,1,0,2208,203,253,67,54,359
08031004302,2041,789,1032,189,19,8,0,0,1506,134,30,56,45,270
08031004303,3235,1264,1391,561,14,2,2,0,2368,91,9,105,108,554
08031004306,4410,1768,1949,645,31,7,6,0,2962,264,141,134,159,750
08031004307,1382,574,682,96,13,7,5,0,971,143,46,27,27,168
08031004308,2906,1165,1440,235,48,11,4,0,1992,262,127,81,74,370
08031004309,3013,1223,1478,265,32,10,1,0,2119,227,158,90,73,346
08031004310,1791,634,926,211,15,1,3,0,1310,102,48,51,28,252
08031004403,2653,1068,1349,189,23,8,12,0,1456,491,389,31,55,231
08031004404,2666,1069,1353,170,38,17,8,0,1413,359,443,81,96,274
08031004406,2815,1063,1383,332,19,9,8,0,1853,171,139,121,105,426
08031004407,2972,1261,1375,294,24,6,4,0,1866,255,233,101,118,399
08031004503,1438,603,685,109,17,6,11,0,375,911,7,37,22,86
08031004504,1662,677,815,130,19,4,9,0,467,1079,6,20,20,70
08031004505,1616,666,794,114,12,8,12,0,444,1017,3,58,15,79
08031004506,1443,593,671,143,22,1,6,0,387,815,21,110,25,85
08031004601,3173,1295,1465,352,27,10,12,0,1338,1502,7,90,42,194
08031004602,3174,1307,1488,301,31,9,15,0,1180,1640,20,129,40,165
08031004603,3130,1304,1390,379,32,2,12,0,1496,1254,5,98,39,238
08031004700,3489,1436,1552,443,32,2,9,0,1683,1365,1,135,43,262
08031004801,2089,832,857,363,19,2,5,0,1043,781,4,65,26,170
08031005001,1971,794,902,236,23,7,2,0,1214,185,156,53,103,260
08031005003,1701,666,767,239,17,3,2,0,1000,124,142,32,45,358
08031005004,2572,1014,1215,288,27,8,13,0,1472,279,249,71,211,290
08031005102,2937,1215,1279,380,35,16,5,0,2133,238,48,84,63,371
08031005104,1896,777,832,241,23,10,6,0,1204,222,69,49,124,228
08031005200,2617,1072,1187,323,22,3,0,0,1935,177,54,73,58,320
08031005300,1464,601,572,255,23,5,7,0,1064,118,7,65,45,165
08031005502,1077,438,406,205,19,3,3,0,590,286,7,79,12,103
08031005503,3363,1362,1170,758,41,11,11,0,2139,720,14,114,62,314
08031006701,2655,1303,842,445,50,10,3,0,1925,221,19,84,74,332
08031006804,2534,1128,837,540,20,3,1,0,1822,172,8,70,72,390
08031006810,3869,1600,1560,623,52,10,8,0,2542,349,225,100,222,431
08031006812,2918,1169,1165,533,42,5,1,0,2112,213,34,65,110,384
08031006813,2222,903,959,308,22,10,10,0,1254,250,290,39,144,245
08031006814,2780,1217,1027,480,33,10,7,0,1894,281,158,68,94,285
08031006815,1512,569,593,331,13,2,2,0,1115,93,37,25,34,208
08031006816,3738,1538,1436,700,40,10,2,0,2456,294,136,111,205,536
08031006817,1612,632,727,234,11,5,2,0,1113,130,45,63,55,206
08031006818,2767,1153,1141,423,26,9,8,0,1919,241,93,75,124,315
08031006902,1743,725,750,222,25,10,5,0,1124,237,100,45,53,184
08031006903,1263,526,484,232,10,2,3,0,873,98,82,39,29,142
08031007006,1377,633,550,138,27,8,11,0,690,240,183,34,74,156
08031007013,2792,1176,1221,353,29,6,3,0,1870,222,125,65,141,369
08031007037,1476,616,679,143,15,6,8,0,678,184,383,38,76,117
08031007088,2627,1153,1133,279,34,8,13,0,1558,293,232,58,141,345
08031007090,865,319,434,98,4,2,3,0,368,85,240,21,51,100
08031007091,3318,1035,1643,590,22,4,13,0,2491,211,126,43,111,336
08031008304,1759,657,973,90,12,6,11,0,336,837,496,33,11,46
08031008305,1730,731,880,89,8,1,8,0,404,905,314,25,18,64
08031008306,2470,843,1460,121,18,0,18,0,438,804,1086,39,35,68
08031008312,3493,1369,1883,179,18,8,20,0,736,1387,1065,82,98,125
08031008386,2207,865,1149,151,12,4,15,0,443,1169,460,26,26,83
08031008387,3355,1252,1825,230,18,4,15,0,795,1494,815,66,40,145
08031008388,5894,2477,2748,553,52,11,32,0,2316,2003,531,291,176,577
08031008389,7721,3016,3747,833,53,16,25,0,2858,2033,1457,415,234,724
08031008390,4512,1733,2261,435,33,11,27,0,1288,1294,1305,218,111,296
08031008391,3993,1527,2025,375,26,4,24,0,1045,1265,1106,220,102,255
08031011902,3981,1638,1514,743,51,8,14,0,2269,1170,15,122,44,361
08031011903,1627,687,615,307,10,1,2,0,989,417,8,59,22,132
08031012001,1569,591,459,493,17,2,3,0,1141,217,3,46,22,140
08031012010,3722,1607,1049,1010,35,7,4,0,2734,366,8,187,74,353
08031012015,2624,1197,836,548,26,8,4,0,1746,475,3,69,39,292
08031012016,1827,804,568,407,29,10,3,0,1283,250,4,49,41,200
08031015300,2553,1064,1137,289,45,11,5,0,1762,244,73,83,68,323
08031015400,2941,1139,1431,322,31,6,6,0,1992,577,10,50,45,267
08031015500,2258,1094,878,207,57,6,8,0,1503,286,104,62,37,266
08031015600,2792,1191,1194,340,29,2,22,0,972,1380,34,197,61,148
08031015700,2868,1180,1215,418,27,6,11,0,1546,860,15,199,48,200
08031015800,1205,510,558,109,11,4,4,0,546,270,234,38,29,88
08031980001,0,0,0,0,0,0,0,0,0,0,0,0,0,0
08031980100,26,8,10,8,0,0,0,0,18,3,0,1,0,4
08031980200,151,62,66,19,2,2,0,0,109,17,1,3,3,18
08053973100,638,224,90,320,4,0,0,0,569,12,1,4,0,52
08014030000,2265,1057,762,410,22,5,5,0,1667,234,5,56,46,257
08014030100,1564,748,470,319,18,4,0,0,1194,129,0,44,20,177
08014030200,1333,631,433,231,23,5,4,0,960,152,2,40,31,148
08014030300,3150,1417,997,672,41,11,4,0,2330,337,12,82,49,340
08014030400,2871,1231,784,807,36,6,2,0,2238,193,1,76,50,313
08014030500,4028,1826,1143,1015,34,4,2,0,2840,259,12,387,104,426
08014030600,4074,1890,1210,884,59,11,5,0,2809,708,4,107,80,366
08014030700,2067,944,631,452,30,5,0,0,1547,189,4,66,34,227
08014030800,3750,1716,1193,789,32,5,9,0,2662,357,7,231,91,402
08014030900,4635,1962,1387,1240,35,3,2,0,3551,273,8,208,93,502
08014031000,3815,1736,1117,907,44,5,2,0,2674,278,18,306,86,453
08014031101,1677,815,618,200,32,4,1,0,1195,172,8,68,45,189
08014031102,1271,636,407,197,25,2,2,0,942,96,2,33,35,163
08014031103,1280,561,423,271,17,1,3,0,1021,57,2,23,25,152
08014031104,781,378,261,125,12,3,1,0,592,71,0,23,14,81
08014031201,1627,779,582,222,36,3,1,0,1142,162,19,49,39,216
08014031202,1777,843,562,332,24,7,1,0,1312,162,6,66,31,200
08014031300,2448,1096,603,726,15,2,2,0,1826,167,7,108,59,281
08014031401,2137,877,731,519,6,2,1,0,1770,44,0,38,16,269
08014031402,988,495,264,209,14,1,2,0,657,108,3,88,16,116
08014031403,2905,1373,772,717,32,3,5,0,2073,224,5,190,87,326
08014980100,0,0,0,0,0,0,0,0,0,0,0,0,0,0
08014980200,0,0,0,0,0,0,0,0,0,0,0,0,0,0
08014980300,0,0,0,0,0,0,0,0,0,0,0,0,0,0
08003960000,1393,570,301,498,9,4,1,0,1015,241,0,5,11,121
08003960100,1769,584,410,749,15,1,4,0,1176,456,1,15,3,118
08003960201,2004,765,726,479,13,8,4,0,1124,677,6,18,9,170
08003960202,2360,870,818,626,24,5,8,0,1326,789,7,33,39,166
08003960300,2524,928,1049,491,17,5,11,0,961,1377,3,20,10,153
08045951600,2315,1087,631,562,19,8,6,0,1663,344,5,20,33,250
08045951701,2485,1147,829,458,33,10,5,0,1824,335,2,36,38,250
08045951702,2551,1221,818,449,35,10,9,0,1965,260,5,31,23,267
08045951802,2705,1236,684,754,25,2,1,0,2092,221,3,20,42,327
08045951803,3524,1611,1377,470,33,20,6,0,2701,365,1,31,52,374
08045951804,3510,1600,1339,523,31,15,0,0,2716,274,2,43,41,434
08045951901,3358,1508,539,1237,40,3,6,0,2460,548,3,18,32,297
08045951902,4520,2079,1010,1332,52,13,10,0,3378,703,2,38,38,361
08045952001,2514,1179,423,872,15,5,4,0,1700,598,1,9,18,188
08045952003,1260,548,158,536,12,1,4,0,937,185,0,13,16,109
08045952004,3475,1559,538,1295,42,9,11,0,2515,606,2,30,33,289
08045952100,4191,1862,527,1689,63,10,8,0,3192,523,9,26,40,401
08055960600,2355,879,977,442,25,9,8,0,1199,893,3,16,38,206
08055960901,1413,538,410,438,19,4,0,0,1015,237,0,6,31,124
08055960902,1405,496,421,464,9,7,3,0,1129,116,1,8,7,144
08081000300,2177,806,127,1223,12,1,1,0,1775,94,0,15,45,248
08081000400,2527,1013,241,1222,26,2,6,0,1947,289,3,20,20,248
08081000500,2547,1115,270,1102,33,2,7,0,2018,273,7,14,13,222
08081000600,1053,356,64,619,5,4,1,0,890,45,0,12,5,101
08119010104,1606,644,248,671,31,5,2,0,1299,80,0,7,20,200
08119010107,3118,1238,450,1371,42,6,6,0,2618,106,2,32,41,319
08119010108,3239,1287,491,1408,40,7,0,0,2679,154,2,41,29,334
08119010109,2270,877,326,1010,35,4,1,0,1924,99,1,10,22,214
08119010110,1679,666,240,740,23,3,2,0,1397,77,3,12,12,178
08119010111,2193,853,293,1002,31,5,1,0,1824,93,2,18,20,236
08119010112,2326,891,304,1073,34,8,1,0,1940,122,2,14,16,232
08119010203,2439,977,377,1023,33,5,6,0,1990,128,49,11,18,243
08103951100,2613,791,171,1620,21,2,0,0,2246,117,1,18,15,216
08103951200,1538,420,84,1012,17,1,0,0,1315,107,0,5,5,106
08047013801,1744,842,544,308,33,11,2,0,1423,54,3,18,15,231
08047013802,2894,1347,725,762,33,11,4,0,2357,143,3,31,34,326
08115968300,1635,500,241,874,7,3,1,0,1267,165,0,27,43,133
08071000100,2399,849,960,538,23,7,10,0,1324,859,0,11,25,180
08071000200,1553,593,608,325,11,10,3,0,955,435,1,19,36,107
08071000300,1737,645,434,633,14,0,1,0,1172,390,2,10,24,139
08071000400,1498,536,626,308,17,1,4,0,768,570,3,14,20,123
08071000500,1220,437,538,225,5,3,4,0,618,511,0,3,10,78
08071000800,1449,432,438,563,9,2,1,0,934,379,0,8,19,109
08023972600,1199,427,515,231,15,3,1,0,659,412,0,33,8,87
08023972700,1246,246,904,86,4,1,1,0,316,878,1,0,1,50
08051963601,1732,765,395,546,20,3,1,0,1461,69,0,16,19,167
08051963602,1465,672,309,459,15,4,1,0,1222,63,0,5,19,156
08051963701,2678,1201,786,618,45,15,7,0,2200,143,3,20,29,283
08051963702,1372,648,428,257,21,8,5,0,1104,90,2,18,16,142
08051963800,4204,1911,1764,451,48,21,4,0,3533,103,3,54,70,441
08051963900,796,329,157,300,4,3,1,0,685,15,0,2,8,86
08029964600,3329,1346,956,963,27,20,2,0,2725,143,9,28,40,384
08029964700,3213,1182,379,1603,27,1,1,0,2669,171,1,18,32,322
08029964800,2137,826,228,1043,18,3,4,0,1702,207,1,6,20,201
08029964900,4069,1636,513,1840,40,5,7,0,3184,499,6,31,20,329
08029965001,1634,610,244,741,17,6,0,0,1381,69,0,7,15,162
08029965002,1846,676,295,843,18,4,2,0,1499,99,0,15,18,215
08029965100,2424,963,367,1048,26,2,4,0,1879,314,0,20,10,201
08029965201,1661,660,210,755,14,9,2,0,1370,97,0,11,18,165
08029965202,1869,741,271,838,15,1,0,0,1610,60,1,14,16,168
08089968000,1132,378,175,560,8,0,1,0,882,135,2,0,8,105
08089968100,1412,563,532,288,2,3,10,0,546,763,3,4,6,90
08089968200,1852,598,486,738,18,3,4,0,1131,574,1,23,6,117
08089968300,2606,937,638,997,17,3,8,0,1656,698,3,20,16,213
08089968400,726,239,169,303,7,3,0,0,503,175,3,0,4,41
08089968500,1162,373,211,569,4,1,2,0,912,154,0,6,10,80
08089968600,2964,1198,1039,680,13,4,15,0,1470,1262,8,21,23,180
08013012101,3752,1430,2072,213,16,13,6,0,2857,135,6,87,82,585
08013012103,2913,1081,1601,202,21,5,1,0,2162,144,5,97,72,433
08013012104,2181,724,1268,163,15,7,2,0,1618,90,4,63,53,353
08013012105,4092,1495,2316,228,22,25,4,0,2877,436,7,154,90,528
08013012106,2070,757,1187,103,14,5,3,0,1573,89,4,58,42,304
08013012107,2947,1126,1650,132,19,9,6,0,2185,155,8,100,78,421
08013012201,2511,921,1404,144,27,13,2,0,1965,103,1,66,72,304
08013012204,2190,894,1110,147,24,9,1,0,1620,96,4,62,56,352
08013012205,1946,789,1032,86,20,15,2,0,1454,110,1,63,59,259
08013012206,1638,675,836,90,19,12,3,0,1219,84,4,60,43,228
08013012207,3207,1384,1608,151,42,14,5,0,2199,378,13,122,109,386
08013012208,1595,704,769,95,18,5,1,0,1159,80,2,58,39,257
08013012300,661,303,301,45,7,1,3,0,463,47,2,33,17,99
08013012401,2668,1066,1249,287,50,6,5,0,2012,116,3,69,62,406
08013012501,1824,784,918,107,7,3,1,0,1342,106,5,86,46,239
08013012505,3231,1244,1786,176,15,8,1,0,2483,101,2,150,83,412
08013012507,3125,1260,1689,136,20,13,4,0,2318,202,13,106,74,412
08013012508,2139,829,1158,115,22,14,0,0,1599,125,6,78,49,282
08013012509,2485,926,1405,131,9,11,1,0,1875,90,5,152,48,315
08013012510,3522,1314,1955,217,23,8,2,0,2663,89,6,153,89,522
08013012511,2397,931,1182,247,26,7,4,0,1842,114,3,83,61,294
08013012603,2741,1094,1419,198,23,4,1,0,2049,105,5,123,90,369
08013012605,734,350,316,55,11,2,0,0,508,39,5,38,32,112
08013012608,1488,601,786,70,19,11,1,0,1114,81,3,45,43,202
08013012609,814,335,435,32,6,4,1,0,604,41,2,44,18,105
08013012610,1694,740,785,132,29,4,1,0,1226,96,13,63,53,243
08013012701,4871,1881,2431,510,36,10,1,0,3765,170,6,138,120,672
08013012705,3047,1383,1448,175,31,5,3,0,2327,147,5,111,54,403
08013012707,1721,757,724,216,16,4,1,0,1255,155,1,32,34,244
08013012708,4209,1703,1857,608,24,11,3,0,3337,145,7,121,98,501
08013012709,1460,586,675,177,17,2,1,0,1151,53,5,27,38,186
08013012710,3144,1261,1429,423,21,6,3,0,2436,154,5,105,75,369
08013012801,6250,2933,2121,1135,43,4,5,0,4587,361,9,351,142,800
08013012802,4688,2125,1512,975,54,9,7,0,3653,287,18,127,87,516
08013012903,1852,769,802,267,9,5,0,0,1451,78,1,79,40,203
08013012904,4286,1733,2032,474,37,7,2,0,3259,249,10,134,90,544
08013012905,1962,840,902,196,14,6,2,0,1428,243,3,36,21,231
08013012907,2606,1087,1204,276,22,11,2,0,1955,235,7,67,58,284
08013013003,5683,2338,2599,688,37,13,4,0,4399,240,18,196,101,729
08013013004,2500,1042,1157,279,17,2,0,0,1944,153,5,92,50,256
08013013005,2481,1001,1201,251,18,7,0,0,1982,127,2,44,48,278
08013013006,3896,1626,1886,348,26,7,1,0,2982,168,7,150,89,500
08013013201,1512,661,355,463,25,5,0,0,1170,116,5,13,21,187
08013013202,1190,463,479,236,7,2,1,0,1000,26,0,20,18,126
08013013205,4317,1849,1692,734,30,8,0,0,3417,138,0,95,102,565
08013013207,3390,1546,1094,709,25,6,4,0,2681,204,46,67,43,349
08013013208,4423,1886,1446,1037,34,10,2,0,3433,369,2,45,74,500
08013013210,3408,1607,1245,480,41,6,16,0,2256,708,3,70,38,333
08013013211,5060,2277,1847,862,55,9,4,0,3702,533,9,162,74,580
08013013212,3514,1546,1329,589,34,5,2,0,2603,205,10,162,57,477
08013013214,3387,1586,1189,574,30,5,2,0,2545,168,3,220,79,372
08013013215,3381,1592,1240,492,35,10,4,0,2458,341,2,158,64,358
08013013302,4049,1690,1745,553,31,22,2,0,3173,313,3,52,69,439
08013013305,3354,1541,1184,551,54,12,6,0,2463,442,3,74,38,334
08013013306,2579,1149,870,494,40,9,9,0,1754,508,4,42,19,252
08013013307,2343,1074,777,435,27,15,9,0,1755,287,5,37,33,226
08013013308,2547,1138,957,403,28,11,5,0,1925,277,1,34,26,284
08013013401,1912,863,790,223,17,6,6,0,1249,423,2,23,18,197
08013013402,5129,2282,1733,1025,53,13,11,0,3493,1019,6,81,60,470
08013013503,2692,1227,1026,385,18,13,10,0,1613,761,3,37,34,244
08013013505,2009,913,662,388,32,1,9,0,1316,483,3,27,13,167
08013013506,3563,1502,1121,881,39,8,4,0,2651,408,8,93,52,351
08013013507,2352,1075,806,430,25,8,1,0,1649,394,5,33,37,234
08013013508,6065,2695,1904,1383,55,11,5,0,4432,649,19,223,85,657
08013013601,3105,1287,1304,466,34,9,2,0,2555,111,3,55,51,330
08013013602,781,362,265,137,9,5,1,0,645,29,0,11,9,87
08013013703,1048,484,469,68,12,12,0,0,873,32,0,9,17,117
08013013704,4291,1719,2103,410,40,15,1,0,3370,106,9,122,94,590
08013013705,1465,635,695,91,22,18,0,0,1206,41,1,15,29,173
08013013706,3318,1398,1574,294,32,16,1,0,2690,95,4,50,44,435
08013060601,3016,1469,1124,363,42,11,1,0,2153,196,9,168,85,405
08013060602,1005,452,402,139,9,1,2,0,762,57,1,50,12,123
08013060700,2501,1070,1066,343,20,1,0,0,1899,105,4,117,64,312
08013060801,1939,885,782,230,23,8,7,0,1308,315,5,66,27,218
08013060802,2667,1117,1199,288,38,10,4,0,1757,552,8,49,42,259
08013060900,4112,1870,1678,508,41,9,2,0,2991,296,8,200,85,532
08013061300,2282,1097,781,383,18,2,0,0,1614,115,4,221,74,254
08013061400,2860,1289,1075,462,28,5,0,0,1947,139,3,358,117,296
08097000101,2907,1459,974,420,33,15,4,0,2275,138,4,36,56,398
08097000102,2672,1247,999,370,34,19,0,0,2111,141,1,38,49,332
08097000402,1907,865,727,281,22,7,2,0,1470,88,6,40,44,259
08097000403,2000,919,814,233,21,6,5,0,1539,89,1,41,44,286
08097000404,1819,827,719,256,9,7,0,0,1400,91,1,30,30,267
08097000500,1872,856,744,239,19,8,0,0,1454,88,4,24,47,255
08063962100,2734,869,319,1498,22,3,7,0,2078,352,0,13,9,282
08063962400,1830,554,163,1093,9,0,5,0,1534,65,3,19,3,206
08001007801,1002,437,446,90,10,3,7,0,454,269,136,32,28,83
08001007802,1033,446,473,81,7,5,8,0,380,355,153,45,45,55
08001007900,2116,965,924,169,23,7,18,0,1059,635,219,45,36,122
08001008000,3182,1351,1469,305,23,7,14,0,1532,920,334,124,58,214
08001008100,634,303,236,82,3,1,4,0,380,76,42,46,32,58
08001008200,2777,1226,1170,314,28,12,13,0,1263,867,310,119,53,165
08001008308,2235,939,934,299,21,9,22,0,926,851,223,59,45,131
08001008309,1196,517,490,153,6,4,16,0,429,569,85,15,21,77
08001008354,2739,1127,1205,352,22,11,9,0,1249,616,410,105,79,280
08001008355,2506,1143,922,375,28,9,14,0,1248,850,165,45,24,174
08001008401,3618,1493,637,1422,41,7,1,0,2684,499,5,24,17,389
08001008402,3840,1610,494,1667,48,2,3,0,3002,374,3,34,47,380
08001008505,4472,1936,1521,908,48,17,17,0,2761,1285,8,77,43,298
08001008506,2889,1351,985,450,45,15,20,0,1738,776,33,46,52,244
08001008507,4183,1782,1406,892,55,13,12,0,2587,1158,6,81,51,300
08001008508,3530,1583,1108,778,36,6,6,0,2301,793,11,94,50,281
08001008524,6220,2734,1823,1549,84,6,9,0,4163,1078,9,275,122,573
08001008526,5169,2269,1433,1386,51,12,5,0,3634,711,10,236,92,486
08001008533,4112,1886,1345,782,57,3,20,0,2324,1065,24,182,137,380
08001008534,2835,1290,853,645,22,6,10,0,1718,722,4,61,58,272
08001008535,2563,1136,813,561,29,5,8,0,1408,816,12,59,59,209
08001008536,2911,1271,769,822,28,9,7,0,1846,621,24,116,46,258
08001008538,7040,3056,2102,1727,99,11,11,0,4347,1518,94,228,138,715
08001008540,6833,2976,1857,1904,61,6,8,0,4235,1278,44,409,177,690
08001008544,3828,1708,1050,1019,35,5,3,0,2529,531,17,246,101,404
08001008545,5009,2230,1370,1324,53,6,8,0,3625,661,12,183,60,468
08001008546,2007,932,620,420,19,4,2,0,1234,413,14,74,49,223
08001008547,2103,958,635,463,23,3,6,0,1361,493,7,52,28,162
08001008548,1066,500,303,251,7,1,1,0,683,182,1,75,32,93
08001008549,2568,1188,767,564,33,2,6,0,1608,596,4,114,50,196
08001008550,5637,2499,1666,1349,72,12,15,0,3481,1317,7,227,92,513
08001008551,1065,425,261,366,10,0,2,0,681,196,0,61,30,97
08001008552,3076,1414,803,803,31,1,10,0,1901,818,1,53,18,285
08001008553,3869,1586,825,1414,25,3,2,0,2667,669,15,77,49,392
08001008554,1827,767,599,431,17,7,4,0,1262,305,1,63,26,170
08001008555,2944,1377,902,599,37,5,10,0,1904,614,28,71,58,269
08001008556,3672,1566,1118,938,20,4,9,0,2017,1202,11,89,81,272
08001008557,713,296,184,223,5,2,0,0,440,178,0,19,14,62
08001008558,2532,1150,754,591,21,3,6,0,1443,685,30,84,52,238
08001008559,4445,1991,1445,920,50,3,13,0,2312,1458,77,154,87,357
08001008560,1739,739,290,685,17,0,1,0,1298,208,2,55,23,153
08001008561,4307,1728,910,1625,30,2,6,0,3323,445,3,88,43,405
08001008562,3908,1755,913,1157,51,5,7,0,2485,937,5,79,32,370
08001008563,2667,1194,689,724,38,6,3,0,1654,685,2,48,27,251
08001008564,705,290,132,264,12,0,1,0,512,119,2,15,9,48
08001008565,4197,1750,1103,1263,41,9,14,0,2667,1126,0,64,36,304
08001008603,966,456,326,157,10,4,8,0,397,496,0,6,11,56
08001008604,2247,1005,726,474,24,2,10,0,1106,945,4,21,22,149
08001008605,2347,954,649,696,20,5,6,0,1476,649,0,53,18,151
08001008606,3135,1335,1047,686,32,10,14,0,1648,1214,8,35,23,207
08001008705,2261,980,945,269,25,7,14,0,852,1246,5,15,23,120
08001008706,2174,925,927,279,13,4,12,0,817,1210,9,13,16,109
08001008709,3323,1370,1520,368,21,8,17,0,1212,1846,48,23,35,159
08001008801,2167,950,889,295,12,0,6,0,774,1235,4,17,18,119
08001008802,1518,642,604,236,15,0,9,0,607,812,3,9,10,77
08001008901,1130,490,458,157,13,3,4,0,452,599,3,10,10,56
08001009001,2470,1045,1028,326,25,9,17,0,1106,1116,25,31,31,161
08001009003,2288,1022,933,289,28,1,3,0,1015,1035,5,67,24,142
08001009004,2286,1066,856,310,25,8,10,0,1143,883,14,40,36,170
08001009101,2356,996,977,335,25,6,6,0,1082,1042,9,37,21,165
08001009103,1542,700,572,223,24,4,7,0,661,744,5,16,20,96
08001009104,3203,1449,1204,479,38,8,7,0,1501,1278,12,103,46,263
08001009202,2225,967,882,312,27,7,16,0,1033,1005,5,14,28,140
08001009203,1490,732,517,207,19,4,4,0,716,588,17,17,12,140
08001009204,4031,1742,1444,762,41,11,15,0,1898,1370,20,319,88,336
08001009206,1566,666,568,299,21,3,4,0,815,487,9,96,47,112
08001009207,2340,1034,878,380,26,6,6,0,1113,986,12,39,36,154
08001009304,3414,1495,1165,689,30,7,7,0,1999,973,21,77,39,305
08001009306,2332,978,965,336,25,4,5,0,1008,1080,3,62,30,149
08001009307,1900,829,761,262,14,7,12,0,859,845,6,31,29,130
08001009308,2016,887,829,254,32,4,4,0,864,989,11,27,15,110
08001009309,2176,928,834,370,24,7,6,0,1089,732,7,147,22,179
08001009310,2929,1317,1170,384,27,8,10,0,1273,1355,7,73,24,197
08001009316,2635,1250,971,345,24,6,15,0,1088,1360,2,28,25,132
08001009318,2228,971,901,305,19,5,14,0,981,954,25,85,37,146
08001009319,1884,758,679,395,19,6,14,0,1125,573,3,18,19,146
08001009320,1039,474,389,147,12,2,8,0,527,384,5,28,12,83
08001009321,1675,775,580,287,7,4,10,0,868,599,2,72,18,116
08001009322,1792,806,613,337,15,4,10,0,971,554,6,104,27,130
08001009323,1952,898,652,352,28,8,3,0,1103,575,15,88,34,137
08001009325,4093,1795,1184,1031,43,11,9,0,2981,424,9,145,83,451
08001009326,1920,841,588,457,25,3,0,0,1327,252,4,110,38,189
08001009327,2906,1274,886,704,23,4,5,0,1808,687,14,97,39,261
08001009401,3290,1366,1258,594,41,7,9,0,1872,992,5,88,26,307
08001009406,2981,1311,1052,557,32,11,9,0,1837,730,3,104,41,266
08001009407,3158,1375,1142,572,40,6,10,0,1816,914,6,116,65,241
08001009408,3378,1463,1139,713,50,6,3,0,2413,265,9,229,70,392
08001009409,4356,1893,1283,1124,34,10,3,0,3159,359,15,238,100,485
08001009410,2785,1131,895,726,22,7,0,0,1988,334,7,102,42,312
08001009411,2128,960,678,448,32,3,2,0,1525,277,10,60,40,216
08001009501,1705,730,723,217,19,3,5,0,761,744,5,51,26,118
08001009502,3368,1441,1469,380,37,12,15,0,1722,1194,5,110,32,305
08001009553,1999,898,835,232,22,1,5,0,982,773,10,61,19,154
08001009603,3285,1460,1189,551,46,8,11,0,2012,845,20,72,50,286
08001009604,2690,1149,1090,399,21,7,13,0,1519,812,5,91,32,231
08001009606,1512,673,605,201,13,6,4,0,700,644,2,44,20,102
08001009607,2556,1182,879,436,33,7,7,0,1340,731,12,195,34,244
08001009608,2026,857,767,362,30,5,3,0,1195,473,4,114,38,202
08001009751,1677,799,669,169,20,5,3,0,959,537,4,22,17,138
08001009752,1817,752,796,231,17,9,5,0,759,865,2,44,10,137
08001015000,1401,597,487,289,12,2,4,0,775,522,2,7,10,85
08001060001,1407,607,361,421,13,2,0,0,1031,151,1,49,32,143
08001060002,3070,1346,707,982,16,1,9,0,2072,412,4,156,75,351
08001060100,4468,2067,1281,1059,37,10,3,0,3063,606,17,246,84,452
08001060200,2700,1275,791,573,35,7,9,0,1888,401,17,65,54,275
08001061200,2553,1115,674,714,35,5,4,0,1733,384,17,104,48,267
08001988700,598,263,219,103,9,0,1,0,338,172,3,13,19,53
08021974800,2301,456,1198,630,4,2,2,0,847,1371,0,3,10,70
08021974900,2906,671,1040,1159,20,5,1,0,1544,1195,1,15,7,144
08035013904,2911,1322,609,905,50,5,7,0,2221,234,15,49,56,336
08035013905,2837,1276,595,919,34,3,3,0,2199,204,14,46,42,332
08035013907,4055,1729,781,1483,44,5,4,0,3111,269,3,112,105,455
08035013909,5154,1984,786,2293,69,4,7,0,4242,235,14,65,73,525
08035013910,5843,2445,1072,2230,82,5,3,0,4575,380,12,125,111,640
08035013911,5296,2159,894,2183,45,5,3,0,4227,308,20,96,85,560
08035013912,5505,2313,1092,2018,59,8,3,0,4259,331,21,127,124,643
08035013913,2170,871,406,864,21,3,2,0,1704,120,5,64,39,238
08035013914,3431,1337,653,1398,35,3,1,0,2792,143,8,57,44,387
08035013915,2531,994,437,1068,22,1,3,0,2035,114,5,45,39,293
08035014005,3218,1405,672,1091,39,3,3,0,2427,248,15,108,64,356
08035014006,5799,2505,1122,2093,58,10,4,0,4356,408,18,239,137,641
08035014007,1882,863,449,520,37,7,2,0,1341,148,25,80,45,243
08035014008,6903,3018,1341,2460,63,11,2,0,5087,435,8,346,201,826
08035014009,3183,1464,650,1005,43,7,5,0,2318,285,16,120,87,357
08035014010,3967,1831,816,1257,42,11,3,0,2997,300,18,145,89,418
08035014011,4318,1918,902,1431,42,9,7,0,3068,256,11,291,150,542
08035014013,7722,3182,1224,3226,73,5,4,0,6105,466,28,158,129,836
08035014014,2559,1180,582,734,49,3,3,0,1815,248,11,139,56,290
08035014015,2789,1312,648,756,50,9,4,0,2078,285,15,53,51,307
08035014016,4141,1760,743,1582,38,6,7,0,3256,279,10,139,71,386
08035014017,2889,1175,538,1122,39,3,2,0,2194,220,4,82,76,313
08035014107,2833,1130,658,1003,30,5,1,0,2202,186,5,83,49,308
08035014108,3753,1603,874,1225,40,6,1,0,2980,203,1,84,74,411
08035014109,2521,979,555,970,14,2,0,0,1994,93,3,67,56,308
08035014110,3565,1530,788,1188,39,10,5,0,2564,287,11,188,90,425
08035014112,2802,1179,689,899,29,2,1,0,2191,187,4,80,52,288
08035014113,2071,885,473,680,26,5,1,0,1500,156,10,109,66,230
08035014114,2393,1066,550,741,27,1,3,0,1844,192,12,65,34,246
08035014115,3116,1227,701,1151,29,1,4,0,2384,158,13,115,88,358
08035014116,3773,1673,850,1193,47,5,2,0,2701,270,31,192,94,485
08035014123,2101,858,349,850,23,6,7,0,1648,149,8,49,43,204
08035014124,3964,1651,942,1328,29,6,4,0,3045,273,15,102,89,440
08035014125,4242,1797,850,1537,43,7,3,0,3284,242,15,181,95,425
08035014126,1225,524,325,358,12,3,2,0,947,76,1,35,19,147
08035014127,3987,1493,726,1722,41,0,1,0,3175,160,9,125,89,429
08035014128,3997,1692,992,1263,34,8,1,0,3095,269,7,121,73,432
08035014129,2647,1082,585,944,28,2,2,0,2021,144,10,96,75,301
08035014130,5501,2312,1346,1751,71,6,3,0,4187,431,10,190,106,577
08035014131,3855,1431,959,1422,32,1,2,0,3014,174,6,119,78,464
08035014132,4352,1831,900,1577,32,4,1,0,3262,210,5,266,104,505
08035014133,4548,2001,1022,1472,40,4,1,0,3559,240,6,176,90,477
08035014134,3867,1633,881,1302,38,2,4,0,2870,234,11,222,126,404
08035014135,4088,1687,633,1735,26,1,3,0,3157,167,4,176,91,493
08035014138,1759,769,449,510,24,2,3,0,1322,140,3,40,45,209
08035014139,3134,1289,731,1071,33,4,3,0,2334,195,11,181,62,351
08035014140,4027,1630,823,1534,30,2,5,0,3014,216,11,214,126,446
08035014141,4426,1860,859,1661,34,4,4,0,3483,221,14,102,95,511
08035014142,1660,578,236,834,11,1,0,0,1357,38,2,32,16,215
08035014143,2115,975,396,714,23,1,1,0,1573,81,5,153,62,241
08035014144,3954,1741,818,1355,34,0,0,0,2703,213,16,468,98,456
08035014145,2328,1064,570,660,25,2,3,0,1678,208,7,97,63,275
08035014146,3183,1406,749,975,31,4,2,0,2247,350,9,172,82,323
08035014203,5116,2158,1070,1821,48,4,5,0,4054,305,6,102,84,565
08035014205,2837,1201,613,980,33,4,3,0,2221,165,0,84,32,335
08035014206,667,238,94,328,4,1,0,0,559,25,0,13,17,53
08035014207,1195,562,240,368,14,5,3,0,918,124,0,13,22,118
08035014208,1232,510,230,469,17,2,1,0,942,102,0,30,15,143
08035014300,418,164,78,161,9,2,0,0,358,18,0,2,2,38
08035014404,2299,907,377,972,32,6,0,0,1896,81,2,33,26,261
08035014405,5524,2336,1051,2043,69,11,3,0,4381,373,5,92,73,600
08035014407,2532,967,403,1134,22,1,1,0,2015,167,2,41,37,270
08035014408,2213,853,314,1014,27,2,2,0,1823,76,5,25,50,234
08035014409,2753,1166,448,1089,37,4,1,0,2190,166,7,60,42,288
08035014410,8379,3569,1616,3040,110,15,7,0,6450,647,28,160,162,932
08035014503,4369,1830,815,1643,60,9,2,0,3513,286,6,64,69,431
08035014504,3584,1562,640,1294,64,4,3,0,2869,282,9,31,43,350
08035014505,4153,1642,748,1685,54,9,9,0,3249,267,3,54,64,516
08035014506,5573,2140,805,2537,81,4,0,0,4430,359,8,93,75,608
08035014602,2169,747,281,1113,20,2,0,0,1845,80,0,23,23,198
08035014603,4789,2109,827,1736,92,7,7,0,3760,391,4,81,69,484
08035014604,3140,1267,510,1308,42,5,1,0,2516,210,6,42,38,328
08093000101,1215,533,212,433,25,6,2,0,997,65,3,7,12,131
08093000102,3604,1561,656,1294,62,10,2,0,2980,165,2,31,39,387
08093000200,2798,1250,529,962,40,7,2,0,2302,140,2,18,30,306
08093000300,2022,962,474,534,31,11,4,0,1646,66,0,15,29,266
08093000400,1879,759,317,762,19,15,0,0,1544,124,1,13,20,177
08093000500,2121,860,309,902,32,7,0,0,1751,98,2,10,17,243
08087000100,1912,648,218,1016,15,3,3,0,1521,134,0,8,16,233
08087000200,2384,924,271,1144,27,2,2,0,1845,258,1,13,22,245
08087000300,1127,448,206,451,7,1,4,0,722,304,2,6,6,87
08087000400,2404,1021,498,855,15,1,6,0,1442,675,14,17,66,190
08087000500,1297,551,323,394,16,3,5,0,699,423,25,15,45,90
08087000600,3064,1276,615,1119,20,2,12,0,1785,960,21,22,62,214
08087000700,3286,1390,634,1204,30,6,9,0,2055,906,5,14,17,289
08087000800,1327,434,172,708,4,4,3,0,1081,112,2,6,6,120
08077000200,1200,555,351,256,24,9,3,0,955,97,0,8,15,125
08077000300,894,435,263,170,11,6,2,0,679,98,1,11,7,98
08077000400,2153,941,514,658,21,2,7,0,1691,185,3,35,26,213
08077000500,1040,490,238,286,14,2,5,0,792,119,4,9,12,104
08077000601,2899,1256,650,922,48,2,5,0,2195,307,2,38,41,316
08077000602,2800,1270,601,818,62,14,15,0,2177,306,9,16,28,264
08077000700,2382,1131,592,580,41,7,12,0,1732,335,7,26,28,254
08077000801,2344,1036,355,890,37,7,6,0,1781,290,1,19,26,227
08077000802,3110,1354,468,1226,32,7,7,0,2317,488,2,15,31,257
08077000900,2624,1151,526,899,28,4,3,0,1983,316,3,52,19,251
08077001001,3757,1368,718,1618,34,6,3,0,3058,248,7,37,39,368
08077001002,5100,1960,900,2161,59,4,2,0,4158,290,3,80,62,507
08077001102,3576,1430,556,1533,37,1,1,0,2872,325,4,32,27,316
08077001103,2410,982,361,1017,30,4,9,0,1889,220,2,23,36,240
08077001104,2988,1364,525,1024,38,9,7,0,2216,418,6,45,35,268
08077001200,1698,661,228,775,21,5,1,0,1457,72,0,19,11,139
08077001302,4208,1704,574,1856,36,9,4,0,3366,392,3,46,38,363
08077001303,1814,799,286,692,19,6,2,0,1393,166,2,20,17,216
08077001304,3907,1767,668,1374,55,15,5,0,3070,438,3,36,28,332
08077001402,4916,1817,804,2228,46,7,0,0,4052,227,2,60,52,523
08077001403,2681,1089,582,975,18,9,1,0,2153,191,0,31,43,263
08077001404,4318,1740,936,1585,47,2,3,0,3605,145,2,48,46,472
08077001502,6180,2123,542,3421,65,6,0,0,5216,281,3,35,58,587
08077001503,4431,1776,680,1907,38,8,7,0,3663,284,3,22,50,409
08077001504,4733,2053,730,1849,61,7,10,0,3747,446,2,39,39,460
08077001600,3255,1189,459,1572,25,3,3,0,2663,183,6,38,16,349
08077001702,3090,1256,576,1198,31,12,1,0,2588,129,4,24,31,314
08077001703,3289,1398,471,1354,42,5,6,0,2604,323,0,35,23,304
08077001705,3314,1501,489,1237,44,7,10,0,2552,426,6,27,16,287
08077001706,3012,1436,500,996,35,8,12,0,2190,494,6,27,28,267
08077001707,3911,1690,664,1467,53,8,7,0,2997,475,2,21,36,380
08077001800,2303,883,226,1149,24,4,0,0,2010,100,2,13,5,173
08077001900,3976,1529,628,1751,40,6,5,0,3351,174,1,27,45,378
08111972600,616,321,162,113,14,2,1,0,503,37,0,1,1,74
08075965900,841,241,70,514,11,0,2,0,674,63,0,0,5,99
08075966000,1646,535,135,960,13,1,0,0,1362,86,6,12,10,170
08075966101,2052,589,227,1221,4,1,1,0,1683,119,1,16,14,219
08075966102,2317,1023,332,927,18,4,6,0,1712,331,7,20,11,236
08075966200,1548,635,279,604,17,2,5,0,1202,185,6,10,7,138
08075966300,2661,937,413,1272,26,2,7,0,2155,193,2,23,16,272
08075966400,1085,318,120,637,6,0,0,0,896,47,1,8,0,133
08043978100,3480,1345,444,1629,39,3,4,0,2884,206,4,31,42,313
08043978200,2844,1223,523,1038,32,6,5,0,2234,301,3,23,23,260
08043978300,4140,1577,632,1846,49,9,9,0,3405,289,3,24,39,380
08043978400,1593,635,258,675,15,4,1,0,1316,111,1,15,12,138
08043978500,4024,1635,623,1687,34,16,8,0,3358,269,1,21,33,342
08043978600,2180,885,420,833,26,1,4,0,1746,167,2,8,28,229
08043978800,1820,733,295,757,16,6,3,0,1523,105,0,9,12,171
08043979001,2068,814,386,833,21,6,2,0,1750,79,0,16,24,199
08043979002,1447,629,193,585,15,2,0,0,1214,57,0,14,16,146
08043979100,2641,991,436,1169,25,2,2,0,2190,150,1,7,43,250
08043979200,1671,592,242,816,14,2,0,0,1360,94,3,14,23,177
08043979400,1968,845,290,790,21,7,1,0,1621,133,4,16,15,179
08043980100,0,0,0,0,0,0,0,0,0,0,0,0,0,0
08043980200,0,0,0,0,0,0,0,0,0,0,0,0,0,0
08043980300,0,0,0,0,0,0,0,0,0,0,0,0,0,0
08107000100,1535,660,354,497,13,7,0,0,1264,38,2,15,20,196
08107000200,1423,645,235,513,19,2,2,0,1147,86,0,8,20,162
08107000300,1702,746,418,504,24,5,2,0,1424,61,3,15,20,179
08107000400,2469,1229,717,484,20,12,0,0,1991,124,4,32,39,279
08107000500,3474,1679,1172,564,30,17,5,0,2893,104,2,37,45,393
08107000600,2540,1148,857,494,24,13,0,0,2106,79,0,33,34,288
08107000701,1672,824,521,297,17,6,3,0,1348,56,2,23,40,203
08107000702,1257,622,418,183,18,5,4,0,1021,52,7,9,24,144
08107000703,1041,482,328,218,9,4,0,0,861,19,0,7,22,132
08107000800,1569,697,363,475,21,2,2,0,1286,45,5,7,18,208
08123000100,1143,525,370,220,11,5,5,0,658,352,14,8,25,86
08123000200,929,450,309,134,24,3,3,0,583,207,12,16,14,97
08123000300,57,27,21,8,1,0,0,0,38,9,1,2,2,5
08123000401,2186,917,697,541,22,4,0,0,1626,302,6,14,34,204
08123000402,2000,952,553,438,28,7,8,0,1277,468,28,19,59,149
08123000501,1126,517,444,140,5,1,9,0,265,799,2,6,14,40
08123000502,1440,693,491,204,20,6,10,0,620,715,3,8,15,79
08123000600,348,167,99,69,2,2,5,0,125,198,5,4,1,15
08123000701,701,331,250,109,6,0,4,0,242,418,2,3,3,33
08123000703,2625,1272,831,463,27,6,13,0,930,1455,9,11,63,157
08123000704,459,234,117,96,6,1,1,0,208,218,0,1,3,29
08123000705,909,357,175,362,5,2,2,0,621,205,0,6,3,74
08123000800,1193,561,381,218,18,8,2,0,664,390,3,11,16,109
08123000900,1717,708,468,495,26,5,4,0,1119,405,1,17,18,157
08123001003,1653,783,521,303,18,5,15,0,694,729,35,16,54,125
08123001004,1630,809,427,353,24,3,9,0,856,619,9,16,20,110
08123001005,4012,1854,1016,1051,40,10,12,0,2166,1459,6,45,29,307
08123001006,2930,1287,765,811,31,6,11,0,1594,1065,1,33,23,214
08123001100,2970,1264,769,871,36,10,11,0,1908,690,13,43,40,276
08123001201,2261,1082,589,527,32,6,10,0,1350,690,9,23,22,167
08123001202,1880,802,477,559,26,6,7,0,1293,402,1,29,22,133
08123001300,3127,1433,962,625,33,18,19,0,1430,1421,5,24,31,216
08123001404,1817,819,356,610,19,3,4,0,1185,456,0,10,11,155
08123001405,2873,1273,649,894,36,9,6,0,1810,751,7,34,26,245
08123001406,4488,1902,1000,1497,63,2,11,0,2969,1010,14,57,47,391
08123001407,2240,880,449,867,21,1,4,0,1513,434,3,32,29,229
08123001408,1465,555,292,594,16,2,3,0,1123,207,0,12,5,118
08123001409,2402,996,559,804,22,4,5,0,1692,454,10,29,26,191
08123001410,2753,962,585,1172,21,3,1,0,2114,293,2,33,40,271
08123001411,2012,793,404,789,17,3,3,0,1500,292,5,21,25,169
08123001412,2191,858,446,853,14,4,10,0,1616,322,3,29,19,202
08123001413,1688,739,392,528,14,2,4,0,1156,373,1,16,10,132
08123001414,1566,660,332,545,18,3,1,0,1047,338,0,26,19,136
08123001415,2477,904,508,1034,15,4,1,0,1725,460,2,39,22,229
08123001416,2470,898,494,1051,14,3,4,0,1879,315,0,21,26,229
08123001417,1710,770,343,558,19,4,4,0,1062,471,1,22,14,140
08123001500,5759,2105,676,2900,45,4,5,0,4500,631,0,64,38,526
08123001600,2873,1100,319,1423,20,1,1,0,2117,463,0,23,22,248
08123001700,3233,1349,702,1138,23,3,5,0,2067,873,3,24,19,247
08123001800,3084,1311,544,1175,28,4,6,0,2125,633,0,32,16,278
08123001905,2688,1162,796,677,20,7,13,0,1271,1179,5,23,17,193
08123001906,799,363,169,256,5,0,2,0,489,247,0,8,2,53
08123001909,293,111,98,82,1,0,0,0,125,137,2,2,6,21
08123001910,1197,478,357,339,8,0,2,0,612,461,0,9,6,109
08123001911,611,258,126,219,4,1,1,0,416,132,0,10,3,50
08123001912,1243,490,318,420,9,0,1,0,772,332,2,18,15,104
08123001913,4683,2115,1125,1315,67,13,16,0,2817,1401,13,55,52,345
08123001914,1146,449,226,452,4,0,5,0,801,224,0,5,11,105
08123002004,2779,1284,720,693,37,10,8,0,1739,739,2,37,17,245
08123002005,947,407,170,354,13,1,0,0,658,115,0,48,12,114
08123002006,308,119,53,130,5,0,0,0,236,28,1,3,4,36
08123002007,4871,2255,1313,1227,52,11,6,0,3681,426,13,168,73,510
08123002008,4117,1847,1105,1109,45,5,3,0,3161,269,4,131,69,483
08123002009,4046,1971,881,1132,45,8,5,0,3059,278,4,114,89,502
08123002010,1224,562,309,330,14,3,1,0,800,239,1,39,11,134
08123002011,1475,639,324,479,27,0,4,0,1057,143,2,84,26,163
08123002012,827,363,135,314,10,2,1,0,610,73,0,32,11,101
08123002013,2361,1098,476,733,35,4,6,0,1755,284,0,50,15,257
08123002014,1671,727,394,511,23,4,4,0,1181,261,2,28,19,180
08123002015,888,397,150,324,13,1,3,0,671,87,0,10,7,113
08123002016,2723,1184,690,784,44,7,4,0,1867,541,1,42,27,245
08123002017,574,237,104,225,4,0,0,0,448,41,0,5,6,74
08123002018,1299,557,218,496,22,1,0,0,1024,135,0,16,13,111
08123002019,4353,1935,947,1384,62,7,8,0,3124,621,6,96,41,465
08123002020,3820,1658,779,1299,68,7,2,0,2821,511,3,63,47,375
08123002021,634,248,130,248,5,0,0,0,498,64,0,10,13,49
08123002101,7506,3338,1377,2610,116,14,14,0,5166,1498,6,71,82,683
08123002104,1259,504,166,569,13,2,3,0,1024,45,0,15,13,162
08123002105,4159,1821,950,1304,58,4,12,0,3084,445,11,82,81,456
08123002106,3849,1631,658,1500,44,3,0,0,2990,334,0,54,40,431
08123002107,4415,1820,663,1852,44,10,8,0,3489,438,6,36,58,388
08123002108,4501,1874,777,1760,56,7,5,0,3310,633,2,38,51,467
08123002203,2301,960,353,943,34,5,1,0,1857,150,2,23,18,251
08123002204,1517,566,232,706,10,1,0,0,1275,67,0,24,17,134
08123002205,3134,1368,619,1084,41,6,2,0,2392,357,0,39,32,314
08123002206,3123,1352,534,1181,35,6,3,0,2459,243,5,37,33,346
08123002207,2704,1127,478,1061,26,5,2,0,2143,203,1,26,22,309
08123002208,8148,3453,1174,3385,92,3,8,0,6377,718,6,75,88,884
08123002209,2375,877,341,1137,16,1,0,0,1943,132,3,26,22,249
08123002210,2230,892,282,1023,25,2,1,0,1785,148,1,21,34,241
08123002300,3858,1534,504,1740,39,4,16,0,3022,417,5,29,36,349
08123002501,4081,1487,386,2125,41,5,2,0,3423,253,2,28,23,352
08123002502,4795,2032,600,2086,36,6,12,0,3626,617,1,52,33,466
08083941100,818,437,272,93,2,3,5,0,534,69,3,13,71,128
08083969000,2667,1043,536,1042,27,4,4,0,2231,150,2,11,20,253
08083969100,2645,1034,703,854,36,7,2,0,2120,173,1,20,35,296
08083969200,2279,659,324,1276,8,4,0,0,1925,110,0,16,29,199
08083969301,2360,815,428,1076,19,9,4,0,1904,195,1,17,27,216
08083969302,2323,839,363,1087,19,2,3,0,1820,208,1,18,39,237
08083969400,2287,952,435,846,27,11,7,0,1725,246,0,30,45,241
08083969600,2886,1039,474,1338,15,5,2,0,2282,244,2,15,51,292
08017960600,1241,319,106,811,0,0,0,0,1050,58,0,5,6,122
08113968101,1750,696,884,126,23,15,4,0,1413,64,4,21,40,208
08113968102,1053,479,419,134,10,7,2,0,815,56,0,17,16,149
08113968103,1810,685,928,163,18,11,3,0,1504,47,0,23,28,208
08113968200,1225,471,274,451,14,6,1,0,1042,40,0,12,20,111
08065961701,1318,569,471,251,17,4,1,0,811,352,0,10,9,136
08065961702,2547,1151,948,377,39,23,4,0,1827,389,4,23,25,279
08065961900,875,412,295,151,13,1,1,0,568,202,1,6,12,86
08059009806,3093,1303,939,819,20,7,1,0,2482,124,2,64,45,376
08059009807,1481,621,445,375,30,5,2,0,1169,103,5,34,24,146
08059009815,4002,1701,1062,1199,31,5,2,0,3126,258,2,100,79,437
08059009823,3317,1540,966,747,39,12,5,0,2564,313,4,61,54,321
08059009824,3964,1870,1194,837,40,6,6,0,2904,367,4,144,73,472
08059009827,4384,1990,1322,1006,50,3,4,0,3176,428,14,241,84,441
08059009828,3961,1685,1128,1085,41,6,7,0,2970,356,7,116,56,456
08059009829,1353,606,436,294,12,2,2,0,1034,102,11,40,33,133
08059009830,1542,737,470,310,16,2,2,0,1178,164,2,28,21,149
08059009831,1485,750,497,187,35,6,4,0,989,258,14,35,24,165
08059009832,1717,793,534,349,34,3,1,0,1215,245,4,47,35,171
08059009833,3765,1590,1207,912,35,2,9,0,2787,504,20,62,36,356
08059009834,3224,1376,1056,728,40,9,2,0,2370,429,6,52,54,313
08059009835,2830,1223,810,761,27,4,2,0,2250,160,5,49,39,327
08059009836,3235,1362,735,1092,27,7,1,0,2604,195,0,63,46,327
08059009837,5656,2493,1204,1888,57,2,3,0,4427,320,2,137,113,657
08059009838,4230,1796,1065,1322,37,3,5,0,3306,240,5,105,80,494
08059009839,1978,801,528,618,24,3,1,0,1581,113,0,41,28,215
08059009840,2736,1176,744,774,29,5,1,0,2196,183,2,53,47,255
08059009841,1803,707,516,553,16,5,2,0,1395,142,2,32,21,211
08059009842,2663,1134,654,847,23,2,0,0,2106,112,7,82,46,310
08059009845,3458,1491,961,979,20,2,3,0,2800,85,2,73,75,423
08059009846,4009,1804,1110,1040,38,6,4,0,3341,93,3,45,61,466
08059009847,2490,1142,690,624,26,1,3,0,2087,83,3,29,28,260
08059009848,2399,1033,613,727,18,1,2,0,1981,64,2,23,44,285
08059009850,2204,982,690,502,23,7,0,0,1829,71,0,43,30,231
08059009851,3206,1310,833,1022,29,5,2,0,2538,183,6,59,51,369
08059009852,3536,1514,807,1166,36,5,4,0,2854,179,2,59,45,397
08059009853,1974,917,589,429,26,6,1,0,1570,87,1,44,45,227
08059009854,4287,1883,1447,903,40,8,1,0,3471,164,4,62,67,519
08059009855,2159,945,766,412,30,4,2,0,1696,82,6,68,33,274
08059009856,1865,924,560,321,38,7,6,0,1421,191,3,25,17,208
08059009857,2036,949,724,324,29,4,4,0,1580,81,6,65,62,242
08059009858,2899,1314,747,779,43,5,3,0,2380,107,1,25,50,336
08059009901,1507,672,590,216,22,4,2,0,1205,53,4,26,30,189
08059010001,2288,1038,831,361,37,13,1,0,1805,126,5,52,40,260
08059010100,3110,1600,820,618,45,10,8,0,2423,234,8,41,46,358
08059010205,1998,834,493,650,15,3,2,0,1625,105,1,35,14,218
08059010206,3018,1320,880,770,35,3,3,0,2266,314,3,53,60,322
08059010208,4048,1804,1241,941,40,9,4,0,2801,629,9,110,80,419
08059010209,4556,2025,1468,965,56,12,13,0,3196,713,11,132,71,433
08059010210,2837,1226,788,772,33,8,4,0,2139,299,2,55,55,287
08059010211,2207,939,705,519,31,3,4,0,1665,277,3,39,33,190
08059010212,3071,1421,972,613,40,4,6,0,2247,417,8,48,41,310
08059010213,3327,1494,1143,635,34,4,8,0,2239,626,2,54,61,345
08059010303,4046,1712,1162,1122,35,2,1,0,3197,312,7,44,53,433
08059010304,2055,925,633,470,17,1,3,0,1597,173,3,32,31,219
08059010305,2408,1106,850,391,35,12,6,0,1804,285,5,40,35,239
08059010306,1969,876,564,488,29,5,2,0,1526,161,2,34,26,220
08059010307,2997,1297,979,668,30,9,4,0,2159,405,7,42,85,299
08059010308,5124,2419,1476,1127,71,11,7,0,3934,428,4,92,70,596
08059010402,3645,1702,1206,639,65,14,8,0,2653,537,6,46,51,352
08059010403,3380,1516,1154,612,52,13,11,0,2339,619,6,59,40,317
08059010405,1694,763,646,244,23,5,7,0,1209,242,3,28,36,176
08059010406,1231,605,413,190,13,2,4,0,770,306,2,21,14,118
08059010502,3993,1703,1478,749,44,9,2,0,2882,532,11,70,46,452
08059010503,3471,1485,1127,806,30,8,5,0,2696,305,8,51,33,378
08059010504,2447,1021,835,567,21,0,2,0,1959,134,0,45,33,276
08059010603,2699,1190,1078,387,27,5,2,0,1901,435,13,36,48,266
08059010604,1735,773,634,295,21,3,3,0,1176,341,2,38,13,165
08059010701,3139,1296,1275,511,30,12,5,0,2280,410,13,60,45,331
08059010702,3107,1350,1335,364,33,10,9,0,2018,687,9,39,42,312
08059010801,2051,795,722,505,23,2,1,0,1622,131,4,40,30,224
08059010901,3677,1707,1102,775,68,8,4,0,2795,359,13,72,61,377
08059010902,1726,810,612,270,20,5,3,0,1182,259,11,40,28,206
08059011000,3881,1620,1471,711,53,12,7,0,2828,480,16,79,51,427
08059011101,2493,1113,831,495,31,10,5,0,1791,354,10,45,26,267
08059011102,1780,794,687,243,29,9,6,0,1147,387,20,24,26,176
08059011202,3420,1442,1111,805,41,8,4,0,2541,440,4,35,49,351
08059011300,2282,979,1017,241,30,8,2,0,1654,323,4,28,22,251
08059011401,1470,664,613,159,19,6,5,0,907,335,10,36,31,151
08059011402,2335,1040,959,280,27,8,10,0,1488,522,18,40,44,223
08059011551,2322,1022,842,399,35,9,6,0,1624,390,19,36,38,215
08059011552,1754,817,666,216,24,12,7,0,1061,438,13,32,30,180
08059011601,2071,916,762,348,19,7,11,0,1208,572,7,62,26,196
08059011602,2537,1132,940,405,31,7,8,0,1486,720,3,71,25,232
08059011701,3610,1475,1269,810,35,6,8,0,2592,507,5,112,81,313
08059011702,4015,1699,1396,833,45,13,15,0,2701,714,3,163,56,378
08059011708,3205,1437,986,724,37,12,3,0,2400,397,1,34,54,319
08059011709,2439,1086,745,563,23,8,1,0,1777,289,7,78,36,252
08059011710,2836,1270,920,589,38,5,2,0,2060,384,8,71,47,266
08059011711,3198,1442,1011,688,38,9,6,0,2369,358,9,73,63,326
08059011712,3302,1427,994,828,38,5,4,0,2582,252,5,60,61,342
08059011720,4060,1827,1183,990,43,6,6,0,3076,245,9,151,108,471
08059011721,2089,916,705,429,29,5,2,0,1627,107,1,73,42,239
08059011723,2278,1077,729,422,37,8,0,0,1720,242,5,47,41,223
08059011724,5527,2513,1558,1397,51,2,2,0,4307,287,6,214,125,588
08059011725,1343,613,378,329,18,2,2,0,1084,100,0,20,18,121
08059011726,4645,2070,1188,1346,32,4,1,0,3511,319,5,227,79,504
08059011727,3039,1264,953,778,37,1,3,0,2258,341,2,71,66,301
08059011728,2045,844,612,553,22,6,4,0,1545,221,5,64,31,179
08059011729,2727,1243,917,506,40,8,6,0,1929,438,12,44,36,268
08059011730,2341,1051,768,476,28,7,6,0,1654,379,12,66,27,203
08059011731,3024,1386,872,692,50,12,4,0,2188,309,9,136,56,326
08059011732,2838,1405,936,403,60,16,5,0,2089,337,20,40,51,301
08059011733,1526,692,507,275,32,7,4,0,1134,146,8,35,23,180
08059011803,3303,1426,1277,524,45,9,10,0,1787,1022,12,180,52,250
08059011804,2896,1192,1044,607,27,5,9,0,1777,675,4,162,38,240
08059011806,3206,1357,1189,584,43,3,8,0,1921,878,9,106,35,257
08059011807,1561,703,569,254,23,6,3,0,1069,248,8,57,37,142
08059011808,1408,711,515,141,29,9,3,0,890,296,10,21,21,170
08059011904,1966,868,619,433,28,3,3,0,1389,303,8,69,29,168
08059011951,2942,1214,1020,667,23,7,7,0,1933,456,8,206,55,284
08059012022,4429,1947,1000,1417,52,2,2,0,3475,276,3,98,80,497
08059012023,2591,1116,624,806,35,4,2,0,2004,188,5,88,54,252
08059012024,3900,1694,890,1277,28,6,2,0,3182,191,3,76,71,377
08059012026,2686,1219,816,610,28,7,1,0,2266,74,1,32,50,263
08059012027,2379,1073,624,636,36,6,0,0,1976,82,1,21,40,259
08059012030,3105,1380,917,757,31,14,3,0,2580,95,1,36,46,347
08059012031,2966,1350,769,785,45,9,1,0,2447,109,5,26,42,337
08059012032,2176,917,537,682,28,5,2,0,1804,81,1,31,30,229
08059012033,2357,1055,518,733,32,10,2,0,1976,97,0,19,27,238
08059012034,3438,1397,674,1326,34,4,0,0,2774,86,8,67,47,456
08059012035,4212,1825,1036,1301,37,5,3,0,3488,146,2,75,38,463
08059012036,2957,1251,663,1004,26,8,1,0,2387,142,4,61,65,298
08059012037,2835,1316,659,807,42,4,1,0,2350,87,4,24,49,321
08059012038,2615,1216,699,654,29,7,4,0,1999,270,4,55,32,255
08059012039,3741,1759,948,945,60,10,5,0,2882,358,4,75,62,360
08059012041,4208,1837,1128,1181,37,8,7,0,3109,401,7,208,65,418
08059012042,2936,1233,779,876,25,8,6,0,2173,312,2,92,38,319
08059012043,4382,1806,1155,1352,41,9,3,0,3398,357,3,99,69,456
08059012044,3177,1410,777,936,40,4,5,0,2413,289,4,72,60,339
08059012045,4372,1913,1037,1360,45,7,2,0,3315,341,6,151,94,465
08059012046,1656,724,412,490,20,1,3,0,1246,205,3,27,26,149
08059012047,2848,1302,701,779,49,4,5,0,2132,313,7,34,49,313
08059012048,1991,802,488,682,15,3,0,0,1577,163,3,36,24,188
08059012049,2893,1256,631,960,33,1,5,0,2248,182,2,102,47,312
08059012050,2919,1251,759,867,31,2,7,0,2087,250,5,214,58,305
08059012051,2797,1100,621,1043,26,3,2,0,2308,141,7,50,36,255
08059012052,4043,1830,943,1198,50,9,5,0,3115,375,7,71,49,426
08059012053,2939,1319,662,901,37,3,2,0,2316,237,4,49,30,303
08059012054,3202,1325,786,1056,31,1,2,0,2501,219,3,99,51,329
08059012055,2878,1229,648,960,28,6,1,0,2252,209,5,46,51,315
08059012057,4306,1875,984,1373,49,8,3,0,3320,336,7,110,60,473
08059012058,3169,1401,738,969,44,8,1,0,2624,90,1,40,38,376
08059012059,2415,1066,447,878,21,2,0,0,1896,196,5,46,37,235
08059012060,2333,1079,576,629,30,10,0,0,1803,225,3,44,46,212
08059015800,3136,1427,1062,586,35,11,5,0,2273,351,10,62,63,377
08059015900,2120,959,637,473,25,9,6,0,1422,351,11,94,31,211
08059060300,3248,1515,943,744,28,8,4,0,2247,317,4,236,69,375
08059060400,2963,1289,970,662,29,4,4,0,2110,338,12,157,50,296
08059060501,7679,3469,2150,1948,76,13,8,0,5797,529,13,266,159,915
08059980000,3,3,0,0,0,0,0,0,3,0,0,0,0,0
08059980400,0,0,0,0,0,0,0,0,0,0,0,0,0,0
08059980700,0,0,0,0,0,0,0,0,0,0,0,0,0,0
08059980800,3,1,2,0,0,0,0,0,0,1,0,0,0,2
08061960100,974,291,93,580,8,0,0,0,836,32,0,6,1,99
08117000101,773,381,263,110,13,6,0,0,599,52,0,9,12,101
08117000102,3366,1589,998,705,52,8,5,0,2578,221,38,46,60,423
08117000103,891,435,259,179,13,2,1,0,715,47,1,6,15,107
08117000201,1049,589,278,165,12,2,1,0,826,76,0,16,21,110
08117000202,1144,598,335,180,21,6,3,0,843,140,2,17,22,120
08117000203,2762,1392,807,509,37,9,2,0,2267,106,4,27,32,326
08117000301,1495,714,450,295,23,8,3,0,1198,56,0,24,23,194
08117000302,1263,628,429,182,15,6,2,0,1023,48,2,16,5,169
08117000403,1170,576,375,202,13,2,0,0,952,40,1,19,14,144
08117000404,1391,652,417,298,17,4,2,0,1113,52,0,20,18,188
08117000405,3314,1675,1096,467,43,18,5,0,2654,117,4,38,53,448
08117000406,1847,981,541,300,16,6,2,0,1471,78,1,25,38,234
08025969601,731,230,129,357,5,3,1,0,543,114,1,2,9,62
08025969602,1338,431,279,596,17,5,4,0,943,252,0,13,13,117
08109977600,2679,1142,925,552,31,10,7,0,2106,248,3,34,38,250
08109977700,1259,431,565,240,14,2,4,0,450,744,0,1,7,57
