FULLCODE,total_reg,party_rep,party_npp,party_dem,party_lib,party_oth,party_unk,eth1_eur,eth1_hisp,eth1_aa,eth1_esa,eth1_oth,eth1_unk
20001952600,1315,755,315,236,9,0,0,1179,15,1,7,4,109
20001952700,1319,748,376,183,12,0,0,1172,15,4,5,3,120
20001952800,2431,1248,756,403,24,0,0,2072,66,47,19,24,203
20001952900,1306,638,393,261,14,0,0,1150,32,8,6,11,99
20001953000,1891,982,534,351,24,0,0,1637,72,10,9,5,158
20119966600,1564,1069,315,169,11,0,0,1272,157,0,10,3,122
20119966700,1180,908,164,104,4,0,0,1000,49,0,5,8,118
20199954100,992,830,110,48,4,0,0,885,26,0,12,15,54
20093959100,1966,1278,412,262,14,0,0,1448,365,2,8,10,133
20177000400,1677,325,632,698,22,0,0,1055,224,268,9,16,105
20177000500,946,161,366,403,16,0,0,584,109,165,12,16,60
20177000600,891,205,333,330,23,0,0,674,105,59,1,4,48
20177000700,1428,464,518,429,17,0,0,1189,71,13,9,7,139
20177000800,1543,446,622,463,12,0,0,1250,121,25,8,10,129
20177000900,1781,545,607,609,20,0,0,1379,220,13,10,21,138
20177001000,1841,315,617,889,20,0,0,1105,604,15,8,9,100
20177001100,869,89,358,410,12,0,0,377,333,106,6,2,45
20177001200,839,92,328,415,4,0,0,335,182,276,3,4,39
20177001300,1798,300,677,796,25,0,0,975,379,297,16,15,116
20177001500,1169,280,365,513,11,0,0,659,137,285,7,8,73
20177001601,1570,573,430,546,21,0,0,1280,106,39,16,11,118
20177001603,1596,451,551,567,27,0,0,1176,128,115,12,15,150
20177001604,2327,857,642,796,32,0,0,1831,132,83,15,35,231
20177001800,2189,609,631,913,36,0,0,1732,144,56,23,29,205
20177001900,2340,945,510,862,23,0,0,1981,99,14,17,16,213
20177002100,1800,453,597,724,26,0,0,1328,161,136,7,8,160
20177002200,1638,482,481,654,21,0,0,1372,99,24,6,12,125
20177002401,2418,1087,508,811,12,0,0,2049,95,25,15,30,204
20177002402,1597,564,455,565,13,0,0,1286,63,73,15,20,140
20177002500,1735,608,506,598,23,0,0,1455,98,30,10,18,124
20177002601,2491,928,689,851,23,0,0,2024,156,60,23,30,198
20177002602,4241,1761,1060,1385,35,0,0,3478,216,86,56,24,381
20177002701,2708,881,844,963,20,0,0,2146,201,79,9,23,250
20177002702,2914,1307,749,831,27,0,0,2335,144,70,63,37,265
20177002800,2182,654,680,821,27,0,0,1700,135,164,8,14,161
20177002900,1417,237,547,621,12,0,0,742,215,356,28,3,73
20177003001,1696,338,580,750,28,0,0,898,306,360,13,22,97
20177003002,3644,1311,1004,1289,40,0,0,2749,337,198,25,40,295
20177003100,2818,657,939,1193,29,0,0,1750,333,547,19,25,144
20177003301,1705,766,494,434,11,0,0,1445,67,3,7,25,158
20177003302,2677,1303,738,618,18,0,0,2317,79,12,13,21,235
20177003401,3655,1742,992,893,28,0,0,3062,130,11,24,36,392
20177003402,3542,1684,975,860,23,0,0,3029,109,8,26,26,344
20177003500,4179,2175,1058,914,32,0,0,3697,91,4,21,14,352
20177003601,3420,1875,865,641,39,0,0,2954,86,6,16,36,322
20177003604,2992,1700,624,651,17,0,0,2504,84,4,40,33,327
20177003605,3718,2020,797,874,27,0,0,3063,153,21,103,33,345
20177003606,2779,1232,702,824,21,0,0,2241,124,33,44,44,293
20177003607,4582,2170,1224,1144,44,0,0,3716,241,47,81,59,438
20177003701,3375,1426,937,981,31,0,0,2734,178,82,33,37,311
20177003702,1765,619,638,464,44,0,0,1447,93,57,17,6,145
20177003901,5323,2336,1385,1560,42,0,0,4497,298,42,26,45,415
20177003902,3475,1806,861,777,31,0,0,2968,96,2,27,20,362
20177004000,970,208,337,418,7,0,0,594,146,145,7,11,67
20177004100,2295,769,698,793,35,0,0,1898,122,25,20,11,219
20105086100,1872,1336,315,200,21,0,0,1544,64,0,4,27,233
20007968100,1750,1369,198,173,10,0,0,1560,23,1,4,15,147
20007968200,994,757,96,134,7,0,0,859,20,1,5,4,105
20153950600,1749,1322,239,174,14,0,0,1407,50,2,8,6,276
20171957100,3179,2300,605,247,27,0,0,2616,258,2,15,8,280
20169000101,1624,661,571,366,26,0,0,1323,92,15,16,12,166
20169000102,1339,524,484,312,19,0,0,1099,65,25,13,12,125
20169000200,1255,428,495,315,17,0,0,970,87,61,25,8,104
20169000300,2599,861,1023,660,55,0,0,2067,214,41,24,21,232
20169000400,1875,744,644,463,24,0,0,1537,144,9,19,11,155
20169000500,2688,992,992,668,36,0,0,1975,375,25,82,9,222
20169000600,1479,591,543,322,23,0,0,1139,151,16,43,7,123
20169000700,4090,2060,1208,779,43,0,0,3355,194,17,118,31,375
20169000800,3106,1712,773,591,30,0,0,2573,164,14,57,19,279
20169000900,4507,2117,1387,952,51,0,0,3710,241,26,74,35,421
20169001000,4274,2672,833,738,31,0,0,3663,115,22,29,35,410
20169001100,2916,1804,704,379,29,0,0,2539,81,0,27,26,243
20169001200,2619,1628,646,326,19,0,0,2297,47,1,22,13,239
20071958100,770,650,79,39,2,0,0,652,46,0,6,9,57
20183475800,1274,962,169,136,7,0,0,1122,9,1,8,8,126
20183475900,1319,949,205,160,5,0,0,1157,14,0,3,5,140
20135956300,1914,1385,291,225,13,0,0,1569,36,4,3,27,275
20121100100,2766,1606,678,455,27,0,0,2450,45,3,20,18,230
20121100200,3378,1859,917,572,30,0,0,2937,63,7,18,30,323
20121100300,2075,1209,497,344,25,0,0,1821,32,2,17,28,175
20121100400,3069,1693,798,537,41,0,0,2686,50,5,20,27,281
20121100500,3151,1695,822,599,35,0,0,2733,54,9,11,16,328
20121100601,4234,1981,1285,901,67,0,0,3739,86,30,12,36,331
20121100602,1318,740,334,231,13,0,0,1158,22,3,7,7,121
20121100700,3006,1218,1034,719,35,0,0,2618,75,21,18,20,254
20115489500,948,625,177,143,3,0,0,755,21,0,3,22,147
20115489600,2230,1506,459,248,17,0,0,1919,47,2,8,20,234
20115489700,2014,1304,414,283,13,0,0,1697,47,1,12,38,219
20115489800,2362,1401,556,384,21,0,0,2104,35,1,3,21,198
20163974600,1563,1162,252,143,6,0,0,1361,25,3,4,18,152
20163974700,1934,1442,307,174,11,0,0,1665,28,5,8,4,224
20083461100,1113,826,159,125,3,0,0,899,44,0,3,10,157
20043020100,1190,821,214,147,8,0,0,1081,11,0,2,4,92
20043020200,1408,987,251,165,5,0,0,1275,14,0,14,10,95
20043020300,1944,1129,527,277,11,0,0,1721,17,19,12,3,172
20067963600,601,420,111,66,4,0,0,459,94,2,1,3,42
20067963700,2910,1811,646,428,25,0,0,1644,1064,3,26,20,153
20197483100,3054,2028,541,460,25,0,0,2544,72,2,25,54,357
20197483200,1767,1051,398,300,18,0,0,1578,24,1,6,19,139
20111000101,1324,324,561,416,23,0,0,886,264,29,16,9,120
20111000102,32,11,8,10,3,0,0,24,3,0,1,0,4
20111000103,745,278,255,205,7,0,0,564,120,5,4,4,48
20111000201,2499,1073,720,684,22,0,0,1940,290,12,35,27,195
20111000202,1576,766,397,405,8,0,0,1234,121,7,38,28,148
20111000203,681,298,176,204,3,0,0,505,100,0,15,8,53
20111000300,2645,781,1012,817,35,0,0,1657,748,20,50,13,157
20111000400,1471,455,513,479,24,0,0,1145,158,14,21,12,121
20111000500,2073,497,908,647,21,0,0,1196,694,17,26,8,132
20111000600,1632,878,454,281,19,0,0,1477,44,2,13,5,91
20111000700,1722,911,492,306,13,0,0,1512,55,0,5,7,143
20111000800,2433,1352,644,415,22,0,0,2091,76,5,10,2,249
20029977100,1450,978,282,178,12,0,0,1255,13,2,5,10,165
20029977200,1297,791,291,205,10,0,0,1127,25,1,11,8,125
20029977300,1869,1092,399,363,15,0,0,1616,39,0,2,17,195
20029977400,946,646,169,127,4,0,0,836,7,0,2,11,90
20069962600,1669,1080,325,246,18,0,0,1334,119,1,11,10,194
20069962700,1406,973,265,154,14,0,0,1147,104,1,14,4,136
20205097100,1220,802,269,137,12,0,0,1147,8,0,5,5,55
20205097200,710,508,137,61,4,0,0,641,13,2,3,7,44
20205097300,1498,1062,244,176,16,0,0,1355,30,1,9,9,94
20205097400,1639,1023,353,246,17,0,0,1478,36,3,13,2,107
20195955800,1786,1151,360,261,14,0,0,1504,13,4,29,15,221
20095961100,1693,1105,350,230,8,0,0,1518,28,0,18,8,121
20095961200,2009,1262,451,282,14,0,0,1793,42,0,13,3,158
20095961300,1230,824,199,195,12,0,0,1102,17,0,5,2,104
20179952800,1555,1130,226,195,4,0,0,1296,26,2,5,8,218
20005081600,3176,1771,742,648,15,0,0,2785,22,25,2,6,336
20005081701,2543,962,841,714,26,0,0,2093,37,116,16,20,261
20005081702,1069,414,378,264,13,0,0,799,34,94,12,10,120
20005081800,1985,705,719,554,7,0,0,1678,41,19,12,16,219
20005081900,2026,704,726,579,17,0,0,1693,46,45,13,19,210
20035493100,1668,1109,321,222,16,0,0,1517,20,0,7,2,122
20035493200,2061,1231,483,332,15,0,0,1858,34,1,6,5,157
20035493300,1936,1150,402,370,14,0,0,1693,48,7,23,10,155
20035493400,1474,726,394,344,10,0,0,1227,70,5,24,5,143
20035493500,2213,999,638,551,25,0,0,1857,110,8,30,12,196
20035493600,2226,991,626,594,15,0,0,1850,119,18,37,12,190
20035493700,1710,777,467,455,11,0,0,1403,140,19,9,11,128
20035493800,2161,955,609,575,22,0,0,1738,198,62,7,8,148
20035493900,2192,1283,496,398,15,0,0,1931,80,2,11,20,148
20035494000,864,331,296,222,15,0,0,724,73,6,5,2,54
20035494100,570,208,221,132,9,0,0,427,92,1,7,4,39
20047969600,842,577,143,120,2,0,0,678,98,0,3,2,61
20047969700,946,599,185,155,7,0,0,778,74,1,5,4,84
20187964100,1054,741,162,143,8,0,0,748,219,0,6,4,77
20039951300,1885,1362,304,205,14,0,0,1551,21,0,6,15,292
20173000100,981,130,421,416,14,0,0,225,668,36,12,6,34
20173000200,1550,399,539,585,27,0,0,1038,348,17,19,14,114
20173000300,1715,263,713,708,31,0,0,825,698,40,31,8,113
20173000400,1154,159,486,501,8,0,0,440,317,269,45,13,70
20173000600,950,49,341,550,10,0,0,172,58,695,11,5,9
20173000700,1472,56,439,974,3,0,0,120,131,1174,11,9,27
20173000800,1088,49,373,658,8,0,0,118,83,849,15,6,17
20173000900,1205,150,439,598,18,0,0,483,118,506,15,13,70
20173001000,2008,363,748,873,24,0,0,1045,198,528,52,39,146
20173001100,1039,128,375,519,17,0,0,419,94,441,13,16,56
20173001400,2849,835,766,1189,59,0,0,2367,162,22,30,27,241
20173001500,1495,411,592,473,19,0,0,1116,193,22,26,24,114
20173001800,670,132,260,271,7,0,0,248,86,206,92,6,32
20173001900,1271,289,441,520,21,0,0,907,111,99,21,20,113
20173002000,1499,572,358,555,14,0,0,1225,46,2,20,27,179
20173002200,1244,545,277,406,16,0,0,1061,35,3,4,10,131
20173002300,1259,335,400,510,14,0,0,1036,82,28,11,18,84
20173002400,694,140,278,270,6,0,0,422,103,95,14,9,51
20173002600,545,91,250,198,6,0,0,338,107,23,18,10,49
20173002700,695,201,241,242,11,0,0,514,83,24,3,4,67
20173002800,1588,479,577,513,19,0,0,1269,155,20,15,16,113
20173002900,1376,400,529,436,11,0,0,991,216,45,25,8,91
20173003000,1022,298,405,309,10,0,0,756,135,32,12,9,78
20173003100,988,231,440,302,15,0,0,715,150,37,8,14,64
20173003200,1163,286,517,340,20,0,0,783,201,37,39,8,95
20173003400,1244,262,546,419,17,0,0,849,217,30,30,12,106
20173003500,1147,293,417,419,18,0,0,871,134,35,10,13,84
20173003600,1624,377,593,626,28,0,0,1080,196,178,31,13,126
20173003700,588,135,256,187,10,0,0,358,114,13,59,4,40
20173003800,1412,398,526,474,14,0,0,990,171,79,46,27,99
20173003900,1823,426,802,571,24,0,0,1201,356,67,57,11,131
20173004000,1949,452,846,621,30,0,0,1313,317,77,52,21,169
20173004301,1215,262,523,401,29,0,0,907,90,67,14,13,124
20173004302,1002,226,398,348,30,0,0,712,123,58,9,13,87
20173005100,2276,646,904,698,28,0,0,1682,276,99,41,19,159
20173005200,2162,679,803,648,32,0,0,1565,276,78,53,18,172
20173005300,2966,945,1145,838,38,0,0,2198,382,55,60,34,237
20173005401,1836,688,693,429,26,0,0,1404,146,14,120,16,136
20173005402,2340,745,975,582,38,0,0,1857,181,49,22,9,222
20173005501,2787,1176,983,592,36,0,0,2423,122,2,23,8,209
20173005502,3101,1382,1061,627,31,0,0,2726,121,5,20,11,218
20173005600,2667,1025,959,648,35,0,0,2182,191,20,51,13,210
20173005700,3101,1149,1182,726,44,0,0,2391,294,18,119,21,258
20173005800,1620,450,738,405,27,0,0,1158,203,24,69,11,155
20173005900,2135,599,896,601,39,0,0,1581,245,66,72,13,158
20173006000,1934,486,754,665,29,0,0,1215,301,121,137,15,145
20173006100,1196,326,487,363,20,0,0,795,227,35,38,4,97
20173006200,1710,415,672,602,21,0,0,1084,239,139,141,11,96
20173006300,1203,366,343,480,14,0,0,834,118,84,52,10,105
20173006400,1036,334,307,372,23,0,0,759,107,31,53,7,79
20173006500,877,148,459,263,7,0,0,358,259,47,153,4,56
20173006600,779,194,341,232,12,0,0,474,95,126,24,11,49
20173006700,1097,256,437,385,19,0,0,690,116,137,65,22,67
20173006800,1726,384,629,689,24,0,0,956,253,306,70,20,121
20173006900,1331,317,490,511,13,0,0,834,182,157,47,20,91
20173007000,1655,348,630,652,25,0,0,979,160,327,64,27,98
20173007101,1113,288,402,417,6,0,0,719,121,126,31,27,89
20173007102,2569,630,954,933,52,0,0,1596,249,352,148,46,178
20173007201,2645,1258,720,639,28,0,0,1948,170,51,137,65,274
20173007205,2013,539,710,745,19,0,0,1251,167,316,82,37,160
20173007206,1607,506,526,550,25,0,0,928,124,167,252,21,115
20173007207,2112,846,708,540,18,0,0,1291,149,50,383,52,187
20173007208,3270,1025,1202,1016,27,0,0,1754,252,250,699,86,229
20173007301,3214,1808,707,666,33,0,0,2480,143,55,103,125,308
20173007302,2585,1140,712,705,28,0,0,2062,112,67,55,58,231
20173007500,1180,125,382,662,11,0,0,240,89,799,17,9,26
20173007600,2761,1003,687,1052,19,0,0,1783,118,480,80,78,222
20173007701,1634,184,442,990,18,0,0,433,89,1011,18,19,64
20173007702,2911,605,885,1394,27,0,0,1243,169,960,238,109,192
20173007800,1247,53,388,798,8,0,0,139,53,1001,13,15,26
20173008000,3542,1464,1208,825,45,0,0,2920,233,34,33,26,296
20173008100,3151,1496,935,676,44,0,0,2609,218,11,47,28,238
20173008200,2592,593,1046,931,22,0,0,1271,1059,52,44,19,147
20173008300,2720,1104,792,791,33,0,0,2065,354,28,21,34,218
20173008400,2012,780,601,598,33,0,0,1488,282,22,29,22,169
20173008500,1648,718,448,457,25,0,0,1326,126,12,32,16,136
20173008600,2271,949,634,667,21,0,0,1754,223,19,41,24,210
20173008700,1993,706,686,570,31,0,0,1465,264,45,25,22,172
20173008800,2543,869,923,714,37,0,0,1926,334,28,40,27,188
20173008900,1644,561,631,426,26,0,0,1274,185,24,38,14,109
20173009000,1370,387,515,446,22,0,0,1038,170,22,14,14,112
20173009100,3062,944,1158,912,48,0,0,2166,403,101,139,21,232
20173009200,1854,813,588,443,10,0,0,1539,105,13,43,18,136
20173009301,3653,1435,1173,983,62,0,0,2857,282,46,93,44,331
20173009303,1854,797,571,464,22,0,0,1534,107,33,31,24,125
20173009304,1338,426,491,400,21,0,0,1010,126,60,17,10,115
20173009401,2724,1296,775,621,32,0,0,2274,178,21,29,11,211
20173009402,1655,814,430,399,12,0,0,1421,55,8,14,17,140
20173009504,3062,1459,854,702,47,0,0,2486,182,18,53,25,298
20173009505,2286,1248,515,507,16,0,0,1913,127,4,29,24,189
20173009506,3208,1491,989,691,37,0,0,2595,227,21,47,29,289
20173009507,4559,2640,1143,741,35,0,0,3772,213,10,52,40,472
20173009508,2195,1191,632,347,25,0,0,1855,112,0,21,18,189
20173009509,4807,2813,1302,658,34,0,0,4041,219,6,73,35,433
20173009510,3681,2012,930,717,22,0,0,3060,185,4,66,42,324
20173009511,4457,2025,1482,905,45,0,0,3515,350,25,131,39,397
20173009512,2958,1576,722,625,35,0,0,2468,140,14,44,21,271
20173009513,3039,1349,887,769,34,0,0,2456,228,24,80,25,226
20173009514,2952,1881,605,446,20,0,0,2460,104,7,98,30,253
20173009515,4346,2177,1241,881,47,0,0,3411,302,15,142,63,413
20173009603,1809,785,625,381,18,0,0,1423,113,20,97,9,147
20173009604,1743,953,527,236,27,0,0,1549,34,1,8,5,146
20173009605,3983,2134,1165,637,47,0,0,3336,160,5,85,30,367
20173009700,3966,1989,1270,655,52,0,0,3404,167,3,27,26,339
20173009801,2663,1105,927,576,55,0,0,2242,153,6,13,23,226
20173009803,3541,1746,1063,704,28,0,0,2960,145,13,45,27,351
20173009804,2399,1171,764,436,28,0,0,2081,78,3,14,22,201
20173009901,3337,1782,934,583,38,0,0,2831,106,15,44,33,308
20173009902,3949,2035,1174,693,47,0,0,3462,120,5,20,22,320
20173010001,3454,1944,878,600,32,0,0,2806,81,33,150,75,309
20173010002,3446,1837,927,649,33,0,0,2519,123,60,368,67,309
20173010003,1259,434,482,327,16,0,0,832,87,105,140,15,80
20173010005,2448,1157,807,441,43,0,0,2080,115,6,32,22,193
20173010006,1063,549,315,186,13,0,0,878,37,2,54,8,84
20173010007,4057,2054,1195,767,41,0,0,3420,170,12,61,38,356
20173010106,2204,1079,580,527,18,0,0,1651,97,52,102,94,208
20173010107,2572,1140,607,799,26,0,0,1919,129,141,77,69,237
20173010108,1777,977,372,407,21,0,0,1378,25,41,69,108,156
20173010109,1301,478,412,398,13,0,0,806,74,176,53,67,125
20173010110,1304,708,266,321,9,0,0,1029,49,9,35,53,129
20173010111,5458,2599,1467,1340,52,0,0,4173,272,185,151,158,519
20173010113,3255,1570,899,744,42,0,0,2600,129,122,52,65,287
20173010115,6107,3384,1572,1099,52,0,0,4620,206,77,397,220,587
20173010116,2595,1395,705,465,30,0,0,2039,94,46,91,56,269
20173010201,3218,1642,1007,524,45,0,0,2820,125,3,19,17,234
20173010202,3363,1961,880,493,29,0,0,2887,103,11,42,17,303
20173010301,5763,3089,1560,1077,37,0,0,4641,285,22,217,88,510
20173010302,5705,3078,1645,922,60,0,0,4747,315,16,73,49,505
20173010400,1440,775,421,225,19,0,0,1236,61,0,8,6,129
20173010500,3095,2059,669,338,29,0,0,2660,48,0,35,31,321
20173010600,2914,1862,683,347,22,0,0,2520,37,0,10,17,330
20173010700,2158,1308,544,289,17,0,0,1899,30,0,10,8,211
20173010801,1651,482,544,609,16,0,0,1067,120,199,60,57,148
20173010802,1913,563,670,651,29,0,0,1299,99,124,93,97,201
20173010900,2826,1306,671,815,34,0,0,2340,121,20,32,48,265
20185470600,999,710,154,125,10,0,0,861,39,1,4,8,86
20185470700,1417,1059,196,154,8,0,0,1208,87,0,8,6,108
20033967600,1084,850,108,119,7,0,0,991,13,1,6,8,65
20009971100,2565,1783,465,306,11,0,0,2125,52,0,12,27,349
20009971200,1159,777,210,168,4,0,0,960,22,0,5,10,162
20009971300,1885,1155,425,289,16,0,0,1605,48,1,4,12,215
20009971400,1293,719,336,224,14,0,0,992,135,16,5,9,136
20009971500,2185,1490,403,283,9,0,0,1785,86,5,15,13,281
20009971600,2373,1439,527,383,24,0,0,1956,146,3,18,15,235
20009971700,1105,484,392,217,12,0,0,771,224,2,5,7,96
20009971801,2777,1659,669,432,17,0,0,2149,259,52,23,9,285
20037956600,2772,928,895,925,24,0,0,2386,47,5,8,21,305
20037956700,2597,1202,752,627,16,0,0,2326,30,1,15,13,212
20037956800,2229,1017,593,605,14,0,0,1988,27,5,9,3,197
20037956900,2783,953,764,1052,14,0,0,2361,57,2,21,21,321
20037957000,2003,755,627,599,22,0,0,1714,76,15,12,18,168
20037957100,1259,362,490,392,15,0,0,1068,53,9,16,4,109
20037957200,1107,358,385,355,9,0,0,966,43,3,5,9,81
20037957300,1739,666,534,526,13,0,0,1504,50,9,7,15,154
20037957400,1286,469,417,375,25,0,0,1125,32,11,10,8,100
20037957500,1326,405,488,414,19,0,0,1103,66,19,7,10,121
20037957601,2549,1028,756,742,23,0,0,2118,79,15,33,51,253
20037957602,1253,431,440,358,24,0,0,1047,37,21,11,12,125
20027458100,2509,1841,419,228,21,0,0,2193,38,2,14,14,248
20027458200,2850,1963,527,329,31,0,0,2495,51,5,17,20,262
20023950200,1770,1338,231,190,11,0,0,1491,50,1,9,7,212
20051072600,1855,1080,412,348,15,0,0,1659,19,0,4,13,160
20051072701,3470,1779,892,757,42,0,0,2913,90,5,35,33,394
20051072702,1899,1057,511,315,16,0,0,1564,70,2,12,23,228
20051072801,3477,1853,852,737,35,0,0,2894,104,6,30,24,419
20051072802,2142,1323,440,364,15,0,0,1795,73,6,23,24,221
20051072901,1580,658,507,386,29,0,0,1291,81,3,10,22,173
20051072902,989,377,367,225,20,0,0,733,114,2,13,15,112
20051073000,2455,1336,638,457,24,0,0,2102,35,2,4,19,293
20129964600,1687,1220,279,176,12,0,0,1343,225,1,16,9,93
20107955101,1848,1101,473,264,10,0,0,1666,29,4,7,8,134
20107955102,1878,1033,537,289,19,0,0,1670,38,1,9,14,146
20107955200,2909,1833,628,422,26,0,0,2644,48,7,8,9,193
20097969100,1357,1107,119,125,6,0,0,1229,15,1,8,3,101
20125950100,1098,735,234,117,12,0,0,975,24,0,4,8,87
20125950200,1691,1015,412,248,16,0,0,1515,41,1,8,12,114
20125950300,2478,1544,493,422,19,0,0,2096,101,20,23,9,229
20125950400,1388,702,335,330,21,0,0,1186,57,23,11,5,106
20125950500,924,468,260,185,11,0,0,768,25,49,2,7,73
20125950600,1700,928,395,357,20,0,0,1373,58,90,12,4,163
20125950700,2139,1462,344,316,17,0,0,1931,29,0,4,15,160
20125950800,2455,1349,472,616,18,0,0,2155,54,25,24,28,169
20125951000,713,275,223,207,8,0,0,562,42,49,3,3,54
20125951100,1389,601,393,387,8,0,0,1161,46,64,7,7,104
20125951300,1094,697,229,156,12,0,0,976,35,0,7,4,72
20125951400,801,279,229,285,8,0,0,623,33,84,2,3,56
20041084100,2602,1779,509,293,21,0,0,2215,64,3,14,22,284
20041084200,1744,1130,380,222,12,0,0,1476,34,2,21,15,196
20041084300,1411,866,307,221,17,0,0,1217,48,6,7,14,119
20041084400,3231,1975,736,484,36,0,0,2772,118,6,14,13,308
20041084500,1936,1241,440,237,18,0,0,1624,36,7,5,16,248
20041084600,1380,678,399,295,8,0,0,1159,51,1,4,12,153
20065952300,1552,1143,223,179,7,0,0,1355,15,11,6,17,148
20167973800,2753,1887,516,331,19,0,0,2361,64,5,32,7,284
20167973900,1552,1083,241,223,5,0,0,1329,16,0,14,5,188
20089576300,1930,1376,369,169,16,0,0,1733,23,1,3,8,162
20161000201,1267,513,382,350,22,0,0,1020,63,32,16,16,120
20161000202,3379,1236,1099,989,55,0,0,2695,216,61,37,37,333
20161000303,434,135,158,126,15,0,0,330,30,6,8,6,54
20161000304,2214,878,609,683,44,0,0,1817,111,20,46,26,194
20161000500,2056,640,679,679,58,0,0,1643,125,21,26,29,212
20161000601,2475,1156,591,709,19,0,0,1951,103,24,92,29,276
20161000602,3539,1494,1012,974,59,0,0,2759,151,96,122,62,349
20161000700,1888,667,536,659,26,0,0,1526,98,13,33,20,198
20161000801,1716,482,570,609,55,0,0,1316,130,22,23,26,199
20161000802,1180,318,403,439,20,0,0,904,77,68,14,11,106
20161000900,2923,1334,852,693,44,0,0,2330,133,82,38,38,302
20161001002,823,244,384,174,21,0,0,501,161,44,12,18,87
20161001101,1085,346,363,356,20,0,0,830,69,19,18,18,131
20161001102,2044,926,512,584,22,0,0,1646,101,28,52,12,205
20161001301,2485,1203,572,686,24,0,0,1976,87,38,86,57,241
20161001302,3598,2209,789,561,39,0,0,3058,96,3,30,21,390
20161980000,0,0,0,0,0,0,0,0,0,0,0,0,0
20133951600,2452,1398,611,426,17,0,0,2174,25,1,18,19,215
20133951700,1344,587,470,270,17,0,0,1154,56,9,5,10,110
20133951800,2659,1317,795,516,31,0,0,2266,116,44,24,10,199
20133951900,1825,876,556,371,22,0,0,1556,79,7,17,19,147
20133952000,1609,878,458,262,11,0,0,1433,21,0,8,2,145
20193953100,3590,2446,683,429,32,0,0,3032,96,7,12,27,416
20193953400,1356,1042,196,106,12,0,0,1149,44,1,5,5,152
20113788100,1661,1125,343,183,10,0,0,1451,23,2,10,9,166
20113788200,2405,1229,556,597,23,0,0,2115,52,7,12,24,195
20113788300,1915,1311,343,245,16,0,0,1680,26,1,8,15,185
20113788400,4190,2560,891,696,43,0,0,3607,115,5,45,39,379
20113788500,928,471,258,187,12,0,0,792,38,4,3,7,84
20113788600,3199,1820,808,527,44,0,0,2716,129,11,23,15,305
20113788700,3348,2111,773,421,43,0,0,2849,50,6,21,28,394
20063955300,1968,1492,259,212,5,0,0,1665,31,1,8,28,235
20145970200,2425,1483,509,406,27,0,0,2050,138,15,11,13,198
20145970300,1104,758,170,172,4,0,0,972,42,0,6,7,77
20049965100,1634,1140,258,227,9,0,0,1492,40,0,6,5,91
20021958100,1791,827,479,470,15,0,0,1633,16,4,4,10,124
20021958200,1389,755,323,301,10,0,0,1280,15,0,5,7,82
20021958300,2388,1198,562,600,28,0,0,2133,44,2,7,24,178
20021958400,2450,1188,714,529,19,0,0,2248,22,2,16,9,153
20021958500,2232,979,778,456,19,0,0,2040,39,6,6,2,139
20021958600,2691,1172,886,606,27,0,0,2398,55,7,11,19,201
20099950100,1855,690,691,451,23,0,0,1535,92,36,16,15,161
20099950200,1248,348,524,363,13,0,0,979,59,104,12,7,87
20099950300,1665,575,673,400,17,0,0,1415,62,30,12,18,128
20099950400,1961,755,659,525,22,0,0,1666,57,76,20,3,139
20099950500,2469,1288,726,440,15,0,0,2228,24,1,13,8,195
20099950600,1716,1004,427,278,7,0,0,1503,23,0,4,8,178
20099950700,1229,664,369,188,8,0,0,1115,13,4,8,2,87
20099950800,823,343,302,169,9,0,0,728,10,12,2,1,70
20085082600,3451,1815,930,682,24,0,0,3000,50,7,18,24,352
20085082700,2599,1335,679,569,16,0,0,2246,56,5,8,12,272
20085082800,2565,1293,706,543,23,0,0,2087,84,4,11,106,273
20079030100,2990,1210,728,1037,15,0,0,2411,243,6,18,25,287
20079030200,3563,1595,896,1055,17,0,0,2941,271,17,22,24,288
20079030300,3569,1550,989,1011,19,0,0,2713,471,25,33,32,295
20079030400,3303,1439,910,914,40,0,0,2654,324,16,24,31,254
20079030500,4190,2564,913,676,37,0,0,3679,93,3,20,26,369
20079030601,2353,1527,454,350,22,0,0,2011,76,3,11,15,237
20079030602,2215,1162,651,376,26,0,0,1927,60,4,16,17,191
20073965600,1411,844,402,158,7,0,0,1285,27,2,4,5,88
20073965700,1659,953,492,203,11,0,0,1503,37,16,6,1,96
20073965800,1267,803,289,173,2,0,0,1156,19,7,7,4,74
20191962100,3293,1667,1022,564,40,0,0,2905,95,5,14,28,246
20191962200,3512,2061,942,487,22,0,0,3067,74,2,18,14,337
20191962300,1756,1033,380,325,18,0,0,1534,32,1,9,11,169
20191962400,2831,1418,779,590,44,0,0,2411,146,9,13,16,236
20191962500,2441,1122,738,549,32,0,0,2033,184,21,7,15,181
20191962600,1579,871,389,291,28,0,0,1410,27,5,12,11,114
20157978100,766,553,115,94,4,0,0,616,2,0,1,9,138
20157978200,1018,774,134,105,5,0,0,906,6,0,1,12,93
20157978300,1416,1002,228,180,6,0,0,1211,26,0,5,21,153
20149000101,1682,1110,345,216,11,0,0,1424,25,0,15,8,210
20149000102,4674,2612,1215,800,47,0,0,3920,164,27,36,45,482
20149000200,3836,2307,876,598,55,0,0,3346,61,2,21,22,384
20149000300,2905,2207,449,235,14,0,0,2337,157,2,12,34,363
20149000400,2833,1889,488,442,14,0,0,2457,46,8,11,11,300
20061000100,630,164,272,183,11,0,0,367,74,120,13,5,51
20061000200,962,245,423,282,12,0,0,522,120,219,27,8,66
20061000300,2173,698,778,664,33,0,0,1298,234,391,42,32,176
20061000401,2011,779,618,596,18,0,0,1396,174,230,44,19,148
20061000402,1094,468,356,252,18,0,0,816,75,92,13,7,91
20061000500,1248,453,440,336,19,0,0,873,125,115,23,7,105
20061000601,159,52,69,35,3,0,0,82,35,11,3,4,24
20061000602,835,226,379,206,24,0,0,504,164,41,15,21,90
20061000700,1358,710,400,230,18,0,0,1116,68,23,24,23,104
20061000801,1190,511,374,297,8,0,0,786,124,150,18,10,102
20061000802,2369,1219,737,383,30,0,0,1816,164,119,37,28,205
20131480100,2203,1505,461,219,18,0,0,1786,22,5,11,9,370
20131480200,3031,1712,674,630,15,0,0,2360,26,1,24,17,603
20131480300,1655,1012,357,279,7,0,0,1350,12,0,14,5,274
20017960600,1672,1140,255,269,8,0,0,1471,26,2,5,6,162
20181453600,945,722,149,69,5,0,0,795,30,0,8,10,102
20181453700,2526,1715,503,292,16,0,0,2067,180,1,18,18,242
20015020101,1592,1079,296,201,16,0,0,1408,25,4,7,14,134
20015020102,1600,900,404,278,18,0,0,1379,34,19,14,8,146
20015020204,2270,1327,576,345,22,0,0,2031,35,4,12,19,169
20015020205,2510,1329,700,449,32,0,0,2155,72,47,21,12,203
20015020206,2747,1402,846,480,19,0,0,2282,114,5,47,33,266
20015020207,2489,1256,763,435,35,0,0,2041,119,5,48,37,239
20015020208,1918,1003,564,338,13,0,0,1527,76,7,73,27,208
20015020209,1317,734,369,190,24,0,0,1154,24,3,11,9,116
20015020210,1959,989,630,307,33,0,0,1610,81,4,43,28,193
20015020300,2432,1297,624,492,19,0,0,2125,63,8,21,20,195
20015020400,1335,632,415,268,20,0,0,1159,43,4,13,11,105
20015020500,2929,1367,813,705,44,0,0,2583,96,14,26,18,192
20015020601,3062,1863,728,427,44,0,0,2646,72,3,21,26,294
20015020602,2156,1419,435,285,17,0,0,1932,41,4,7,8,164
20015020700,2459,1270,687,482,20,0,0,2192,57,2,10,15,183
20015020800,1557,707,531,296,23,0,0,1381,51,0,8,7,110
20015020901,3075,1828,798,415,34,0,0,2699,57,5,20,21,273
20015020902,2491,1266,785,407,33,0,0,2204,60,1,13,17,196
20015020903,2338,1312,675,332,19,0,0,2065,43,0,12,20,198
20207096600,1041,678,217,135,11,0,0,944,9,0,3,1,84
20207096700,986,672,175,131,8,0,0,902,13,0,4,3,64
20045000100,1952,357,527,1049,19,0,0,1588,96,66,25,16,161
20045000201,1213,199,391,605,18,0,0,933,77,54,20,11,118
20045000202,3530,396,837,2247,50,0,0,2850,153,77,48,56,346
20045000301,1698,235,575,860,28,0,0,1325,89,18,28,36,202
20045000302,1127,159,298,654,16,0,0,903,51,8,17,19,129
20045000400,1083,216,467,389,11,0,0,800,54,27,31,25,146
20045000501,2041,317,567,1127,30,0,0,1567,130,100,25,34,185
20045000502,3038,497,781,1727,33,0,0,2385,126,27,56,53,391
20045000602,4546,1477,1169,1859,41,0,0,3582,177,47,161,91,488
20045000603,7009,1898,1929,3110,72,0,0,5647,259,106,151,140,706
20045000604,3799,955,980,1820,44,0,0,3048,150,63,88,57,393
20045000701,3087,908,750,1409,20,0,0,2450,126,20,78,74,339
20045000703,2224,447,629,1120,28,0,0,1784,95,32,40,34,239
20045000704,2059,349,553,1124,33,0,0,1604,100,41,44,32,238
20045000797,3646,1122,862,1633,29,0,0,2942,135,39,107,56,367
20045000801,3627,812,1082,1678,55,0,0,2768,210,65,101,78,405
20045000802,3644,839,1080,1687,38,0,0,2787,203,96,73,70,415
20045000902,1102,251,327,508,16,0,0,897,59,14,12,17,103
20045000903,1042,171,273,583,15,0,0,832,42,12,22,16,118
20045000904,2080,299,735,1008,38,0,0,1545,147,112,43,40,193
20045001001,1859,320,425,1093,21,0,0,1543,75,14,31,32,164
20045001002,3673,806,1075,1756,36,0,0,2833,196,100,82,86,376
20045001201,1570,722,350,482,16,0,0,1372,23,3,8,22,142
20045001202,4917,2011,1502,1345,59,0,0,4247,136,7,38,36,453
20045001203,4620,2020,1236,1311,53,0,0,4037,103,12,14,32,422
20045001400,3908,1688,960,1221,39,0,0,3414,66,17,36,42,333
20045001500,1785,729,425,616,15,0,0,1518,50,16,15,15,171
20091050000,3843,1299,857,1649,38,0,0,3091,231,2,77,71,371
20091050100,2974,830,736,1363,45,0,0,2322,241,58,40,39,274
20091050200,2669,755,739,1145,30,0,0,2173,185,32,11,31,237
20091050301,2424,598,740,1042,44,0,0,1887,182,67,35,36,217
20091050302,1409,437,328,631,13,0,0,1093,90,15,27,22,162
20091050400,3188,928,865,1344,51,0,0,2436,279,101,51,39,282
20091050500,1792,630,476,666,20,0,0,1416,123,27,20,29,177
20091050600,3437,1261,839,1299,38,0,0,2820,165,12,45,40,355
20091050700,3646,1362,780,1473,31,0,0,3033,101,3,49,56,404
20091050800,2196,1184,415,582,15,0,0,1847,43,1,50,31,224
20091050900,3614,1616,723,1249,26,0,0,2954,93,2,61,71,433
20091051000,2748,993,672,1049,34,0,0,2264,99,4,38,31,312
20091051100,2528,788,661,1047,32,0,0,2028,139,25,44,25,267
20091051200,2812,906,768,1087,51,0,0,2274,152,40,39,61,246
20091051300,2911,970,763,1148,30,0,0,2398,143,14,43,23,290
20091051400,2600,1107,508,956,29,0,0,2168,69,2,40,44,277
20091051500,2777,967,667,1119,24,0,0,2268,103,10,58,56,282
20091051600,4422,2067,954,1377,24,0,0,3696,80,8,68,71,499
20091051700,3665,1747,712,1167,39,0,0,3072,56,10,49,74,404
20091051801,3352,1627,651,1056,18,0,0,2802,37,4,40,52,417
20091051803,2988,1049,819,1074,46,0,0,2340,199,51,62,46,290
20091051804,3401,1332,824,1213,32,0,0,2617,152,53,56,83,440
20091051805,4148,1725,931,1450,42,0,0,3403,138,30,77,61,439
20091051806,3983,1730,886,1338,29,0,0,3311,123,13,69,59,408
20091051807,2957,1130,652,1140,35,0,0,2440,91,13,70,50,293
20091051808,1455,431,393,616,15,0,0,1053,91,90,28,30,163
20091051902,3053,1104,822,1081,46,0,0,2361,178,64,65,61,324
20091051904,4518,1901,1091,1471,55,0,0,3555,201,65,91,121,485
20091051907,1785,435,569,742,39,0,0,1177,209,153,34,63,149
20091051908,1092,435,275,371,11,0,0,841,35,51,32,34,99
20091051909,3819,1394,1022,1351,52,0,0,3046,171,67,85,78,372
20091051910,940,208,326,386,20,0,0,670,74,71,16,18,91
20091051911,1697,485,514,672,26,0,0,1233,164,93,27,33,147
20091051912,1632,580,434,587,31,0,0,1277,123,44,15,29,144
20091052001,1452,384,467,583,18,0,0,1161,94,19,22,22,134
20091052004,1239,443,309,474,13,0,0,979,63,25,18,31,123
20091052005,1736,554,487,672,23,0,0,1348,125,33,38,28,164
20091052006,2177,715,624,805,33,0,0,1621,192,89,27,48,200
20091052101,1197,386,325,476,10,0,0,953,75,21,13,13,122
20091052102,1667,603,480,558,26,0,0,1329,118,15,14,23,168
20091052201,2334,703,673,926,32,0,0,1667,210,136,49,56,216
20091052202,2679,1125,648,878,28,0,0,2204,184,10,26,33,222
20091052304,3449,1344,909,1156,40,0,0,2702,214,55,97,51,330
20091052305,3677,1548,873,1217,39,0,0,3021,178,21,57,49,351
20091052306,2896,1497,622,759,18,0,0,2363,71,7,70,45,340
20091052307,2627,1022,702,875,28,0,0,2038,134,84,67,58,246
20091052308,2201,774,579,824,24,0,0,1596,109,174,103,38,181
20091052410,3631,1515,880,1196,40,0,0,2859,150,60,104,63,395
20091052411,2457,1115,559,753,30,0,0,1915,91,7,106,68,270
20091052414,3309,1506,686,1079,38,0,0,2729,109,19,73,83,296
20091052415,2962,1140,807,984,31,0,0,2337,121,99,84,45,276
20091052416,3269,1411,758,1062,38,0,0,2701,138,37,39,50,304
20091052417,2160,616,657,852,35,0,0,1548,159,151,38,46,218
20091052418,1335,307,446,558,24,0,0,823,148,170,41,39,114
20091052419,3105,1228,746,1093,38,0,0,2356,164,127,102,71,285
20091052421,3331,1380,709,1202,40,0,0,2742,117,28,47,67,330
20091052422,3595,1440,873,1237,45,0,0,2772,205,72,97,101,348
20091052423,980,235,335,386,24,0,0,646,106,80,30,23,95
20091052502,1375,686,294,380,15,0,0,1120,60,11,16,16,152
20091052505,1674,706,420,528,20,0,0,1303,58,25,56,29,203
20091052506,1162,592,258,303,9,0,0,937,36,5,25,15,144
20091052507,1532,638,403,474,17,0,0,1149,55,105,39,34,150
20091052604,1720,958,400,348,14,0,0,1439,50,3,28,17,183
20091052606,1342,576,354,388,24,0,0,1108,69,17,26,15,107
20091052607,1568,804,409,335,20,0,0,1323,43,8,30,25,139
20091052608,4862,2655,1105,1069,33,0,0,3853,148,33,208,89,531
20091052609,4424,2179,1110,1099,36,0,0,3530,137,12,141,83,521
20091052610,4052,1721,1126,1156,49,0,0,3245,177,62,102,59,407
20091052611,1873,852,451,555,15,0,0,1534,71,21,29,29,189
20091052612,2198,1048,535,582,33,0,0,1784,78,19,33,32,252
20091052613,4997,2161,1307,1471,58,0,0,4021,196,54,149,83,494
20091052701,3654,1786,888,918,62,0,0,2999,258,5,19,49,324
20091052702,1551,841,360,334,16,0,0,1319,45,2,10,33,142
20091052803,2283,751,722,779,31,0,0,1551,215,162,59,59,237
20091052804,3832,2195,811,785,41,0,0,3224,85,11,87,65,360
20091052805,5133,2295,1324,1458,56,0,0,4081,250,64,94,121,523
20091052806,3961,1635,1047,1239,40,0,0,3115,169,84,103,96,394
20091052807,3444,1690,782,939,33,0,0,2752,110,14,124,65,379
20091052904,2214,876,626,676,36,0,0,1709,134,34,63,33,241
20091052905,1762,476,562,694,30,0,0,1102,269,140,48,36,167
20091052906,2818,1026,868,873,51,0,0,2139,233,98,39,49,260
20091052907,2368,804,697,826,41,0,0,1710,197,125,74,48,214
20091052908,3145,1116,907,1077,45,0,0,2338,232,109,80,77,309
20091052910,3116,1436,697,939,44,0,0,2517,123,56,96,60,264
20091053004,2766,1104,717,911,34,0,0,2177,104,42,71,78,294
20091053005,1163,425,309,413,16,0,0,884,64,47,27,32,109
20091053006,2635,1156,626,827,26,0,0,2123,92,39,28,41,312
20091053007,3262,1353,901,967,41,0,0,2486,150,77,110,74,365
20091053008,3303,1461,819,987,36,0,0,2571,125,70,93,81,363
20091053009,3983,2045,873,1025,40,0,0,3148,115,20,153,98,449
20091053010,3496,1853,764,857,22,0,0,2756,92,8,159,86,395
20091053011,1735,794,409,518,14,0,0,1336,70,13,112,29,175
20091053012,2282,903,588,773,18,0,0,1762,85,57,91,55,232
20091053013,1582,668,379,517,18,0,0,1127,92,22,89,50,202
20091053101,2914,1197,719,957,41,0,0,2281,108,27,89,85,324
20091053102,3034,1302,743,944,45,0,0,2375,102,32,97,69,359
20091053105,2110,698,627,767,18,0,0,1507,125,68,131,63,216
20091053108,3457,1494,850,1084,29,0,0,2694,125,30,153,103,352
20091053109,1592,586,459,533,14,0,0,1079,51,25,194,78,165
20091053110,2676,1208,697,748,23,0,0,2050,69,13,205,102,237
20091053201,1828,911,372,537,8,0,0,1470,44,5,58,49,202
20091053202,2974,1327,603,1017,27,0,0,2318,72,22,73,84,405
20091053203,4033,2037,880,1092,24,0,0,3079,120,25,137,142,530
20091053301,4471,2358,886,1185,42,0,0,3528,95,12,165,109,562
20091053302,5713,3041,1079,1548,45,0,0,4666,103,25,155,131,633
20091053403,2464,1074,681,688,21,0,0,1861,132,27,126,67,251
20091053409,2901,1541,675,661,24,0,0,2174,76,47,126,108,370
20091053411,3771,1859,956,923,33,0,0,3034,91,17,90,145,394
20091053413,2714,1249,686,748,31,0,0,1968,109,22,197,73,345
20091053414,2057,914,546,577,20,0,0,1495,73,22,124,100,243
20091053415,2449,1063,623,735,28,0,0,1851,90,50,85,100,273
20091053417,2990,1464,687,820,19,0,0,2122,75,18,232,164,379
20091053418,2898,1204,848,816,30,0,0,2009,112,29,237,174,337
20091053419,1189,657,238,289,5,0,0,983,19,10,26,31,120
20091053421,2720,1232,733,732,23,0,0,2120,80,24,168,75,253
20091053422,1955,1015,472,444,24,0,0,1479,50,12,122,89,203
20091053423,4715,2389,1227,1062,37,0,0,3434,111,18,379,277,496
20091053425,2137,1007,552,557,21,0,0,1646,67,18,113,78,215
20091053426,3973,1838,1050,1033,52,0,0,3119,139,39,153,111,412
20091053427,3247,1830,793,601,23,0,0,2465,64,6,216,145,351
20091053428,2398,1292,586,496,24,0,0,1744,50,11,210,132,251
20091053429,3574,1959,795,793,27,0,0,2534,87,17,293,185,458
20091053430,3717,1907,885,890,35,0,0,2857,79,6,201,125,449
20091053431,1867,1016,434,397,20,0,0,1473,33,4,86,55,216
20091053502,1466,534,416,485,31,0,0,1058,142,79,19,22,146
20091053506,2613,1156,686,741,30,0,0,2086,119,33,75,51,249
20091053507,4282,1943,1096,1180,63,0,0,3463,230,55,71,79,384
20091053508,3975,1710,1070,1146,49,0,0,3203,226,62,55,47,382
20091053509,4698,1985,1307,1328,78,0,0,3630,225,94,137,84,528
20091053510,3478,1523,993,928,34,0,0,2719,182,49,127,74,327
20091053555,995,354,300,325,16,0,0,747,91,54,13,5,85
20091053556,1050,389,308,341,12,0,0,812,124,11,8,9,86
20091053557,978,406,275,283,14,0,0,746,119,13,9,9,82
20091053558,2066,838,582,618,28,0,0,1575,109,36,64,37,245
20091053559,2336,1079,635,591,31,0,0,1872,103,35,75,28,223
20091053560,2972,1583,690,665,34,0,0,2431,87,11,63,50,330
20091053601,955,380,283,281,11,0,0,764,92,14,10,2,73
20091053603,1713,816,421,460,16,0,0,1431,73,13,24,20,152
20091053604,2983,1159,831,942,51,0,0,2296,238,57,63,32,297
20091053701,1786,896,505,352,33,0,0,1547,66,1,5,17,150
20091053703,1928,866,594,437,31,0,0,1544,116,28,15,20,205
20091053705,1601,618,546,401,36,0,0,1277,120,20,23,11,150
20091053707,2777,1164,831,732,50,0,0,2265,147,31,37,10,287
20091053709,3662,1652,997,939,74,0,0,3004,201,32,34,28,363
20091053711,3155,1676,762,668,49,0,0,2654,87,14,48,30,322
20091053712,2765,1378,763,580,44,0,0,2286,102,31,30,27,289
20091053801,5526,2818,1483,1152,73,0,0,4653,182,29,32,52,578
20091053803,3516,1969,788,714,45,0,0,2955,110,6,39,77,329
20091053804,2537,1474,559,477,27,0,0,2028,56,1,86,85,281
20091980001,721,278,197,237,9,0,0,580,30,8,18,9,76
20091980003,0,0,0,0,0,0,0,0,0,0,0,0,0
20091980004,4,1,1,2,0,0,0,2,1,1,0,0,0
20091980005,4,0,2,2,0,0,0,4,0,0,0,0,0
20091980100,12,6,4,2,0,0,0,9,0,0,0,0,3
20123176600,2769,1895,523,339,12,0,0,2420,45,2,13,25,264
20123176700,1278,862,234,179,3,0,0,1107,8,3,8,25,127
20175965600,1153,744,252,151,6,0,0,829,263,0,5,8,48
20175965700,2645,1476,703,440,26,0,0,1643,728,15,79,19,161
20175965800,2088,899,717,449,23,0,0,1006,853,25,86,18,100
20175965900,2534,784,1018,697,35,0,0,860,1441,29,63,30,111
20175966000,1463,411,607,419,26,0,0,472,844,30,53,11,53
20189965100,428,322,73,33,0,0,0,347,54,0,2,2,23
20189965200,1926,1437,285,182,22,0,0,1397,372,1,11,17,128
20011955600,1758,968,441,336,13,0,0,1583,17,4,8,9,137
20011955700,1618,997,353,254,14,0,0,1496,9,5,1,17,90
20011955800,3657,1566,1223,846,22,0,0,3111,66,15,33,27,405
20011955900,2037,982,588,447,20,0,0,1822,37,40,5,8,125
20011956000,1796,761,591,424,20,0,0,1531,68,5,17,19,156
20055960100,2348,1393,655,281,19,0,0,1675,477,1,7,13,175
20055960200,3022,943,1155,891,33,0,0,1196,1475,44,39,101,167
20055960300,1813,841,567,383,22,0,0,1143,505,4,22,26,113
20055960401,1320,828,285,194,13,0,0,910,271,0,38,8,93
20055960403,1446,735,404,286,21,0,0,879,380,2,62,20,103
20055960404,2009,999,551,440,19,0,0,1203,484,56,47,85,134
20055960501,992,361,366,249,16,0,0,402,536,0,13,1,40
20055960503,685,440,143,101,1,0,0,470,133,1,17,8,56
20055960505,625,159,260,194,12,0,0,227,340,0,23,2,33
20055960507,1649,427,780,426,16,0,0,802,353,243,61,58,132
20055960508,954,264,435,248,7,0,0,260,556,1,77,7,53
20055960600,2046,626,863,527,30,0,0,737,1147,10,36,20,96
20103070100,1044,280,375,381,8,0,0,731,56,152,22,7,76
20103070200,1449,426,558,453,12,0,0,1054,92,155,5,15,128
20103070300,3417,1257,1146,961,53,0,0,2750,149,188,29,27,274
20103070400,2108,699,722,664,23,0,0,1688,86,101,15,17,201
20103070500,2710,826,887,975,22,0,0,1945,115,390,29,18,213
20103070700,3139,1157,994,950,38,0,0,2482,132,223,35,19,248
20103070900,2083,1079,513,472,19,0,0,1781,40,1,6,13,242
20103071000,2888,1466,763,629,30,0,0,2490,84,49,19,23,223
20103071102,1927,786,627,490,24,0,0,1656,82,35,18,22,114
20103071103,1757,770,544,419,24,0,0,1400,85,64,31,24,153
20103071104,1770,878,469,401,22,0,0,1452,71,20,28,21,178
20103071105,3080,1238,998,797,47,0,0,2542,149,61,47,36,245
20103071202,3191,1549,830,782,30,0,0,2700,82,8,15,42,344
20103071204,3152,1489,830,801,32,0,0,2634,114,15,20,32,337
20103071205,2796,1476,687,608,25,0,0,2368,89,24,27,32,256
20103071400,3021,1532,696,770,23,0,0,2630,75,5,18,13,280
20103071600,2124,1095,539,466,24,0,0,1886,35,5,6,23,169
20103071800,4165,1892,1171,1043,59,0,0,3582,120,12,11,53,387
20103981900,546,214,219,104,9,0,0,391,76,24,8,6,41
20159967100,1548,996,316,223,13,0,0,1352,47,1,4,5,139
20159967200,2093,1155,532,383,23,0,0,1652,250,3,20,13,155
20159967300,2155,1386,430,318,21,0,0,1890,45,9,6,10,195
20077961600,1215,802,227,183,3,0,0,1071,28,0,6,4,106
20077961700,788,531,142,109,6,0,0,669,20,0,3,7,89
20077961800,1317,886,236,186,9,0,0,1174,46,1,3,8,85
20139010100,2861,1424,857,545,35,0,0,2527,64,1,9,9,251
20139010200,1895,991,556,328,20,0,0,1665,24,3,17,16,170
20139010300,1429,880,301,235,13,0,0,1272,21,1,5,1,129
20139010400,1922,1036,481,390,15,0,0,1695,45,1,14,10,157
20139010500,2655,1497,680,445,33,0,0,2383,32,2,8,21,209
20137951700,3040,2170,571,286,13,0,0,2614,43,3,16,23,341
20127963600,2042,1336,407,283,16,0,0,1774,18,0,11,10,229
20127963700,1665,954,364,339,8,0,0,1455,57,1,6,15,131
20201978600,1905,1507,216,173,9,0,0,1595,16,1,3,23,267
20201978700,1516,1247,145,120,4,0,0,1210,14,0,2,14,276
20053086600,1481,931,284,256,10,0,0,1234,49,0,3,11,184
20053086700,2293,1369,452,459,13,0,0,1898,52,3,14,20,306
20147475100,728,568,106,50,4,0,0,628,8,0,3,6,83
20147475200,1075,847,140,85,3,0,0,911,9,0,22,13,120
20147475300,1772,1297,338,125,12,0,0,1566,22,1,27,6,150
20081463100,2042,1345,459,225,13,0,0,1471,404,0,4,6,157
20143085600,1510,1023,298,176,13,0,0,1317,30,0,5,12,146
20143085700,2524,1730,496,274,24,0,0,2245,49,1,13,6,210
20141474100,2524,1632,523,354,15,0,0,2220,39,11,10,21,223
20101956600,1068,825,147,91,5,0,0,915,35,1,5,4,108
20057961600,1453,937,305,204,7,0,0,1098,75,0,12,8,260
20057961700,1243,848,258,128,9,0,0,1056,59,0,5,5,118
20057961801,2172,1031,598,517,26,0,0,1283,640,13,28,25,183
20057961802,2118,989,630,484,15,0,0,1242,586,14,30,53,193
20057961901,1642,464,633,524,21,0,0,634,832,18,20,45,93
20057961902,1927,945,527,439,16,0,0,1216,519,2,18,22,150
20057962000,1846,580,744,493,29,0,0,795,894,4,44,15,94
20057962101,1159,247,496,393,23,0,0,312,733,8,32,23,51
20057962102,851,217,363,256,15,0,0,302,485,0,15,2,47
20019964600,2608,1906,443,240,19,0,0,2411,28,2,10,6,151
20087020101,4168,2088,1183,849,48,0,0,3649,90,4,17,26,382
20087020102,2041,951,629,448,13,0,0,1821,27,1,9,7,176
20087020200,2517,1300,722,474,21,0,0,2238,27,2,6,7,237
20087020300,3819,1840,1100,839,40,0,0,3339,47,3,23,46,361
20013480600,1685,1051,345,270,19,0,0,1387,29,4,12,22,231
20013480700,2182,1291,489,383,19,0,0,1850,57,14,9,15,237
20013480800,2127,1254,507,344,22,0,0,1801,54,2,8,24,238
20155000100,2010,1080,457,457,16,0,0,1691,88,4,20,11,196
20155000200,3756,1424,1317,988,27,0,0,2811,196,386,18,41,304
20155000300,4927,2939,963,987,38,0,0,4167,233,14,29,51,433
20155000400,2025,933,555,511,26,0,0,1674,146,16,11,14,164
20155000500,3275,1398,970,860,47,0,0,2666,265,17,17,30,280
20155000600,1247,354,471,390,32,0,0,923,172,20,13,11,108
20155000700,2920,1039,1042,805,34,0,0,2260,330,52,17,15,246
20155000800,1034,326,389,307,12,0,0,761,168,15,4,9,77
20155001000,1021,346,403,258,14,0,0,826,72,3,7,8,105
20155001100,3579,2272,699,585,23,0,0,3123,99,7,21,18,311
20155001200,2388,1451,476,444,17,0,0,2086,79,2,8,10,203
20155001300,1768,900,468,381,19,0,0,1514,62,1,9,12,170
20155001400,2782,1680,678,400,24,0,0,2372,49,3,16,21,321
20155001500,2242,1473,416,342,11,0,0,1926,52,2,2,23,237
20155001600,1130,667,296,159,8,0,0,999,16,0,4,3,108
20155001700,1500,933,335,213,19,0,0,1298,41,0,4,5,152
20155001800,1366,834,307,215,10,0,0,1204,24,0,5,6,127
20151968600,1208,915,133,147,13,0,0,1047,16,2,6,4,133
20151968700,1716,1128,292,269,27,0,0,1457,76,1,12,5,165
20151968800,2108,1470,301,318,19,0,0,1829,52,10,18,11,188
20117040701,1309,757,276,273,3,0,0,1123,9,1,3,7,166
20117060510,2157,1131,539,476,11,0,0,1833,48,3,7,12,254
20117070182,1385,845,304,226,10,0,0,1168,30,0,3,20,164
20117090186,1545,877,344,314,10,0,0,1279,9,0,7,5,245
20203957600,1259,822,298,129,10,0,0,963,193,0,3,9,91
20209040100,1446,48,372,1020,6,0,0,146,143,1112,15,8,22
20209040200,618,18,149,447,4,0,0,46,43,498,7,9,15
20209040500,928,88,301,532,7,0,0,261,162,411,47,4,43
20209040600,1250,61,363,815,11,0,0,159,175,864,17,11,24
20209040700,831,28,231,568,4,0,0,62,99,650,7,5,8
20209040900,570,62,174,330,4,0,0,179,104,262,11,5,9
20209041100,456,24,130,300,2,0,0,33,29,339,20,14,21
20209041200,658,17,186,449,6,0,0,60,101,473,8,6,10
20209041300,1764,133,565,1058,8,0,0,375,409,871,24,15,70
20209041400,807,32,253,516,6,0,0,76,67,635,15,7,7
20209041500,875,109,329,431,6,0,0,389,303,74,39,7,63
20209041600,1688,226,516,937,9,0,0,657,536,337,33,23,102
20209041900,739,108,215,406,10,0,0,412,170,28,19,17,93
20209042001,358,34,135,184,5,0,0,126,169,36,13,1,13
20209042002,422,34,169,214,5,0,0,118,223,53,7,2,19
20209042100,712,90,250,366,6,0,0,283,315,39,20,15,40
20209042200,628,100,256,266,6,0,0,272,283,14,19,7,33
20209042300,918,88,387,431,12,0,0,308,454,73,29,7,47
20209042400,799,76,339,379,5,0,0,281,364,54,18,24,58
20209042600,737,117,281,335,4,0,0,291,385,8,5,3,45
20209042700,1272,144,457,657,14,0,0,475,540,185,10,16,46
20209042800,1469,185,450,821,13,0,0,624,596,122,17,35,75
20209042900,1598,163,545,886,4,0,0,540,361,484,84,29,100
20209043000,1554,289,487,761,17,0,0,886,494,57,23,15,79
20209043301,1603,291,531,756,25,0,0,1078,291,87,28,13,106
20209043400,1049,244,342,449,14,0,0,693,226,51,13,10,56
20209043500,842,245,277,316,4,0,0,610,156,9,14,8,45
20209043600,3280,802,1088,1349,41,0,0,2123,704,112,79,29,233
20209043700,1233,299,396,523,15,0,0,822,229,81,20,5,76
20209043802,853,334,242,265,12,0,0,704,63,15,5,9,57
20209043803,1655,438,571,625,21,0,0,1164,286,50,22,15,118
20209043903,1330,160,475,691,4,0,0,488,288,439,46,16,53
20209043904,1732,175,552,986,19,0,0,408,162,1003,62,19,78
20209043905,900,131,296,466,7,0,0,392,79,359,19,3,48
20209044001,2031,491,639,884,17,0,0,1255,202,386,28,22,138
20209044002,1587,428,534,602,23,0,0,1166,179,112,18,19,93
20209044101,597,71,157,367,2,0,0,184,49,324,10,8,22
20209044102,1568,263,460,831,14,0,0,757,249,430,23,17,92
20209044103,1844,290,418,1128,8,0,0,692,93,855,81,32,91
20209044104,1712,191,511,997,13,0,0,542,146,875,38,22,89
20209044201,2663,532,681,1436,14,0,0,1279,185,883,95,44,177
20209044202,2329,410,618,1280,21,0,0,899,232,933,114,33,118
20209044301,1281,204,421,645,11,0,0,649,150,350,51,9,72
20209044302,1081,157,332,585,7,0,0,442,154,385,24,25,51
20209044303,1225,116,349,753,7,0,0,245,143,733,67,7,30
20209044400,1647,193,489,960,5,0,0,557,217,678,86,23,86
20209044500,1187,139,314,721,13,0,0,406,111,576,25,9,60
20209044601,1681,429,515,720,17,0,0,1134,148,209,40,27,123
20209044602,0,0,0,0,0,0,0,0,0,0,0,0,0
20209044603,1,0,1,0,0,0,0,1,0,0,0,0,0
20209044702,2575,860,853,826,36,0,0,2007,191,114,20,27,216
20209044703,1879,546,492,827,14,0,0,1294,128,187,56,27,187
20209044704,1445,329,340,768,8,0,0,846,94,303,39,26,137
20209044803,4527,1473,1113,1898,43,0,0,3320,279,378,61,83,406
20209044804,3482,1117,868,1466,31,0,0,2399,205,454,50,54,320
20209044807,2085,810,591,666,18,0,0,1647,123,45,16,31,223
20209044900,2664,861,898,867,38,0,0,2117,182,111,14,22,218
20209045100,880,100,291,484,5,0,0,458,98,217,24,22,61
20209045200,2122,307,614,1161,40,0,0,1377,295,155,63,55,177
20209980000,6,2,3,1,0,0,0,1,2,2,0,0,1
20209980500,14,5,5,3,1,0,0,11,0,1,1,0,1
20209980900,14,3,5,6,0,0,0,11,0,2,0,0,1
20209981200,1,0,1,0,0,0,0,0,1,0,0,0,0
20209981500,8,0,0,6,2,0,0,2,6,0,0,0,0
20075958600,1216,836,245,124,11,0,0,928,164,0,8,7,109
20059954101,2603,1548,566,463,26,0,0,2271,48,4,11,11,258
20059954102,2146,1201,528,391,26,0,0,1952,38,5,9,9,133
20059954200,1869,891,567,384,27,0,0,1634,68,11,11,12,133
20059954300,3720,1828,1082,753,57,0,0,3171,136,21,26,26,340
20059954400,2879,1306,858,661,54,0,0,2416,122,18,31,20,272
20059954500,4460,2632,1030,756,42,0,0,3882,95,3,24,34,422
20025967100,1303,932,190,169,12,0,0,1098,59,0,12,7,127
20003953600,3349,1689,1000,627,33,0,0,2813,76,0,28,18,414
20003953700,1911,1000,580,314,17,0,0,1697,14,5,6,4,185
20165972300,2075,1459,347,252,17,0,0,1698,44,1,6,34,292
20031966100,1907,1273,360,259,15,0,0,1691,23,0,11,9,173
20031966200,2036,1323,414,285,14,0,0,1797,45,1,5,6,182
20031966300,1987,1281,408,275,23,0,0,1732,36,5,16,15,183
20109954600,1886,1420,280,175,11,0,0,1591,33,2,12,4,244
