GEOID20,total_reg,party_dem,party_rep,party_npp,party_lib,party_grn,party_oth,party_unk,eth1_eur,eth1_hisp,eth1_aa,eth1_esa,eth1_oth,eth1_unk
22037951300,2418,1322,617,473,6,0,0,0,953,13,1310,11,9,122
22037951400,2448,1304,644,490,9,1,0,0,1132,18,1181,8,16,93
22037951501,885,247,407,227,4,0,0,0,677,13,128,2,9,56
22037951502,3801,1572,1353,858,16,2,0,0,2160,57,1369,7,26,182
22037951600,3985,1687,1382,896,17,3,0,0,2206,55,1462,7,34,221
22113950101,2599,599,1267,715,16,2,0,0,1987,116,206,43,29,218
22113950102,2085,521,1032,523,8,1,0,0,1622,91,159,21,23,169
22113950103,2132,539,1027,560,5,1,0,0,1747,97,70,5,31,182
22113950201,1318,483,523,306,5,1,0,0,1088,76,14,1,8,131
22113950202,1608,623,593,383,8,1,0,0,1256,39,127,7,7,172
22113950400,3424,1442,1096,872,10,4,0,0,2517,137,416,33,44,277
22113950500,3757,1225,1580,943,7,2,0,0,3032,153,144,18,65,345
22113950600,2009,602,837,557,10,3,0,0,1568,89,124,48,7,173
22113950700,2732,1117,847,757,8,3,0,0,1491,98,812,130,23,178
22113950800,2704,1578,340,784,1,1,0,0,769,59,1732,41,14,89
22113950901,1883,631,786,461,4,1,0,0,1447,81,153,47,20,135
22113950903,1579,651,498,423,5,2,0,0,825,84,477,61,19,113
22113950904,3200,822,1506,858,13,1,0,0,2382,264,221,15,38,280
22113951001,2713,900,1083,713,14,3,0,0,2102,204,122,57,15,213
22113951002,2245,839,853,545,8,0,0,0,1626,147,233,3,15,221
22113951100,942,359,372,211,0,0,0,0,787,59,5,7,10,74
22113990000,0,0,0,0,0,0,0,0,0,0,0,0,0,0
22011960101,2144,413,1028,696,6,1,0,0,1850,43,29,8,28,186
22011960102,1744,315,935,485,9,0,0,0,1508,43,18,5,18,152
22011960200,2813,539,1441,824,9,0,0,0,2371,95,81,18,51,197
22011960300,2267,913,697,639,17,1,0,0,1151,105,851,23,25,112
22011960400,1915,716,653,533,11,2,0,0,1092,46,665,9,14,89
22011960500,2881,743,1279,842,17,0,0,0,2026,121,501,28,40,165
22011960600,2134,562,867,692,10,3,0,0,1758,56,156,8,38,118
22011960701,2897,489,1575,815,18,0,0,0,2469,73,36,22,41,256
22011960702,3084,640,1586,845,13,0,0,0,2687,61,47,8,31,250
22115950100,3555,821,1785,934,15,0,0,0,3037,113,108,17,69,211
22115950200,3133,639,1652,824,18,0,0,0,2702,93,59,17,46,216
22115950301,2130,391,1154,577,7,1,0,0,1801,97,37,17,37,141
22115950302,893,237,404,249,3,0,0,0,774,30,8,7,10,64
22115950400,1825,809,453,549,14,0,0,0,764,83,864,8,28,78
22115950501,1626,550,504,555,16,1,0,0,944,98,446,28,39,71
22115950502,1316,564,315,433,4,0,0,0,520,104,600,33,15,44
22115950600,1866,476,800,569,21,0,0,0,1281,114,297,25,37,112
22115950701,120,27,47,43,3,0,0,0,97,5,11,2,1,4
22115950702,288,93,60,130,4,1,0,0,110,30,116,2,2,28
22115950703,241,50,82,105,4,0,0,0,115,59,50,5,4,8
22115950704,407,106,119,171,9,2,0,0,181,62,117,7,15,25
22115950801,1551,439,694,409,8,1,0,0,1289,43,56,14,38,111
22115950802,1030,271,473,284,2,0,0,0,909,22,6,3,19,71
22115950901,1339,355,539,439,5,1,0,0,1054,61,104,13,26,81
22115950902,2172,491,1027,644,7,3,0,0,1686,106,188,13,33,146
22035000100,2296,1408,476,409,1,2,0,0,706,21,1500,7,12,50
22035000200,733,354,232,145,2,0,0,0,433,16,236,3,5,40
22035000300,1661,1329,53,278,0,1,0,0,35,5,1616,0,0,5
22119031100,1158,322,527,303,6,0,0,0,983,12,96,4,5,58
22119031200,1364,645,410,306,3,0,0,0,735,11,564,5,13,36
22119031300,2586,1095,830,658,3,0,0,0,1582,28,877,13,14,72
22119031400,1806,512,801,485,6,2,0,0,1384,17,290,11,10,94
22119031501,1847,441,895,507,3,1,0,0,1491,30,218,9,9,90
22119031502,1178,457,442,275,4,0,0,0,760,14,351,3,11,39
22119031600,2031,466,1131,428,5,1,0,0,1640,22,223,12,16,118
22119031700,1505,1091,116,295,3,0,0,0,178,6,1303,5,3,10
22119031800,1547,661,480,398,8,0,0,0,828,21,630,5,9,54
22119031900,1478,1058,147,269,2,2,0,0,193,8,1254,3,3,17
22119032000,2144,784,933,418,9,0,0,0,1366,26,652,11,13,76
22119032101,1714,663,657,389,5,0,0,0,1043,28,564,8,7,64
22119032102,2592,794,1175,619,3,1,0,0,1882,39,549,8,11,103
22079010101,2962,638,1576,723,22,3,0,0,2392,82,216,26,28,218
22079010102,3569,705,1910,918,33,3,0,0,3189,58,12,21,32,257
22079010300,2670,633,1228,795,12,2,0,0,2125,95,204,6,49,191
22079010400,1989,418,1082,477,11,1,0,0,1637,55,123,12,19,143
22079010501,1394,652,442,297,2,1,0,0,696,16,612,1,10,59
22079010502,2061,1198,233,616,13,1,0,0,442,26,1500,12,17,64
22079010600,3143,815,1418,893,16,1,0,0,2545,75,160,16,74,273
22079010701,2085,510,998,562,14,1,0,0,1559,53,220,25,29,199
22079010702,1495,410,708,371,6,0,0,0,1066,26,257,9,32,105
22079011000,1301,764,108,424,3,2,0,0,177,16,1070,6,12,20
22079011300,1495,422,689,374,7,3,0,0,1115,39,218,10,10,103
22079011501,2616,592,1376,635,12,1,0,0,2013,69,286,19,33,196
22079011502,2415,915,844,638,17,1,0,0,1397,60,780,10,32,136
22079011600,1297,388,509,394,6,0,0,0,895,19,237,14,20,112
22079011700,1014,447,223,336,5,3,0,0,431,29,475,19,13,47
22079012000,993,767,24,201,0,1,0,0,21,2,964,3,1,2
22079012100,1751,902,311,524,14,0,0,0,601,42,1027,5,13,63
22079012200,2144,1036,523,568,14,3,0,0,875,46,1048,28,19,128
22079012301,3896,1118,1781,982,15,0,0,0,2583,124,734,75,89,291
22079012302,2769,832,1237,685,12,3,0,0,1977,83,396,40,66,207
22079012400,2354,750,953,633,18,0,0,0,1526,77,426,64,92,169
22079012500,3744,2372,551,806,14,1,0,0,871,67,2636,15,39,116
22079012600,1214,583,316,308,6,1,0,0,508,48,569,17,17,55
22079012700,1599,1157,86,355,1,0,0,0,90,5,1491,2,2,9
22079012800,739,573,30,136,0,0,0,0,34,3,691,4,5,2
22079012900,1495,1108,52,334,1,0,0,0,18,4,1456,2,9,6
22079013000,1705,1318,79,306,2,0,0,0,80,5,1608,0,4,8
22079013100,1334,650,303,375,5,1,0,0,621,21,591,2,21,78
22079013201,4345,949,2251,1122,21,2,0,0,3423,100,424,29,73,296
22079013202,1676,354,881,434,7,0,0,0,1401,35,79,6,27,128
22079013300,3317,1319,1239,741,16,2,0,0,1920,58,1100,6,26,207
22079013400,2537,516,1428,583,10,0,0,0,2078,59,159,14,31,196
22079013501,2128,500,1117,501,9,1,0,0,1749,100,77,12,23,167
22079013502,1410,496,554,352,8,0,0,0,957,66,264,4,12,107
22079013600,1914,571,891,442,10,0,0,0,1654,42,0,8,38,172
22079013700,2428,523,1168,724,10,3,0,0,1939,76,209,5,18,181
22079013800,2032,881,600,542,7,2,0,0,1029,48,811,21,34,89
22079013900,1516,995,134,385,2,0,0,0,181,15,1275,2,8,35
22079980000,1,0,0,1,0,0,0,0,0,0,0,0,1,0
22103040103,3469,619,1877,951,20,2,0,0,2879,179,27,21,46,317
22103040105,3972,804,1829,1300,34,5,0,0,3022,257,205,26,63,399
22103040106,2834,622,1336,858,16,2,0,0,2430,106,14,9,28,247
22103040107,2722,414,1598,692,18,0,0,0,2206,157,25,14,25,295
22103040108,1952,430,945,560,17,0,0,0,1612,88,56,19,24,153
22103040203,2895,791,1262,826,12,4,0,0,2051,115,384,29,36,280
22103040204,3503,641,1781,1051,28,2,0,0,2580,234,288,28,35,338
22103040205,3808,662,2136,968,37,5,0,0,3048,236,118,19,47,340
22103040206,1882,399,994,482,7,0,0,0,1462,82,132,7,24,175
22103040304,5255,617,3249,1334,50,5,0,0,4261,271,54,41,43,585
22103040306,3675,582,2050,998,37,8,0,0,2786,254,93,52,59,431
22103040307,2636,401,1406,793,30,6,0,0,1964,185,60,53,54,320
22103040308,4760,777,2559,1380,41,3,0,0,3503,271,239,47,61,639
22103040309,6930,851,4205,1820,52,2,0,0,5237,428,202,60,114,889
22103040401,5617,903,3281,1384,45,4,0,0,4245,337,224,44,70,697
22103040402,2203,399,1134,640,26,4,0,0,1712,116,81,19,35,240
22103040501,2320,993,673,636,16,2,0,0,1146,83,904,17,26,144
22103040502,3007,865,1258,848,31,5,0,0,1871,138,638,32,40,288
22103040601,2422,260,1631,516,11,4,0,0,2023,90,8,25,34,242
22103040602,2118,464,1079,548,27,0,0,0,1663,120,51,10,24,250
22103040606,2650,538,1200,878,30,4,0,0,1911,210,180,28,43,278
22103040607,3061,420,1829,783,22,7,0,0,2324,214,113,61,29,320
22103040608,2082,488,991,584,13,6,0,0,1437,141,273,20,30,181
22103040609,3017,632,1391,949,43,2,0,0,2102,254,225,25,41,370
22103040705,3958,1041,1651,1235,27,4,0,0,2612,220,707,38,47,334
22103040706,3826,788,1817,1193,22,6,0,0,2894,233,215,32,66,386
22103040708,4478,849,2307,1289,32,1,0,0,3203,274,401,105,63,432
22103040709,2740,581,1351,791,16,1,0,0,1974,184,249,41,38,254
22103040710,4332,1347,1675,1272,35,3,0,0,2545,278,1045,86,55,323
22103040711,2499,953,740,785,17,4,0,0,1168,141,942,25,32,191
22103040712,3231,721,1438,1036,32,4,0,0,2402,204,228,27,51,319
22103040713,2520,846,885,775,13,1,0,0,1393,111,784,9,22,201
22103040714,1632,325,819,475,13,0,0,0,1304,91,44,11,19,163
22103040801,2793,912,947,912,17,5,0,0,1614,165,734,24,32,224
22103040804,1935,507,907,511,10,0,0,0,1152,114,363,76,20,210
22103040805,3202,575,1752,852,20,3,0,0,2369,189,156,79,56,353
22103040806,4094,2174,681,1211,21,7,0,0,1252,171,2419,53,51,148
22103040807,2062,705,725,624,7,1,0,0,1039,89,686,57,28,163
22103040900,2033,970,469,580,10,4,0,0,776,93,987,10,25,142
22103041002,1998,503,898,579,14,4,0,0,1443,127,189,16,31,192
22103041003,3702,871,1680,1123,24,4,0,0,2573,211,457,63,45,353
22103041004,3109,742,1392,950,22,3,0,0,2271,163,290,15,47,323
22103041101,2498,697,987,794,19,1,0,0,1641,138,421,26,32,240
22103041103,1909,712,516,660,18,3,0,0,950,111,691,8,16,133
22103041104,1877,567,710,587,11,2,0,0,1212,104,347,11,35,168
22103041105,3562,1422,956,1156,23,5,0,0,1719,179,1390,28,30,216
22103041106,907,319,333,247,8,0,0,0,518,42,255,6,9,77
22103041202,1656,554,633,452,14,3,0,0,1016,72,379,9,12,168
22103041207,3127,533,1708,851,33,2,0,0,2341,214,94,44,58,376
22103041208,3254,446,1955,831,21,1,0,0,2479,190,49,53,60,423
22103041209,3749,674,1970,1066,38,1,0,0,2847,246,178,16,35,427
22103041210,1846,351,951,536,8,0,0,0,1387,116,78,22,23,220
22103041211,4220,659,2246,1269,40,6,0,0,3170,301,84,56,75,534
22103041212,2492,325,1413,724,29,1,0,0,1897,206,50,18,34,287
22103041213,3518,1159,1238,1096,23,2,0,0,2092,219,854,29,43,281
22103041214,2598,789,1128,666,10,5,0,0,1613,132,559,20,39,235
22103041301,2892,581,1378,886,36,11,0,0,2191,167,186,24,44,280
22103041302,2042,388,1021,601,25,7,0,0,1594,140,37,19,24,228
22103990000,0,0,0,0,0,0,0,0,0,0,0,0,0,0
22089060100,1402,398,603,396,2,3,0,0,887,77,237,12,24,165
22089062100,3217,1300,952,950,14,1,0,0,1565,329,1021,23,63,216
22089062200,1776,1043,325,401,7,0,0,0,482,76,1137,5,16,60
22089062301,4240,946,2132,1131,29,2,0,0,2776,361,563,51,71,418
22089062302,3359,1114,1341,885,17,2,0,0,2173,241,587,19,46,293
22089062400,802,456,152,186,5,3,0,0,287,20,432,1,9,53
22089062500,1946,567,799,570,9,1,0,0,1373,141,142,9,30,251
22089062700,2831,1615,667,540,8,1,0,0,976,90,1561,5,21,178
22089062800,3572,1821,868,869,12,2,0,0,1232,154,1893,25,34,234
22089062900,1653,501,655,489,8,0,0,0,1163,102,152,12,24,200
22089063000,980,560,233,185,2,0,0,0,457,25,418,0,5,75
22089063100,5542,1232,2808,1459,40,3,0,0,4091,338,453,50,65,545
22089063200,3455,1010,1499,921,24,1,0,0,2502,202,281,20,49,401
22049970100,1685,622,675,381,6,1,0,0,1095,22,492,4,6,66
22049970200,2295,680,1153,450,10,2,0,0,1766,30,377,19,7,96
22049970300,2437,551,1306,563,17,0,0,0,2028,30,226,7,5,141
22049970400,2078,1277,431,365,4,1,0,0,698,13,1311,7,0,49
22049970500,943,383,369,187,4,0,0,0,651,13,244,8,1,26
22007050100,2214,1395,455,360,4,0,0,0,816,103,1148,4,11,132
22007050201,2004,906,690,399,8,1,0,0,1575,125,16,12,16,260
22007050202,1496,662,533,297,4,0,0,0,1133,67,13,13,4,266
22007050300,2605,1689,474,436,6,0,0,0,900,97,1381,4,27,196
22007050400,1925,967,584,368,6,0,0,0,989,98,677,4,19,138
22007050500,1631,1037,278,312,4,0,0,0,577,51,910,3,23,67
22007050600,2573,1032,832,702,7,0,0,0,1760,138,399,16,55,205
22117950101,1804,924,443,430,6,1,0,0,902,17,801,3,5,76
22117950102,2636,1101,974,552,8,1,0,0,1822,36,656,6,7,109
22117950201,2393,1001,871,514,7,0,0,0,1525,27,704,10,13,114
22117950202,1642,533,723,381,5,0,0,0,1512,26,29,4,6,65
22117950300,2575,1628,469,473,5,0,0,0,772,27,1698,2,10,66
22117950400,2498,985,936,569,8,0,0,0,1663,56,601,3,17,158
22117950501,1851,379,963,493,15,1,0,0,1462,55,74,7,25,228
22117950502,1579,410,793,371,4,1,0,0,1326,39,82,3,10,119
22117950600,2874,769,1335,755,12,3,0,0,2419,84,169,12,22,168
22117950700,2508,1033,805,661,7,2,0,0,1624,60,653,21,18,132
22117950800,2172,1293,410,463,5,1,0,0,651,9,1434,6,15,57
22117950900,566,340,83,142,1,0,0,0,229,9,309,1,4,14
22117951000,1978,961,563,447,6,1,0,0,1076,24,782,14,8,74
22061960100,2558,573,1348,626,10,1,0,0,2029,25,330,15,15,144
22061960200,2531,1048,838,636,7,2,0,0,1344,51,1030,5,12,89
22061960300,2185,1568,158,451,6,2,0,0,202,12,1940,8,5,18
22061960401,1273,413,431,403,24,2,0,0,728,40,389,23,26,67
22061960402,1363,301,726,320,14,2,0,0,1072,19,149,23,17,83
22061960500,2731,692,1313,702,22,2,0,0,2038,65,387,40,46,155
22061960600,2816,987,1093,713,23,0,0,0,1646,56,923,28,13,150
22061960701,2443,455,1394,578,14,2,0,0,2024,33,200,6,14,166
22061960702,1971,280,1260,422,9,0,0,0,1712,40,77,21,9,112
22061960800,1949,1260,226,456,5,2,0,0,310,13,1580,5,6,35
22061960900,1359,875,118,362,3,1,0,0,176,23,1129,6,8,17
22061961000,2656,1199,679,744,30,4,0,0,1192,46,1268,19,23,108
22017020500,1818,1335,77,406,0,0,0,0,83,14,1704,0,3,14
22017020600,537,418,13,106,0,0,0,0,9,0,526,0,1,1
22017020700,703,545,19,139,0,0,0,0,4,0,697,0,1,1
22017021000,824,303,241,262,16,2,0,0,453,23,273,6,22,47
22017021100,1228,695,151,370,10,2,0,0,379,27,764,4,8,46
22017021200,2099,905,439,726,24,5,0,0,1151,94,704,9,32,109
22017021300,1412,998,95,314,4,1,0,0,136,16,1227,2,4,27
22017021400,1192,505,313,357,14,3,0,0,604,61,449,12,13,53
22017021500,1358,492,455,391,19,1,0,0,904,55,279,15,23,82
22017021600,2315,743,838,705,25,4,0,0,1733,66,267,21,39,189
22017021700,779,522,54,203,0,0,0,0,88,6,674,1,7,3
22017021800,807,579,47,180,0,1,0,0,60,5,725,2,4,11
22017021900,856,659,33,162,2,0,0,0,31,6,815,0,0,4
22017022000,1140,887,28,221,2,2,0,0,9,2,1126,0,2,1
22017022101,3363,2550,182,623,5,3,0,0,230,23,3064,4,8,34
22017022102,1069,805,29,234,1,0,0,0,17,9,1041,1,0,1
22017022200,2238,1620,144,470,4,0,0,0,195,25,1983,5,9,21
22017022300,1504,1071,55,377,1,0,0,0,66,11,1413,1,2,11
22017022400,1709,1184,75,446,4,0,0,0,102,10,1575,1,5,16
22017022500,2515,1818,96,596,4,1,0,0,131,15,2344,0,11,14
22017022600,2307,537,1140,605,22,3,0,0,1911,45,149,19,26,157
22017022700,1558,341,761,431,23,2,0,0,1287,41,76,12,23,119
22017022800,2649,588,1285,734,38,4,0,0,2201,82,110,31,46,179
22017022900,3040,996,1199,813,30,2,0,0,1989,91,685,48,29,198
22017023000,2996,794,1437,733,29,3,0,0,2266,90,317,36,42,245
22017023100,1088,291,551,237,9,0,0,0,755,19,179,11,8,116
22017023200,780,503,42,232,1,2,0,0,80,6,679,4,2,9
22017023300,1187,863,64,260,0,0,0,0,45,4,1121,1,8,8
22017023401,2031,1369,102,555,3,2,0,0,165,12,1828,4,6,16
22017023402,1627,1170,94,360,2,1,0,0,129,8,1469,0,8,13
22017023500,2339,1818,37,483,1,0,0,0,10,2,2322,0,2,3
22017023600,1902,1485,43,372,2,0,0,0,17,6,1872,1,5,1
22017023701,2004,1397,67,536,3,1,0,0,95,7,1884,0,2,16
22017023702,1503,1087,79,333,2,2,0,0,98,5,1381,3,5,11
22017023801,2750,1348,847,536,17,2,0,0,1199,39,1342,30,26,114
22017023802,1212,943,40,226,3,0,0,0,32,1,1169,1,2,7
22017023903,2590,704,1251,619,14,2,0,0,1767,96,494,40,49,144
22017023904,1945,620,829,480,16,0,0,0,1251,64,444,32,44,110
22017023905,2730,831,1165,714,17,3,0,0,1722,45,634,79,76,174
22017023906,2082,608,954,497,21,2,0,0,1461,60,397,23,22,119
22017023907,2273,693,944,621,11,4,0,0,1440,85,485,72,38,153
22017024001,4862,807,2913,1105,33,4,0,0,3742,143,428,111,65,373
22017024002,4585,827,2747,989,21,1,0,0,3573,111,390,131,110,270
22017024102,2518,988,895,621,14,0,0,0,1465,42,836,12,29,134
22017024104,3717,2304,573,825,13,2,0,0,940,59,2616,14,23,65
22017024107,2829,1557,570,692,9,1,0,0,1044,53,1605,23,16,88
22017024108,3996,1813,1256,914,11,2,0,0,1941,102,1738,18,31,166
22017024109,2137,891,689,547,9,1,0,0,1179,59,784,10,20,85
22017024110,1513,1011,165,330,5,2,0,0,281,20,1175,11,7,19
22017024111,2527,1300,639,583,4,1,0,0,1001,53,1352,19,18,84
22017024201,2399,1597,308,494,0,0,0,0,432,26,1874,3,19,45
22017024204,3368,1023,1411,910,24,0,0,0,2217,93,817,13,25,203
22017024205,1632,474,792,351,13,2,0,0,1146,31,324,14,22,95
22017024206,1651,450,765,430,6,0,0,0,1202,37,313,11,14,74
22017024207,1319,383,629,294,13,0,0,0,969,21,242,5,11,71
22017024303,3183,1868,594,707,10,4,0,0,902,65,2099,8,25,84
22017024304,3418,1293,1372,743,9,1,0,0,2055,74,1094,17,26,152
22017024305,1681,889,422,362,8,0,0,0,663,31,921,12,13,41
22017024306,2985,2251,231,498,3,2,0,0,334,24,2554,17,8,48
22017024400,2920,1520,751,637,12,0,0,0,1140,68,1600,21,15,76
22017024503,2755,1257,791,694,12,1,0,0,1284,50,1297,8,21,95
22017024504,3610,713,1896,974,23,4,0,0,2922,111,324,16,47,190
22017024601,2508,1749,181,575,3,0,0,0,218,11,2235,1,7,36
22017024602,2616,2083,50,479,3,1,0,0,22,2,2583,2,5,2
22017024700,1344,609,380,350,5,0,0,0,646,18,601,21,17,41
22017024800,629,225,272,127,5,0,0,0,404,11,179,1,5,29
22017024900,1762,428,889,438,4,3,0,0,1412,28,192,14,14,102
22017025000,1899,841,519,533,5,1,0,0,968,30,789,5,12,95
22017025100,1205,367,497,332,8,1,0,0,856,15,285,4,9,36
22017025200,541,394,21,125,0,1,0,0,39,2,492,0,4,4
22017025300,753,414,96,236,5,2,0,0,244,13,462,4,7,23
22017025405,2992,708,1549,719,16,0,0,0,2299,50,436,14,28,165
22017025406,2842,735,1309,784,13,1,0,0,2077,74,440,19,51,181
22017980000,1,0,0,1,0,0,0,0,1,0,0,0,0,0
22003950100,3200,866,1483,838,12,1,0,0,2772,73,46,22,42,245
22003950201,1815,805,621,382,3,4,0,0,1268,37,361,10,25,114
22003950202,53,13,20,20,0,0,0,0,43,2,5,0,1,2
22003950300,1681,918,406,354,2,1,0,0,897,21,662,8,34,59
22003950400,2717,1259,874,574,9,1,0,0,1714,94,660,12,38,199
22003950501,2208,735,906,562,5,0,0,0,1565,80,322,15,50,176
22003950502,1581,679,482,414,3,3,0,0,865,68,386,15,127,120
22097960100,1425,751,407,264,3,0,0,0,797,17,510,6,9,86
22097960200,3227,1482,1113,622,8,2,0,0,1814,74,1047,6,34,252
22097960300,2806,1342,827,636,1,0,0,0,1470,40,942,3,25,326
22097960400,1674,589,631,449,4,1,0,0,1295,65,65,2,14,233
22097960500,3497,1305,1360,820,9,3,0,0,2532,61,340,17,31,516
22097960601,3494,2406,451,629,6,2,0,0,773,27,2558,3,9,124
22097960602,1320,631,342,346,1,0,0,0,649,20,500,11,11,129
22097960701,1593,852,401,337,3,0,0,0,693,24,766,7,8,95
22097960702,2051,1021,540,480,8,2,0,0,1029,66,801,5,10,140
22097960800,2689,1007,1077,596,7,2,0,0,1767,91,594,10,19,208
22097960901,1110,583,276,250,1,0,0,0,528,19,511,1,6,45
22097960902,1410,946,133,329,2,0,0,0,266,13,1090,6,4,31
22097961000,1072,411,344,311,5,1,0,0,779,44,170,2,6,71
22097961100,1836,716,605,511,2,2,0,0,1188,106,376,17,18,131
22097961200,3761,1856,1060,838,6,1,0,0,1670,89,1718,11,37,236
22097961301,1380,993,84,301,2,0,0,0,151,17,1191,0,1,20
22097961302,1859,1366,114,375,3,1,0,0,129,10,1687,11,4,18
22097961401,1375,954,163,255,2,1,0,0,266,9,1043,2,8,47
22097961402,1105,763,105,235,2,0,0,0,156,12,899,0,5,33
22097961501,1230,918,50,260,1,1,0,0,66,4,1147,1,3,9
22097961502,1899,894,630,367,8,0,0,0,996,54,626,30,18,175
22097961601,1843,1245,176,417,5,0,0,0,255,21,1499,3,9,56
22097961602,1081,804,44,232,1,0,0,0,53,4,1010,0,3,11
22097961701,3094,1352,1145,588,9,0,0,0,1674,83,966,25,28,318
22097961702,1985,858,700,420,7,0,0,0,1151,40,603,12,12,167
22097961801,3330,1219,1247,851,12,1,0,0,2232,78,674,10,37,299
22097961802,1026,291,417,314,4,0,0,0,762,40,112,5,14,93
22097961900,2296,1218,591,478,8,1,0,0,946,27,1142,10,17,154
22043020100,1543,377,794,366,5,1,0,0,1373,17,3,7,21,122
22043020200,2030,633,846,540,10,1,0,0,1594,34,187,6,17,192
22043020300,1738,877,474,380,7,0,0,0,753,14,902,1,9,59
22043020403,2584,485,1378,709,12,0,0,0,2223,69,29,10,28,225
22043020404,1471,269,740,455,4,3,0,0,1289,20,12,7,15,128
22043020405,1658,289,879,474,14,2,0,0,1430,46,17,1,15,149
22043020406,1531,263,827,427,12,2,0,0,1311,53,22,7,14,124
22105953200,1929,689,764,470,6,0,0,0,1363,28,439,8,13,78
22105953300,2719,1724,464,526,4,1,0,0,821,16,1825,11,4,42
22105953401,2085,1317,364,403,0,1,0,0,651,21,1361,4,4,44
22105953402,1747,774,587,378,7,1,0,0,997,26,597,9,3,115
22105953501,2299,859,834,596,10,0,0,0,1519,47,568,7,19,139
22105953502,2177,648,980,542,6,1,0,0,1551,83,311,16,27,189
22105953601,1778,1245,180,347,6,0,0,0,260,16,1460,11,2,29
22105953602,1639,981,274,377,7,0,0,0,551,37,968,12,6,65
22105953701,3311,899,1463,930,19,0,0,0,2623,86,285,20,25,272
22105953702,4222,926,2109,1171,16,0,0,0,3345,192,216,22,44,403
22105953800,3287,1318,1004,946,17,2,0,0,2094,133,829,15,21,195
22105953901,2268,871,652,728,16,1,0,0,1349,87,642,20,11,159
22105953902,2375,873,778,709,13,2,0,0,1389,140,659,12,16,159
22105954001,2037,820,565,635,16,1,0,0,1067,62,729,13,12,154
22105954003,1890,506,876,497,10,1,0,0,1346,63,270,25,9,177
22105954004,1892,895,485,503,8,1,0,0,831,54,915,9,13,70
22105954103,2374,1011,659,688,15,1,0,0,1223,83,868,17,12,171
22105954104,1042,473,251,314,3,1,0,0,446,31,486,12,7,60
22105954105,3021,835,1308,860,16,2,0,0,2093,115,510,17,36,250
22105954106,3746,921,1867,927,30,1,0,0,2635,165,522,21,27,376
22105954200,1749,546,644,544,8,7,0,0,1107,100,315,31,16,180
22105954300,2598,1493,409,681,11,4,0,0,565,40,1867,25,23,78
22105954400,2082,1080,396,580,24,2,0,0,777,75,1093,9,15,113
22105954503,2248,851,709,677,9,2,0,0,1212,81,765,18,14,158
22105954504,2066,650,773,628,15,0,0,0,1283,80,509,10,16,168
22105954505,3245,1220,1092,914,16,3,0,0,1816,127,1020,20,16,246
22105954506,862,293,274,287,8,0,0,0,455,43,287,3,8,66
22105954601,4872,1266,2113,1451,38,4,0,0,3298,246,749,41,52,486
22105954602,4396,832,2193,1322,43,6,0,0,3429,250,220,25,38,434
22105954700,3229,837,1484,885,23,0,0,0,2262,152,446,18,28,323
22105954800,3746,992,1618,1102,32,2,0,0,2714,154,482,36,31,329
22025000100,2395,948,978,461,8,0,0,0,1727,28,528,5,18,89
22025000200,1574,1015,261,296,2,0,0,0,458,9,1071,3,1,32
22025000300,2192,641,1051,494,6,0,0,0,1949,19,119,5,8,92
22073000100,2911,1031,1046,800,28,6,0,0,1846,43,809,19,31,163
22073000200,3917,879,2151,858,26,3,0,0,3099,66,398,29,37,288
22073000401,1140,696,216,227,0,1,0,0,279,8,810,12,3,28
22073000402,1146,666,146,326,6,2,0,0,276,20,806,8,12,24
22073000500,1961,987,473,491,8,2,0,0,802,20,1021,32,6,80
22073000600,2613,1974,71,567,0,1,0,0,17,3,2582,7,0,4
22073000700,1340,1053,29,258,0,0,0,0,9,2,1325,2,2,0
22073000900,818,599,22,196,1,0,0,0,12,3,800,0,1,2
22073001100,1878,1405,46,425,1,1,0,0,17,2,1854,0,4,1
22073001400,1239,856,55,326,1,1,0,0,82,2,1144,1,4,6
22073001500,978,712,29,233,0,4,0,0,32,0,941,1,1,3
22073001700,2204,904,792,494,13,1,0,0,1110,36,894,55,28,81
22073005100,1504,292,846,355,10,1,0,0,1254,30,123,12,8,77
22073005201,2792,373,1792,611,16,0,0,0,2501,52,52,17,22,148
22073005203,1958,356,1089,502,11,0,0,0,1637,38,126,7,17,133
22073005204,3856,533,2416,893,13,1,0,0,3401,79,76,30,35,235
22073005303,1813,259,1022,517,13,2,0,0,1557,45,71,15,20,105
22073005304,2523,405,1424,675,14,5,0,0,2160,66,109,24,9,155
22073005305,2100,438,1130,517,12,3,0,0,1688,42,192,21,25,132
22073005306,1628,319,914,385,10,0,0,0,1372,35,100,13,16,92
22073005400,1113,324,437,339,11,2,0,0,785,27,251,3,3,44
22073005500,1621,759,448,406,6,2,0,0,725,39,789,7,8,53
22073005800,1456,627,403,420,5,1,0,0,724,33,625,7,12,55
22073005900,1156,288,407,454,4,3,0,0,947,35,97,3,9,65
22073010101,2990,845,1390,740,14,1,0,0,2187,51,556,14,23,159
22073010103,2116,1014,545,549,6,2,0,0,847,24,1153,16,5,71
22073010104,1720,736,598,383,3,0,0,0,901,28,718,8,5,60
22073010202,4847,1059,2721,1043,21,3,0,0,3670,69,726,54,50,278
22073010203,1189,615,280,288,5,1,0,0,453,16,678,10,5,27
22073010204,2540,1306,673,555,6,0,0,0,1000,31,1393,23,30,63
22073010301,2358,458,1404,482,11,3,0,0,1774,49,284,41,41,169
22073010302,2731,852,1214,654,11,0,0,0,1684,72,784,32,20,139
22073010401,3498,480,2148,847,19,4,0,0,3064,74,67,14,16,263
22073010402,3561,638,2009,893,17,4,0,0,2940,61,321,13,12,214
22073010502,3077,495,1744,823,14,1,0,0,2819,33,20,16,13,176
22073010503,1288,215,711,353,9,0,0,0,1123,22,64,8,6,65
22073010505,3876,746,2097,1015,14,4,0,0,3213,102,281,42,31,207
22073010506,2213,327,1229,648,9,0,0,0,1920,64,47,9,10,163
22073010604,1230,530,370,328,1,1,0,0,649,36,449,8,3,85
22073010605,2195,1600,110,483,2,0,0,0,121,10,2056,0,0,8
22073010606,846,534,119,191,1,1,0,0,213,11,585,10,2,25
22073010700,1623,1165,40,418,0,0,0,0,32,4,1578,0,3,6
22073010800,1266,752,198,310,6,0,0,0,307,16,892,7,10,34
22073010900,3560,2757,80,720,3,0,0,0,62,7,3481,1,6,3
22073011000,3048,2285,85,677,1,0,0,0,77,4,2950,0,4,13
22073011100,1558,800,267,484,3,4,0,0,470,54,987,6,5,36
22073980000,12,3,7,2,0,0,0,0,7,0,2,0,0,3
22127960100,2263,548,1096,614,5,0,0,0,1951,31,128,8,9,136
22127960201,1423,422,641,354,6,0,0,0,1158,20,181,2,9,53
22127960202,1465,552,543,363,6,1,0,0,1054,17,288,1,15,90
22127960300,1837,912,491,432,2,0,0,0,823,30,911,10,8,55
22127960400,1305,707,226,363,7,2,0,0,470,14,766,3,7,45
22063040101,1900,524,830,535,10,1,0,0,1589,61,72,8,11,159
22063040102,1821,486,796,528,11,0,0,0,1430,69,141,7,15,159
22063040103,2551,770,1087,680,10,4,0,0,2024,88,191,16,17,215
22063040202,3412,684,1769,923,36,0,0,0,2942,89,33,13,26,309
22063040203,1401,296,698,391,14,2,0,0,1233,34,5,3,8,118
22063040204,2448,523,1284,625,13,3,0,0,2146,61,38,17,13,173
22063040304,3498,578,1913,980,26,1,0,0,2980,111,66,8,39,294
22063040305,3189,569,1685,920,14,1,0,0,2645,90,119,18,48,269
22063040306,3121,516,1838,750,17,0,0,0,2663,83,101,20,23,231
22063040307,2997,394,1790,786,24,3,0,0,2473,117,110,43,25,229
22063040308,3558,533,2012,977,35,1,0,0,2950,128,97,23,37,323
22063040403,1813,323,923,554,12,1,0,0,1455,90,87,17,29,135
22063040404,2138,356,1159,611,10,2,0,0,1780,77,85,13,12,171
22063040405,1889,490,851,535,12,1,0,0,1354,48,279,13,20,175
22063040406,3380,554,1881,921,22,2,0,0,2685,136,202,31,26,300
22063040501,1713,359,797,542,14,1,0,0,1336,60,148,13,25,131
22063040502,3553,560,1983,983,25,2,0,0,2903,166,127,32,26,299
22063040503,2051,415,1027,589,17,3,0,0,1558,98,185,15,14,181
22063040601,2804,846,1185,743,29,1,0,0,1881,93,628,13,23,166
22063040602,2425,517,1216,665,27,0,0,0,1879,89,188,21,20,228
22063040700,1863,365,937,537,23,1,0,0,1481,106,92,16,22,146
22063040805,3162,563,1692,883,21,3,0,0,2496,137,196,35,38,260
22063040807,1302,250,624,416,10,2,0,0,1106,59,26,5,14,92
22063040808,3235,523,1866,818,25,3,0,0,2659,125,102,30,29,290
22063040809,1862,467,864,520,10,1,0,0,1583,67,4,8,17,183
22063040810,1932,465,935,520,12,0,0,0,1639,48,17,14,8,206
22063040811,1472,326,707,426,11,2,0,0,1246,50,20,12,12,132
22063040812,3721,851,1681,1139,45,5,0,0,2511,209,608,35,44,314
22063040813,1871,407,829,611,22,2,0,0,1324,89,264,7,18,169
22063040814,2598,595,1195,779,25,4,0,0,1930,102,337,16,33,180
22063040903,1869,573,753,533,8,2,0,0,1253,74,367,9,16,150
22063040904,2794,735,1306,733,19,1,0,0,2267,74,159,14,18,262
22063040905,2050,560,929,550,11,0,0,0,1670,62,72,2,18,226
22063040906,1488,400,645,432,11,0,0,0,1182,57,118,4,7,120
22057020100,1804,729,567,493,13,2,0,0,1117,61,393,6,45,182
22057020202,2828,739,1404,673,10,2,0,0,1941,142,352,21,72,300
22057020400,1334,839,169,322,4,0,0,0,286,11,966,7,16,48
22057020500,3654,1596,976,1054,26,2,0,0,1676,111,1488,18,81,280
22057020600,1333,504,476,349,3,1,0,0,917,44,213,14,35,110
22057020702,2228,692,915,604,17,0,0,0,1431,84,406,6,72,229
22057020703,4465,1229,2152,1067,15,2,0,0,2936,182,735,50,95,467
22057020704,3581,1076,1575,914,15,1,0,0,2592,213,182,19,61,514
22057020800,2162,836,766,548,11,1,0,0,1558,229,22,5,38,310
22057020900,1262,628,311,321,2,0,0,0,558,51,561,7,10,75
22057021000,2027,724,744,548,9,2,0,0,1471,173,96,5,33,249
22057021101,1146,433,440,268,5,0,0,0,879,39,11,7,65,145
22057021102,2707,894,1141,655,14,3,0,0,1999,154,60,27,112,355
22057021200,2447,863,940,625,17,2,0,0,1835,133,28,12,143,296
22057021300,1421,575,499,339,8,0,0,0,1114,63,10,4,76,154
22057021400,2672,790,1225,641,12,4,0,0,1995,116,32,50,97,382
22057021500,2494,854,957,671,12,0,0,0,1801,126,124,34,101,308
22057021602,2219,640,980,586,13,0,0,0,1675,85,6,5,200,248
22057021603,1772,364,840,563,4,1,0,0,1335,79,41,6,69,242
22057021604,2476,670,1066,729,10,1,0,0,1952,112,65,13,52,282
22057021700,2183,732,747,695,8,1,0,0,1623,105,88,10,64,293
22057021800,2894,1230,806,847,9,2,0,0,1483,114,985,13,52,247
22057021902,2676,781,1146,735,12,2,0,0,2056,128,162,5,42,283
22057021903,2576,463,1205,890,15,3,0,0,1820,143,139,9,116,349
22057021904,1057,184,506,362,4,1,0,0,746,66,47,3,61,134
22057022000,1014,266,509,234,3,2,0,0,763,35,81,4,25,106
22057990000,0,0,0,0,0,0,0,0,0,0,0,0,0,0
22065960100,1390,496,565,327,2,0,0,0,833,27,428,3,7,92
22065960200,1289,594,415,279,0,1,0,0,640,27,547,0,2,73
22065960300,1549,1199,38,311,0,1,0,0,6,4,1535,1,2,1
22065960400,1065,814,24,227,0,0,0,0,19,0,1038,0,6,2
22065960500,1411,826,277,307,0,1,0,0,429,10,910,9,13,40
22099020101,2097,720,815,551,11,0,0,0,1547,57,156,9,36,292
22099020102,1409,544,574,288,3,0,0,0,1214,46,6,7,12,124
22099020201,3938,1642,1305,981,9,1,0,0,2157,88,1268,7,32,386
22099020202,1008,440,312,255,1,0,0,0,584,17,302,1,20,84
22099020301,3354,1139,1335,869,8,3,0,0,2020,107,795,22,89,321
22099020303,3343,1247,1250,836,7,3,0,0,2155,99,714,10,58,307
22099020304,1779,683,576,513,4,3,0,0,1215,63,156,82,37,226
22099020401,3588,1512,1245,807,19,5,0,0,2053,89,1100,26,27,293
22099020402,1149,506,407,235,1,0,0,0,680,41,344,2,5,77
22099020502,2356,887,887,573,9,0,0,0,1430,66,595,11,30,224
22099020503,1472,588,511,366,7,0,0,0,880,39,414,7,22,110
22099020504,1984,1213,307,457,6,1,0,0,478,23,1372,7,8,96
22099020601,1741,517,755,461,7,1,0,0,1088,98,387,9,15,144
22099020602,2372,1596,351,423,1,1,0,0,473,21,1794,3,15,66
22099020800,2054,928,697,423,6,0,0,0,1052,80,783,5,5,129
22099020900,1169,582,359,224,2,2,0,0,463,61,582,6,4,53
22099021000,975,267,462,243,1,2,0,0,775,65,1,1,29,104
22069000100,1373,510,570,289,3,1,0,0,953,15,315,8,6,76
22069000200,1778,686,568,521,2,1,0,0,1055,30,562,5,20,106
22069000300,2844,868,1273,690,13,0,0,0,2009,76,489,10,57,203
22069000400,2389,1538,235,613,3,0,0,0,349,23,1962,5,11,39
22069000500,2962,1174,1074,698,14,2,0,0,1825,74,799,26,51,187
22069000601,1057,690,86,278,2,1,0,0,145,9,882,0,8,13
22069000602,2505,1212,640,647,6,0,0,0,1044,46,1244,16,43,112
22069000700,2396,1483,312,591,8,2,0,0,543,24,1695,10,22,102
22069000800,2771,808,1286,663,14,0,0,0,2151,48,320,8,34,210
22069000901,1834,858,554,416,5,1,0,0,791,40,871,8,26,98
22069000902,1262,574,363,322,3,0,0,0,714,31,350,3,40,124
22111960100,2636,1010,1067,553,6,0,0,0,1715,64,714,11,11,121
22111960200,2344,1036,800,496,11,1,0,0,1316,41,907,8,9,63
22111960300,1801,558,814,424,5,0,0,0,1286,57,365,8,8,77
22111960400,2200,1286,456,455,2,1,0,0,647,29,1467,10,8,39
22111960500,3412,712,1966,727,7,0,0,0,2993,70,144,14,14,177
22111960600,2476,507,1359,594,14,2,0,0,2210,38,90,5,13,120
22125951703,0,0,0,0,0,0,0,0,0,0,0,0,0,0
22125951704,918,336,380,199,3,0,0,0,590,23,248,3,1,53
22125951705,1111,725,187,194,4,1,0,0,334,11,725,4,6,31
22125951801,2162,896,793,457,16,0,0,0,1270,27,736,10,13,106
22125951802,966,369,393,201,3,0,0,0,615,14,241,2,7,87
22125951803,2322,676,1081,548,14,3,0,0,1682,46,387,6,15,186
22125980000,165,33,65,64,3,0,0,0,141,5,4,0,0,15
22081960100,2676,936,1220,515,5,0,0,0,1957,30,544,13,13,119
22081960300,2687,1721,474,487,5,0,0,0,815,24,1759,8,15,66
22031950101,1774,613,753,394,14,0,0,0,1036,38,578,5,18,99
22031950102,2343,585,1097,652,7,2,0,0,1681,45,427,14,31,145
22031950103,3026,536,1714,765,10,1,0,0,2421,90,255,19,44,197
22031950200,2919,1026,1174,711,7,1,0,0,1926,50,782,6,21,134
22031950300,1915,910,628,374,3,0,0,0,950,23,837,2,12,91
22031950400,1585,1032,255,295,3,0,0,0,439,33,1049,13,11,40
22031950500,1348,909,188,249,2,0,0,0,259,13,1016,4,3,53
22031950600,2221,1642,205,372,2,0,0,0,293,12,1862,5,9,40
22031950700,1806,657,739,403,6,1,0,0,1304,39,350,13,8,92
22091951100,3360,2084,753,519,4,0,0,0,1477,33,1707,8,19,116
22091951201,2867,1791,595,474,5,2,0,0,1050,28,1678,5,9,97
22091951202,1753,1092,337,321,3,0,0,0,600,24,1058,0,4,67
22123000100,2849,794,1374,678,3,0,0,0,2223,47,402,17,25,135
22123000200,2523,605,1318,591,8,1,0,0,2109,61,205,7,26,115
22123000300,1630,609,653,365,3,0,0,0,1093,23,424,4,6,80
22023970101,2359,618,1084,648,8,1,0,0,2010,123,24,13,18,171
22023970102,770,291,301,175,2,1,0,0,595,53,41,0,11,70
22023970202,579,177,224,174,4,0,0,0,481,28,27,5,5,33
22023970203,827,284,338,204,0,1,0,0,737,22,0,3,8,57
22023990000,0,0,0,0,0,0,0,0,0,0,0,0,0,0
22053000100,3452,1276,1245,919,10,2,0,0,2382,136,586,20,37,291
22053000200,3263,899,1459,900,5,0,0,0,2715,94,182,10,25,237
22053000300,3249,1182,1157,899,11,0,0,0,2351,65,534,13,15,271
22053000401,1745,650,590,497,6,2,0,0,1383,45,192,8,7,110
22053000402,2590,787,1126,669,8,0,0,0,2020,59,253,15,12,231
22053000500,2693,755,1195,724,15,4,0,0,2109,99,246,19,28,192
22053000600,1652,808,328,509,5,2,0,0,794,55,703,5,9,86
22053000700,1389,658,392,338,1,0,0,0,688,26,601,3,7,64
22009030100,1532,622,559,340,11,0,0,0,1287,34,68,2,16,125
22009030200,1650,470,794,383,3,0,0,0,1443,17,11,4,19,156
22009030300,2498,1007,862,614,12,3,0,0,1780,54,386,8,35,235
22009030401,2487,1278,657,543,9,0,0,0,1438,39,761,9,53,187
22009030402,1661,928,280,441,10,2,0,0,616,25,887,2,51,80
22009030501,2074,838,691,537,6,2,0,0,1655,57,178,7,20,157
22009030502,2254,1231,471,542,7,3,0,0,1106,29,970,2,20,127
22009030600,3069,1760,706,592,11,0,0,0,1326,79,1491,5,25,143
22009030701,1373,714,355,299,5,0,0,0,716,21,541,3,17,75
22009030702,1998,1014,540,439,5,0,0,0,1192,40,635,3,26,102
22009030800,1710,525,750,425,9,1,0,0,1450,61,62,3,25,109
22009030900,1521,853,351,315,2,0,0,0,783,17,633,3,10,75
22075050100,1071,776,149,141,5,0,0,0,169,47,789,5,5,56
22075050201,2878,633,1397,826,19,3,0,0,1973,188,184,86,121,326
22075050202,2987,651,1478,837,21,0,0,0,2184,174,118,50,82,379
22075050300,1696,446,670,563,16,1,0,0,1105,137,226,17,56,155
22075050400,2534,1171,758,590,15,0,0,0,1084,102,980,22,109,237
22075050500,762,548,78,135,1,0,0,0,168,14,501,9,32,38
22075050600,599,293,154,149,1,2,0,0,268,17,173,32,42,67
22075050700,667,253,169,240,4,1,0,0,334,14,62,120,41,96
22075050800,594,302,138,154,0,0,0,0,288,14,166,25,29,72
22075990000,0,0,0,0,0,0,0,0,0,0,0,0,0,0
22107000100,918,494,293,130,1,0,0,0,438,8,445,2,0,25
22107000200,541,299,135,106,1,0,0,0,242,15,248,0,5,31
22107000300,1790,1172,367,250,1,0,0,0,628,14,1105,2,3,38
22029000100,1896,936,643,315,2,0,0,0,1065,27,736,5,6,57
22029000201,1444,935,257,250,1,1,0,0,385,11,997,5,3,43
22029000202,1417,990,150,275,2,0,0,0,290,4,1101,0,8,14
22029000300,2291,929,744,613,4,1,0,0,1436,31,698,2,12,112
22029000400,3102,1174,1194,729,5,0,0,0,1964,56,900,18,23,141
22029000500,1859,504,941,408,6,0,0,0,1552,10,153,7,11,126
22033000100,844,593,25,226,0,0,0,0,29,1,811,0,2,1
22033000200,3474,2545,113,816,0,0,0,0,163,17,3260,1,11,22
22033000300,964,704,20,238,2,0,0,0,31,3,922,1,2,5
22033000400,1695,1248,35,411,1,0,0,0,80,10,1579,10,6,10
22033000500,2153,1588,51,511,3,0,0,0,46,4,2090,6,0,7
22033000601,2039,1498,52,487,1,1,0,0,45,9,1976,0,3,6
22033000602,2998,2356,68,569,3,2,0,0,48,9,2935,0,5,1
22033000701,1098,794,37,265,2,0,0,0,35,4,1039,12,3,5
22033000702,1917,1508,49,356,3,1,0,0,38,16,1848,6,3,6
22033000900,2616,2034,56,520,4,2,0,0,40,4,2566,0,3,3
22033001000,2101,1644,47,408,1,1,0,0,24,5,2067,0,2,3
22033001102,1692,1162,128,396,4,2,0,0,239,22,1378,10,9,34
22033001103,1645,1176,105,359,4,1,0,0,190,20,1407,6,10,12
22033001104,1646,1146,36,461,1,2,0,0,40,16,1571,3,7,9
22033001600,2310,1340,283,653,31,3,0,0,1049,57,1013,20,21,150
22033001700,3576,1507,1085,941,37,6,0,0,2245,109,876,22,47,277
22033001800,1500,666,397,427,9,1,0,0,887,49,427,17,27,93
22033001900,2112,547,976,561,25,3,0,0,1629,82,164,23,38,176
22033002000,2775,669,1332,751,22,1,0,0,2090,109,241,58,34,243
22033002200,856,611,38,201,4,2,0,0,115,10,704,4,8,15
22033002300,2105,721,713,647,23,1,0,0,1691,93,67,22,31,201
22033002400,1377,935,76,358,5,3,0,0,204,25,1083,19,12,34
22033002500,1832,1204,171,438,17,2,0,0,429,38,1271,18,19,57
22033002601,3020,859,1250,880,28,3,0,0,2340,120,146,56,35,323
22033002602,3104,892,1369,809,32,2,0,0,2167,127,466,58,35,251
22033002700,1219,712,223,273,10,1,0,0,352,21,774,0,8,64
22033002801,695,289,111,284,8,3,0,0,327,51,226,11,19,61
22033002802,422,131,133,152,5,1,0,0,283,27,34,11,11,56
22033003000,1955,1540,53,361,1,0,0,0,9,1,1927,5,7,6
22033003104,3117,2454,53,601,6,3,0,0,20,9,3075,0,4,9
22033003201,2640,1870,223,541,3,3,0,0,411,24,2131,7,5,62
22033003202,2766,1830,433,498,4,1,0,0,663,33,1980,9,13,68
22033003300,3247,2558,71,611,5,2,0,0,22,17,3198,2,4,4
22033003400,4541,3501,107,925,6,2,0,0,71,10,4436,2,9,13
22033003501,1510,1147,74,286,3,0,0,0,120,13,1344,10,8,15
22033003504,4336,3452,92,785,6,1,0,0,60,8,4252,2,7,7
22033003505,2320,1657,107,552,3,1,0,0,140,24,2121,11,7,17
22033003506,4491,3377,254,851,7,2,0,0,402,56,3921,54,20,38
22033003507,3708,2758,228,715,6,1,0,0,311,32,3307,22,8,28
22033003601,2322,1535,280,503,3,1,0,0,407,57,1685,101,14,58
22033003603,1162,663,156,339,2,2,0,0,307,41,748,17,7,42
22033003604,2549,1719,166,658,2,4,0,0,210,55,2159,86,17,22
22033003701,3722,1447,1251,978,41,5,0,0,2221,143,911,79,92,276
22033003702,2100,945,597,543,12,3,0,0,988,86,797,84,40,105
22033003703,3744,1720,1051,960,12,1,0,0,1504,130,1545,310,40,215
22033003804,2913,874,1223,789,25,2,0,0,2004,131,452,46,31,249
22033003806,2446,1353,561,512,17,3,0,0,939,67,1275,21,25,119
22033003807,2598,712,1216,650,19,1,0,0,1787,86,409,50,45,221
22033003808,1493,492,582,390,22,7,0,0,938,53,329,13,28,132
22033003809,2041,594,893,535,15,4,0,0,1484,84,266,26,26,155
22033003810,2135,581,953,587,14,0,0,0,1520,105,247,33,37,193
22033003811,2566,860,1045,644,16,1,0,0,1542,96,615,76,41,196
22033003907,3441,1310,1173,922,32,4,0,0,1865,116,1135,92,51,182
22033003908,2977,1006,1159,783,26,3,0,0,1814,118,764,70,38,173
22033003909,2467,1186,575,687,13,6,0,0,1000,102,1150,64,27,124
22033003910,985,511,168,299,4,3,0,0,292,54,559,21,8,51
22033003911,1766,758,538,458,12,0,0,0,917,76,591,69,29,84
22033003912,1136,723,99,306,7,1,0,0,143,31,921,13,8,20
22033003913,3927,1199,1652,1049,26,1,0,0,2434,160,838,136,106,253
22033003914,2106,769,741,577,17,2,0,0,1154,113,562,69,41,167
22033004010,3583,1001,1547,1007,24,4,0,0,2390,227,529,96,59,282
22033004013,1526,706,212,584,20,4,0,0,607,61,726,26,23,83
22033004017,2856,1626,579,626,23,2,0,0,935,60,1612,74,32,143
22033004018,1407,716,284,397,9,1,0,0,481,55,759,22,11,79
22033004019,3437,1097,1472,839,24,5,0,0,2204,154,658,112,54,255
22033004020,3564,838,1822,876,26,2,0,0,2451,124,437,110,83,359
22033004021,2435,974,855,599,7,0,0,0,1098,113,970,82,34,138
22033004022,3191,720,1654,805,11,1,0,0,2032,155,543,135,82,244
22033004023,976,364,231,360,19,2,0,0,506,80,252,20,24,94
22033004024,1787,617,543,594,29,4,0,0,1010,91,374,74,66,172
22033004025,1991,495,944,540,9,3,0,0,1387,72,226,72,35,199
22033004026,4847,970,2526,1306,40,5,0,0,3215,228,497,289,98,520
22033004027,2069,311,1322,426,9,1,0,0,1601,85,75,73,41,194
22033004028,1632,828,298,487,18,1,0,0,502,111,874,45,23,77
22033004029,2294,1508,214,557,12,3,0,0,296,62,1819,45,15,57
22033004030,1299,626,206,455,9,3,0,0,357,50,782,32,12,66
22033004031,2213,782,628,766,28,9,0,0,1192,140,567,81,51,182
22033004201,3725,2826,197,698,4,0,0,0,323,15,3340,2,9,36
22033004203,2151,1512,192,441,5,1,0,0,378,13,1719,2,4,35
22033004204,2009,1314,218,470,6,1,0,0,405,21,1527,6,11,39
22033004205,3580,2536,306,733,5,0,0,0,491,30,2991,11,7,50
22033004301,4686,1339,2277,1046,23,1,0,0,3421,93,744,17,51,360
22033004302,4035,780,2334,899,20,2,0,0,3290,105,202,21,51,366
22033004401,3848,1099,1988,744,15,2,0,0,2664,110,720,24,36,294
22033004402,3977,876,2071,1003,26,1,0,0,3035,118,451,21,49,303
22033004403,4162,1023,2197,908,31,3,0,0,2995,127,615,18,45,362
22033004503,2920,1614,510,789,6,1,0,0,854,147,1677,107,23,112
22033004504,3424,1505,921,981,16,1,0,0,1426,184,1432,146,61,175
22033004507,3787,1030,1637,1084,32,4,0,0,2452,157,713,108,76,281
22033004509,4154,1349,1556,1202,40,7,0,0,2444,190,1115,65,54,286
22033004511,2722,1177,712,819,12,2,0,0,1121,130,1234,63,43,131
22033004512,1754,527,775,446,5,1,0,0,975,61,431,104,38,145
22033004513,3650,843,1886,900,21,0,0,0,2619,152,436,67,62,314
22033004514,2589,488,1441,634,24,2,0,0,2018,93,194,24,42,218
22033004515,3162,620,1742,780,18,2,0,0,2341,100,350,43,45,283
22033004516,2821,708,1336,748,26,3,0,0,1878,140,469,77,34,223
22033004602,4270,2240,1041,969,18,2,0,0,1691,74,2241,18,38,208
22033004603,3924,1956,1061,879,27,1,0,0,1563,66,2057,21,23,194
22033004605,4715,1832,1761,1084,36,2,0,0,2591,87,1675,22,45,295
22033004606,3832,1612,1274,914,29,3,0,0,1919,85,1561,26,27,214
22033004700,4050,1631,1553,853,11,2,0,0,2464,68,1238,15,19,246
22033004800,2129,699,765,639,18,8,0,0,1516,74,267,41,42,189
22033004900,3496,1034,1506,928,25,3,0,0,2599,134,272,123,46,322
22033005000,2645,806,1112,710,16,1,0,0,2005,87,188,61,45,259
22033005100,1913,1195,191,503,13,11,0,0,600,37,1143,18,16,99
22033005200,1222,791,104,319,8,0,0,0,277,13,875,1,8,48
22033005300,2106,1353,147,597,7,2,0,0,395,34,1581,7,13,76
22033980000,1,1,0,0,0,0,0,0,1,0,0,0,0,0
22005030102,3266,898,1431,917,20,0,0,0,2501,188,137,7,55,378
22005030104,1905,521,837,528,18,1,0,0,1352,71,260,21,19,182
22005030105,3748,862,1757,1091,38,0,0,0,2712,175,416,27,34,384
22005030106,1644,437,718,474,11,4,0,0,1300,100,18,12,18,196
22005030107,2182,657,861,655,8,1,0,0,1766,89,14,3,35,275
22005030207,4162,996,2072,1064,27,3,0,0,2747,211,668,128,73,335
22005030208,2411,459,1274,648,27,3,0,0,1859,114,187,26,24,201
22005030209,1608,355,730,513,10,0,0,0,1165,72,143,15,25,188
22005030210,4597,1121,2194,1244,35,3,0,0,3048,226,835,55,55,378
22005030211,4246,1037,1916,1258,32,3,0,0,3031,259,507,32,54,363
22005030212,4076,1223,1713,1095,41,4,0,0,2553,209,905,49,59,301
22005030213,2949,755,1393,777,22,2,0,0,1902,168,491,42,30,316
22005030214,3031,944,1186,869,30,2,0,0,1788,224,711,26,26,256
22005030215,3137,921,1284,911,21,0,0,0,2178,186,378,25,34,336
22005030301,3270,790,1625,830,24,1,0,0,2127,157,540,65,48,333
22005030302,3742,1502,1403,818,16,3,0,0,1815,134,1491,26,20,256
22005030303,2257,852,747,636,20,2,0,0,1109,120,831,14,29,154
22005030304,1516,576,536,395,8,1,0,0,739,60,542,24,21,130
22005030403,1561,557,543,453,6,2,0,0,940,114,367,4,21,115
22005030404,2571,975,848,734,11,3,0,0,1316,150,855,24,16,210
22005030405,2812,1565,506,726,11,4,0,0,951,192,1508,11,19,131
22005030406,2023,1226,286,498,13,0,0,0,493,88,1356,16,9,61
22005030501,2208,616,990,595,7,0,0,0,1531,111,288,24,20,234
22005030502,1700,434,754,492,18,2,0,0,1341,88,15,7,19,230
22005030503,2085,508,969,589,19,0,0,0,1771,71,20,7,17,199
22005030600,3277,1254,1124,870,27,2,0,0,1956,146,859,23,26,267
22005030900,2628,1786,352,484,5,1,0,0,554,127,1791,10,12,134
22005031001,1430,896,301,229,3,1,0,0,513,50,761,3,11,92
22005031002,2504,1885,216,401,2,0,0,0,413,56,1949,5,12,69
22059970100,2416,563,1261,589,3,0,0,0,2164,27,47,16,37,125
22059970200,3264,989,1567,694,13,1,0,0,2474,25,562,14,39,150
22059970300,3062,620,1863,573,6,0,0,0,2776,25,45,14,22,180
22083970100,2349,1296,559,492,2,0,0,0,843,37,1405,9,10,45
22083970200,1494,580,597,315,1,1,0,0,888,19,516,0,5,66
22083970300,2053,496,1109,441,7,0,0,0,1655,49,241,5,4,99
22083970400,1934,387,1114,425,6,2,0,0,1655,28,128,4,6,113
22083970500,3157,1749,641,757,6,4,0,0,924,30,2118,12,16,57
22083970600,2700,743,1269,681,6,1,0,0,2034,46,488,7,10,115
22021000100,1707,447,859,398,3,0,0,0,1435,47,125,6,5,89
22021000200,1757,638,725,390,3,1,0,0,1202,34,429,3,10,79
22021000300,2640,777,1219,640,4,0,0,0,2149,54,290,7,13,127
22041950100,2589,657,1441,484,7,0,0,0,2146,27,292,8,10,106
22041950200,2790,963,1284,535,6,2,0,0,1938,20,718,7,12,95
22041950300,3188,1852,611,717,8,0,0,0,962,24,2126,9,8,59
22041950400,1912,620,925,362,5,0,0,0,1590,17,246,3,4,52
22041950500,1206,330,603,270,3,0,0,0,1050,15,86,0,3,52
22041950600,1356,648,451,256,1,0,0,0,771,10,536,0,2,37
22067950100,1164,450,444,268,1,1,0,0,750,12,354,6,2,40
22067950200,3652,1112,1706,828,4,2,0,0,2689,37,746,21,12,147
22067950300,1873,559,936,369,8,1,0,0,1322,26,438,12,3,72
22067950400,1876,1286,151,439,0,0,0,0,169,2,1687,1,0,17
22067950500,2363,1350,452,557,4,0,0,0,758,12,1534,9,5,45
22067950600,1965,813,734,415,3,0,0,0,1133,9,756,5,4,58
22067950700,2018,854,737,420,5,2,0,0,1168,13,729,4,7,97
22067950800,2420,1755,153,508,3,1,0,0,180,5,2210,4,2,19
22047952600,1964,1409,277,272,5,1,0,0,551,23,1282,5,9,94
22047952701,2044,788,726,526,4,0,0,0,1354,85,304,2,19,280
22047952702,2269,1312,482,468,7,0,0,0,944,94,1069,11,11,140
22047952901,1894,918,575,394,7,0,0,0,1306,109,333,12,10,124
22047952902,1858,1385,214,258,1,0,0,0,330,41,1409,2,8,68
22047953000,1751,961,410,378,2,0,0,0,956,108,583,7,8,89
22047953101,3802,2537,630,629,6,0,0,0,1271,100,2227,21,23,160
22047953102,1545,1072,214,257,2,0,0,0,411,62,1015,3,7,47
22047953200,3460,1872,805,770,10,3,0,0,1278,103,1823,17,22,217
22039950101,1820,602,854,358,6,0,0,0,1439,54,128,9,24,166
22039950102,2028,652,964,409,2,1,0,0,1701,71,76,5,27,148
22039950200,1026,390,410,224,2,0,0,0,886,23,39,1,4,73
22039950301,682,270,283,129,0,0,0,0,467,20,118,2,2,73
22039950302,1864,671,695,488,9,1,0,0,1282,105,271,13,15,178
22039950401,2041,1140,397,493,9,2,0,0,946,45,940,13,7,90
22039950402,1970,675,869,422,4,0,0,0,1523,74,190,13,15,155
22039950500,2097,1344,376,372,4,1,0,0,595,42,1362,0,13,85
22039950600,2102,1440,271,389,2,0,0,0,622,30,1375,1,9,65
22039950700,2552,1027,1115,405,5,0,0,0,1819,119,336,9,29,240
22039950800,2492,1342,706,436,6,2,0,0,1311,72,929,13,11,156
22121020100,3046,1888,534,616,8,0,0,0,978,46,1879,6,18,119
22121020200,1537,870,235,426,6,0,0,0,578,31,837,10,8,73
22121020301,2113,977,619,507,9,1,0,0,1101,35,710,7,24,236
22121020302,2184,975,666,535,7,1,0,0,1183,53,732,21,10,185
22121020401,3974,1943,1130,888,11,2,0,0,1766,139,1719,16,16,318
22121020402,4057,1479,1587,969,20,2,0,0,2513,169,919,19,27,410
22109000103,2155,637,818,690,9,1,0,0,1302,97,460,9,58,229
22109000104,1144,443,337,356,7,1,0,0,588,58,368,5,24,101
22109000105,592,210,198,182,2,0,0,0,315,17,214,0,14,32
22109000106,2005,765,640,588,10,2,0,0,922,53,795,11,64,160
22109000201,1657,474,650,529,3,1,0,0,1109,62,272,7,59,148
22109000203,2732,671,1178,853,28,2,0,0,1884,126,311,24,103,284
22109000204,1279,303,582,386,8,0,0,0,872,71,132,6,58,140
22109000300,2071,813,627,614,14,3,0,0,1079,74,673,7,70,168
22109000401,2448,715,1024,698,10,1,0,0,1614,91,386,21,83,253
22109000402,2301,520,1049,710,20,2,0,0,1646,113,218,15,79,230
22109000501,1616,773,406,432,3,2,0,0,654,43,768,2,51,98
22109000502,1842,424,838,563,15,2,0,0,1284,78,177,9,64,230
22109000601,1292,330,446,504,8,4,0,0,873,61,142,10,58,148
22109000602,1709,760,428,515,3,3,0,0,684,82,698,57,60,128
22109000701,1233,465,332,426,9,1,0,0,687,62,319,5,69,91
22109000702,1688,1014,201,468,4,1,0,0,276,19,1305,6,31,51
22109000800,3091,1034,1032,1010,15,0,0,0,1858,140,597,29,207,260
22109000901,1682,585,657,434,6,0,0,0,912,58,522,12,45,133
22109000902,1143,477,316,337,13,0,0,0,525,42,468,2,25,81
22109001001,1269,208,687,357,16,1,0,0,950,43,13,10,77,176
22109001002,2871,595,1502,760,13,1,0,0,2171,127,77,9,136,351
22109001100,1618,402,641,566,7,2,0,0,1056,60,15,2,292,193
22109001201,1325,492,456,370,6,1,0,0,878,47,238,5,51,106
22109001202,2010,610,722,671,5,2,0,0,1565,83,11,20,92,239
22109001301,979,347,217,412,3,0,0,0,409,42,264,8,192,64
22109001302,662,255,189,217,1,0,0,0,339,41,90,6,133,53
22109001303,1466,447,499,511,8,1,0,0,715,61,230,21,310,129
22109001400,2020,718,740,556,4,2,0,0,1238,31,424,9,122,196
22109001501,1511,284,864,357,5,1,0,0,1069,73,136,17,51,165
22109001502,3255,594,1777,859,23,2,0,0,2526,127,162,20,101,319
22109001600,1823,836,486,495,3,3,0,0,889,42,729,5,41,117
22109001701,1524,327,867,321,9,0,0,0,1055,54,216,8,29,162
22109001702,2923,518,1739,646,19,1,0,0,2093,141,244,33,79,333
22109001703,3539,613,2106,800,20,0,0,0,2633,136,229,72,90,379
22109990000,0,0,0,0,0,0,0,0,0,0,0,0,0,0
22095070100,1817,803,614,393,7,0,0,0,976,104,574,7,8,148
22095070200,4514,3125,358,1015,14,2,0,0,408,242,3770,15,23,56
22095070300,3913,1936,875,1084,17,1,0,0,1619,302,1675,24,23,270
22095070400,2824,1261,826,727,9,1,0,0,1276,171,1061,52,34,230
22095070500,3895,2450,428,1010,7,0,0,0,748,205,2770,3,19,150
22095070600,1718,1088,280,342,7,1,0,0,570,44,948,4,11,141
22095070700,2444,1327,578,534,4,1,0,0,1278,65,828,4,15,254
22095070800,1563,1232,51,276,3,1,0,0,76,5,1452,2,1,27
22095070900,1743,1087,250,404,2,0,0,0,437,59,1135,7,5,100
22095071000,1777,963,367,444,2,1,0,0,761,81,762,4,13,156
22095071100,2537,2159,108,267,3,0,0,0,188,15,2294,1,3,36
22085000100,1842,637,768,430,6,1,0,0,1240,51,257,3,125,166
22085000201,1067,332,455,280,0,0,0,0,706,32,36,4,173,116
22085000202,1389,463,592,328,5,1,0,0,892,41,20,1,225,210
22085000300,1126,679,228,217,2,0,0,0,317,47,441,2,191,128
22085000400,2917,806,1443,657,10,1,0,0,2148,84,310,6,162,207
22085000500,1615,756,447,405,6,1,0,0,725,29,763,11,32,55
22085000600,2482,664,1257,552,8,1,0,0,1900,47,338,6,51,140
22085000701,910,189,498,219,3,1,0,0,817,22,3,2,14,52
22085000702,1011,188,588,233,2,0,0,0,848,20,8,9,35,91
22051020204,2274,488,1202,574,9,1,0,0,1549,177,19,130,68,331
22051020205,1174,588,174,397,12,3,0,0,323,209,530,20,26,66
22051020206,2721,738,1244,723,15,1,0,0,1762,289,172,101,106,291
22051020304,3176,685,1651,818,19,3,0,0,2191,306,50,115,121,393
22051020305,2919,722,1419,757,18,3,0,0,1840,299,87,130,180,383
22051020400,2436,530,1338,553,12,3,0,0,1775,232,34,63,51,281
22051020502,2964,1077,827,1043,15,2,0,0,1193,859,549,65,92,206
22051020505,1267,940,50,274,2,1,0,0,43,56,1155,1,0,12
22051020506,2325,704,911,699,10,1,0,0,1165,517,229,93,120,201
22051020507,2620,834,893,879,9,5,0,0,1329,611,313,53,83,231
22051020511,2281,717,815,730,16,3,0,0,1111,377,377,85,146,185
22051020512,1768,484,772,501,8,3,0,0,889,310,214,76,122,157
22051020513,2458,818,874,741,24,1,0,0,1237,364,426,78,158,195
22051020514,2935,531,1723,673,8,0,0,0,2026,301,41,112,125,330
22051020515,1919,673,659,574,11,2,0,0,894,458,329,34,35,169
22051020516,2107,974,386,732,12,3,0,0,633,593,724,27,30,100
22051020517,2991,755,1402,817,15,2,0,0,1727,374,317,120,118,335
22051020518,2143,686,739,701,17,0,0,0,999,516,411,31,70,116
22051020519,2349,756,785,798,9,1,0,0,1097,530,395,86,71,170
22051020600,1769,1082,139,541,6,1,0,0,193,182,1362,1,8,23
22051021000,1356,590,343,412,9,2,0,0,615,165,421,12,25,118
22051021100,1222,407,405,399,10,1,0,0,736,183,146,19,18,120
22051021200,1186,430,374,375,7,0,0,0,580,217,196,34,25,134
22051021300,1904,442,867,582,13,0,0,0,1247,249,57,47,47,257
22051021400,1473,365,659,438,11,0,0,0,974,234,61,24,37,143
22051021500,1013,421,211,371,8,2,0,0,377,150,370,10,44,62
22051021601,1119,343,362,405,8,1,0,0,587,206,170,23,31,102
22051021602,1081,276,485,314,5,1,0,0,759,148,19,27,11,117
22051022601,2324,404,1392,510,15,3,0,0,1776,135,15,25,56,317
22051023003,2055,544,922,570,19,0,0,0,1503,235,38,25,32,222
22051023004,3396,858,1712,805,18,3,0,0,2487,313,109,47,49,391
22051023300,1174,303,470,390,10,1,0,0,815,153,29,12,37,128
22051023400,2289,577,1015,675,20,2,0,0,1641,309,47,29,37,226
22051023500,3012,817,1299,860,33,3,0,0,2093,368,108,49,61,333
22051023600,3022,1013,996,987,22,4,0,0,1750,431,454,40,64,283
22051023700,1559,1198,36,323,2,0,0,0,25,18,1505,0,3,8
22051023800,2365,1020,696,634,15,0,0,0,1135,152,855,12,19,192
22051023901,1960,392,1052,501,14,1,0,0,1494,128,104,18,22,194
22051023902,1919,426,993,480,17,3,0,0,1418,144,77,22,23,235
22051023903,1843,381,972,476,13,1,0,0,1438,130,43,13,18,201
22051023904,1989,512,930,529,15,3,0,0,1411,190,146,9,32,201
22051024001,2050,432,1031,567,19,1,0,0,1567,122,54,7,34,266
22051024002,2486,557,1280,632,14,3,0,0,1884,173,74,26,34,295
22051024100,2218,608,915,674,18,3,0,0,1608,169,165,17,36,223
22051024202,1940,839,486,601,12,2,0,0,886,148,644,47,39,176
22051024300,1838,512,697,605,22,2,0,0,1347,151,126,10,24,180
22051024400,1818,702,504,593,12,7,0,0,1109,136,365,15,26,167
22051024500,1115,399,331,372,9,4,0,0,705,102,140,12,20,136
22051024601,914,604,79,225,5,1,0,0,128,43,707,4,6,26
22051024700,881,384,223,268,6,0,0,0,513,78,195,3,6,86
22051024801,2268,410,1253,581,24,0,0,0,1728,136,23,26,50,305
22051024900,893,391,205,288,7,2,0,0,458,94,216,10,20,95
22051025002,1666,718,391,551,4,2,0,0,676,253,523,58,29,127
22051025003,2076,775,672,618,7,4,0,0,998,320,454,64,71,169
22051025004,1506,790,227,480,9,0,0,0,390,125,840,54,23,74
22051025005,2374,1308,324,730,9,3,0,0,438,185,1404,211,61,75
22051025102,2680,946,913,806,13,2,0,0,1279,193,680,167,134,227
22051025103,2324,1148,459,707,9,1,0,0,724,214,1032,158,78,118
22051025104,1722,846,313,556,6,1,0,0,453,220,811,68,97,73
22051025201,1016,498,189,326,3,0,0,0,331,125,500,18,10,32
22051025202,2819,1237,635,934,10,3,0,0,1052,429,1038,64,64,172
22051025300,1371,438,543,378,12,0,0,0,857,145,199,32,20,118
22051025400,1965,885,445,621,12,2,0,0,834,219,684,49,34,145
22051025500,1228,683,155,385,5,0,0,0,291,131,712,39,7,48
22051025600,894,368,275,248,3,0,0,0,488,68,198,25,11,104
22051025700,946,669,59,213,4,1,0,0,84,16,825,4,1,16
22051025800,1222,658,222,336,5,1,0,0,500,42,578,4,22,76
22051025900,1672,648,515,484,20,5,0,0,934,109,422,14,37,156
22051026000,1094,452,272,362,8,0,0,0,603,121,228,19,15,108
22051026100,2207,1222,280,694,10,1,0,0,428,248,1305,117,25,84
22051026200,981,748,29,203,1,0,0,0,18,10,946,2,5,0
22051026300,1445,509,463,458,13,2,0,0,977,123,149,26,20,150
22051026400,1107,345,379,378,3,2,0,0,728,102,98,60,11,108
22051026500,1217,460,423,323,8,3,0,0,760,134,165,18,20,120
22051026600,1130,363,356,402,8,1,0,0,779,94,116,14,27,100
22051026700,1065,450,292,312,11,0,0,0,543,63,332,34,18,75
22051026800,1715,1210,122,380,2,1,0,0,181,44,1425,17,11,37
22051026900,2467,1896,71,497,2,1,0,0,56,12,2380,2,6,11
22051027000,3632,1829,653,1129,18,3,0,0,1218,186,1617,399,44,168
22051027100,1896,753,504,631,7,1,0,0,1125,147,396,17,30,181
22051027200,3199,1314,754,1118,10,3,0,0,1759,283,781,19,65,292
22051027501,3919,1944,740,1215,17,3,0,0,1472,317,1825,66,37,202
22051027502,2659,2056,63,536,4,0,0,0,16,19,2617,0,1,6
22051027601,2874,1252,581,1025,14,2,0,0,1120,284,981,286,30,173
22051027602,1921,1213,156,548,4,0,0,0,220,166,1417,65,16,37
22051027701,4061,3015,100,938,5,3,0,0,89,44,3883,27,8,10
22051027703,2276,1160,326,780,7,3,0,0,595,178,1267,120,18,98
22051027803,1729,1006,180,536,7,0,0,0,305,181,1111,61,29,42
22051027806,4495,1626,1343,1503,22,1,0,0,2429,449,966,188,78,385
22051027810,2861,1952,213,689,6,1,0,0,240,156,2284,136,14,31
22051027811,2256,1584,129,539,2,2,0,0,171,86,1928,36,7,28
22051027812,2633,1880,117,627,5,4,0,0,119,93,2353,35,9,24
22051027813,2572,1329,508,719,13,3,0,0,684,175,1243,191,166,113
22051027814,2601,1320,572,702,4,3,0,0,738,168,1220,237,129,109
22051027815,1086,726,69,287,2,2,0,0,77,34,907,45,7,16
22051027816,3912,2077,699,1124,9,3,0,0,1018,325,1925,375,126,143
22051027817,3801,1401,1129,1248,19,4,0,0,1829,404,980,171,64,353
22051027818,2451,944,841,658,7,1,0,0,1042,188,693,337,50,141
22051027819,1142,491,279,366,4,2,0,0,508,92,417,13,27,85
22051027820,3298,1365,851,1063,15,4,0,0,1594,361,985,62,55,241
22051027903,814,261,326,224,3,0,0,0,627,34,5,2,21,125
22051027904,2816,834,1158,814,8,2,0,0,1991,235,67,19,77,427
22051028000,3328,1038,1237,1035,17,1,0,0,1927,293,656,99,61,292
22051028200,2669,1146,639,865,17,2,0,0,1288,256,873,31,34,187
22051028300,2033,1384,171,476,1,1,0,0,284,78,1614,4,9,44
22051028400,4066,1052,1944,1040,28,2,0,0,3005,366,60,35,87,513
22051028500,2840,761,1295,760,19,5,0,0,2053,253,74,53,59,348
22051028600,1950,468,912,553,13,4,0,0,1413,172,36,40,40,249
22051028700,1631,538,486,589,17,1,0,0,921,186,237,35,54,198
22051028800,1965,831,496,618,17,3,0,0,834,176,670,45,53,187
22051028900,2637,751,1106,744,35,1,0,0,1822,214,238,17,55,291
22051029000,1850,527,681,623,16,3,0,0,1274,202,107,34,28,205
22051029100,2223,585,878,737,20,3,0,0,1561,277,99,25,45,216
22051029200,2678,596,1354,706,20,2,0,0,2057,206,22,23,25,345
22051029300,3240,820,1568,830,19,3,0,0,2477,184,66,34,51,428
22051029400,2794,620,1441,710,21,2,0,0,2127,188,16,51,51,361
22051029500,2932,686,1464,742,38,2,0,0,2248,195,27,56,45,361
22051029600,1898,855,348,678,14,3,0,0,639,243,830,26,30,130
22051029700,1104,408,278,411,7,0,0,0,481,179,244,30,46,124
22051029800,1466,478,492,485,11,0,0,0,772,239,239,48,34,134
22051029900,1690,711,363,601,13,2,0,0,697,247,557,22,33,134
22051030000,1462,387,573,480,17,5,0,0,1063,127,56,14,18,184
22051030100,2993,794,1343,830,20,6,0,0,1996,371,136,114,91,285
22051030200,2654,741,1082,814,12,5,0,0,1671,372,188,86,74,263
22051030300,1711,538,653,506,11,3,0,0,1050,169,230,41,47,174
22051980000,20,10,2,8,0,0,0,0,1,7,11,0,0,1
22051990000,0,0,0,0,0,0,0,0,0,0,0,0,0,0
22051990100,0,0,0,0,0,0,0,0,0,0,0,0,0,0
22027950100,2168,759,967,438,4,0,0,0,1360,7,726,0,9,66
22027950201,509,257,144,105,3,0,0,0,212,9,259,5,1,23
22027950202,704,237,310,156,0,1,0,0,485,6,183,0,5,25
22027950300,1440,740,365,335,0,0,0,0,592,1,801,5,7,34
22027950400,1957,1106,370,478,2,1,0,0,587,12,1312,3,3,40
22027950500,1772,658,708,403,3,0,0,0,1080,14,607,13,8,50
22087030103,2887,1350,625,889,20,3,0,0,1394,393,700,22,48,330
22087030104,1356,498,437,408,12,1,0,0,762,330,26,3,28,207
22087030105,262,150,59,52,1,0,0,0,118,67,51,0,1,25
22087030203,1747,622,463,643,16,3,0,0,1140,195,149,12,32,219
22087030204,2744,1771,267,701,5,0,0,0,586,166,1837,19,38,98
22087030206,1311,416,422,461,12,0,0,0,787,134,166,40,33,151
22087030207,2058,745,612,690,9,2,0,0,1280,208,280,41,63,186
22087030208,1977,615,661,687,13,1,0,0,1205,247,219,42,20,244
22087030209,2099,727,729,635,8,0,0,0,1301,259,248,14,21,256
22087030300,963,384,253,320,6,0,0,0,623,91,110,12,19,108
22087030400,869,310,234,313,9,3,0,0,596,85,45,2,13,128
22087030500,1137,447,312,368,8,2,0,0,666,140,148,19,39,125
22087030601,708,325,152,224,5,2,0,0,269,63,237,64,15,60
22087030602,1577,583,421,557,11,5,0,0,927,163,269,20,26,172
22087030603,617,356,46,212,2,1,0,0,96,52,426,7,14,22
22087030700,945,305,269,364,7,0,0,0,623,109,58,9,24,122
22087030800,2146,821,536,768,18,3,0,0,1196,174,485,22,43,226
22087990000,0,0,0,0,0,0,0,0,0,0,0,0,0,0
22071000100,1745,914,256,554,17,4,0,0,1088,90,332,17,26,192
22071000200,784,539,37,206,2,0,0,0,185,22,534,5,9,29
22071000300,797,584,16,191,4,2,0,0,82,7,686,1,5,16
22071000400,1543,1133,64,338,7,1,0,0,260,35,1207,5,9,27
22071000601,570,447,10,113,0,0,0,0,6,0,559,0,3,2
22071000602,1718,1249,63,398,5,3,0,0,141,36,1513,1,11,16
22071000603,605,426,24,153,2,0,0,0,11,54,522,14,1,3
22071000604,2449,1766,160,518,5,0,0,0,216,102,2063,22,7,39
22071000605,1261,874,68,315,3,1,0,0,160,52,1019,3,6,21
22071000606,2975,1938,391,633,8,5,0,0,704,186,1887,42,35,121
22071000607,3074,1698,546,797,28,5,0,0,1135,167,1494,44,32,202
22071000611,2590,1988,112,489,1,0,0,0,36,13,2391,141,2,7
22071000612,1311,577,382,344,7,1,0,0,514,82,426,118,42,129
22071000615,1549,951,161,430,6,1,0,0,325,66,1051,41,15,51
22071000616,2572,1567,358,637,8,2,0,0,655,120,1558,71,28,140
22071000617,1394,1006,47,340,0,1,0,0,73,26,1274,9,6,6
22071000618,2570,1485,446,626,11,2,0,0,709,110,1477,116,33,125
22071000619,1246,904,50,289,1,2,0,0,82,42,1089,17,3,13
22071000620,901,617,74,204,4,2,0,0,122,17,726,5,3,28
22071000701,694,532,9,149,3,1,0,0,51,8,626,3,2,4
22071000702,1080,754,56,260,5,5,0,0,260,37,732,6,6,39
22071000800,1115,826,17,266,4,2,0,0,191,16,877,4,2,25
22071000901,660,498,20,139,2,1,0,0,28,6,617,1,3,5
22071000902,477,376,11,90,0,0,0,0,16,2,456,0,3,0
22071000903,587,469,8,110,0,0,0,0,6,0,576,0,1,4
22071000904,721,562,11,145,3,0,0,0,18,2,697,0,2,2
22071001100,1420,940,50,417,5,8,0,0,680,70,508,17,23,122
22071001200,1356,860,69,407,13,7,0,0,871,81,185,26,23,170
22071001301,1479,1074,51,340,9,5,0,0,523,36,799,3,17,101
22071001302,1057,772,28,250,3,4,0,0,191,27,793,4,15,27
22071001401,1187,930,21,230,3,3,0,0,54,5,1113,1,4,10
22071001402,1418,1080,22,309,4,3,0,0,153,25,1187,3,14,36
22071001500,717,515,18,181,1,2,0,0,179,15,477,8,6,32
22071001600,19,16,1,2,0,0,0,0,1,0,18,0,0,0
22071001701,1601,1268,38,292,1,2,0,0,39,14,1534,3,3,8
22071001702,2130,1610,135,379,5,1,0,0,213,28,1841,14,6,28
22071001720,2647,2071,58,511,6,1,0,0,52,20,2546,7,9,13
22071001723,3390,2736,74,575,2,3,0,0,70,38,3233,33,6,10
22071001724,3039,2442,51,541,4,1,0,0,108,24,2858,8,11,30
22071001736,1312,1031,27,248,5,1,0,0,26,11,1267,1,4,3
22071001737,1810,1399,51,357,3,0,0,0,75,26,1681,3,3,22
22071001739,1267,1080,21,164,1,1,0,0,8,7,1237,8,2,5
22071001740,2817,2265,60,488,2,2,0,0,27,15,2724,33,7,11
22071001741,955,579,89,286,0,1,0,0,18,6,676,247,2,6
22071001743,1183,914,31,235,2,1,0,0,24,12,1124,1,16,6
22071001744,2133,1671,44,413,1,4,0,0,20,16,2071,15,8,3
22071001745,2330,1901,41,382,3,3,0,0,38,14,2247,13,5,13
22071001746,2920,2303,49,557,6,5,0,0,55,27,2821,1,5,11
22071001747,2814,2162,146,502,2,2,0,0,39,21,2378,353,13,10
22071001748,2837,2223,99,509,4,2,0,0,78,12,2588,136,6,17
22071001749,1330,552,200,574,3,1,0,0,23,32,564,703,4,4
22071001750,1421,547,265,603,3,3,0,0,21,33,536,817,1,13
22071001751,391,244,22,122,3,0,0,0,52,13,279,30,3,14
22071001752,1660,1296,23,337,2,2,0,0,26,17,1604,6,4,3
22071001753,1452,1176,22,254,0,0,0,0,8,17,1420,0,3,4
22071001754,2005,1605,37,356,5,2,0,0,62,21,1902,8,2,10
22071001755,2294,1845,47,398,4,0,0,0,54,13,2207,3,9,8
22071001756,717,570,10,135,2,0,0,0,7,5,701,1,2,1
22071001757,707,582,12,111,0,2,0,0,5,11,690,0,0,1
22071001758,1335,769,227,337,2,0,0,0,367,42,770,61,8,87
22071001800,1048,666,62,312,5,3,0,0,738,66,62,20,26,136
22071001900,1158,827,21,289,10,11,0,0,388,58,612,12,14,74
22071002000,983,704,30,243,2,4,0,0,217,34,682,8,8,34
22071002100,714,516,22,170,5,1,0,0,62,9,621,2,6,14
22071002200,820,599,16,203,2,0,0,0,76,12,707,3,5,17
22071002300,1401,1097,25,275,3,1,0,0,67,31,1282,1,10,10
22071002401,1295,1023,38,225,6,3,0,0,167,27,1052,4,6,39
22071002402,2071,1573,77,414,5,2,0,0,260,40,1712,4,5,50
22071002501,1331,948,69,312,2,0,0,0,189,58,1029,20,6,29
22071002502,1621,1254,32,330,4,1,0,0,98,20,1475,7,6,15
22071002503,1441,1079,82,275,4,1,0,0,391,58,906,11,14,61
22071002504,1677,1210,89,364,12,2,0,0,440,67,1068,16,8,78
22071002600,949,532,93,306,9,9,0,0,660,47,117,6,19,100
22071002700,984,709,36,229,4,6,0,0,257,45,622,3,15,42
22071002800,1012,792,13,200,4,3,0,0,55,8,935,3,2,9
22071002900,862,607,22,230,2,1,0,0,93,13,729,3,3,21
22071003000,797,608,12,173,3,1,0,0,46,7,737,0,0,7
22071003100,909,722,8,178,0,1,0,0,51,9,833,3,2,11
22071003301,1784,1010,274,484,15,1,0,0,743,105,737,48,24,127
22071003302,2635,1928,131,553,16,7,0,0,410,97,1999,25,20,84
22071003303,1304,872,67,346,13,6,0,0,294,59,864,10,14,63
22071003304,1458,1118,59,264,13,4,0,0,193,50,1158,6,13,38
22071003307,1078,890,24,161,2,1,0,0,49,11,1003,0,4,11
22071003308,3253,2534,62,642,11,4,0,0,221,35,2930,7,21,39
22071003400,1100,765,44,276,4,11,0,0,338,35,629,11,20,67
22071003500,998,757,22,206,10,3,0,0,177,23,747,6,20,25
22071003600,1186,872,36,270,6,2,0,0,294,36,786,4,12,54
22071003701,1430,1019,88,312,6,5,0,0,423,53,842,9,15,88
22071003702,2621,1838,121,641,9,12,0,0,933,88,1367,19,28,186
22071003800,1074,533,165,360,12,4,0,0,798,53,43,9,26,145
22071003900,1040,647,59,322,10,2,0,0,395,36,521,6,10,72
22071004000,1297,969,27,288,10,3,0,0,325,58,819,13,13,69
22071004100,1094,664,105,313,5,7,0,0,670,46,152,41,21,164
22071004401,939,691,19,221,5,3,0,0,181,30,677,5,14,32
22071004402,402,304,5,92,0,1,0,0,6,4,389,1,0,2
22071004500,1925,1325,85,492,15,8,0,0,791,89,815,25,35,170
22071004600,1970,1018,300,627,19,6,0,0,1412,136,126,23,42,231
22071004800,395,293,6,95,0,1,0,0,13,4,375,0,1,2
22071004900,950,648,46,242,11,3,0,0,224,51,627,7,10,31
22071005000,822,511,64,234,11,2,0,0,347,65,312,19,7,72
22071005400,1211,638,162,385,20,6,0,0,773,82,162,19,25,150
22071005500,1987,780,478,703,18,8,0,0,1422,106,113,34,39,273
22071005601,1947,491,844,592,17,3,0,0,1450,129,78,30,40,220
22071005602,2119,564,928,607,20,0,0,0,1557,143,68,33,37,281
22071005603,1115,350,429,325,10,1,0,0,794,97,49,15,23,137
22071005604,1315,372,570,352,18,3,0,0,989,83,36,16,12,179
22071006000,752,465,42,240,2,3,0,0,161,18,530,7,7,29
22071006300,1006,630,51,311,9,5,0,0,393,91,422,13,13,74
22071006400,1725,1094,104,499,19,9,0,0,859,123,544,29,32,138
22071006500,1688,1028,138,494,21,7,0,0,833,152,481,28,35,159
22071006900,651,498,10,141,1,1,0,0,26,7,610,1,1,6
22071007000,1868,1305,22,528,10,3,0,0,62,17,1770,1,4,14
22071007101,997,710,35,245,5,2,0,0,163,41,733,19,8,33
22071007200,1159,868,34,254,2,1,0,0,69,25,1040,9,6,10
22071007501,1470,1154,41,269,4,2,0,0,74,15,1357,1,3,20
22071007502,1747,1326,30,382,6,3,0,0,83,40,1600,5,5,14
22071007604,1468,419,642,392,15,0,0,0,1033,98,72,22,32,211
22071007605,885,689,27,168,1,0,0,0,73,9,791,1,3,8
22071007607,1661,502,615,522,20,2,0,0,1101,145,125,62,41,187
22071007608,1086,311,411,353,10,1,0,0,778,86,55,28,24,115
22071007700,1491,649,316,513,11,2,0,0,878,102,268,46,43,154
22071007800,870,449,111,289,20,1,0,0,573,55,114,15,23,90
22071008200,1050,544,141,345,16,4,0,0,655,60,150,24,28,133
22071008300,849,440,148,254,4,3,0,0,481,49,189,7,19,104
22071008400,799,520,59,210,7,3,0,0,281,44,413,13,9,39
22071008500,763,582,20,157,1,3,0,0,85,18,638,4,5,13
22071008600,626,437,20,167,0,2,0,0,35,10,567,4,3,7
22071008800,1270,750,89,414,13,4,0,0,668,83,358,24,24,113
22071009000,1441,627,416,384,11,3,0,0,1133,58,57,22,14,157
22071009100,1426,913,112,383,14,4,0,0,564,46,707,14,19,76
22071009200,901,684,28,184,3,2,0,0,106,14,762,3,3,13
22071009400,756,543,21,190,1,1,0,0,29,7,707,0,4,9
22071009600,1061,662,87,301,8,3,0,0,549,44,348,17,18,85
22071009700,976,595,84,287,9,1,0,0,495,38,331,17,12,83
22071009900,1864,966,330,552,13,3,0,0,1266,130,194,34,33,207
22071010000,1132,781,41,298,10,2,0,0,270,47,731,16,14,54
22071010100,1512,862,221,411,12,6,0,0,812,74,442,17,26,141
22071010200,1307,924,58,315,8,2,0,0,302,40,872,15,15,63
22071010300,1855,1382,65,398,5,5,0,0,314,55,1401,8,13,64
22071010600,993,583,124,278,6,2,0,0,526,45,316,13,14,79
22071010700,1286,636,240,397,10,3,0,0,817,65,208,33,27,136
22071010800,995,442,262,285,6,0,0,0,718,57,59,16,15,130
22071010900,2235,1284,329,599,18,5,0,0,1189,101,626,41,47,231
22071011100,1175,794,84,282,14,1,0,0,402,38,635,14,16,70
22071011200,1010,591,101,307,10,1,0,0,547,60,264,15,18,106
22071011400,1268,559,298,398,9,4,0,0,955,64,46,25,22,156
22071011500,1064,434,280,337,8,5,0,0,795,43,40,21,21,144
22071011600,1027,394,338,285,10,0,0,0,783,30,31,17,28,138
22071011700,2463,907,876,653,23,4,0,0,1786,133,118,42,34,350
22071011900,1098,530,229,321,14,4,0,0,781,84,46,28,23,136
22071012000,1038,422,292,314,8,2,0,0,708,73,42,23,20,172
22071012101,1271,618,234,402,9,8,0,0,903,70,60,28,23,187
22071012102,2746,1636,316,761,27,6,0,0,1693,118,114,128,73,620
22071012200,1498,691,344,444,16,3,0,0,970,104,132,38,30,224
22071012300,1507,953,127,410,14,3,0,0,599,95,668,20,27,98
22071012400,1176,738,128,303,4,3,0,0,471,57,514,15,20,99
22071012500,1252,693,235,317,6,1,0,0,748,63,257,35,17,132
22071012600,1250,649,184,393,16,8,0,0,838,72,151,21,34,134
22071012700,1691,1045,146,476,17,7,0,0,983,106,363,30,32,177
22071012800,1575,880,215,464,12,4,0,0,959,91,296,27,24,178
22071012900,1051,624,116,295,13,3,0,0,572,58,290,21,14,96
22071013000,1261,822,80,346,9,4,0,0,533,49,550,8,20,101
22071013100,985,708,38,233,4,2,0,0,194,35,705,5,5,41
22071013200,1790,1223,85,463,16,3,0,0,540,71,1050,11,18,100
22071013301,2989,949,1197,823,18,2,0,0,2138,181,123,60,60,427
22071013302,1646,836,319,474,15,2,0,0,766,95,527,83,34,141
22071013400,3009,1407,590,978,28,6,0,0,1477,168,953,83,66,262
22071013501,829,382,165,266,13,3,0,0,586,48,65,13,20,97
22071013502,679,296,123,250,9,1,0,0,481,45,46,14,16,77
22071013600,727,495,30,192,3,7,0,0,356,26,253,5,12,75
22071013701,1219,893,66,258,1,1,0,0,117,15,1061,5,9,12
22071013702,490,334,8,147,0,1,0,0,23,1,458,1,2,5
22071013800,1498,1180,28,286,3,1,0,0,76,14,1383,0,3,22
22071013900,1217,659,176,370,8,4,0,0,592,61,373,25,31,135
22071014000,1260,959,48,251,2,0,0,0,98,27,1108,4,6,17
22071014101,955,609,50,287,9,0,0,0,261,45,565,19,15,50
22071014102,449,300,35,108,5,1,0,0,119,10,292,4,2,22
22071014200,1300,783,121,377,14,5,0,0,633,61,442,15,22,127
22071014300,1158,884,13,256,5,0,0,0,65,11,1068,1,3,10
22071014400,1156,673,111,354,14,4,0,0,623,68,322,13,14,116
22071014500,2,1,0,1,0,0,0,0,0,1,1,0,0,0
22071980000,5,2,2,1,0,0,0,0,3,0,0,1,0,1
22071980100,4,0,1,3,0,0,0,0,3,0,1,0,0,0
22071990000,0,0,0,0,0,0,0,0,0,0,0,0,0,0
22015010400,829,389,145,292,2,1,0,0,269,39,481,6,8,26
22015010500,2181,734,831,594,20,2,0,0,1306,86,641,22,24,102
22015010601,2880,1429,545,891,14,1,0,0,1023,145,1591,23,21,77
22015010602,1316,576,314,416,10,0,0,0,556,48,626,30,14,42
22015010701,1904,820,484,584,15,1,0,0,862,105,815,17,33,72
22015010702,1861,885,408,558,8,2,0,0,709,81,975,15,26,55
22015010801,1316,568,318,422,7,1,0,0,572,79,579,10,20,56
22015010805,820,321,229,259,10,1,0,0,404,29,324,13,10,40
22015010806,2523,680,1055,764,23,1,0,0,1711,116,512,16,32,136
22015010807,2038,539,918,569,11,1,0,0,1326,98,460,28,19,107
22015010808,2607,659,1091,828,26,3,0,0,1715,147,513,21,32,179
22015010900,381,85,129,162,5,0,0,0,232,29,81,4,3,32
22015011002,3181,690,1622,847,21,1,0,0,2323,111,486,33,29,199
22015011003,2807,598,1430,759,19,1,0,0,2087,128,387,33,26,146
22015011004,2023,568,936,499,19,1,0,0,1378,41,470,18,14,102
22015011107,1171,492,375,299,5,0,0,0,596,40,489,4,8,34
22015011111,2884,750,1294,815,25,0,0,0,2036,96,538,20,24,170
22015011112,2417,616,1163,620,17,1,0,0,1722,46,468,9,17,155
22015011113,2743,539,1425,768,10,1,0,0,2123,92,300,23,38,167
22015011114,1613,380,789,430,14,0,0,0,1203,47,244,12,22,85
22015011115,1163,295,566,298,2,2,0,0,905,23,158,4,13,60
22015011116,4371,548,2896,891,35,1,0,0,3579,101,278,48,51,314
22015011117,3976,699,2327,926,24,0,0,0,2965,129,552,39,40,251
22015011118,693,210,277,199,4,3,0,0,456,29,153,9,8,38
22015011119,2564,543,1361,649,10,1,0,0,1807,100,421,49,27,160
22015011120,2587,475,1576,523,12,1,0,0,1958,94,289,37,57,152
22015011121,1303,199,775,325,4,0,0,0,1092,26,79,11,14,81
22015011122,5340,1006,3049,1248,34,3,0,0,3909,151,797,68,85,330
22015011123,2491,454,1398,616,22,1,0,0,1986,84,242,19,24,136
22015011124,1434,186,909,333,5,1,0,0,1203,57,53,13,21,87
22015011201,2453,989,875,581,5,3,0,0,1385,34,903,15,12,104
22015011202,1389,396,686,298,9,0,0,0,1028,16,256,5,9,75
22015011300,758,461,73,220,2,2,0,0,133,16,590,5,3,11
22055000100,1395,650,230,496,16,3,0,0,727,54,483,11,22,98
22055000200,1514,1018,86,404,5,1,0,0,135,10,1323,5,3,38
22055000500,1603,533,500,536,31,3,0,0,1268,77,41,9,17,191
22055000602,2582,939,859,747,30,7,0,0,1750,98,391,21,45,277
22055000603,1498,460,531,487,18,2,0,0,939,84,301,29,24,121
22055000605,1434,503,410,495,24,2,0,0,780,83,347,28,23,173
22055000606,2392,841,741,792,16,2,0,0,1405,140,543,47,44,213
22055000700,1737,1119,141,471,5,1,0,0,199,33,1469,8,3,25
22055000800,1809,1220,89,498,1,1,0,0,84,21,1670,0,9,25
22055000900,1168,793,63,311,1,0,0,0,22,2,1138,4,0,2
22055001001,3506,1372,1206,909,17,2,0,0,1774,142,1248,40,28,274
22055001002,1936,1035,384,504,10,3,0,0,690,47,1069,13,10,107
22055001003,2810,1347,780,671,11,1,0,0,1305,67,1228,21,22,167
22055001100,3921,2542,294,1078,5,2,0,0,456,43,3317,3,16,86
22055001201,2072,1327,261,479,3,2,0,0,430,39,1519,5,11,68
22055001202,2923,2003,209,704,5,2,0,0,406,44,2371,15,10,77
22055001301,1195,516,366,302,10,1,0,0,563,48,416,17,17,134
22055001302,2105,1461,126,515,2,1,0,0,133,22,1919,4,5,22
22055001403,3963,735,2240,955,30,3,0,0,2833,194,330,65,89,452
22055001408,1502,318,743,432,8,1,0,0,1089,60,174,16,21,142
22055001412,4186,791,2234,1122,33,6,0,0,2960,224,324,137,98,443
22055001413,2711,451,1514,723,19,4,0,0,1970,138,196,91,47,269
22055001414,3634,661,1957,983,30,3,0,0,2650,169,242,77,67,429
22055001415,2563,542,1349,652,19,1,0,0,2053,109,147,14,21,219
22055001416,2655,452,1533,648,18,4,0,0,1951,128,153,57,77,289
22055001417,3782,613,2121,1014,31,3,0,0,2822,173,268,41,53,425
22055001418,2266,535,1043,667,20,1,0,0,1523,95,400,24,23,201
22055001419,3151,682,1576,875,17,1,0,0,2158,161,432,44,41,315
22055001420,1669,547,620,487,12,3,0,0,1015,72,355,31,21,175
22055001421,2059,520,940,569,27,3,0,0,1356,134,278,36,33,222
22055001422,1673,218,1046,391,17,1,0,0,1182,89,62,38,35,267
22055001423,2768,490,1604,650,22,2,0,0,2207,119,73,22,43,304
22055001424,4102,923,2084,1066,29,0,0,0,2922,237,439,35,60,409
22055001425,3110,947,1321,824,16,2,0,0,1895,150,755,30,36,244
22055001426,4631,770,2530,1290,40,1,0,0,3289,285,436,53,60,508
22055001427,4803,960,2496,1315,27,5,0,0,3216,290,648,62,63,524
22055001428,4137,682,2333,1087,31,4,0,0,3052,210,308,49,47,471
22055001500,3883,865,2030,961,24,3,0,0,3006,133,208,38,62,436
22055001600,2339,441,1370,506,20,2,0,0,1906,94,17,20,44,258
22055001700,4817,1240,2137,1397,37,6,0,0,3654,229,321,61,58,494
22055001801,1824,575,653,582,13,1,0,0,1119,95,376,25,29,180
22055001802,2304,764,780,738,21,1,0,0,1523,101,398,34,38,210
22055001903,3106,916,1200,970,15,5,0,0,1878,187,687,58,47,249
22055001904,2726,781,1204,713,25,3,0,0,1872,161,356,63,56,218
22055001905,3350,912,1429,984,24,1,0,0,2207,197,484,105,49,308
22055001906,3024,781,1397,834,12,0,0,0,2076,133,470,10,32,303
22055001907,1635,393,784,445,11,2,0,0,1166,89,197,6,14,163
22055001908,2719,859,1112,731,17,0,0,0,1901,149,374,28,48,219
22055001909,1471,377,629,456,9,0,0,0,1058,92,159,4,23,135
22055002001,2934,1173,937,815,6,3,0,0,1672,114,900,7,34,207
22055002003,1698,593,542,553,7,3,0,0,972,68,496,11,14,137
22055002004,2121,794,714,601,11,1,0,0,1166,98,655,17,23,162
22055002101,3613,1383,1158,1055,15,2,0,0,1974,111,1213,17,18,280
22055002102,3254,1148,1195,894,14,3,0,0,1966,128,856,20,38,246
22055002103,3223,1464,853,890,15,1,0,0,1406,85,1488,18,31,195
22055002105,2066,625,900,529,12,0,0,0,1371,85,387,12,26,185
22055002106,2153,543,997,601,10,2,0,0,1540,76,303,7,32,195
22055002200,2221,820,639,724,33,5,0,0,1407,98,419,19,43,235
22013970100,2296,1482,421,384,7,2,0,0,660,16,1581,5,1,33
22013970200,1148,723,236,187,2,0,0,0,374,2,727,3,3,39
22013970300,1962,893,679,383,6,1,0,0,1093,15,773,6,10,65
22013970400,1558,463,776,316,3,0,0,0,1263,21,188,10,7,69
22013970500,1874,789,708,370,5,2,0,0,1096,19,670,6,7,76
22019000100,1378,656,304,403,11,4,0,0,703,48,539,12,12,64
22019000200,937,696,47,193,1,0,0,0,70,8,842,4,3,10
22019000300,1099,813,49,237,0,0,0,0,54,6,1033,0,1,5
22019000400,716,555,17,144,0,0,0,0,9,4,701,0,2,0
22019000500,2366,752,872,713,28,1,0,0,1735,90,333,11,34,163
22019000601,1911,1411,66,430,3,1,0,0,108,29,1753,1,8,12
22019000602,1969,1387,124,453,5,0,0,0,176,32,1717,1,5,38
22019000700,2308,1017,546,725,17,3,0,0,1107,92,910,16,23,160
22019000800,1652,854,237,547,10,4,0,0,690,50,810,6,13,83
22019000900,2703,1878,223,596,4,2,0,0,420,44,2142,19,10,68
22019001000,2473,723,1067,659,22,2,0,0,1861,113,222,27,35,215
22019001100,1695,744,416,520,12,3,0,0,944,79,514,14,21,123
22019001201,2630,1592,307,721,8,2,0,0,649,74,1823,5,21,58
22019001202,1502,1021,79,393,8,1,0,0,145,21,1310,3,8,15
22019001301,2134,651,877,594,11,1,0,0,1511,126,276,35,26,160
22019001302,2144,649,883,599,13,0,0,0,1657,83,193,15,35,161
22019001401,1619,1027,191,396,5,0,0,0,384,29,1164,5,7,30
22019001402,2219,1767,61,389,1,1,0,0,38,12,2147,4,6,12
22019001500,1067,838,35,194,0,0,0,0,39,4,1009,3,2,10
22019001600,2334,1573,180,575,5,1,0,0,302,61,1897,12,17,45
22019001700,6168,2496,1852,1789,27,4,0,0,3406,260,2000,52,52,398
22019001802,3576,947,1580,1029,19,1,0,0,2585,165,407,45,40,334
22019001803,3212,615,1839,741,15,2,0,0,2610,125,98,39,27,313
22019001901,2565,588,1320,628,24,5,0,0,2054,85,89,60,47,230
22019001905,2032,594,815,607,16,0,0,0,1364,107,295,54,62,150
22019001906,1964,521,916,517,9,1,0,0,1441,62,202,50,46,163
22019001907,1556,469,668,399,18,2,0,0,1070,78,215,35,19,139
22019001908,2142,436,1200,495,10,1,0,0,1631,113,125,28,66,179
22019002001,3218,1134,1133,937,13,1,0,0,2348,116,481,18,19,236
22019002002,2921,952,1214,745,10,0,0,0,2068,96,466,9,24,258
22019002100,2402,857,825,705,14,1,0,0,1499,78,611,9,22,183
22019002204,3369,813,1638,893,22,3,0,0,2615,123,308,15,41,267
22019002205,3043,561,1644,819,18,1,0,0,2506,98,135,15,24,265
22019002206,2728,556,1365,789,18,0,0,0,2249,92,154,17,16,200
22019002207,2146,469,1084,577,14,2,0,0,1710,73,159,13,26,165
22019002208,2428,568,1113,725,18,4,0,0,1861,102,230,24,24,187
22019002300,2028,510,935,573,10,0,0,0,1693,55,101,8,15,156
22019002401,1896,475,941,475,4,1,0,0,1608,42,56,5,36,149
22019002402,1589,599,587,395,8,0,0,0,996,24,417,3,21,128
22019002500,2563,663,1202,678,19,1,0,0,2112,69,152,14,29,187
22019002600,2955,1076,998,857,23,1,0,0,2084,112,535,14,18,192
22019002701,2817,668,1217,909,20,3,0,0,2388,94,66,12,23,234
22019002702,2275,700,853,700,19,3,0,0,1613,91,341,16,23,191
22019002800,1962,666,572,704,17,3,0,0,1560,90,126,7,23,156
22019002900,1139,340,389,407,3,0,0,0,908,44,58,6,13,110
22019003000,2656,789,1027,809,30,1,0,0,1992,110,311,13,34,196
22019003101,3299,817,1555,899,24,4,0,0,2719,129,148,33,21,249
22019003102,1593,351,781,443,17,1,0,0,1306,51,96,9,9,122
22019003200,1099,325,446,322,6,0,0,0,915,33,50,8,4,89
22019003300,3316,821,1478,990,26,1,0,0,2619,113,210,9,39,326
22019003400,3500,744,1817,914,23,2,0,0,2952,114,57,8,45,324
22019003500,1851,715,550,573,13,0,0,0,1223,70,393,5,32,128
22019003601,1801,541,716,540,3,1,0,0,1525,40,54,5,20,157
22019003602,731,269,235,223,2,2,0,0,640,22,23,0,3,43
22019980000,0,0,0,0,0,0,0,0,0,0,0,0,0,0
22019980100,12,4,5,2,1,0,0,0,12,0,0,0,0,0
22093040100,2373,1429,506,436,2,0,0,0,984,46,1099,8,6,230
22093040200,2493,1638,490,358,7,0,0,0,955,29,1329,6,12,162
22093040300,2472,960,1014,490,8,0,0,0,1812,65,286,4,8,297
22093040400,1464,909,294,260,1,0,0,0,512,20,799,0,14,119
22093040500,1635,1374,66,189,5,1,0,0,100,10,1488,0,7,30
22093040600,2074,1635,175,261,2,1,0,0,285,25,1676,2,2,84
22093040700,2643,1636,561,444,2,0,0,0,1203,86,1005,2,13,334
22045030101,2839,1604,609,620,4,2,0,0,985,60,1664,13,14,103
22045030102,1395,482,563,347,3,0,0,0,726,67,484,5,6,107
22045030201,1955,549,948,451,6,1,0,0,1289,130,289,6,16,225
22045030202,2658,767,1282,602,4,3,0,0,1708,151,461,4,19,315
22045030301,2012,556,920,529,7,0,0,0,1305,204,243,45,23,192
22045030303,2082,651,789,634,6,2,0,0,1247,280,259,62,21,213
22045030304,1249,356,548,340,5,0,0,0,934,114,54,5,20,122
22045030401,2403,724,953,718,8,0,0,0,1585,228,323,13,27,227
22045030402,2108,895,581,624,7,1,0,0,855,174,886,40,10,143
22045030500,2609,983,936,682,6,2,0,0,1368,191,790,28,33,199
22045030601,1149,275,608,262,4,0,0,0,740,86,175,18,15,115
22045030602,3629,953,1901,753,20,2,0,0,2409,247,555,42,40,336
22045030700,2510,636,1253,607,13,1,0,0,1789,162,249,11,29,270
22045030800,1378,1002,49,326,1,0,0,0,36,5,1317,6,5,9
22045030900,1721,956,220,543,1,1,0,0,450,92,1089,28,13,49
22045031000,2035,1379,137,518,0,1,0,0,214,35,1753,5,4,24
22045031101,1779,889,347,536,7,0,0,0,597,74,996,16,8,88
22045031102,1109,306,479,311,10,3,0,0,686,67,204,8,16,128
22045031200,2255,1007,632,604,11,1,0,0,1064,157,848,26,16,144
22045031301,2430,797,929,691,13,0,0,0,1467,194,419,59,13,278
22045031302,1274,517,390,361,6,0,0,0,610,110,425,33,8,88
22045031600,2185,1375,402,405,3,0,0,0,569,53,1469,3,11,80
22045990000,0,0,0,0,0,0,0,0,0,0,0,0,0,0
22101040100,1038,437,237,361,3,0,0,0,433,93,319,129,13,51
22101040200,3125,832,1415,859,15,4,0,0,2095,221,363,79,40,327
22101040300,1694,779,404,501,9,1,0,0,729,104,708,12,35,106
22101040400,2269,868,719,673,7,2,0,0,1266,146,598,15,38,206
22101040500,3026,632,1499,879,16,0,0,0,2177,180,253,25,48,343
22101040600,2385,507,1064,796,14,4,0,0,1794,149,154,10,53,225
22101040700,2326,1173,534,609,9,1,0,0,866,77,1212,3,29,139
22101040800,2726,802,1050,857,16,1,0,0,1663,166,580,22,45,250
22101040900,1988,771,672,541,3,1,0,0,1029,84,644,6,24,201
22101041000,2394,939,770,681,4,0,0,0,1152,99,807,2,150,184
22101041100,1304,782,215,304,2,1,0,0,310,55,896,11,11,21
22101041200,1179,799,154,224,2,0,0,0,269,21,818,5,18,48
22101041300,1189,555,301,328,5,0,0,0,610,40,438,2,20,79
22101041400,2153,1116,481,550,4,2,0,0,768,98,1172,5,23,87
22101041500,1320,549,466,301,4,0,0,0,694,45,447,5,27,102
22101041600,1340,938,126,271,4,1,0,0,149,17,1134,3,6,31
22101990000,0,0,0,0,0,0,0,0,0,0,0,0,0,0
22001960101,2284,854,825,598,6,1,0,0,1613,65,431,3,11,161
22001960102,1702,909,385,401,6,1,0,0,843,22,754,4,8,71
22001960201,2271,600,1138,524,7,2,0,0,1828,59,167,10,30,177
22001960202,1737,407,964,355,11,0,0,0,1478,41,39,19,14,146
22001960300,2314,687,1086,535,5,1,0,0,1896,72,84,5,18,239
22001960401,1564,351,903,305,3,2,0,0,1253,52,36,10,14,199
22001960402,1386,413,623,340,8,2,0,0,1124,37,81,1,4,139
22001960403,1505,423,732,344,6,0,0,0,1292,30,9,8,13,153
22001960501,1843,516,833,477,14,3,0,0,1497,68,54,4,51,169
22001960502,1394,372,647,370,4,1,0,0,1133,35,103,7,14,102
22001960503,1036,258,586,186,6,0,0,0,806,25,83,3,5,114
22001960601,923,293,384,240,5,1,0,0,663,42,143,2,11,62
22001960602,2718,979,1047,683,7,2,0,0,1873,73,499,7,21,245
22001960700,2672,1414,617,630,9,2,0,0,1135,40,1335,7,15,140
22001960801,2226,749,964,502,11,0,0,0,1623,54,280,6,35,228
22001960802,895,255,457,180,1,2,0,0,730,33,49,6,9,68
22001960901,2383,1339,562,478,4,0,0,0,831,40,1375,9,35,93
22001960902,551,332,68,149,2,0,0,0,159,5,368,0,4,15
22001961000,2721,1275,724,710,12,0,0,0,1704,43,741,7,33,193
22001961100,2161,890,757,509,5,0,0,0,1743,67,66,4,41,240
22001961200,2170,719,945,500,6,0,0,0,1809,64,73,8,18,198
22077951900,3747,2616,459,668,4,0,0,0,720,33,2792,2,12,188
22077952000,1408,814,343,248,2,1,0,0,630,19,673,1,3,82
22077952100,3299,1473,1094,721,8,3,0,0,2108,87,685,4,24,391
22077952201,909,340,338,226,4,1,0,0,657,22,74,0,19,137
22077952202,1584,583,625,372,3,1,0,0,1137,56,162,2,8,219
22077952300,1154,552,326,273,1,2,0,0,583,25,424,6,7,109
22077952400,3107,1536,847,715,7,2,0,0,1986,124,597,16,13,371
