FULLCODE,total_reg,party_dem,party_npp,party_rep,party_grn,party_lib,party_oth,party_unk,eth1_eur,eth1_hisp,eth1_aa,eth1_esa,eth1_oth,eth1_unk
23017965100,1138,285,441,356,56,0,0,0,1046,3,0,4,3,82
23017965400,2184,752,836,486,109,0,1,0,2023,12,2,16,15,116
23017965500,1541,483,611,376,71,0,0,0,1401,24,2,4,10,100
23017965600,2596,954,932,589,121,0,0,0,2339,32,2,4,12,207
23017965700,2492,592,953,770,175,1,1,0,2261,28,1,10,14,178
23017965800,2843,714,1108,852,169,0,0,0,2651,17,0,9,11,155
23017965900,2537,762,978,729,68,0,0,0,2315,26,1,19,14,162
23017966001,1700,446,642,509,103,0,0,0,1522,20,0,9,7,142
23017966002,923,268,318,294,43,0,0,0,830,13,0,3,18,59
23017966100,1201,309,487,379,26,0,0,0,1105,14,1,5,7,69
23017966200,3662,997,1299,1160,200,3,3,0,3330,40,2,16,22,252
23017966300,2315,507,1027,706,75,0,0,0,2106,37,2,6,22,142
23017966401,3031,752,1079,1020,179,0,1,0,2772,38,2,9,16,194
23017966402,1626,328,610,612,74,0,2,0,1489,21,0,5,11,100
23017966500,3933,1220,1367,1147,199,0,0,0,3589,39,4,16,33,252
23017966600,2416,753,799,759,105,0,0,0,2219,22,2,12,9,152
23017966700,2836,922,1004,770,140,0,0,0,2549,30,0,12,21,224
23017966800,2182,640,774,668,100,0,0,0,1961,32,0,6,15,168
23017966900,2179,516,822,769,72,0,0,0,1978,26,0,2,9,164
23007970101,1930,542,607,681,99,1,0,0,1737,18,0,7,8,160
23007970102,665,176,245,210,34,0,0,0,580,6,1,4,6,68
23007970601,1756,415,583,660,98,0,0,0,1577,17,0,8,13,141
23007970602,1711,455,614,564,78,0,0,0,1574,16,5,4,8,104
23007971000,2915,768,982,1053,112,0,0,0,2674,26,1,9,15,190
23007971100,2228,572,758,766,131,0,1,0,2038,12,1,7,14,156
23007971201,3060,1037,988,862,173,0,0,0,2675,61,4,17,34,269
23007971202,2870,907,849,962,152,0,0,0,2584,27,2,23,17,217
23007971300,2762,761,1004,897,99,0,1,0,2519,36,0,17,12,178
23007971400,3280,1203,1032,934,110,1,0,0,2979,55,2,8,23,213
23025965301,775,125,305,341,4,0,0,0,678,21,0,5,4,67
23025965302,1002,218,318,415,51,0,0,0,903,5,0,3,8,83
23025965600,1481,406,536,494,45,0,0,0,1385,10,1,4,6,75
23025965700,2105,411,682,965,46,1,0,0,1914,28,0,5,18,140
23025965800,2101,491,652,850,108,0,0,0,1912,32,0,3,14,140
23025965900,1178,297,295,541,45,0,0,0,1051,17,10,3,3,94
23025966000,2946,780,1007,1045,113,1,0,0,2671,45,0,14,15,201
23025966100,2368,642,715,899,112,0,0,0,2190,23,2,7,8,138
23025966200,1378,356,471,483,68,0,0,0,1253,15,0,1,12,97
23025966300,1603,363,546,601,93,0,0,0,1458,10,0,2,17,116
23025966400,1591,380,572,565,74,0,0,0,1458,17,0,6,10,100
23025966500,3158,927,1042,1076,113,0,0,0,2863,32,0,8,16,239
23025966601,1379,467,454,417,41,0,0,0,1230,14,0,13,16,106
23025966602,1672,535,530,561,46,0,0,0,1508,30,1,12,14,107
23025966701,1754,494,601,600,59,0,0,0,1597,21,1,10,16,109
23025966702,1262,382,407,434,39,0,0,0,1154,18,0,3,6,81
23025966801,2032,649,633,656,94,0,0,0,1812,34,1,12,14,159
23025966802,2218,623,784,735,76,0,0,0,2006,20,0,9,30,153
23025966900,2330,657,672,874,127,0,0,0,2147,24,2,9,7,141
23025967000,1757,456,632,605,64,0,0,0,1592,19,0,6,12,128
23019000200,2867,1203,978,568,117,1,0,0,2426,82,10,38,36,275
23019000300,2933,1078,924,840,90,0,1,0,2569,53,8,55,33,215
23019000400,1669,784,493,339,51,2,0,0,1445,45,1,20,22,136
23019000500,2342,943,720,604,74,1,0,0,2106,31,8,21,17,159
23019000600,1365,527,499,282,57,0,0,0,1194,37,3,11,12,108
23019000700,2155,872,655,572,56,0,0,0,1917,34,3,11,21,169
23019000900,4211,1351,1537,1175,148,0,0,0,3694,99,45,45,46,282
23019002000,5878,1778,1685,2186,223,6,0,0,5305,78,2,42,49,402
23019003000,3081,775,900,1233,172,0,1,0,2821,20,2,6,18,214
23019004100,1332,411,464,389,68,0,0,0,1175,20,5,10,11,111
23019004200,2124,639,606,793,86,0,0,0,1930,28,1,9,22,134
23019004300,3878,1183,1076,1461,158,0,0,0,3477,68,6,30,33,264
23019005000,1446,509,432,438,67,0,0,0,1262,18,0,16,23,127
23019006100,2753,1316,868,422,147,0,0,0,2259,65,8,40,50,331
23019006200,2842,1336,770,609,127,0,0,0,2428,63,1,37,47,266
23019006300,2584,967,1005,467,145,0,0,0,2112,63,15,30,46,318
23019007100,3733,1497,1224,841,169,2,0,0,3254,73,11,21,43,331
23019007200,2071,716,716,549,87,3,0,0,1831,31,2,9,15,183
23019008001,3831,1349,1215,1068,197,2,0,0,3386,47,8,20,34,336
23019009000,5018,1249,1551,1978,240,0,0,0,4563,78,2,19,26,330
23019010000,4695,1127,1476,1941,150,1,0,0,4305,69,4,32,20,265
23019011000,2109,425,693,912,79,0,0,0,1957,29,1,5,18,99
23019012000,1109,267,403,394,44,1,0,0,1019,7,0,3,4,76
23019012500,1851,425,630,745,51,0,0,0,1710,21,1,3,18,98
23019013000,2295,543,715,990,46,1,0,0,2108,33,3,7,7,137
23019013500,1947,419,642,785,100,1,0,0,1783,24,0,4,18,118
23019014000,1527,312,456,664,93,0,2,0,1386,12,1,5,4,119
23019015000,2410,592,708,973,134,3,0,0,2162,53,4,6,10,175
23019015500,1478,308,493,620,57,0,0,0,1309,19,0,3,8,139
23019018000,2024,394,621,927,80,0,2,0,1847,28,0,10,19,120
23019020500,1947,383,688,779,97,0,0,0,1764,31,0,4,13,135
23019021500,1368,373,485,442,66,2,0,0,1254,20,2,6,7,79
23019022500,1278,285,457,471,65,0,0,0,1153,13,0,3,6,103
23019024500,1934,438,638,786,72,0,0,0,1750,36,4,3,18,123
23019025500,1177,280,374,455,68,0,0,0,1068,11,0,2,10,86
23019026500,1482,343,446,637,56,0,0,0,1408,4,0,3,3,64
23019027000,3213,764,1082,1262,104,1,0,0,2963,44,0,11,26,169
23019028000,1242,354,414,439,35,0,0,0,1137,14,0,6,8,77
23019028500,1072,363,330,342,37,0,0,0,947,13,0,8,3,101
23019029000,1251,259,459,480,53,0,0,0,1137,9,1,11,5,88
23019030000,3770,1257,1341,1040,131,0,1,0,3418,76,2,14,17,243
23019031000,1186,443,272,416,54,1,0,0,1094,8,0,8,17,59
23019031100,4968,1628,1597,1585,154,4,0,0,4339,78,20,77,67,387
23019031200,2953,487,902,1465,98,1,0,0,2728,52,0,7,18,148
23019031300,4234,1048,1373,1626,185,2,0,0,3851,38,0,23,41,281
23019940000,470,265,139,40,26,0,0,0,365,6,0,5,5,89
23009965100,1414,299,449,612,54,0,0,0,1282,23,0,10,14,85
23009965200,1979,494,628,768,89,0,0,0,1801,20,0,4,7,147
23009965300,3808,1126,1382,1211,89,0,0,0,3477,57,4,9,18,243
23009965400,2085,636,656,684,109,0,0,0,1926,25,0,8,12,114
23009965503,2853,898,813,1030,112,0,0,0,2530,36,6,41,28,212
23009965504,3360,902,995,1326,133,4,0,0,3045,42,3,16,24,230
23009965700,2290,683,715,788,103,0,1,0,2053,29,0,21,16,171
23009965800,1968,562,586,734,84,0,2,0,1780,16,0,7,20,145
23009965900,4469,2354,1175,805,133,1,1,0,3806,97,12,66,68,420
23009966000,1889,937,472,426,54,0,0,0,1656,40,0,13,14,166
23009966100,1551,653,460,362,75,0,1,0,1374,29,2,11,14,121
23009966200,1520,570,436,449,63,2,0,0,1385,23,1,9,7,95
23009966300,3669,1597,945,993,134,0,0,0,3252,29,3,24,43,318
23009966400,2031,789,614,538,90,0,0,0,1788,39,1,12,25,166
23009966500,2574,1153,679,612,130,0,0,0,2309,24,1,14,24,202
23009966600,2479,1011,835,544,88,0,1,0,2255,32,2,6,15,169
23009966700,4659,1394,1369,1681,215,0,0,0,4226,60,0,30,28,315
23009990000,0,0,0,0,0,0,0,0,0,0,0,0,0,0
23021960301,1452,361,497,550,43,1,0,0,1335,11,0,1,8,97
23021960302,325,66,130,119,10,0,0,0,297,6,0,2,0,20
23021960400,983,219,335,384,45,0,0,0,898,13,0,1,5,66
23021960500,1242,288,398,501,55,0,0,0,1141,16,0,2,7,76
23021960600,1831,449,528,778,75,1,0,0,1660,21,0,5,6,139
23021960700,3013,806,909,1184,113,1,0,0,2738,43,1,15,16,200
23021960800,2698,679,836,1039,142,2,0,0,2474,34,1,6,9,174
23021960900,845,221,338,257,29,0,0,0,770,14,1,5,3,52
23015975100,4250,1194,1346,1501,208,0,1,0,3871,39,0,6,34,300
23015975200,3839,1128,1274,1287,150,0,0,0,3441,36,1,15,21,325
23015975300,3460,1398,938,964,159,0,1,0,3064,37,0,17,18,324
23015975400,3322,1451,882,839,150,0,0,0,2917,53,3,19,25,305
23015975500,4975,1488,1685,1580,221,1,0,0,4486,59,2,18,28,382
23015975600,3195,1284,980,863,68,0,0,0,2823,34,0,16,43,279
23015975700,871,340,274,232,25,0,0,0,765,15,0,6,5,80
23015975800,2578,828,826,800,123,1,0,0,2371,28,4,2,18,155
23015976200,2257,810,635,768,43,1,0,0,2043,28,6,16,16,148
23015990000,0,0,0,0,0,0,0,0,0,0,0,0,0,0
23029955100,1780,530,602,591,57,0,0,0,1531,18,1,5,47,178
23029955300,1206,308,409,459,29,0,1,0,1103,4,0,1,10,88
23029955400,919,225,333,325,36,0,0,0,870,6,0,5,10,28
23029955500,2068,507,830,694,36,1,0,0,1897,28,3,11,12,117
23029955600,1464,486,490,433,55,0,0,0,1289,23,2,5,24,121
23029955700,1077,458,297,284,38,0,0,0,928,21,1,7,17,103
23029955800,1718,585,620,471,40,0,2,0,1581,14,1,13,11,98
23029955900,1935,555,537,769,74,0,0,0,1771,12,0,9,8,135
23029956100,1635,416,542,599,78,0,0,0,1478,25,0,4,11,117
23029956200,2051,576,713,692,69,1,0,0,1849,50,0,7,13,132
23029956300,1872,599,530,662,79,2,0,0,1732,15,0,6,11,108
23029956400,2354,563,741,953,97,0,0,0,2120,38,2,12,12,170
23029956500,2722,747,864,1000,108,1,2,0,2440,58,0,8,31,185
23029990000,0,0,0,0,0,0,0,0,0,0,0,0,0,0
23023970100,2473,760,718,821,173,0,1,0,2212,20,3,9,18,211
23023970200,4993,1439,1911,1482,160,0,1,0,4470,72,4,20,40,387
23023970301,4029,1495,1314,1099,118,0,3,0,3585,77,10,19,31,307
23023970302,3670,1399,1242,918,111,0,0,0,3216,68,3,40,39,304
23023970400,3880,1434,1061,1217,168,0,0,0,3457,46,4,20,28,325
23023970500,4274,1970,1232,895,175,0,2,0,3774,87,6,26,45,336
23023970600,2652,1124,826,578,122,0,2,0,2335,43,13,18,21,222
23023970700,3475,1204,1068,1054,149,0,0,0,3132,39,4,16,40,244
23023990000,0,0,0,0,0,0,0,0,0,0,0,0,0,0
23013970200,4446,2443,1036,840,124,2,1,0,3833,71,10,36,56,440
23013970301,2290,837,650,700,102,0,1,0,2062,26,1,12,14,175
23013970302,2975,849,896,1089,139,0,2,0,2668,46,2,12,22,225
23013970401,2743,688,927,986,142,0,0,0,2480,23,1,17,13,209
23013970402,2137,820,593,619,105,0,0,0,1914,41,1,7,8,166
23013970500,2863,1349,757,689,68,0,0,0,2510,41,1,18,32,261
23013970600,1865,801,565,433,65,1,0,0,1638,39,5,13,15,155
23013970700,3252,1373,986,793,100,0,0,0,2839,56,4,29,15,309
23013970800,2573,912,808,770,79,0,4,0,2289,27,0,8,17,232
23013970900,2115,914,626,521,54,0,0,0,1838,32,1,9,19,216
23013971000,2139,582,679,760,117,1,0,0,1954,23,3,6,17,136
23013971100,1508,702,502,249,54,1,0,0,1383,29,0,3,11,82
23013990000,0,0,0,0,0,0,0,0,0,0,0,0,0,0
23003950100,1892,628,557,601,106,0,0,0,1755,20,2,9,8,98
23003950200,1606,801,462,271,72,0,0,0,1507,26,1,4,7,61
23003950300,2924,1553,702,542,127,0,0,0,2750,34,0,19,21,100
23003950400,1407,672,359,291,85,0,0,0,1332,8,0,3,2,62
23003950600,3010,1353,885,714,58,0,0,0,2806,39,15,13,20,117
23003950700,2151,981,629,448,93,0,0,0,2038,25,0,1,10,77
23003950900,1348,358,533,427,30,0,0,0,1262,10,0,1,2,73
23003951000,2353,554,751,960,87,1,0,0,2155,35,1,6,17,139
23003951100,2041,478,615,828,120,0,0,0,1938,16,0,3,9,75
23003951200,1651,484,534,561,72,0,0,0,1507,28,5,5,13,93
23003951300,2223,618,708,803,94,0,0,0,2047,21,3,5,13,134
23003951400,1542,439,551,482,69,0,1,0,1392,16,1,20,16,97
23003951600,1742,522,738,399,83,0,0,0,1337,97,129,14,7,158
23003951700,3188,931,971,1152,134,0,0,0,2937,47,4,4,33,163
23003951800,2457,714,870,762,111,0,0,0,2224,44,3,17,18,151
23003951900,2116,574,626,827,89,0,0,0,1922,22,1,19,9,143
23003952000,1827,499,664,550,113,0,1,0,1644,48,2,4,17,112
23003952100,1870,355,603,850,62,0,0,0,1733,16,6,5,25,85
23003952300,1590,288,582,669,50,1,0,0,1466,11,2,0,10,101
23003952400,2152,470,803,795,83,0,1,0,1955,19,5,8,20,145
23003952500,1592,346,595,601,50,0,0,0,1462,27,3,6,3,91
23003952600,2082,349,802,877,54,0,0,0,1919,36,0,3,4,120
23003952700,1715,305,579,768,63,0,0,0,1585,14,2,4,8,102
23003952900,1946,368,646,857,75,0,0,0,1812,10,1,5,11,107
23005000100,2091,1422,445,152,72,0,0,0,1662,39,52,24,69,245
23005000200,1995,1340,441,128,86,0,0,0,1579,61,30,26,53,246
23005000300,3185,1771,960,285,168,0,1,0,2466,126,43,63,118,369
23005000500,1833,1060,538,142,93,0,0,0,1230,57,129,75,144,198
23005000600,2561,1350,800,216,195,0,0,0,1912,105,80,50,122,292
23005001000,2204,1436,539,139,89,1,0,0,1703,60,101,31,52,257
23005001100,2338,1503,553,171,111,0,0,0,1890,57,18,45,41,287
23005001200,1127,777,259,37,54,0,0,0,818,34,45,14,79,137
23005001300,2819,1781,674,225,139,0,0,0,2255,81,33,54,71,325
23005001500,2715,1749,603,232,131,0,0,0,2236,50,23,44,63,299
23005001700,3689,2356,837,375,120,1,0,0,3002,73,14,90,94,416
23005001800,3067,1871,697,410,89,0,0,0,2533,60,5,41,61,367
23005001900,3488,2218,790,351,128,0,1,0,2900,59,11,61,83,374
23005002001,2888,1538,763,452,135,0,0,0,2202,72,32,125,123,334
23005002002,1952,1098,510,272,71,1,0,0,1565,47,31,64,45,200
23005002101,4826,2327,1351,980,167,0,1,0,3938,82,58,90,162,496
23005002102,3675,1856,1148,544,126,1,0,0,2662,119,159,135,239,361
23005002200,4153,2236,1106,659,152,0,0,0,3356,93,47,93,148,416
23005002300,2592,1471,677,320,124,0,0,0,1972,52,93,77,142,256
23005002400,1322,841,284,157,40,0,0,0,1132,35,4,9,16,126
23005002501,2918,1498,680,705,32,0,3,0,2471,46,2,35,53,311
23005002503,2904,1212,789,842,60,0,1,0,2453,47,6,66,51,281
23005002504,3980,1773,1034,1103,65,1,4,0,3353,60,0,96,99,372
23005002600,3269,1391,956,792,130,0,0,0,2786,50,10,49,89,285
23005002700,3733,1681,1099,791,160,2,0,0,3095,85,33,54,96,370
23005002800,2119,974,667,380,98,0,0,0,1781,46,19,39,42,192
23005002901,2631,1166,781,566,118,0,0,0,2155,49,8,71,109,239
23005002902,2177,935,717,427,97,1,0,0,1843,39,17,30,62,186
23005003001,2911,1348,862,577,124,0,0,0,2467,87,13,54,63,227
23005003002,1422,662,458,227,75,0,0,0,971,87,47,31,93,193
23005003100,3143,1549,944,496,154,0,0,0,2647,77,6,59,59,295
23005003200,2815,1679,655,391,89,0,1,0,2414,62,4,26,29,280
23005003300,2482,1122,784,457,118,0,1,0,2051,71,8,83,58,211
23005003400,4023,2132,1034,754,103,0,0,0,3528,69,6,56,53,311
23005003500,3264,1859,846,444,115,0,0,0,2820,43,3,27,46,325
23005003701,3588,2088,760,682,57,0,1,0,3057,30,2,78,48,373
23005003702,4389,2273,1098,939,78,0,1,0,3659,101,12,57,80,480
23005004001,2431,909,731,688,103,0,0,0,2166,38,0,26,27,174
23005004002,6770,2671,2021,1779,297,0,2,0,5854,118,11,60,121,606
23005004100,5123,1701,1551,1637,234,0,0,0,4577,84,17,31,51,363
23005004201,3435,1410,949,978,98,0,0,0,3010,42,9,27,40,307
23005004202,3858,1751,995,1028,83,1,0,0,3382,55,2,46,50,323
23005004401,4409,2154,1148,947,160,0,0,0,3810,77,1,59,65,397
23005004402,3156,1554,762,752,88,0,0,0,2762,48,1,45,41,259
23005004501,2663,1148,855,577,82,0,1,0,2364,45,3,28,29,194
23005004502,4435,2335,1190,791,118,0,1,0,3828,70,1,68,64,404
23005004600,3482,1415,964,970,133,0,0,0,3099,49,2,27,39,266
23005004701,1677,477,602,539,58,1,0,0,1487,15,0,10,13,152
23005004702,4919,1487,1786,1460,184,0,2,0,4343,72,2,27,46,429
23005004802,3713,1127,1306,1141,138,1,0,0,3324,45,3,17,45,279
23005004803,4240,1365,1428,1273,174,0,0,0,3815,63,1,21,66,274
23005004804,3343,1178,1097,938,130,0,0,0,2964,53,7,22,54,243
23005004805,2474,764,850,762,97,0,1,0,2238,31,0,11,26,168
23005011100,3368,1243,1043,943,139,0,0,0,2952,64,14,29,24,285
23005011203,3477,1835,964,589,88,0,1,0,2920,64,12,74,54,353
23005011204,2761,1373,725,557,105,1,0,0,2391,50,4,43,31,242
23005011205,2712,1379,801,434,98,0,0,0,2292,75,13,52,28,252
23005011206,4792,2921,1269,451,151,0,0,0,3517,244,87,273,97,574
23005011300,2188,914,644,547,82,1,0,0,1915,42,2,23,21,185
23005011500,5738,1744,1950,1725,319,0,0,0,5167,52,3,18,54,444
23005012001,1400,446,508,385,61,0,0,0,1271,16,1,2,9,101
23005012002,2540,758,779,886,117,0,0,0,2302,37,2,11,20,168
23005013001,1275,390,443,375,67,0,0,0,1143,18,0,8,9,97
23005013002,1844,494,683,568,99,0,0,0,1672,17,1,9,18,127
23005014001,1992,528,645,705,114,0,0,0,1782,32,1,9,14,154
23005014002,1196,311,408,426,51,0,0,0,1054,16,0,6,10,110
23005015000,1857,546,603,623,85,0,0,0,1695,18,0,4,15,125
23005016001,2651,783,895,829,144,0,0,0,2364,36,3,14,18,216
23005016002,1768,554,568,539,107,0,0,0,1544,26,19,9,17,153
23005016500,2969,767,927,1133,142,0,0,0,2725,24,0,6,26,188
23005017002,3192,917,1003,1061,211,0,0,0,2872,40,0,10,34,236
23005017003,2686,757,828,925,176,0,0,0,2416,47,6,7,16,194
23005017004,1903,538,622,649,94,0,0,0,1718,27,3,5,25,125
23005017101,1859,815,533,438,73,0,0,0,1668,35,3,8,14,131
23005017102,2377,959,704,655,59,0,0,0,2105,43,0,8,23,198
23005017303,4194,1675,1319,1087,113,0,0,0,3626,48,5,83,63,369
23005017305,3618,1342,1161,1012,102,1,0,0,3057,60,5,107,73,316
23005017306,3865,1253,1332,1168,112,0,0,0,3320,52,4,64,73,352
23005017307,2187,840,695,591,61,0,0,0,1902,36,0,16,23,210
23005017308,3985,1780,1152,980,72,0,1,0,3410,64,6,61,53,391
23005990000,0,0,0,0,0,0,0,0,0,0,0,0,0,0
23011010100,3940,1412,1204,1162,161,0,1,0,3495,65,2,36,42,300
23011010200,2983,1017,959,881,126,0,0,0,2629,46,7,34,37,230
23011010300,2366,901,753,603,107,2,0,0,2066,58,4,15,38,185
23011010400,1816,758,503,496,59,0,0,0,1588,31,6,27,31,133
23011010500,3062,1105,947,882,128,0,0,0,2674,62,11,32,28,255
23011010601,3552,1000,1164,1244,144,0,0,0,3210,39,3,11,31,258
23011010602,2066,571,747,661,87,0,0,0,1860,10,1,7,26,162
23011010700,2106,1112,462,460,71,1,0,0,1867,25,5,14,34,161
23011010801,2093,624,630,752,87,0,0,0,1871,23,0,17,13,169
23011010803,2486,845,767,760,114,0,0,0,2234,33,0,18,11,190
23011010804,2842,775,927,1005,135,0,0,0,2595,30,3,12,10,192
23011010900,1141,423,348,304,66,0,0,0,1017,27,5,2,5,85
23011011000,3427,1218,1012,993,202,2,0,0,3013,70,1,19,18,306
23011012000,2714,723,899,956,133,2,1,0,2466,26,2,10,16,194
23011013000,3275,903,1062,1139,171,0,0,0,2986,32,2,9,20,226
23011014001,2811,956,899,825,130,1,0,0,2478,49,3,21,24,236
23011014002,2098,699,622,681,93,0,3,0,1889,25,1,26,7,150
23011014500,1943,699,568,597,78,1,0,0,1771,27,1,5,13,126
23011015000,2165,754,633,675,102,1,0,0,1938,28,0,9,13,177
23011015500,2738,845,931,792,170,0,0,0,2429,40,0,9,18,242
23011016000,2667,735,872,941,119,0,0,0,2388,39,2,8,24,206
23011017000,3387,860,1031,1350,146,0,0,0,3096,41,2,7,13,228
23011018000,3245,954,1026,1114,148,1,2,0,2929,41,2,20,23,230
23011019000,1825,427,574,717,107,0,0,0,1657,31,1,4,10,122
23011020000,3716,1178,1287,1150,100,0,1,0,3179,78,7,60,28,364
23011020500,1464,337,471,601,54,1,0,0,1350,17,0,2,2,93
23011021000,2305,566,851,785,103,0,0,0,2112,36,0,6,15,136
23011022000,1941,486,637,733,85,0,0,0,1726,33,0,8,24,150
23011023001,2906,1046,896,854,110,0,0,0,2593,46,3,12,25,227
23011023002,3148,909,1041,1095,103,0,0,0,2810,46,2,29,32,229
23011024101,2590,1000,902,588,100,0,0,0,2274,61,5,21,29,200
23011024102,3177,1461,1005,577,134,0,0,0,2716,89,7,38,44,283
23011024201,2216,959,627,548,82,0,0,0,1901,52,10,23,40,190
23011024202,4477,2208,1423,661,185,0,0,0,3430,163,21,219,77,567
23011025001,3182,900,1152,1032,98,0,0,0,2870,52,1,13,19,227
23011025002,1398,425,471,478,24,0,0,0,1259,23,0,5,10,101
23031005100,4264,1545,1363,1201,155,0,0,0,3800,58,6,31,51,318
23031005200,3947,1629,1263,907,148,0,0,0,3438,69,4,38,64,334
23031005301,2903,1355,942,483,123,0,0,0,2434,83,10,26,46,304
23031005302,2188,989,666,469,62,1,1,0,1904,34,3,30,28,189
23031005400,2462,1055,678,661,68,0,0,0,2122,45,2,14,33,246
23031006103,2424,1018,758,578,68,0,2,0,2109,32,4,25,44,210
23031006104,2658,1087,812,691,67,0,1,0,2323,51,8,11,27,238
23031006105,833,369,262,181,21,0,0,0,732,10,0,5,12,74
23031006106,1797,730,622,376,69,0,0,0,1571,35,8,5,33,145
23031020001,2794,902,865,910,117,0,0,0,2494,37,6,18,20,219
23031020002,3585,994,1246,1215,128,2,0,0,3242,50,2,23,25,243
23031021000,3481,961,1145,1217,158,0,0,0,3129,45,1,7,22,277
23031022000,2592,670,807,937,177,0,1,0,2347,27,0,6,17,195
23031022500,2453,714,836,786,116,1,0,0,2238,24,2,3,18,168
23031023000,2309,620,917,670,101,0,1,0,2075,31,2,5,18,178
23031023501,2801,756,909,990,146,0,0,0,2562,39,0,5,20,175
23031023502,2563,634,883,894,152,0,0,0,2267,33,0,24,17,222
23031024001,2487,691,868,777,151,0,0,0,2249,30,1,17,16,174
23031024002,2936,823,882,1095,136,0,0,0,2634,47,4,13,12,226
23031024501,3615,1097,1193,1195,129,0,1,0,3302,36,0,15,17,245
23031024502,1630,418,634,530,48,0,0,0,1456,28,2,6,8,130
23031025100,2853,1357,800,620,74,0,2,0,2563,26,1,16,47,200
23031025203,1879,901,590,313,75,0,0,0,1622,50,1,27,18,161
23031025204,1236,600,375,201,60,0,0,0,1039,39,10,26,19,103
23031025205,2096,1040,590,388,78,0,0,0,1829,61,4,28,29,145
23031025206,2811,1355,897,443,116,0,0,0,2431,54,11,23,44,248
23031025300,2399,1196,635,482,86,0,0,0,2184,19,2,19,23,152
23031025400,1609,854,440,266,49,0,0,0,1349,29,4,20,35,172
23031026000,3407,1150,1238,934,84,0,1,0,3035,49,2,15,33,273
23031027000,3024,1261,796,897,70,0,0,0,2680,34,2,17,22,269
23031028001,2843,978,1113,708,44,0,0,0,2509,39,6,28,28,233
23031028003,3592,1507,1225,808,51,1,0,0,3156,67,3,43,41,282
23031028004,3156,1264,1010,845,37,0,0,0,2754,48,2,26,26,300
23031029000,2388,759,853,705,71,0,0,0,2190,31,2,8,15,142
23031030101,1357,452,476,390,39,0,0,0,1227,23,0,15,5,87
23031030102,1134,387,409,294,43,0,1,0,1034,9,2,14,5,70
23031030201,2686,919,1038,639,90,0,0,0,2376,56,1,27,17,209
23031030203,2305,757,802,673,73,0,0,0,2042,44,3,55,12,149
23031030204,1521,507,600,356,58,0,0,0,1335,37,2,15,16,116
23031030205,2824,917,1104,707,96,0,0,0,2509,54,0,50,15,196
23031030300,2405,760,893,683,69,0,0,0,2147,42,0,31,23,162
23031031000,4703,1052,2001,1431,219,0,0,0,4251,58,9,29,46,310
23031032001,3494,1006,1471,959,57,1,0,0,3074,68,3,36,36,277
23031032002,2299,595,1031,638,35,0,0,0,2049,39,5,9,22,175
23031033000,3821,1144,1357,1171,149,0,0,0,3391,48,6,24,35,317
23031034002,5247,1558,2107,1499,81,0,2,0,4686,70,0,18,61,412
23031034003,1454,567,505,359,21,0,2,0,1273,20,4,11,12,134
23031034004,1549,551,579,390,29,0,0,0,1384,19,0,14,20,112
23031034005,1216,457,446,298,14,1,0,0,1099,12,1,7,9,88
23031034006,1191,563,324,267,35,0,2,0,1013,20,0,5,18,135
23031035001,2772,1045,871,760,96,0,0,0,2494,40,1,22,24,191
23031035002,2775,1219,794,677,84,1,0,0,2471,49,2,14,26,213
23031036002,5230,2095,1722,1291,121,0,1,0,4548,93,4,56,36,493
23031036003,2852,1231,860,708,53,0,0,0,2530,38,0,8,24,252
23031036004,3297,1329,1079,821,65,0,3,0,2891,50,0,14,37,305
23031037000,5842,2214,1949,1551,128,0,0,0,5112,84,5,20,66,555
23031038001,4965,2417,1422,1027,99,0,0,0,4335,104,5,22,59,440
23031038002,2659,1109,890,607,51,0,2,0,2352,66,6,16,26,193
23031990100,3,0,3,0,0,0,0,0,3,0,0,0,0,0
23027041000,3047,854,948,1056,188,1,0,0,2734,38,2,14,31,228
23027042000,4806,1391,1707,1524,183,1,0,0,4326,37,2,21,34,386
23027043000,5433,2499,1434,1257,243,0,0,0,4846,70,6,33,37,441
23027044000,3723,1633,1036,879,175,0,0,0,3323,52,1,18,37,292
23027045000,4556,1336,1448,1577,195,0,0,0,4167,48,5,9,23,304
23027046001,1741,498,515,618,110,0,0,0,1554,19,0,9,13,146
23027046002,3924,1060,1404,1178,281,0,1,0,3443,76,1,15,26,363
23027047000,3612,1086,1138,1201,187,0,0,0,3272,35,1,8,26,270
23001010100,880,339,311,173,57,0,0,0,742,23,9,5,29,72
23001010200,3119,1058,1014,883,161,1,2,0,2673,54,26,26,126,214
23001010300,1484,532,537,326,89,0,0,0,1269,40,10,13,27,125
23001010400,1512,525,496,412,79,0,0,0,1368,22,3,16,12,91
23001010500,1183,421,447,253,62,0,0,0,1038,33,2,5,21,84
23001010600,2272,703,812,650,107,0,0,0,2059,28,8,5,29,143
23001010700,2097,627,706,668,96,0,0,0,1923,19,2,16,22,115
23001010800,3110,1136,1048,794,132,0,0,0,2752,56,2,31,36,233
23001020100,849,399,287,115,48,0,0,0,545,31,86,8,115,64
23001020200,793,273,318,148,54,0,0,0,671,18,8,10,21,65
23001020301,3671,2124,1042,359,146,0,0,0,2672,190,33,153,91,532
23001020302,1409,539,538,242,90,0,0,0,1143,39,26,6,63,132
23001020303,1313,509,542,175,86,1,0,0,1002,42,62,10,98,99
23001020401,974,465,372,89,48,0,0,0,483,22,156,9,235,69
23001020402,763,279,300,142,41,1,0,0,625,19,17,2,54,46
23001020500,2355,927,735,563,130,0,0,0,2075,49,18,15,42,156
23001020600,2098,764,612,618,104,0,0,0,1885,34,1,15,21,142
23001020700,3732,1455,1120,968,187,0,2,0,3309,62,17,29,67,248
23001020801,2174,824,610,654,86,0,0,0,1947,49,1,17,17,143
23001020802,2872,1093,888,744,147,0,0,0,2478,59,18,22,69,226
23001020900,3703,1828,1026,691,158,0,0,0,2889,98,88,73,174,381
23001030100,3365,933,1187,1128,117,0,0,0,3038,53,6,17,19,232
23001030200,3256,938,1170,1024,124,0,0,0,2929,35,4,15,28,245
23001040000,3395,993,1163,1040,199,0,0,0,3050,33,0,18,35,259
23001041000,4322,1222,1437,1410,253,0,0,0,3988,36,2,12,24,260
23001041500,4202,1063,1423,1448,265,2,1,0,3877,36,2,16,22,249
23001042000,4246,1092,1452,1567,135,0,0,0,3806,78,4,21,33,304
23001043000,1810,552,530,639,89,0,0,0,1628,39,0,3,25,115
23001044000,1883,576,665,535,107,0,0,0,1702,44,2,6,20,109
23001045000,1797,470,642,583,102,0,0,0,1627,30,2,7,4,127
23001046000,3249,822,1122,1114,191,0,0,0,3005,27,2,11,23,181
23001046500,4844,1247,1726,1616,255,0,0,0,4424,64,1,15,35,305
