FULLCODE,total_reg,party_rep,party_dem,party_npp,party_lib,party_oth,party_unk,eth1_eur,eth1_hisp,eth1_aa,eth1_esa,eth1_oth,eth1_unk
31023967600,2036,1299,411,314,12,0,0,1587,45,0,27,44,333
31023967700,1906,1181,397,316,10,2,0,1422,70,3,15,58,338
31023967800,1431,873,356,191,9,2,0,1011,22,0,6,81,311
31113957500,481,381,43,51,6,0,0,398,9,0,6,3,65
31133967800,1734,1089,375,257,13,0,0,1394,26,0,2,22,290
31051977600,1688,1114,349,213,12,0,0,1429,22,0,6,11,220
31051977800,1909,1128,414,346,21,0,0,1535,158,1,12,8,195
31121966600,1277,900,223,143,10,1,0,1064,18,2,1,6,186
31121966700,1626,1113,273,231,9,0,0,1358,36,0,3,6,223
31121966800,2105,1461,321,307,16,0,0,1794,52,1,8,16,234
31049955400,1289,950,132,198,8,1,0,1113,30,0,10,7,129
31045950600,1991,1405,246,318,22,0,0,1716,40,2,13,9,211
31045950700,2877,1646,655,537,39,0,0,2389,84,9,31,26,338
31077970900,1492,786,563,133,10,0,0,1291,13,0,3,3,182
31009972400,383,331,19,30,3,0,0,328,3,0,0,0,52
31155968100,2427,1515,464,416,31,1,0,2042,17,2,5,16,345
31155968200,3868,2222,930,682,32,2,0,2870,35,2,7,101,853
31155968300,3272,2025,684,518,43,2,0,2595,59,1,17,54,546
31155968400,3288,2028,577,636,47,0,0,2775,36,0,11,44,422
31155968500,2250,1171,494,526,58,1,0,1958,40,8,7,18,219
31047968000,1621,1118,242,241,19,1,0,1306,89,3,9,13,201
31047968100,977,695,136,140,6,0,0,790,58,0,6,5,118
31047968200,2450,1633,375,406,35,1,0,2092,74,0,9,9,266
31047968300,2165,1337,415,382,29,2,0,1724,193,2,5,7,234
31047968400,2231,823,933,436,38,1,0,832,1155,19,28,74,123
31047968500,2476,1009,995,442,30,0,0,1036,1046,18,35,140,201
31047968600,1048,744,162,138,4,0,0,875,44,0,6,6,117
31065963900,3359,2353,483,489,34,0,0,2869,64,2,14,18,392
31173940100,2527,904,1277,334,12,0,0,2104,101,5,22,87,208
31173940200,1329,277,769,275,8,0,0,1003,82,3,13,60,168
31079000100,1709,1183,239,275,12,0,0,1472,29,0,3,9,196
31079000200,1699,558,629,482,28,2,0,838,697,3,9,28,124
31079000300,2423,878,854,664,27,0,0,1444,723,3,21,27,205
31079000400,2814,1329,818,622,44,1,0,2057,386,5,34,36,296
31079000500,4140,2595,785,720,40,0,0,3369,224,3,40,50,454
31079000600,3578,2039,762,747,29,1,0,2757,304,3,33,38,443
31079000700,2103,918,666,488,29,2,0,1493,328,6,28,36,212
31079000800,1844,921,510,377,36,0,0,1479,171,2,17,11,164
31079000900,1966,800,588,546,32,0,0,1240,444,6,20,39,217
31079001000,2326,1064,690,541,30,1,0,1525,418,29,49,75,230
31079001100,2030,974,565,453,38,0,0,1367,388,4,29,35,207
31079001200,2435,1426,544,445,20,0,0,1972,106,2,12,36,307
31079001300,1947,1186,361,377,23,0,0,1667,59,0,7,6,208
31079001400,1222,708,262,247,5,0,0,962,90,0,3,11,156
31127968100,1911,1152,401,333,25,0,0,1635,24,1,3,26,222
31127968200,2248,1254,515,457,21,1,0,1971,42,0,13,26,196
31073967600,1372,1002,175,187,8,0,0,1190,30,1,6,2,143
31019968900,2610,1782,433,370,24,1,0,2116,47,0,10,31,406
31019969000,3094,2144,396,514,40,0,0,2578,64,0,15,21,416
31019969100,2844,1820,505,472,47,0,0,2248,276,0,14,14,292
31019969202,2456,1455,544,426,31,0,0,2037,81,4,21,40,273
31019969203,4344,2761,864,663,55,1,0,3619,100,10,43,59,513
31019969204,3845,2446,714,641,44,0,0,3183,131,2,35,26,468
31019969300,1119,532,263,295,29,0,0,852,104,1,6,11,145
31019969400,2404,1293,557,500,53,1,0,1953,133,4,15,28,271
31019969500,1206,578,315,287,26,0,0,968,82,1,10,11,134
31019969600,1695,753,439,443,58,2,0,1303,140,9,12,29,202
31019969700,3681,2113,757,748,63,0,0,2943,266,11,24,31,406
31185969600,2022,1423,309,273,17,0,0,1671,28,2,11,22,288
31185969700,2590,1669,440,450,30,1,0,2232,54,5,10,20,269
31185969800,2973,1874,537,534,28,0,0,2436,122,8,21,18,368
31185969900,1790,1314,241,221,14,0,0,1493,25,0,6,19,247
31003979600,1257,937,156,156,8,0,0,1068,12,0,9,5,163
31003979700,1071,752,170,138,10,1,0,915,26,0,9,1,120
31003979800,1872,1350,281,232,8,1,0,1549,38,0,2,2,281
31081969100,1409,1065,165,167,12,0,0,1212,16,1,5,13,162
31081969200,1860,1297,257,284,22,0,0,1570,26,0,7,7,250
31081969300,3202,2075,579,501,44,3,0,2749,61,2,12,27,351
31175971300,1277,938,195,139,5,0,0,1012,11,1,2,17,234
31175971400,1594,1088,306,194,6,0,0,1302,27,2,4,26,233
31139979100,2503,1842,275,368,17,1,0,2081,27,2,5,9,379
31139979200,2186,1580,261,331,14,0,0,1829,17,0,12,8,320
31031955800,2924,2291,332,279,22,0,0,2592,23,3,10,24,272
31031955900,375,336,16,23,0,0,0,312,6,0,0,2,55
31143960000,1141,762,207,165,7,0,0,975,9,0,3,10,144
31143960100,2042,1445,311,266,20,0,0,1738,46,0,12,12,234
31111959700,2458,1708,360,367,23,0,0,2116,44,0,6,17,275
31111959800,2169,1540,342,268,18,1,0,1819,98,1,10,9,232
31111959900,2805,1453,655,664,33,0,0,2234,258,4,16,17,276
31111960200,2178,1111,550,475,41,1,0,1736,185,7,14,12,224
31111960300,2715,1450,650,569,46,0,0,2251,172,5,16,15,256
31111960400,3587,2092,851,591,50,3,0,3023,176,6,15,26,341
31111960500,3221,2064,609,511,36,1,0,2755,102,2,24,24,314
31111960600,2842,2066,391,359,25,1,0,2448,44,0,21,18,311
31059091600,1533,900,366,250,17,0,0,1205,32,1,5,30,260
31059091700,2312,1513,436,346,17,0,0,1926,30,3,7,19,327
31033954800,2190,1588,247,330,25,0,0,1850,46,0,9,20,265
31033954900,2186,1343,356,452,35,0,0,1837,95,2,16,10,226
31033955000,1518,937,241,317,23,0,0,1232,77,0,16,13,180
31119960600,3521,2197,692,594,34,4,0,2794,214,7,25,28,453
31119960700,1512,789,369,322,32,0,0,1136,123,9,17,10,217
31119960801,3134,2045,549,515,24,1,0,2546,137,1,27,34,389
31119960802,2481,1733,378,350,19,1,0,2088,38,0,13,29,313
31119960900,2394,1251,557,539,46,1,0,1792,262,11,16,28,285
31119961000,1515,678,398,412,27,0,0,1073,231,8,9,19,175
31119961100,1016,588,211,210,7,0,0,748,146,2,7,10,103
31119961200,2489,1710,327,425,26,1,0,2031,44,0,10,6,398
31119961300,2750,1749,533,430,36,2,0,1918,427,4,20,24,357
31179978600,2297,1715,272,291,19,0,0,1932,45,0,14,24,282
31179978700,2696,1519,620,502,54,1,0,2176,99,6,27,20,368
31161951600,1448,1015,192,231,10,0,0,1224,35,0,11,26,152
31161951700,1999,1475,257,254,13,0,0,1688,27,5,12,27,240
31087962700,1901,1352,249,284,16,0,0,1610,26,0,11,8,246
31085961500,415,334,32,43,6,0,0,329,20,0,0,4,62
31107976200,1971,1303,382,272,14,0,0,1634,23,0,9,9,296
31107976300,1529,1018,282,220,9,0,0,1341,25,0,9,11,143
31107976400,1933,1095,520,299,19,0,0,1602,26,0,9,20,276
31099966600,2445,1694,401,327,22,1,0,2152,34,0,5,6,248
31099966700,2012,1304,364,308,36,0,0,1719,79,1,10,11,192
31007954000,419,332,29,56,2,0,0,378,9,0,0,0,32
31035962100,2176,1508,336,305,27,0,0,1740,88,0,10,8,330
31035962200,1933,1364,314,237,18,0,0,1684,27,2,3,30,187
31097967500,1239,750,285,185,19,0,0,988,18,0,7,6,220
31097967600,1477,861,356,247,13,0,0,1116,75,1,10,8,267
31091956700,577,474,59,44,0,0,0,502,1,0,1,1,72
31039972700,1482,1010,257,199,15,1,0,1165,34,0,4,3,276
31039972800,2557,1648,465,426,18,0,0,1948,163,3,10,24,409
31039972900,1385,876,264,231,13,1,0,1162,33,3,14,10,163
31005958300,266,229,25,11,1,0,0,239,3,0,3,4,17
31083964200,2328,1622,383,316,7,0,0,2002,39,0,9,18,260
31145963100,1744,1243,207,285,9,0,0,1504,32,0,3,7,198
31145963200,3044,2105,436,469,34,0,0,2617,87,1,11,23,305
31145963300,1785,1145,270,348,22,0,0,1502,72,1,14,9,187
31115972800,483,383,70,28,2,0,0,431,3,0,0,0,49
31015975800,1356,1040,160,150,6,0,0,1154,9,0,11,7,175
31055000200,2071,421,1044,568,37,1,0,1284,104,512,8,17,146
31055000300,1259,124,811,300,24,0,0,344,70,755,20,11,59
31055000400,672,179,261,214,16,2,0,443,101,57,5,5,61
31055000500,988,259,473,247,9,0,0,650,61,120,14,16,127
31055000600,658,46,451,155,6,0,0,131,45,443,5,6,28
31055000700,632,55,460,109,7,1,0,90,38,476,9,4,15
31055000800,1164,95,836,220,13,0,0,194,66,827,25,19,33
31055001100,1285,107,899,262,17,0,0,237,71,874,12,52,39
31055001200,1611,137,1136,323,15,0,0,318,86,1079,39,18,71
31055001600,458,95,225,124,14,0,0,303,42,10,42,10,51
31055001800,2271,474,1106,637,53,1,0,1692,119,88,60,37,275
31055001900,737,123,355,238,21,0,0,450,87,103,22,9,66
31055002000,1037,173,562,275,27,0,0,410,536,4,7,11,69
31055002100,1041,211,530,281,18,1,0,624,218,83,20,12,84
31055002200,664,146,327,170,19,2,0,506,82,1,6,11,58
31055002300,1141,309,507,300,25,0,0,794,208,11,16,13,99
31055002400,1212,232,649,300,30,1,0,622,440,20,13,13,104
31055002500,1075,273,497,279,24,2,0,571,384,14,8,10,88
31055002600,747,157,391,182,17,0,0,320,353,7,10,8,49
31055002700,867,126,481,232,27,1,0,335,468,8,3,7,46
31055002800,1104,193,586,304,21,0,0,417,589,7,2,18,71
31055002900,1647,243,956,426,22,0,0,521,736,237,29,37,87
31055003000,2913,645,1499,710,58,1,0,1382,1190,18,19,51,253
31055003100,1592,347,822,390,33,0,0,805,511,61,12,28,175
31055003200,720,122,403,177,18,0,0,265,378,33,4,6,34
31055003300,707,120,368,207,12,0,0,342,272,11,5,19,58
31055003401,1833,429,876,494,33,1,0,1238,298,30,21,29,217
31055003402,1505,356,729,387,30,3,0,1111,172,17,8,26,171
31055003500,2624,776,1149,650,49,0,0,1922,265,40,19,53,325
31055003600,2792,695,1309,733,54,1,0,2251,116,11,30,57,327
31055003700,1724,455,839,398,31,1,0,1405,76,1,10,30,202
31055003800,1825,419,906,459,41,0,0,1300,181,94,19,35,196
31055003900,805,133,437,205,29,1,0,484,194,35,17,11,64
31055004000,1583,307,803,439,33,1,0,1119,121,120,36,27,160
31055004200,648,124,347,161,16,0,0,471,71,26,4,13,63
31055004300,1490,289,804,367,28,2,0,1090,97,42,33,45,183
31055004400,828,187,395,219,27,0,0,663,46,3,8,18,90
31055004500,2197,548,1067,546,35,1,0,1774,84,8,27,41,263
31055004600,1558,386,783,367,22,0,0,1229,38,6,22,45,218
31055004700,1895,592,883,404,16,0,0,1499,53,22,58,28,235
31055004800,2513,467,1433,578,35,0,0,1981,87,104,39,52,250
31055004900,2067,382,1084,560,36,5,0,1390,113,277,30,64,193
31055005000,1779,338,954,456,31,0,0,1254,140,128,33,20,204
31055005100,1135,156,670,283,26,0,0,549,99,364,13,29,81
31055005200,669,55,475,131,8,0,0,191,46,371,20,13,28
31055005300,1158,113,813,217,15,0,0,281,104,686,22,5,60
31055005400,1552,211,897,404,39,1,0,587,123,678,34,18,112
31055005500,3459,766,1749,880,63,1,0,2794,99,79,61,67,359
31055005600,2442,673,1089,630,49,1,0,1873,112,127,26,34,270
31055005700,2425,473,1256,656,38,2,0,1608,126,398,38,31,224
31055005800,2270,385,1284,564,37,0,0,1236,125,639,56,28,186
31055005901,1231,113,844,253,21,0,0,284,60,823,14,7,43
31055005902,1240,93,898,235,14,0,0,220,73,891,13,13,30
31055006000,2074,243,1333,464,33,1,0,507,139,1300,25,15,88
31055006101,1309,124,877,299,9,0,0,309,79,829,31,11,50
31055006102,2165,265,1394,468,36,2,0,670,123,1222,42,13,95
31055006202,2761,539,1468,693,59,2,0,1547,118,841,22,35,198
31055006301,1517,272,917,310,18,0,0,608,28,776,19,8,78
31055006302,2166,248,1479,417,22,0,0,566,73,1355,55,19,98
31055006303,1408,260,784,337,27,0,0,730,62,473,41,9,93
31055006400,3043,829,1389,769,56,0,0,2358,172,68,38,47,360
31055006503,1777,609,711,425,32,0,0,1366,73,88,24,14,212
31055006504,2225,815,840,546,23,1,0,1770,76,97,20,27,235
31055006505,1202,393,589,212,8,0,0,806,39,222,23,10,102
31055006506,1941,395,1108,410,27,1,0,878,54,788,65,16,140
31055006603,1327,345,590,352,36,4,0,895,47,205,16,23,141
31055006604,2425,739,1020,621,45,0,0,1905,84,72,28,34,302
31055006605,1936,623,823,454,35,1,0,1546,68,29,26,35,232
31055006606,1620,501,666,409,43,1,0,1217,58,96,40,38,171
31055006701,2802,1141,1008,625,28,0,0,2250,80,18,53,55,346
31055006703,1996,839,690,440,26,1,0,1606,76,20,15,27,252
31055006704,1363,648,421,286,7,1,0,1096,30,3,20,36,178
31055006803,1531,674,511,333,12,1,0,1207,43,15,17,32,217
31055006804,1266,548,439,269,10,0,0,1002,28,0,29,37,170
31055006805,2404,880,954,537,33,0,0,1981,63,10,29,55,266
31055006806,1338,419,597,304,18,0,0,1013,54,57,18,35,161
31055006903,1607,654,573,352,28,0,0,1295,63,13,16,23,197
31055006904,2842,1058,1049,684,49,2,0,2310,89,13,31,45,354
31055006905,1122,376,426,298,22,0,0,917,50,7,15,22,111
31055006906,2102,747,836,480,37,2,0,1665,109,10,11,47,260
31055007001,2015,503,969,502,41,0,0,1416,166,83,43,47,260
31055007002,2104,712,874,484,34,0,0,1530,215,18,16,53,272
31055007003,1174,331,512,312,19,0,0,843,200,4,14,14,99
31055007101,1611,463,724,397,27,0,0,1026,361,17,14,22,171
31055007102,1987,599,864,494,29,1,0,1261,392,5,22,39,268
31055007303,2414,1099,773,504,38,0,0,2024,39,10,25,31,285
31055007304,1214,429,507,261,17,0,0,984,36,71,10,15,98
31055007309,2640,861,1034,696,48,1,0,1913,152,193,49,40,293
31055007310,1608,484,666,425,33,0,0,1198,68,119,14,34,175
31055007311,1715,526,767,398,24,0,0,1127,72,273,47,59,137
31055007312,1138,364,497,258,19,0,0,783,46,172,8,19,110
31055007314,2854,1282,784,746,42,0,0,2276,107,54,58,32,327
31055007315,3846,1671,1229,885,61,0,0,3033,103,39,98,76,497
31055007316,2543,1081,841,590,31,0,0,2030,89,44,64,42,274
31055007317,3239,1442,947,796,53,1,0,2571,106,100,30,34,398
31055007318,6763,3427,1546,1699,90,1,0,5522,131,17,117,100,876
31055007319,2948,741,1425,735,45,2,0,1652,186,591,153,42,324
31055007320,1990,563,906,491,30,0,0,1210,110,380,59,27,204
31055007406,3473,1394,1149,863,66,1,0,2774,132,6,47,74,440
31055007407,2139,832,775,496,35,1,0,1685,95,18,34,24,283
31055007408,2604,954,906,683,60,1,0,2007,151,39,26,36,345
31055007409,1615,663,533,390,29,0,0,1240,103,10,23,32,207
31055007424,1807,596,774,396,40,1,0,1400,79,100,27,30,171
31055007429,2427,1195,648,557,27,0,0,1948,76,5,46,35,317
31055007431,3247,1500,1012,699,35,1,0,2640,81,45,57,42,382
31055007432,1824,595,710,494,24,1,0,1429,118,53,20,27,177
31055007433,2682,921,1051,659,51,0,0,2051,93,170,32,34,302
31055007434,1765,563,701,464,37,0,0,1282,84,199,12,16,172
31055007435,2168,726,845,554,43,0,0,1660,106,89,32,27,254
31055007436,2578,807,1114,615,41,1,0,1897,97,243,33,45,263
31055007438,1473,719,409,323,21,1,0,1188,43,4,18,28,192
31055007439,3102,1223,1068,751,58,2,0,2481,115,39,73,49,345
31055007440,1136,307,510,294,23,2,0,824,54,75,20,32,131
31055007441,1913,914,530,437,32,0,0,1496,50,6,84,45,232
31055007442,3467,1601,1041,781,44,0,0,2818,105,13,68,53,410
31055007443,2477,1106,794,543,34,0,0,1952,56,24,31,76,338
31055007444,2186,621,925,580,59,1,0,1673,111,93,34,32,243
31055007445,1555,542,659,328,26,0,0,1151,71,120,13,41,159
31055007446,2888,1404,739,713,32,0,0,2354,60,10,62,66,336
31055007447,1786,681,592,479,33,1,0,1418,92,3,29,27,217
31055007448,2132,911,745,456,20,0,0,1706,50,2,20,46,308
31055007449,2451,1337,543,542,29,0,0,2018,49,3,53,33,295
31055007450,2393,1117,732,513,31,0,0,1959,87,9,28,26,284
31055007451,3563,1716,971,819,56,1,0,2862,135,4,47,44,471
31055007452,3644,1796,914,885,48,1,0,2972,82,4,89,70,427
31055007453,2244,1046,576,588,34,0,0,1823,82,5,34,45,255
31055007454,3221,1456,986,742,36,1,0,2624,95,17,32,52,401
31055007455,1054,376,344,307,26,1,0,847,59,6,10,8,124
31055007456,1392,488,508,370,25,1,0,1129,79,3,16,22,143
31055007457,1524,530,525,431,38,0,0,1179,104,13,38,24,166
31055007458,1461,452,581,398,30,0,0,1081,163,17,18,17,165
31055007459,1870,694,677,466,33,0,0,1497,111,8,11,33,210
31055007460,3146,1512,817,775,42,0,0,2515,65,4,102,72,388
31055007461,3952,1780,1098,1034,40,0,0,3134,122,11,152,96,437
31055007462,2958,1217,931,767,41,2,0,2418,140,6,24,51,319
31055007463,2669,967,930,724,47,1,0,2070,174,30,37,55,303
31055007464,2054,985,557,481,31,0,0,1633,77,9,31,39,265
31055007465,2509,963,855,651,40,0,0,1876,197,14,78,40,304
31055007466,3369,1272,1193,842,60,2,0,2603,227,27,52,52,408
31055007467,2828,1026,1018,727,57,0,0,2162,244,33,44,35,310
31055007468,1500,563,535,374,28,0,0,1163,136,10,15,18,158
31055007469,3242,1457,945,787,53,0,0,2563,100,32,79,58,410
31055007470,3593,1419,1225,887,61,1,0,2722,132,77,109,83,470
31055007471,2534,1202,723,575,33,1,0,1984,68,47,94,42,299
31055007472,3176,1538,893,712,32,1,0,2533,58,10,84,72,419
31055007473,251,84,76,90,1,0,0,174,26,24,2,4,21
31055007474,1192,664,273,246,9,0,0,872,20,14,88,47,151
31055007504,2648,1472,555,570,51,0,0,2200,44,2,20,33,349
31055007505,3060,1633,655,736,36,0,0,2533,69,9,20,37,392
31055007506,2090,1041,494,522,32,1,0,1698,59,6,21,21,285
31055007508,2057,1232,370,427,28,0,0,1715,32,2,17,26,265
31055007509,5462,3179,1012,1201,70,0,0,4515,71,2,78,74,722
31055007514,3062,1815,573,647,27,0,0,2461,51,7,89,57,397
31055007515,3225,1587,804,787,47,0,0,2541,70,9,128,88,389
31055007516,2825,1343,776,665,41,0,0,2275,83,6,55,53,353
31055007517,3943,1729,1059,1087,67,1,0,3123,151,11,90,99,469
31055007518,3318,1691,758,809,59,1,0,2711,110,9,57,46,385
31055007519,3687,1897,887,857,46,0,0,2951,115,5,115,82,419
31055007520,2414,1197,562,624,31,0,0,1838,75,14,120,62,305
31055007521,2157,962,566,596,32,1,0,1671,93,6,81,42,264
31055007522,1231,690,250,283,8,0,0,976,36,1,27,34,157
31055007523,1697,912,342,420,23,0,0,1346,28,0,46,43,234
31055007524,2867,1487,714,631,35,0,0,2199,109,29,99,70,361
31063961100,1516,1157,155,196,8,0,0,1328,12,0,7,8,161
31071973200,1231,1011,133,83,4,0,0,1049,15,0,4,15,148
31057962300,1079,831,97,143,8,0,0,942,23,0,7,6,101
31053963600,3090,1837,616,594,40,3,0,2476,56,0,10,17,531
31053963700,1794,1073,400,290,31,0,0,1440,22,0,10,9,313
31053963800,2930,1468,744,672,44,2,0,2377,142,3,23,29,356
31053963900,2006,947,584,435,40,0,0,1590,147,2,12,22,233
31053964000,1829,844,535,416,32,2,0,1484,118,4,12,19,192
31053964100,3333,1935,772,587,39,0,0,2706,118,0,30,36,443
31053964200,1934,824,584,480,46,0,0,1524,136,2,12,17,243
31053964300,2845,1432,727,647,39,0,0,2266,190,0,19,23,347
31053964400,1174,552,312,292,18,0,0,887,135,1,7,12,132
31025965600,2326,1127,574,574,51,0,0,1959,58,3,7,20,279
31025965700,4082,2134,943,936,68,1,0,3446,63,2,24,42,505
31025965800,2367,1294,543,487,42,1,0,1942,27,0,13,27,358
31025965900,3383,1657,827,848,51,0,0,2909,58,0,17,29,370
31025966000,3132,1664,632,789,46,1,0,2697,45,1,10,30,349
31025966100,2824,1335,625,805,58,1,0,2436,65,4,13,27,279
31041971700,1731,1285,223,202,21,0,0,1511,20,1,5,19,175
31041971800,1706,1246,203,244,13,0,0,1512,14,0,7,5,168
31041971900,2801,1947,405,415,34,0,0,2429,52,2,17,16,285
31041972000,1015,736,119,153,7,0,0,878,9,0,3,5,120
31141965100,2559,1893,362,287,16,1,0,2144,9,0,10,28,368
31141965298,2345,1633,343,347,22,0,0,1927,34,0,17,10,357
31141965301,1831,1279,294,240,18,0,0,1455,90,0,11,15,260
31141965302,3437,2204,725,470,38,0,0,2690,205,1,29,28,484
31141965400,2569,1565,555,417,29,3,0,1821,358,1,20,28,341
31141965500,3101,1747,734,577,42,1,0,2284,350,2,20,47,398
31141965600,2137,1119,538,447,30,3,0,1513,300,4,13,33,274
31141965700,1907,1105,437,336,27,2,0,1412,200,1,19,19,256
31131966600,1480,949,254,264,12,1,0,1265,24,5,10,12,164
31131966700,2274,1280,459,520,15,0,0,1858,29,1,13,12,361
31131966800,2254,1205,554,462,33,0,0,1938,36,4,6,14,256
31131966900,2712,1398,662,617,35,0,0,2188,154,2,34,20,314
31131967000,1577,808,385,356,28,0,0,1320,71,3,20,10,153
31105954500,2390,1674,301,391,24,0,0,1981,106,1,12,10,280
31147964500,1160,721,292,143,4,0,0,992,16,0,3,16,133
31147968500,1207,743,282,176,6,0,0,1034,16,0,4,21,132
31147968600,2729,1496,685,516,32,0,0,2358,26,2,14,26,303
31017975000,2060,1672,181,197,9,1,0,1803,27,1,6,22,201
31149974600,966,797,92,74,3,0,0,825,13,0,4,5,119
31153010103,3104,1370,855,803,75,1,0,2537,137,23,22,26,359
31153010104,1142,430,399,286,27,0,0,860,145,19,9,15,94
31153010105,1825,722,578,486,38,1,0,1412,128,43,17,21,204
31153010106,2410,896,716,726,71,1,0,1945,143,45,21,26,230
31153010107,2212,827,746,593,45,1,0,1610,294,36,37,24,211
31153010108,2116,751,734,605,24,2,0,1460,260,111,43,20,222
31153010203,3548,1727,835,925,61,0,0,2881,189,40,46,50,342
31153010204,1873,693,589,540,51,0,0,1428,144,78,24,12,187
31153010205,1913,829,488,540,55,1,0,1526,131,28,15,9,204
31153010206,2493,1028,696,725,43,1,0,1938,153,93,32,28,249
31153010207,1482,663,397,404,18,0,0,1180,83,19,39,23,138
31153010208,2576,1243,597,698,37,1,0,2079,101,24,23,44,305
31153010209,2064,960,484,575,44,1,0,1669,130,20,16,21,208
31153010302,115,30,31,45,9,0,0,69,9,10,3,2,22
31153010305,631,225,188,198,20,0,0,452,63,33,8,11,64
31153010306,696,254,183,230,29,0,0,503,66,35,7,8,77
31153010401,1512,569,447,470,26,0,0,1159,137,38,21,17,140
31153010402,1959,730,518,655,56,0,0,1562,120,27,18,22,210
31153010502,2468,875,928,628,37,0,0,1700,375,8,20,30,335
31153010503,1919,665,715,512,27,0,0,1345,309,2,10,41,212
31153010504,1815,650,612,517,35,1,0,1286,244,41,41,26,177
31153010505,1934,587,704,591,51,1,0,1248,394,24,11,40,217
31153010614,2892,1026,997,816,53,0,0,2146,236,65,76,32,337
31153010615,1253,533,352,344,24,0,0,961,95,2,24,20,151
31153010616,3046,1535,763,704,43,1,0,2436,103,3,41,49,414
31153010617,3665,1723,965,918,57,2,0,2953,180,18,28,39,447
31153010619,2384,1030,666,632,56,0,0,1904,83,59,32,35,271
31153010620,3897,1893,919,1007,78,0,0,3198,141,14,55,56,433
31153010621,3573,1391,1133,987,62,0,0,2777,227,27,54,38,450
31153010622,2222,957,643,574,47,1,0,1753,93,4,45,32,295
31153010623,4257,1893,1114,1172,77,1,0,3373,202,29,61,52,540
31153010624,3695,1654,904,1089,48,0,0,2954,142,32,58,48,461
31153010625,3016,1166,867,922,59,2,0,2399,143,14,45,39,376
31153010626,3449,1507,972,911,59,0,0,2763,126,9,55,53,443
31153010627,1882,821,519,516,26,0,0,1511,78,4,25,27,237
31153010629,2138,994,533,571,39,1,0,1727,91,6,22,28,264
31153010630,3688,1766,927,942,52,1,0,3000,80,14,43,69,482
31153010631,3594,2023,727,799,45,0,0,3060,71,4,16,38,405
31153010632,4090,2214,828,969,77,2,0,3408,97,3,17,40,525
31153010633,2169,844,643,639,42,1,0,1731,140,7,25,17,249
31153010634,1839,793,522,483,41,0,0,1482,98,8,19,22,210
31153010635,1631,783,397,430,21,0,0,1339,26,7,31,29,199
31153010636,3584,1885,785,869,44,1,0,2958,77,0,46,50,453
31153010637,2207,956,636,586,29,0,0,1602,153,51,71,32,298
31153010638,2969,1390,749,775,53,2,0,2339,170,15,49,54,342
31153010701,1705,1009,329,338,29,0,0,1405,27,2,13,22,236
31153010702,2802,1535,597,630,40,0,0,2358,44,0,10,19,371
31061964600,758,519,120,117,2,0,0,647,13,0,2,5,91
31061964700,1220,877,156,178,9,0,0,1058,31,0,2,13,116
31135959300,1677,1244,221,201,11,0,0,1434,38,0,7,10,188
31117957900,303,259,26,13,5,0,0,265,3,0,1,0,34
31171957100,580,475,54,48,3,0,0,489,9,0,5,1,76
31123952500,2835,1967,403,432,32,1,0,2191,263,1,19,9,352
31101000100,950,570,153,212,15,0,0,766,62,1,11,11,99
31101000200,2275,1525,320,397,33,0,0,1916,107,0,15,6,231
31101000300,2398,1682,294,402,20,0,0,2041,69,1,10,23,254
31169963100,1790,1231,288,261,10,0,0,1541,19,0,3,4,223
31169963200,1679,1083,356,228,12,0,0,1394,25,1,8,11,240
31075956300,483,417,28,36,2,0,0,445,4,0,3,3,28
31095963600,2184,1338,470,361,15,0,0,1842,25,0,6,17,294
31095963700,1748,1000,417,309,21,1,0,1506,39,2,7,15,179
31095963800,576,256,161,149,10,0,0,470,12,1,4,2,87
31067964600,1995,1281,410,284,19,1,0,1561,41,0,7,22,364
31067964700,2492,1477,582,415,18,0,0,2060,19,0,14,5,394
31067964800,2254,1223,533,481,17,0,0,1898,41,1,12,16,286
31067964900,2138,1098,556,464,20,0,0,1746,46,1,6,13,326
31067965000,2111,1053,545,480,33,0,0,1721,54,0,20,19,297
31067965100,1049,472,302,256,18,1,0,887,25,0,4,11,122
31067965200,1539,788,405,331,15,0,0,1303,27,2,3,18,186
31069952100,1291,1001,140,144,6,0,0,1118,26,1,9,8,129
31011960100,2115,1434,437,237,7,0,0,1730,12,2,8,28,335
31011960200,1419,1032,231,153,3,0,0,1161,16,3,7,9,223
31089974000,1029,802,143,78,6,0,0,834,5,0,4,10,176
31089974100,1765,1432,195,132,6,0,0,1457,14,0,3,28,263
31089974200,1360,1032,190,131,7,0,0,1156,17,2,3,12,170
31089974300,2610,1936,342,316,16,0,0,2157,52,0,7,25,369
31027977100,2946,1821,705,403,17,0,0,2340,21,0,9,8,568
31027977200,2585,1818,364,378,25,0,0,2145,30,1,6,6,397
31183973600,531,409,73,44,5,0,0,420,3,0,5,0,103
31129960000,1345,909,267,160,9,0,0,1163,20,0,3,16,143
31129960100,1468,917,298,242,11,0,0,1304,22,1,1,9,131
31177050101,2155,1211,460,453,29,2,0,1881,40,0,11,20,203
31177050102,3405,1897,731,718,58,1,0,2906,67,6,22,32,372
31177050201,3408,2043,640,686,37,2,0,2912,47,2,15,26,406
31177050202,2463,1331,534,563,35,0,0,2136,23,2,11,24,267
31177050300,3095,1975,513,574,33,0,0,2601,42,0,9,21,422
31029961900,2449,1898,262,270,19,0,0,2039,93,2,6,25,284
31021963200,1500,922,263,299,16,0,0,1346,16,3,3,8,124
31021963300,1728,957,453,295,23,0,0,1493,23,0,3,23,186
31021963400,1370,681,407,269,12,1,0,1192,29,0,8,10,131
31167962100,946,678,143,119,6,0,0,730,5,0,4,13,194
31167962200,2582,1719,417,420,25,1,0,2088,101,2,12,21,358
31103975400,498,414,44,39,1,0,0,426,6,0,4,1,61
31159960100,3113,1805,701,573,30,4,0,2486,40,2,9,58,518
31159960200,1601,872,359,338,31,1,0,1337,29,0,6,32,197
31159960300,3173,1889,686,560,38,0,0,2545,66,4,12,52,494
31159960400,3085,1878,580,574,51,2,0,2582,48,1,14,19,421
31151960601,1772,667,703,367,34,1,0,1160,324,4,41,17,226
31151960602,1315,470,524,291,30,0,0,802,314,3,23,12,161
31151960700,1351,758,344,236,13,0,0,1110,43,1,2,21,174
31151960800,990,503,347,130,10,0,0,771,23,2,3,27,164
31151960900,1921,881,659,362,19,0,0,1481,77,4,10,34,315
31125966100,2175,1318,537,301,19,0,0,1782,49,3,4,13,324
31163970100,1944,1141,586,200,17,0,0,1597,24,2,6,20,295
31181965000,941,614,172,142,13,0,0,782,15,1,4,5,134
31181965100,1118,759,185,165,9,0,0,974,20,1,5,3,115
31001965400,3168,2174,473,488,33,0,0,2655,48,0,17,18,430
31001965500,2791,1486,667,597,41,0,0,2275,126,2,41,27,320
31001965600,2833,1460,738,581,53,1,0,2303,107,9,22,28,364
31001965700,790,385,214,180,11,0,0,627,64,0,9,11,79
31001965800,1226,629,280,297,18,2,0,953,93,5,27,6,142
31001965900,2926,1681,678,536,31,0,0,2451,102,3,35,24,311
31001966000,2333,1258,525,524,24,2,0,1870,162,5,45,14,237
31001966100,899,461,263,161,14,0,0,699,75,1,4,6,114
31001966200,1560,1096,227,227,10,0,0,1311,15,0,5,10,219
31093970500,1262,869,215,168,10,0,0,1072,28,1,2,11,148
31093970600,3129,1908,750,431,40,0,0,2649,45,0,15,48,372
31013951100,1534,1109,192,218,15,0,0,1357,24,0,6,13,134
31013951200,3055,1869,596,557,30,3,0,2418,203,2,35,35,362
31013951300,2384,1376,459,512,36,1,0,1907,215,4,20,24,214
31043010101,1370,319,672,360,19,0,0,592,545,39,32,68,94
31043010102,1046,281,463,285,17,0,0,560,270,13,28,92,83
31043010200,3216,979,1349,845,43,0,0,1716,1087,14,58,92,249
31043010300,2245,935,716,563,31,0,0,1585,405,5,29,23,198
31043010400,2201,1109,592,485,15,0,0,1864,64,0,5,7,261
31109000100,1916,613,727,534,42,0,0,1547,77,13,13,31,235
31109000201,3099,1081,1208,745,64,1,0,2438,149,14,44,45,409
31109000202,1757,520,677,506,52,2,0,1370,98,17,29,35,208
31109000300,1778,482,756,490,48,2,0,1402,70,55,31,33,187
31109000400,2062,460,961,586,54,1,0,1344,174,115,71,105,253
31109000500,800,182,357,237,23,1,0,608,44,31,10,14,93
31109000600,398,119,191,76,12,0,0,280,33,3,14,14,54
31109000700,792,205,341,223,23,0,0,497,39,32,101,43,80
31109000800,1574,340,737,451,45,1,0,1092,144,71,47,45,175
31109000900,1805,485,795,494,30,1,0,1380,88,21,38,41,237
31109001001,1807,586,736,449,36,0,0,1469,68,13,29,27,201
31109001002,929,304,399,211,15,0,0,697,54,6,42,11,119
31109001003,1937,578,824,490,45,0,0,1505,116,15,49,23,229
31109001101,3189,1281,1155,703,50,0,0,2575,85,5,44,57,423
31109001102,2234,890,803,498,41,2,0,1827,68,8,49,29,253
31109001200,3972,1579,1411,905,75,2,0,3228,120,15,92,69,448
31109001301,2732,1209,1018,471,33,1,0,2223,75,11,33,46,344
31109001302,2208,880,862,435,31,0,0,1841,63,6,28,53,217
31109001400,2918,1033,1194,634,53,4,0,2311,126,20,55,50,356
31109001500,2801,943,1095,698,64,1,0,2226,118,16,63,70,308
31109001600,3559,1029,1611,847,70,2,0,2849,155,24,52,58,421
31109001700,2139,421,1171,516,31,0,0,1539,109,83,79,78,251
31109001800,704,148,328,200,28,0,0,484,54,29,36,18,83
31109001900,554,137,271,136,10,0,0,429,29,4,11,14,67
31109002001,1087,181,547,330,28,1,0,771,70,50,30,32,134
31109002002,956,173,479,275,28,1,0,679,89,33,23,19,113
31109002100,999,211,449,316,23,0,0,677,168,12,19,22,101
31109002200,2754,595,1368,734,56,1,0,2059,206,58,55,87,289
31109002300,3500,781,1847,806,62,4,0,2827,138,30,39,66,400
31109002400,2394,732,1163,477,22,0,0,2001,58,0,25,39,271
31109002500,3640,1307,1472,808,52,1,0,2935,121,10,54,55,465
31109002701,1578,548,578,418,34,0,0,1233,114,15,22,28,166
31109002702,3683,1474,1449,706,54,0,0,2981,110,18,51,47,476
31109002800,3430,1029,1559,786,54,2,0,2786,103,16,58,56,411
31109002900,2866,1012,1062,718,74,0,0,2191,140,33,86,86,330
31109003002,1766,538,723,471,33,1,0,1318,120,27,68,44,189
31109003003,2474,832,992,595,52,3,0,1692,169,75,159,91,288
31109003004,1684,752,592,320,20,0,0,1273,44,10,133,47,177
31109003005,2817,1213,973,595,34,2,0,1912,99,20,337,111,338
31109003102,3827,1608,1211,938,70,0,0,3019,144,16,88,73,487
31109003103,1161,372,424,341,24,0,0,743,115,16,84,66,137
31109003104,2652,828,985,777,59,3,0,1804,284,29,125,96,314
31109003202,1475,436,589,420,29,1,0,1124,114,18,16,39,164
31109003301,2116,734,768,562,52,0,0,1581,133,28,100,43,231
31109003302,2571,1012,805,689,65,0,0,1819,187,24,65,115,361
31109003401,3033,1171,1033,773,55,1,0,2295,175,19,109,80,355
31109003402,3378,1183,1261,860,73,1,0,2307,239,63,200,160,409
31109003500,72,33,20,17,2,0,0,61,1,3,1,0,6
31109003601,0,0,0,0,0,0,0,0,0,0,0,0,0
31109003604,2977,1532,847,564,34,0,0,2433,63,0,51,42,388
31109003605,2312,820,853,592,46,1,0,1833,90,9,39,81,260
31109003607,2591,1146,848,553,44,0,0,1998,83,18,99,91,302
31109003608,863,369,295,187,11,1,0,723,16,1,7,16,100
31109003609,2017,1022,608,375,12,0,0,1640,38,6,47,54,232
31109003704,2925,1006,1141,714,64,0,0,2314,119,20,39,70,363
31109003708,3169,1438,1064,622,45,0,0,2582,103,7,63,64,350
31109003709,3859,1717,1265,832,44,1,0,3098,109,10,61,76,505
31109003713,2056,1099,564,380,13,0,0,1667,44,8,52,35,250
31109003714,3149,1515,895,708,31,0,0,2556,66,7,72,42,406
31109003715,1877,938,564,356,19,0,0,1518,35,3,51,38,232
31109003716,3440,1463,1215,698,63,1,0,2704,93,19,103,72,449
31109003718,2770,1539,703,495,33,0,0,2268,46,4,78,32,342
31109003719,4019,2019,1129,817,54,0,0,3270,111,6,99,55,478
31109003721,3099,1357,1075,628,39,0,0,2572,84,7,53,38,345
31109003722,1270,527,489,237,17,0,0,1042,34,8,9,19,158
31109003723,2664,1129,934,563,38,0,0,2176,69,4,41,46,328
31109003724,3147,1518,989,610,30,0,0,2549,65,6,64,59,404
31109003725,2180,1131,579,446,24,0,0,1782,42,0,46,41,269
31109003726,1567,823,388,333,22,1,0,1256,40,0,60,44,167
31109003727,1924,924,586,380,34,0,0,1553,58,1,67,28,217
31109003728,2600,1162,837,564,35,2,0,2074,77,3,51,52,343
31109003801,3422,1620,1112,655,34,1,0,2803,71,7,53,59,429
31109003802,2111,969,698,422,22,0,0,1740,58,10,18,31,254
31109010100,4855,2599,1189,986,81,0,0,4014,90,4,29,88,630
31109010202,3604,1862,927,773,42,0,0,3047,55,4,21,42,435
31109010203,1022,491,295,220,16,0,0,808,14,1,30,39,130
31109010204,2242,878,727,593,44,0,0,1527,125,12,181,97,300
31109010300,3356,1842,795,678,41,0,0,2816,46,4,25,26,439
31109010401,3141,1707,706,696,32,0,0,2652,42,0,14,28,405
31109010402,3625,2051,760,756,57,1,0,3041,52,0,24,38,470
31109983200,5,4,1,0,0,0,0,4,0,0,0,0,1
31165950100,747,594,74,73,6,0,0,629,17,0,4,1,96
31137967000,1563,1024,269,240,30,0,0,1334,46,0,8,17,158
31137967100,2236,1651,292,274,18,1,0,1937,45,0,11,7,236
31137967200,2155,1653,244,238,20,0,0,1887,31,1,7,12,217
31157952900,1777,1089,315,350,23,0,0,1406,150,0,9,7,205
31157953000,2067,1307,373,366,21,0,0,1618,234,0,12,13,190
31157953100,1431,859,254,302,15,1,0,1123,139,0,14,14,141
31157953200,1122,788,139,180,15,0,0,923,46,0,2,8,143
31157953300,2112,1171,504,404,31,2,0,1642,232,0,18,15,205
31157953400,2168,1377,420,351,20,0,0,1748,142,3,24,18,233
31157953500,1713,745,472,456,39,1,0,1200,352,1,10,9,141
31157953600,1658,840,415,380,21,2,0,1230,262,2,11,14,139
31157953700,1749,571,673,473,31,1,0,792,808,0,10,7,132
31157953800,2837,1588,650,560,38,1,0,2094,460,1,20,16,246
31157953900,3384,2023,729,586,44,2,0,2604,369,3,34,20,354
31037964600,1519,954,392,167,6,0,0,1186,32,0,12,27,262
31037964700,1069,702,227,132,8,0,0,784,41,2,1,28,213
31037964800,2428,881,1079,429,39,0,0,987,1026,4,17,84,310
