GEOID20,total_reg,party_dem,party_rep,party_npp,party_ain,party_lib,party_grn,party_oth,party_unk,eth1_eur,eth1_hisp,eth1_aa,eth1_esa,eth1_oth,eth1_unk
32019960103,1098,215,418,351,83,17,2,12,0,820,150,6,10,8,104
32019960104,2223,524,775,702,131,45,4,42,0,1697,297,5,28,22,174
32019960105,2667,555,1157,717,158,41,4,34,0,1993,342,10,54,25,243
32019960106,3378,619,1664,826,168,52,7,42,0,2625,361,5,40,35,312
32019960107,2247,424,883,700,156,39,5,40,0,1698,312,2,37,14,184
32019960108,3156,546,1475,849,199,41,3,43,0,2461,326,5,26,53,285
32019960203,1911,311,981,428,141,27,0,21,0,1600,121,3,19,11,157
32019960204,1445,283,687,330,106,14,2,23,0,1175,112,1,8,21,128
32019960205,1461,257,646,417,106,16,1,18,0,1180,109,6,4,13,149
32019960206,1134,206,542,282,70,16,2,14,0,922,87,1,9,9,106
32019960301,1377,371,532,362,76,21,6,8,0,1009,223,1,13,12,119
32019960303,3823,766,1977,779,200,47,3,49,0,3043,366,3,46,60,305
32019960304,4663,799,2472,976,309,47,2,58,0,3585,560,2,48,38,430
32019960305,3329,749,1475,812,205,36,5,47,0,2452,545,2,21,49,260
32019960801,1415,196,884,247,65,11,3,9,0,1136,132,0,9,7,131
32019960802,1872,264,1137,334,106,17,0,14,0,1479,183,1,15,25,169
32019960901,1457,282,742,338,64,11,2,17,0,1094,207,0,11,11,134
32019960902,1884,371,958,407,115,18,0,15,0,1455,257,1,13,21,137
32033970100,846,211,401,167,51,13,0,3,0,703,56,3,6,13,65
32033970200,2968,515,1683,569,166,13,3,19,0,2380,271,6,25,43,243
32033970300,1369,276,697,293,76,10,0,17,0,1102,126,0,13,12,116
32023960100,1229,184,641,310,68,16,0,7,0,987,96,2,10,16,118
32023960200,1518,244,770,395,75,22,0,12,0,1210,109,23,10,22,144
32023960300,1227,253,496,344,93,15,1,24,0,906,190,4,12,10,105
32023960405,2996,683,1289,745,209,20,5,45,0,2276,328,10,25,57,300
32023960407,1861,503,693,483,128,22,5,27,0,1437,170,41,40,14,159
32023960408,4223,877,2118,853,268,42,6,58,0,3314,366,20,49,67,407
32023960409,4209,825,2095,900,262,50,5,72,0,3199,400,23,76,66,445
32023960410,3965,899,1848,848,260,40,3,67,0,2994,396,36,66,69,404
32023960411,2422,545,1095,569,154,18,4,37,0,1859,239,25,25,40,234
32023960412,2433,535,1213,491,152,17,4,21,0,1898,230,12,34,31,228
32023960413,2197,460,1012,529,136,31,2,27,0,1715,244,4,20,25,189
32023960414,1909,472,840,417,133,24,1,22,0,1497,140,2,31,21,218
32023960415,1376,313,629,311,94,14,0,14,0,1041,138,14,16,32,135
32023960416,2377,561,1010,562,173,30,6,35,0,1834,290,22,26,12,193
32023980500,4,1,2,1,0,0,0,0,0,4,0,0,0,0,0
32027960100,3105,600,1622,686,151,27,1,17,0,2355,430,1,31,26,262
32510000100,2423,781,921,526,126,41,4,24,0,1997,155,2,24,28,217
32510000200,2852,851,1226,568,149,27,3,28,0,2193,282,4,49,39,285
32510000300,3354,850,1636,631,144,45,2,46,0,2689,170,6,68,70,351
32510000400,2630,757,1117,581,117,32,4,22,0,1955,363,3,42,30,237
32510000501,3667,1144,1319,899,200,49,6,50,0,2381,864,6,62,52,302
32510000502,2060,645,731,501,125,20,4,34,0,1526,311,4,24,20,175
32510000601,2050,547,793,528,113,23,3,43,0,1487,319,6,28,37,173
32510000602,1437,420,492,366,104,33,1,21,0,1023,265,4,11,22,112
32510000701,2617,776,1048,574,147,33,1,38,0,1923,412,4,36,29,213
32510000702,2275,661,920,496,132,29,1,36,0,1655,347,2,29,31,211
32510000800,2800,635,1380,576,133,34,1,41,0,2150,294,4,52,48,252
32510000900,3202,939,1241,726,202,32,3,57,0,2233,648,0,30,34,257
32510001001,1952,673,566,549,90,27,4,43,0,1058,725,2,13,23,131
32510001002,2686,698,1222,565,126,34,1,39,0,2013,343,7,28,46,249
32510990000,0,0,0,0,0,0,0,0,0,0,0,0,0,0,0
32021970700,2301,581,980,564,132,25,2,16,0,1861,183,35,22,9,191
32021970800,906,293,291,240,72,5,0,5,0,673,100,8,9,13,103
32029970200,3448,738,1660,737,215,56,4,38,0,2865,194,5,40,44,300
32011000100,1139,77,780,192,78,7,0,5,0,891,74,2,17,11,144
32007950200,1314,202,742,259,75,14,3,19,0,1065,126,0,14,11,98
32007950701,3719,556,1981,894,189,56,2,40,0,2585,691,7,64,46,326
32007950702,3588,555,1940,808,205,37,1,41,0,2645,523,3,53,61,303
32007950800,1258,233,578,349,63,21,0,14,0,920,211,6,15,5,101
32007950900,1344,239,650,353,70,17,2,11,0,1003,211,3,5,17,105
32007951000,754,146,321,211,41,19,0,16,0,551,111,0,13,6,73
32007951201,3419,329,2182,654,172,45,1,36,0,2784,231,3,17,44,340
32007951202,1759,253,929,450,83,21,0,23,0,1207,338,3,23,25,163
32007951300,1280,264,495,406,77,18,2,18,0,785,347,4,20,15,109
32007951401,2296,253,1257,602,126,32,3,23,0,1799,284,0,16,20,177
32007951403,2509,288,1552,499,111,23,1,34,0,2069,179,3,26,16,216
32007951404,2224,232,1417,419,101,33,2,20,0,1822,126,2,22,26,226
32007951500,1594,402,433,600,110,28,2,19,0,811,665,0,21,10,87
32007951600,1304,154,695,338,92,10,1,14,0,1079,102,5,8,6,104
32007951700,913,249,332,261,56,6,0,9,0,659,148,5,17,10,74
32013010501,1335,211,781,258,66,8,2,9,0,1000,151,2,23,12,147
32013010502,2189,342,1156,502,136,27,1,25,0,1604,377,1,13,15,179
32013010600,1303,160,751,292,68,17,1,14,0,1005,142,3,14,16,123
32013010701,2586,503,1163,715,146,29,0,30,0,1733,563,10,18,20,242
32013010702,2588,359,1529,550,104,20,4,22,0,1938,398,0,32,22,198
32015000301,1307,224,715,278,71,11,0,8,0,977,221,0,10,4,95
32015000302,1899,251,1185,350,78,21,0,14,0,1453,270,1,13,13,149
32009950100,611,85,337,120,52,10,2,3,0,472,50,14,4,4,67
32031000103,1160,421,260,365,56,17,7,34,0,835,164,16,30,19,96
32031000104,2193,821,488,654,127,44,11,48,0,1584,241,37,68,38,225
32031000105,1926,664,428,640,105,25,5,58,0,1317,267,64,54,31,193
32031000106,1895,622,370,673,112,29,14,74,0,1342,224,84,31,34,180
32031000201,1709,763,320,484,73,24,5,40,0,920,588,13,20,40,128
32031000202,1781,816,290,533,69,29,8,36,0,1236,256,40,28,38,183
32031000301,1191,567,250,293,49,11,3,18,0,915,96,5,26,24,125
32031000302,1685,768,313,452,84,30,5,33,0,1241,160,13,49,41,181
32031000401,2059,891,536,461,100,28,7,36,0,1587,176,6,46,33,211
32031000402,1844,825,524,365,72,24,6,27,0,1482,113,2,19,44,184
32031000701,1563,744,305,394,70,20,5,25,0,981,336,7,37,41,161
32031000702,1810,744,353,537,93,23,8,52,0,1125,417,23,34,51,160
32031000900,1698,648,306,587,93,19,5,40,0,876,605,21,36,32,128
32031001005,2105,768,689,494,85,25,7,37,0,1479,259,13,75,57,222
32031001010,3146,866,1317,712,151,40,7,52,0,2423,232,26,98,67,300
32031001011,3247,842,1557,629,138,33,3,45,0,2508,178,2,112,88,359
32031001012,2667,739,1236,498,110,33,5,46,0,2038,189,2,84,81,273
32031001013,5463,1369,2709,1026,223,70,3,62,0,4278,256,3,229,132,565
32031001014,2330,751,890,523,85,25,5,50,0,1713,176,5,105,58,273
32031001015,3668,1225,1493,706,156,34,7,47,0,2866,210,6,138,103,345
32031001016,1015,405,230,299,42,13,3,23,0,643,177,17,39,37,102
32031001017,703,290,178,183,25,7,6,14,0,492,89,3,29,22,68
32031001018,1101,415,220,367,52,17,2,28,0,618,281,23,18,23,138
32031001019,985,351,203,308,61,25,4,33,0,605,231,17,25,13,94
32031001101,2329,971,724,484,86,29,6,29,0,1853,141,4,36,41,254
32031001103,4377,1493,1875,762,161,34,3,47,0,3476,192,2,181,117,409
32031001104,3682,1420,1321,713,140,41,3,42,0,2873,245,8,83,74,399
32031001105,3189,1219,1189,598,106,30,11,35,0,2512,174,2,112,76,313
32031001201,1889,671,539,497,107,28,9,38,0,1417,196,4,54,28,190
32031001203,2133,778,515,631,102,40,6,60,0,1446,351,24,58,49,205
32031001204,1232,479,317,337,52,15,3,29,0,870,165,11,28,33,125
32031001300,2632,1104,662,638,126,53,9,39,0,1917,333,18,68,51,245
32031001400,1880,841,366,497,91,41,10,34,0,1331,224,15,67,44,199
32031001501,3192,1324,811,810,135,41,7,64,0,2020,607,32,143,73,317
32031001503,1747,739,305,561,81,24,6,30,0,952,487,35,46,53,174
32031001504,1692,743,332,500,58,29,9,21,0,1046,265,22,88,60,211
32031001701,1728,695,325,549,86,22,5,45,0,954,494,70,38,29,143
32031001703,1644,688,361,450,66,23,7,49,0,862,524,43,33,36,146
32031001704,1377,560,339,358,67,25,1,27,0,789,316,16,80,36,140
32031001801,1645,821,218,479,74,19,4,30,0,621,758,68,34,42,122
32031001802,1349,633,237,395,46,5,2,30,0,552,620,9,43,29,96
32031001901,1949,786,418,566,91,23,11,54,0,1077,636,24,40,27,145
32031001903,1739,704,383,499,87,30,4,32,0,1029,490,25,27,37,131
32031001904,1402,527,301,437,76,31,7,22,0,924,255,22,33,24,144
32031002103,2027,592,865,420,99,23,1,27,0,1541,195,9,71,34,177
32031002104,2914,1037,1015,633,141,33,7,48,0,2100,422,12,65,48,267
32031002105,2070,758,599,536,109,27,4,37,0,1348,451,7,61,34,169
32031002106,2242,881,651,542,82,28,4,54,0,1312,671,5,55,38,161
32031002107,906,421,148,264,44,7,1,20,0,471,306,8,19,18,84
32031002204,2522,1051,523,735,122,28,6,55,0,1304,880,22,54,80,182
32031002207,3595,1110,1383,816,178,46,5,57,0,2464,391,9,227,106,398
32031002208,2359,741,914,528,102,27,4,43,0,1760,233,8,59,50,249
32031002210,3406,936,1516,706,145,46,4,53,0,2624,226,2,172,71,311
32031002211,1336,552,238,425,66,20,3,32,0,636,515,8,22,46,109
32031002212,1457,615,236,495,63,17,4,27,0,741,556,20,22,31,87
32031002213,3830,1208,1427,881,208,43,4,58,0,2613,492,13,194,134,384
32031002214,1355,472,365,398,67,22,1,30,0,870,250,12,47,44,132
32031002215,1721,626,445,479,98,26,5,42,0,1170,325,14,37,31,144
32031002216,1432,505,363,429,71,23,7,34,0,920,285,16,38,32,141
32031002217,2877,850,1184,622,133,29,4,54,0,2047,224,4,179,72,351
32031002218,2524,743,927,642,130,36,3,43,0,1773,287,8,107,68,281
32031002219,3131,880,1210,783,159,42,10,47,0,2209,386,10,160,70,296
32031002302,2434,742,1036,465,113,34,5,39,0,1926,152,3,50,34,269
32031002303,2602,730,1183,521,125,18,1,24,0,2032,121,3,88,63,295
32031002304,3371,1008,1433,691,152,27,5,54,0,2622,182,7,136,76,348
32031002401,2835,1091,797,739,124,43,5,36,0,1967,389,6,114,77,282
32031002406,3250,1343,842,809,140,37,10,68,0,2348,500,16,50,48,288
32031002407,2593,991,754,643,124,31,10,40,0,1688,362,14,141,134,254
32031002408,2099,755,644,517,108,32,5,38,0,1500,206,3,71,69,250
32031002409,3159,1081,1147,698,151,37,6,39,0,2269,299,17,132,147,295
32031002411,2739,1019,798,690,123,44,4,60,0,1800,422,16,122,81,298
32031002412,1826,774,539,396,65,19,6,27,0,1262,188,10,99,89,178
32031002413,1922,712,593,468,79,28,3,38,0,1354,280,9,52,44,183
32031002414,964,313,297,272,55,11,3,13,0,636,137,7,38,32,114
32031002500,3523,1555,788,900,157,56,8,58,0,2621,373,22,94,63,350
32031002603,1132,263,555,219,58,19,3,15,0,951,73,3,7,18,80
32031002610,3163,1143,892,853,159,47,5,64,0,1852,951,15,53,53,239
32031002611,3533,1223,956,1032,174,41,13,93,0,1985,974,118,94,87,275
32031002612,2685,677,1068,673,164,43,4,55,0,2087,300,7,31,24,236
32031002613,4331,997,1891,1021,241,81,8,92,0,3230,600,17,58,46,380
32031002614,2534,903,706,706,114,29,7,68,0,1478,704,34,53,58,207
32031002615,2671,875,784,741,141,42,3,85,0,1571,729,13,75,65,218
32031002616,2704,935,763,762,143,32,7,61,0,1625,789,17,29,43,201
32031002618,4436,1132,1959,987,205,63,9,78,0,3249,651,12,56,48,420
32031002620,2469,854,701,681,123,36,9,64,0,1640,436,17,79,54,243
32031002621,1037,325,350,277,61,8,3,12,0,663,231,18,18,14,93
32031002622,1609,581,428,461,74,21,5,38,0,869,450,26,48,57,159
32031002623,2265,683,871,554,99,15,1,41,0,1501,440,18,57,41,208
32031002703,1116,405,283,317,65,18,2,26,0,681,330,8,12,10,75
32031002704,2359,903,556,694,116,33,3,53,0,1291,812,8,28,36,184
32031002705,2616,901,763,728,136,24,11,53,0,1518,799,18,38,33,210
32031002706,2634,960,706,735,137,26,7,61,0,1456,926,10,31,29,182
32031002707,2572,1017,664,693,119,24,9,45,0,1371,952,6,18,35,190
32031002801,2580,1016,647,713,116,34,8,45,0,1401,769,27,90,82,211
32031002802,2781,1162,683,727,112,31,7,58,0,1371,1094,22,44,48,202
32031002901,2260,870,684,539,99,25,4,39,0,1454,570,8,31,31,166
32031002902,2407,1059,572,582,112,25,7,49,0,1294,872,6,54,33,148
32031003001,2213,914,556,561,112,19,8,41,0,1338,652,1,28,37,157
32031003002,1784,679,447,498,98,17,4,41,0,1078,465,16,46,28,151
32031003105,1511,536,496,352,81,19,1,26,0,1057,229,8,48,41,128
32031003106,4561,1706,1346,1160,188,74,8,78,0,2740,1220,19,118,76,388
32031003108,2108,676,801,488,81,22,5,35,0,1490,366,4,46,46,156
32031003109,2409,778,1001,468,100,25,3,34,0,1754,282,8,107,45,213
32031003110,3342,1171,1138,785,153,40,8,47,0,2317,548,24,117,53,283
32031003111,1356,354,479,414,60,23,5,20,0,960,174,10,47,31,134
32031003112,1831,658,445,568,87,26,3,43,0,1122,429,29,40,37,174
32031003203,4091,1001,1955,848,167,65,1,53,0,3246,181,3,110,69,482
32031003205,2880,729,1263,641,155,39,7,46,0,2298,264,1,40,43,234
32031003206,1214,297,616,236,42,16,0,7,0,1003,38,3,19,19,132
32031003207,2869,711,1429,520,123,38,4,44,0,2455,111,1,23,31,248
32031003305,1005,353,306,263,44,17,4,17,0,776,77,0,30,14,108
32031003306,1232,411,418,304,58,20,3,18,0,873,156,1,31,22,149
32031003307,1167,342,432,302,56,17,2,15,0,880,73,3,27,27,157
32031003308,2454,751,931,588,114,37,3,30,0,1930,77,3,74,56,314
32031003310,1349,398,488,354,61,19,4,25,0,1013,89,0,32,28,187
32031003311,1551,411,639,383,76,23,3,16,0,1189,91,0,38,34,199
32031003501,3325,746,1645,687,149,52,2,44,0,2674,268,12,33,40,298
32031003503,3089,800,1414,618,175,40,2,40,0,2336,424,10,36,30,253
32031003507,3107,899,1324,651,161,34,5,33,0,2272,402,19,107,69,238
32031003508,2881,921,1123,610,144,29,4,48,0,2053,414,7,107,67,233
32031003510,2270,714,760,605,120,28,5,37,0,1478,489,15,49,52,187
32031003511,4060,1104,1914,759,191,37,7,48,0,3088,398,23,75,74,402
32031003512,3387,1026,1362,707,193,39,5,54,0,2442,423,10,120,67,325
32031003513,2673,809,938,692,122,53,3,56,0,1838,425,30,92,67,221
32031003514,2383,550,1282,376,101,24,3,46,0,1912,202,1,22,33,213
32031003516,2708,606,1375,542,107,32,3,43,0,2041,302,13,61,37,254
32031003517,3656,1043,1529,802,171,59,3,48,0,2558,524,23,120,75,356
32031003518,2696,620,1266,591,139,37,6,36,0,2145,268,11,24,20,228
32031003519,3723,748,1983,729,166,32,3,62,0,2890,361,14,66,61,331
32031003520,1645,506,627,373,76,19,2,41,0,1025,324,8,69,48,171
32031003521,1575,531,551,363,80,19,4,27,0,1113,272,4,50,29,107
32031003522,2467,727,803,699,133,38,4,63,0,1589,464,21,72,52,269
32031940200,1282,628,212,357,46,10,4,24,0,876,179,14,32,29,152
32031980000,127,34,26,50,13,2,0,2,0,86,19,1,4,4,13
32031980100,4,0,2,1,0,0,0,1,0,3,0,0,0,0,1
32031980200,1,0,0,1,0,0,0,0,0,1,0,0,0,0,0
32031980300,11,1,6,3,1,0,0,0,0,11,0,0,0,0,0
32031990000,1,1,0,0,0,0,0,0,0,1,0,0,0,0,0
32031990100,0,0,0,0,0,0,0,0,0,0,0,0,0,0,0
32017950100,1547,232,1012,201,87,2,1,12,0,1349,50,4,10,18,116
32017950200,1524,252,908,260,81,11,3,9,0,1364,51,4,10,11,84
32001950100,1582,214,930,327,77,15,0,19,0,1259,136,2,14,15,156
32001950301,2144,414,955,587,129,21,6,32,0,1661,229,18,31,36,169
32001950302,3061,578,1440,771,186,48,5,33,0,2380,327,15,46,44,249
32001950400,53,7,21,17,5,2,0,1,0,41,6,1,0,1,4
32001950500,908,190,450,208,44,5,0,11,0,702,96,0,11,14,85
32001950600,3821,530,2173,836,195,49,0,38,0,3120,339,1,51,26,284
32001950700,4234,547,2583,828,205,37,5,29,0,3478,317,0,44,42,353
32003000101,3360,1698,565,857,133,27,4,76,0,1267,1539,238,59,59,198
32003000103,2745,1331,406,798,104,28,5,73,0,1096,1179,143,74,66,187
32003000105,1805,827,368,483,62,12,1,52,0,779,763,35,46,35,147
32003000106,2678,1291,518,674,111,22,6,56,0,1310,826,188,67,81,206
32003000107,2124,1002,388,584,81,23,4,42,0,970,751,129,57,62,155
32003000108,1345,663,211,376,49,9,1,36,0,518,703,24,8,22,70
32003000109,1901,873,338,538,77,21,2,52,0,837,736,129,38,26,135
32003000201,2707,1546,281,676,114,16,1,73,0,792,638,1047,48,42,140
32003000203,2184,1047,348,593,111,18,3,64,0,1038,494,369,54,58,171
32003000204,744,329,202,161,27,9,0,16,0,470,122,21,28,21,82
32003000301,2322,1345,192,596,106,19,1,63,0,514,358,1279,27,49,95
32003000302,3243,2064,165,767,120,17,5,105,0,409,497,2175,39,44,79
32003000401,2058,838,338,649,126,29,4,74,0,1005,333,497,35,32,156
32003000402,1522,763,144,465,83,12,1,54,0,591,455,336,19,25,96
32003000403,1305,684,165,351,51,18,1,35,0,556,406,204,29,24,86
32003000510,2084,1179,214,577,62,13,2,37,0,447,1438,49,26,33,91
32003000513,1712,909,270,449,43,9,2,30,0,662,869,63,22,13,83
32003000514,2455,1300,301,663,99,26,2,64,0,931,1123,179,43,48,131
32003000515,2208,1211,283,581,68,16,0,49,0,631,1288,111,50,32,96
32003000516,2051,1111,216,573,72,16,5,58,0,610,1208,103,19,29,82
32003000517,2322,1202,284,675,79,19,3,60,0,762,1191,171,49,27,122
32003000518,2408,1227,290,715,91,13,7,65,0,821,1199,176,39,38,135
32003000519,2168,1088,268,667,71,15,4,55,0,675,1244,89,34,30,96
32003000520,1281,621,143,394,68,13,3,39,0,442,642,71,17,26,83
32003000521,1995,991,250,573,89,18,2,72,0,834,713,238,29,30,151
32003000522,1068,557,101,326,42,13,0,29,0,378,510,91,12,23,54
32003000523,997,489,134,285,49,6,2,32,0,407,299,174,16,35,66
32003000524,1098,592,122,297,52,4,1,30,0,401,449,117,26,14,91
32003000525,1218,693,117,328,36,6,4,34,0,322,726,122,12,9,27
32003000526,1139,629,121,311,51,9,1,17,0,337,697,28,14,17,46
32003000527,1460,825,151,391,43,9,2,39,0,370,961,39,19,24,47
32003000528,1043,534,99,334,43,6,1,26,0,324,536,103,21,15,44
32003000600,1770,801,272,556,88,16,4,33,0,869,430,240,30,30,171
32003000700,1263,515,186,407,90,26,3,36,0,712,157,185,35,36,138
32003001003,2365,965,588,642,94,21,2,53,0,1223,653,105,94,75,215
32003001004,3765,1716,778,975,173,28,5,90,0,1881,1044,263,125,101,351
32003001005,1137,410,387,268,42,8,2,20,0,758,123,18,51,54,133
32003001006,2819,1179,760,665,118,27,7,63,0,1871,416,53,82,88,309
32003001100,1534,631,271,482,83,18,4,45,0,759,364,149,56,44,162
32003001200,2443,1225,394,642,96,28,4,54,0,1241,715,136,55,67,229
32003001300,2669,1359,407,695,104,41,5,58,0,1327,1023,23,44,52,200
32003001401,1691,858,278,446,63,12,3,31,0,732,692,83,35,36,113
32003001402,2194,1130,336,593,72,12,6,45,0,640,1300,32,40,42,140
32003001501,1832,897,253,512,88,22,3,57,0,867,434,337,25,36,133
32003001502,2216,977,508,558,106,13,3,51,0,1237,667,56,22,46,188
32003001607,3350,1347,676,1036,183,24,9,75,0,1915,708,308,48,71,300
32003001608,1071,492,197,305,55,8,0,14,0,520,386,38,20,24,83
32003001609,2038,1068,303,538,71,15,6,37,0,675,1081,52,66,65,99
32003001610,1876,925,340,504,63,15,5,24,0,752,883,36,44,34,127
32003001611,2568,1258,478,655,103,12,3,59,0,997,1208,101,45,31,186
32003001613,1950,934,318,558,73,20,6,41,0,740,819,203,26,43,119
32003001614,1003,484,140,291,43,5,4,36,0,470,235,203,31,15,49
32003001615,2344,1120,339,681,109,11,4,80,0,1084,588,407,47,33,185
32003001706,2223,969,566,543,81,24,0,40,0,1381,373,93,91,87,198
32003001707,1238,574,312,253,62,6,1,30,0,694,265,54,36,38,151
32003001708,2056,905,483,526,86,21,2,33,0,1140,562,37,35,56,226
32003001709,1430,578,299,420,77,22,2,32,0,820,366,45,29,50,120
32003001710,2654,1211,427,791,130,27,2,66,0,1259,913,175,39,52,216
32003001711,1813,835,353,487,70,20,5,43,0,983,425,110,40,58,197
32003001712,2683,1184,628,677,108,21,2,63,0,1592,636,72,66,75,242
32003001713,2030,917,483,496,78,13,0,43,0,1024,717,18,30,51,190
32003001714,2109,906,511,555,77,22,5,33,0,1004,822,47,45,39,152
32003001715,1317,651,216,351,42,16,2,39,0,553,585,51,21,31,76
32003001716,893,425,182,226,34,8,1,17,0,371,408,13,13,25,63
32003001717,1169,469,332,282,40,14,2,30,0,717,235,12,52,41,112
32003001718,1380,644,164,451,68,12,4,37,0,649,479,91,18,33,110
32003001801,3151,1432,612,854,159,23,4,67,0,1574,1096,113,49,61,258
32003001803,1654,792,306,429,71,18,6,32,0,761,608,61,50,43,131
32003001804,1768,847,262,513,83,16,0,47,0,729,698,124,36,43,138
32003001901,2165,1087,247,653,92,17,2,67,0,883,826,227,28,49,152
32003001902,2002,1019,279,548,75,20,4,57,0,836,829,73,35,54,175
32003002000,3089,1114,762,948,165,35,4,61,0,1873,383,209,151,114,359
32003002201,2687,1125,573,765,133,16,3,72,0,1445,545,196,126,75,300
32003002203,1738,842,237,525,66,20,3,45,0,682,703,101,71,43,138
32003002204,1310,580,186,422,61,14,1,46,0,619,416,71,59,42,103
32003002206,1333,616,222,385,62,14,2,32,0,558,405,123,107,33,107
32003002207,1013,513,90,315,44,11,2,38,0,347,430,82,20,35,99
32003002302,659,211,170,214,39,12,0,13,0,389,56,39,56,34,85
32003002303,713,161,323,179,26,7,2,15,0,422,65,5,76,47,98
32003002403,1943,843,292,608,108,18,3,71,0,1078,335,252,59,50,169
32003002404,2949,1375,288,992,145,25,5,119,0,1302,566,757,44,73,207
32003002405,2165,977,257,720,96,28,7,80,0,1118,446,318,54,37,192
32003002406,2539,1131,275,861,152,26,3,91,0,1199,342,551,78,88,281
32003002501,2931,1309,516,861,118,42,6,79,0,1502,640,250,101,141,297
32003002504,2081,960,366,587,86,23,8,51,0,1103,463,184,67,60,204
32003002505,922,406,143,297,43,10,2,21,0,428,274,72,25,25,98
32003002506,1726,806,224,532,87,15,2,60,0,848,407,221,43,47,160
32003002603,2327,1043,357,720,103,44,4,56,0,1218,355,231,151,107,265
32003002604,1164,471,229,364,54,10,7,29,0,646,226,85,30,48,129
32003002605,755,301,113,258,31,8,2,42,0,429,77,157,12,11,69
32003002706,1738,787,290,519,74,17,2,49,0,887,438,147,53,52,161
32003002707,2126,956,444,565,82,27,2,50,0,939,842,73,62,56,154
32003002708,1755,820,249,553,64,23,1,45,0,724,412,306,60,62,191
32003002808,1488,462,543,394,47,18,1,23,0,963,199,23,70,58,175
32003002810,1978,772,491,540,94,23,4,54,0,1097,392,168,70,58,193
32003002811,2857,968,907,746,145,27,7,57,0,1661,535,52,147,159,303
32003002814,3067,1089,940,811,136,22,4,65,0,1746,620,61,174,151,315
32003002821,2837,1203,633,775,130,27,2,67,0,1689,528,193,72,80,275
32003002822,2210,1024,397,631,73,16,2,67,0,935,994,39,38,39,165
32003002823,1880,811,347,555,91,23,2,51,0,1005,436,105,74,75,185
32003002824,1257,487,424,256,62,7,2,19,0,789,246,10,52,34,126
32003002825,2118,840,576,546,89,21,5,41,0,1202,577,37,39,52,211
32003002826,1956,819,517,480,80,20,5,35,0,1059,615,32,57,47,146
32003002827,1770,724,453,465,84,11,2,31,0,976,512,86,32,36,128
32003002828,2699,942,862,693,113,34,2,53,0,1601,446,103,179,112,258
32003002829,2600,936,806,644,122,36,6,50,0,1584,535,26,107,74,274
32003002830,3361,1285,959,850,178,27,4,58,0,2003,676,90,131,125,336
32003002831,2403,974,516,713,121,19,2,58,0,1249,478,210,119,99,248
32003002833,3494,1292,999,924,168,28,6,77,0,1839,761,81,220,194,399
32003002834,3007,1129,785,850,133,35,5,70,0,1618,709,77,169,134,300
32003002835,1617,600,412,467,74,17,4,43,0,835,382,31,98,89,182
32003002836,1544,649,331,431,69,16,1,47,0,806,373,52,67,76,170
32003002837,4302,1434,1512,1026,223,38,4,65,0,2770,704,53,211,183,381
32003002838,3711,1326,1202,904,187,33,4,55,0,2294,660,99,162,122,374
32003002841,3794,1223,1265,979,178,40,2,107,0,2153,693,42,253,238,415
32003002842,3590,1359,897,1036,161,42,2,93,0,1647,973,146,204,203,417
32003002844,3613,1463,811,1032,157,38,9,103,0,1818,924,118,170,186,397
32003002845,3263,1298,713,971,151,47,9,74,0,1725,746,217,120,119,336
32003002846,3142,1230,805,873,136,29,4,65,0,1621,789,71,161,179,321
32003002847,2112,878,441,608,109,19,7,50,0,1132,521,119,71,71,198
32003002848,2373,963,569,648,114,31,3,45,0,1356,591,64,62,78,222
32003002849,2089,776,543,575,111,25,1,58,0,1213,372,59,103,104,238
32003002850,2393,935,573,675,117,25,2,66,0,1264,547,77,124,115,266
32003002851,3562,1432,869,982,159,42,3,75,0,1841,814,104,235,202,366
32003002852,985,357,304,247,51,8,0,18,0,486,217,38,80,65,99
32003002853,1842,676,459,553,78,23,1,52,0,929,423,53,119,96,222
32003002901,2820,1089,632,888,121,17,2,71,0,1104,671,116,435,163,331
32003002902,2873,1102,689,871,92,20,4,95,0,1167,660,105,407,170,364
32003002905,3168,1348,692,866,141,32,7,82,0,1727,584,351,120,101,285
32003002915,3420,1237,1114,775,189,24,6,75,0,2115,500,213,135,139,318
32003002916,1757,593,659,385,72,22,1,25,0,1104,235,57,100,59,202
32003002919,2550,1084,587,669,117,21,4,68,0,1108,688,50,273,165,266
32003002935,1003,378,285,283,35,7,2,13,0,500,237,20,95,49,102
32003002936,1924,796,435,538,91,20,3,41,0,971,453,49,171,66,214
32003002937,2430,1070,426,731,115,27,3,58,0,1053,694,192,202,61,228
32003002938,973,326,319,269,25,6,2,26,0,523,157,21,116,42,114
32003002939,1381,447,561,289,54,8,2,20,0,908,154,16,106,63,134
32003002940,1914,820,380,562,74,23,3,52,0,774,451,112,283,99,195
32003002941,2876,1238,688,722,122,40,5,61,0,1402,984,45,98,113,234
32003002942,2621,1060,657,696,116,27,5,60,0,1391,659,69,143,103,256
32003002944,2797,1006,796,801,114,13,5,62,0,1266,468,84,538,167,274
32003002946,1218,478,299,355,47,7,1,31,0,672,238,36,109,23,140
32003002947,1841,576,706,432,66,24,2,35,0,1160,249,14,148,69,201
32003002948,1825,798,377,512,77,15,2,44,0,853,666,50,65,42,149
32003002949,1567,637,387,427,64,12,4,36,0,808,428,29,117,53,132
32003002950,2836,1246,555,835,108,19,4,69,0,1217,589,213,271,166,380
32003002952,1092,404,280,332,38,11,3,24,0,507,159,46,178,74,128
32003002953,2941,1179,789,740,133,35,1,64,0,1485,676,112,247,141,280
32003002954,1853,776,363,552,90,27,4,41,0,900,562,68,113,52,158
32003002956,1829,653,412,607,86,23,2,46,0,890,268,168,166,114,223
32003002957,1519,410,700,322,60,7,2,18,0,1042,84,15,96,66,216
32003002958,3427,1434,698,996,148,43,6,102,0,1683,751,273,175,190,355
32003002961,1406,478,485,334,68,8,3,30,0,845,179,40,137,64,141
32003002962,1494,499,429,427,87,22,0,30,0,926,173,145,59,40,151
32003002964,1905,914,272,581,65,20,3,50,0,800,428,197,84,93,303
32003002965,1654,731,429,374,69,14,1,36,0,901,348,73,91,57,184
32003002966,1997,931,290,634,72,21,2,47,0,746,455,335,130,95,236
32003002967,2023,900,375,574,87,18,1,68,0,850,357,338,101,100,277
32003002968,1467,610,316,447,47,10,1,36,0,586,348,93,157,107,176
32003002969,1041,498,185,272,43,6,0,37,0,441,169,172,60,61,138
32003002970,1831,857,273,557,69,19,3,53,0,712,357,337,93,109,223
32003002974,4104,1609,981,1176,181,37,7,113,0,1920,814,249,400,272,449
32003002975,3921,1569,943,1127,155,26,7,94,0,1774,797,183,519,197,451
32003002976,3559,1309,852,1118,171,28,1,80,0,1668,781,107,442,209,352
32003002977,2415,865,691,679,102,19,3,56,0,1134,399,51,425,144,262
32003002978,3855,1235,1233,1095,163,37,3,89,0,2090,677,68,434,169,417
32003002979,2650,866,767,808,119,31,2,57,0,1301,520,35,278,164,352
32003002980,3649,1438,805,1114,167,32,4,89,0,1498,876,213,364,246,452
32003002981,2386,974,493,715,116,23,6,59,0,983,605,159,170,151,318
32003002982,4372,1743,1026,1257,180,50,2,114,0,1701,994,317,495,294,571
32003002983,1777,750,357,542,70,18,0,40,0,696,439,143,145,132,222
32003002985,3098,1102,938,832,136,22,3,65,0,1526,653,161,225,175,358
32003002995,995,448,154,310,46,9,0,28,0,418,278,98,70,31,100
32003002996,1646,725,291,497,60,18,3,52,0,686,419,145,139,77,180
32003002997,2076,806,543,556,93,21,4,53,0,1102,349,124,172,120,209
32003002998,2571,977,690,724,104,21,1,54,0,1175,476,85,448,140,247
32003003001,2188,965,515,559,86,19,4,40,0,1107,710,86,40,73,172
32003003003,3129,1337,729,819,140,32,6,66,0,1560,872,197,101,114,285
32003003004,1431,610,302,397,63,17,2,40,0,804,294,96,46,52,139
32003003005,2281,930,642,555,94,18,4,38,0,1285,655,46,46,59,190
32003003006,2090,811,503,585,101,27,2,61,0,1132,633,52,52,46,175
32003003102,2750,1249,474,805,117,31,4,70,0,1372,965,95,58,63,197
32003003103,1680,797,320,456,72,7,2,26,0,691,620,169,48,41,111
32003003104,2214,1064,350,623,99,16,5,57,0,1078,569,280,49,68,170
32003003204,4355,1338,1785,933,196,34,1,68,0,3157,440,63,92,128,475
32003003208,2280,614,1032,496,86,14,4,34,0,1662,224,38,86,52,218
32003003210,2196,686,954,426,100,9,1,20,0,1619,107,9,69,52,340
32003003211,2602,966,1046,432,119,13,0,26,0,1947,130,14,88,56,367
32003003213,1643,527,711,296,80,8,1,20,0,1212,95,11,64,33,228
32003003214,1370,496,546,232,80,7,0,9,0,1009,61,6,46,35,213
32003003215,2767,1128,783,672,104,33,4,43,0,1612,426,172,100,133,324
32003003218,3972,1346,1396,962,161,34,7,66,0,2449,423,62,281,225,532
32003003219,4705,1909,1314,1120,215,47,6,94,0,2889,712,136,219,190,559
32003003220,4095,1776,877,1109,183,41,6,103,0,2110,943,351,120,178,393
32003003222,3136,1193,901,808,138,23,5,68,0,1924,372,116,160,166,398
32003003223,2396,673,1023,540,102,19,2,37,0,1513,175,23,191,142,352
32003003226,1750,461,737,422,74,16,1,39,0,1046,117,20,188,116,263
32003003227,2674,880,935,652,142,18,2,45,0,1745,269,50,153,132,325
32003003228,3402,1378,807,928,160,35,4,90,0,1900,705,266,117,110,304
32003003229,4618,1549,1420,1244,223,57,4,121,0,2843,820,208,158,151,438
32003003233,4284,1376,1543,1025,198,41,4,97,0,2727,658,137,162,169,431
32003003234,3271,1270,788,937,144,39,3,90,0,1762,593,433,85,132,266
32003003235,1431,530,430,364,64,13,4,26,0,907,189,111,39,48,137
32003003236,1620,557,596,347,67,17,0,36,0,1123,240,33,45,34,145
32003003237,2991,1048,908,795,155,31,1,53,0,1903,458,117,99,97,317
32003003239,2404,868,739,610,113,26,2,46,0,1512,400,77,61,81,273
32003003240,2571,867,902,605,128,25,4,40,0,1684,439,60,62,84,242
32003003241,2461,932,717,622,112,24,4,50,0,1490,444,126,72,73,256
32003003242,1538,427,741,286,56,8,2,18,0,1139,126,30,47,48,148
32003003243,3294,1215,1001,830,154,34,2,58,0,1903,610,207,123,132,319
32003003244,2146,834,618,537,94,16,4,43,0,1310,412,83,49,97,195
32003003245,2982,1174,879,690,144,24,2,69,0,1710,649,99,118,131,275
32003003246,2602,993,766,660,120,19,5,39,0,1550,517,109,109,98,219
32003003247,2540,893,856,617,103,29,4,38,0,1591,334,80,128,128,279
32003003248,2103,812,653,490,89,16,2,41,0,1272,239,149,87,106,250
32003003249,2201,747,783,507,93,23,1,47,0,1399,313,18,128,92,251
32003003250,3300,1100,1120,831,148,34,1,66,0,2024,505,45,224,148,354
32003003251,1771,586,685,386,61,20,1,32,0,1117,194,21,99,86,254
32003003252,2964,1051,1013,677,147,31,1,44,0,1874,377,46,152,139,376
32003003253,2318,927,643,567,89,26,4,62,0,1179,621,73,95,113,237
32003003254,2637,1059,688,673,131,21,3,62,0,1502,556,119,105,108,247
32003003260,2356,1010,582,569,116,17,1,61,0,1348,462,144,95,78,229
32003003261,1833,715,487,489,87,16,4,35,0,1050,354,74,106,70,179
32003003262,2342,732,1022,455,95,6,0,32,0,1672,136,12,94,57,371
32003003263,3172,1086,992,828,160,34,4,68,0,1932,520,190,128,96,306
32003003264,3634,1206,1201,950,164,40,3,70,0,2286,707,87,110,104,340
32003003265,4353,1418,1459,1128,192,57,4,95,0,2769,724,143,134,124,459
32003003266,3007,1126,834,787,159,40,3,58,0,1849,487,169,89,104,309
32003003267,3148,731,1487,667,160,34,4,65,0,2267,326,18,84,78,375
32003003268,2649,642,1287,530,126,25,3,36,0,1918,302,39,58,62,270
32003003269,1812,664,523,448,100,28,1,48,0,1156,301,96,48,51,160
32003003270,2067,769,529,591,108,25,3,42,0,1232,381,99,70,78,207
32003003303,3082,1116,871,835,158,35,4,63,0,1804,623,241,80,97,237
32003003305,4144,1402,1445,992,193,29,3,80,0,2703,730,159,95,100,357
32003003306,3102,1079,1162,644,152,25,5,35,0,2249,355,58,68,67,305
32003003307,3774,1341,1207,914,187,41,2,82,0,2365,690,201,86,89,343
32003003308,2094,635,853,476,77,23,2,28,0,1388,325,100,53,51,177
32003003309,3203,1002,1319,672,139,25,2,44,0,2226,443,104,64,65,301
32003003311,2399,737,915,603,99,14,2,29,0,1548,371,147,59,55,219
32003003312,2943,737,1362,644,138,17,0,45,0,2000,387,101,67,89,299
32003003313,2015,656,703,512,86,19,1,38,0,1304,352,92,60,53,154
32003003314,5507,1574,2262,1264,281,45,1,80,0,3924,586,136,148,142,571
32003003315,2415,801,771,610,144,29,1,59,0,1553,400,103,55,66,238
32003003316,3464,997,1389,809,164,40,4,61,0,2377,448,175,100,83,281
32003003317,1627,591,475,422,80,20,3,36,0,1032,321,59,33,48,134
32003003318,4013,1295,1386,1027,178,43,3,81,0,2603,624,154,114,94,424
32003003319,3718,1211,1246,960,210,36,2,53,0,2395,615,138,86,83,401
32003003320,3538,1148,1213,865,183,44,1,84,0,2347,516,161,106,81,327
32003003321,2075,590,919,438,92,12,0,24,0,1442,233,93,60,53,194
32003003322,3053,768,1506,582,127,30,3,37,0,2193,330,68,94,61,307
32003003323,1131,360,443,244,54,5,0,25,0,808,132,20,42,28,101
32003003408,3393,1291,1010,851,140,26,2,73,0,2081,627,157,94,96,338
32003003409,2939,1239,694,759,139,32,6,70,0,1698,704,239,58,75,165
32003003410,3368,1274,1044,798,154,25,2,71,0,2172,611,170,67,71,277
32003003411,2312,899,571,637,125,27,2,51,0,1394,402,204,45,59,208
32003003412,2921,1166,800,748,121,23,9,54,0,1736,723,147,46,52,217
32003003413,3107,1343,739,818,117,20,4,66,0,1611,765,384,45,65,237
32003003414,2126,742,746,487,93,22,1,35,0,1334,436,86,45,58,167
32003003415,3896,1824,650,1126,139,47,9,101,0,1768,1151,516,90,93,278
32003003416,1686,665,454,431,79,19,2,36,0,917,466,82,40,35,146
32003003418,2147,1048,351,602,66,18,4,58,0,1016,458,397,41,62,173
32003003419,3323,1567,511,968,127,37,1,112,0,1476,927,568,56,78,218
32003003420,2106,950,401,587,84,25,5,54,0,961,672,229,33,46,165
32003003421,1937,825,416,549,84,18,2,43,0,957,524,150,77,59,170
32003003422,2917,1364,536,771,134,28,6,78,0,1320,983,278,62,69,205
32003003423,3119,1423,593,856,141,27,2,77,0,1465,1046,259,78,60,211
32003003426,1929,879,471,450,82,9,1,37,0,974,495,273,25,38,124
32003003427,2014,975,340,539,73,15,1,71,0,808,542,437,39,44,144
32003003428,1174,545,209,330,38,15,0,37,0,529,325,201,21,21,77
32003003429,2595,1210,476,704,109,20,1,75,0,1146,750,453,43,51,152
32003003430,1996,1216,190,443,70,8,2,67,0,453,457,945,39,25,77
32003003431,1253,653,123,371,55,13,1,37,0,433,391,308,19,16,86
32003003500,1931,1243,132,427,65,6,4,54,0,283,309,1222,16,34,67
32003003609,3216,1290,894,787,146,24,6,69,0,1917,753,147,56,56,287
32003003610,4030,1898,850,1010,157,31,1,83,0,1714,1394,514,105,80,223
32003003613,4546,2356,729,1164,148,32,5,112,0,1637,1513,966,74,95,261
32003003615,1647,795,297,424,67,11,2,51,0,761,454,246,29,31,126
32003003616,3070,1848,288,737,90,17,1,89,0,629,1026,1224,33,43,115
32003003617,1154,710,86,280,38,5,0,35,0,177,328,583,19,16,31
32003003619,2461,1044,677,577,95,17,2,49,0,1278,430,337,128,99,189
32003003620,4080,1694,1092,974,181,50,0,89,0,2122,822,508,156,124,348
32003003621,2874,1030,1077,558,169,13,0,27,0,2137,211,65,87,62,312
32003003626,2741,1209,546,769,107,31,5,74,0,1194,859,349,84,72,183
32003003627,2612,1307,426,684,98,20,4,73,0,976,711,612,71,67,175
32003003630,3913,1638,1027,973,170,26,5,74,0,2048,987,381,85,86,326
32003003631,2702,1212,695,599,121,18,1,56,0,1322,634,396,77,68,205
32003003632,1904,837,470,465,74,9,3,46,0,943,492,228,44,44,153
32003003633,2318,1056,518,584,93,17,4,46,0,1069,738,238,47,69,157
32003003634,3238,1523,614,846,130,24,4,97,0,1359,924,596,71,61,227
32003003635,3695,1652,835,949,151,34,3,71,0,1676,1173,432,77,87,250
32003003636,1884,723,623,419,65,13,2,39,0,1095,384,214,34,22,135
32003003637,2660,1268,497,683,106,23,2,81,0,1155,687,525,52,53,188
32003003638,2436,1164,433,644,96,24,5,70,0,977,685,498,52,55,169
32003003639,2443,1156,449,655,108,15,3,57,0,1022,836,332,49,56,148
32003003640,3556,1907,511,893,136,30,3,76,0,1215,1018,971,72,64,216
32003003641,3779,1953,634,937,144,14,2,95,0,1421,1121,824,83,91,239
32003003642,2406,1360,286,614,73,13,4,56,0,612,889,650,46,77,132
32003003643,3031,1650,478,736,95,17,2,53,0,962,882,919,60,56,152
32003003644,2951,1592,418,765,85,19,1,71,0,872,867,945,52,61,154
32003003645,2437,1185,461,614,118,10,0,49,0,1035,662,477,55,46,162
32003003646,2877,1404,577,678,124,26,6,62,0,1423,773,319,54,58,250
32003003647,4038,1860,952,975,157,17,4,73,0,1921,1023,515,123,107,349
32003003648,2458,1158,448,660,93,32,0,67,0,1018,666,485,78,70,141
32003003649,956,455,154,277,34,10,0,26,0,366,314,165,33,24,54
32003003650,2405,1180,417,638,92,14,4,60,0,921,741,498,58,57,130
32003003651,2780,1304,492,796,102,16,2,68,0,1142,837,484,65,74,178
32003003652,2424,1194,399,636,113,19,5,58,0,981,633,522,60,63,165
32003003653,1338,636,274,347,46,11,0,24,0,605,435,157,32,29,80
32003003654,1946,919,410,497,56,17,0,47,0,753,622,306,64,65,136
32003003655,3058,1463,661,732,110,18,7,67,0,1260,970,482,57,68,221
32003003656,2116,955,417,565,93,18,2,66,0,1026,506,309,52,48,175
32003003657,1677,878,256,431,45,15,0,52,0,767,377,327,34,30,142
32003003658,1160,519,246,308,40,14,2,31,0,642,274,31,43,46,124
32003003659,1094,472,300,257,40,8,1,16,0,563,253,82,41,30,125
32003003660,2606,1139,625,665,100,31,1,45,0,1297,593,268,144,87,217
32003003661,2016,949,391,527,76,15,2,56,0,895,506,377,54,43,141
32003003662,3081,972,1075,794,141,25,0,74,0,1783,604,225,98,95,276
32003003663,1524,580,385,412,67,15,1,64,0,805,349,143,46,34,147
32003003664,1998,855,488,512,95,15,0,33,0,1096,413,210,50,64,165
32003003665,2592,1130,570,685,117,18,0,72,0,1266,549,396,98,75,208
32003003666,2770,1142,785,652,108,22,1,60,0,1447,666,291,78,69,219
32003003700,2629,1764,164,544,81,6,0,70,0,361,475,1670,20,27,76
32003003800,2040,1130,184,569,75,20,2,60,0,679,708,513,16,30,94
32003004000,1253,676,154,347,33,8,2,33,0,281,890,22,9,12,39
32003004100,2252,1246,258,606,74,15,1,52,0,519,1605,17,15,21,75
32003004200,1734,893,201,541,51,7,3,38,0,493,1102,44,21,9,65
32003004301,453,221,49,149,19,5,0,10,0,121,285,21,3,2,21
32003004302,965,522,88,296,18,7,1,33,0,252,664,13,6,5,25
32003004401,982,518,103,294,27,10,2,28,0,229,656,40,6,4,47
32003004402,1959,1036,145,636,71,12,2,57,0,573,762,495,12,22,95
32003004500,1904,1057,175,543,60,12,3,54,0,447,1195,186,16,11,49
32003004601,2081,1149,192,575,80,9,10,66,0,563,868,506,30,25,89
32003004602,1177,684,98,317,34,6,2,36,0,288,520,293,9,19,48
32003004703,2638,1383,300,744,114,15,3,79,0,934,909,577,43,39,136
32003004707,1119,559,170,304,42,6,3,35,0,406,570,58,9,11,65
32003004709,3029,1567,312,914,99,31,5,101,0,1121,1221,438,38,63,148
32003004710,2883,1462,326,893,117,16,0,69,0,1008,1170,487,40,45,133
32003004712,3016,1373,428,937,151,21,5,101,0,1319,634,832,36,38,157
32003004713,2271,1117,255,697,107,19,3,73,0,861,587,643,27,36,117
32003004714,2460,1334,267,702,72,13,10,62,0,631,1242,420,19,40,108
32003004715,2760,1437,337,790,94,27,7,68,0,824,1211,470,53,42,160
32003004716,1538,812,193,435,38,13,3,44,0,437,733,278,19,23,48
32003004717,1417,709,240,387,41,9,2,29,0,441,813,64,15,20,64
32003004907,2278,917,710,516,69,16,2,48,0,1052,843,89,78,59,157
32003004910,1542,820,229,395,52,6,2,38,0,487,864,37,49,30,75
32003004911,2146,1064,300,627,75,16,2,62,0,866,814,213,50,68,135
32003004912,2705,1354,414,747,100,14,1,75,0,915,1398,141,46,46,159
32003004914,1516,729,281,403,49,9,5,40,0,578,777,36,17,22,86
32003004915,1831,862,397,462,60,11,3,36,0,714,960,45,22,22,68
32003004916,1247,607,193,361,46,13,2,25,0,491,622,35,10,21,68
32003004917,1844,816,446,436,85,11,4,46,0,880,695,78,38,30,123
32003004918,2475,1113,602,613,79,17,4,47,0,1046,1072,71,71,52,163
32003004919,2543,1180,628,583,91,15,2,44,0,1019,1109,94,81,85,155
32003004920,2680,1356,358,800,78,21,1,66,0,852,1293,280,72,46,137
32003004921,2854,1383,448,790,118,31,7,77,0,1251,1234,151,34,34,150
32003004923,2232,1061,458,574,56,18,4,61,0,833,946,174,86,76,117
32003004924,2119,980,367,631,63,15,0,63,0,817,1013,87,47,47,108
32003004925,3159,1550,571,842,84,14,1,97,0,1040,1587,103,104,110,215
32003004926,2094,1030,322,599,64,13,4,62,0,728,1029,76,61,70,130
32003005005,2643,1090,638,688,151,22,3,51,0,1694,513,146,27,54,209
32003005006,2649,1138,509,781,138,13,1,69,0,1468,481,426,25,45,204
32003005007,1543,607,418,407,72,9,0,30,0,876,347,52,76,40,152
32003005010,3248,1365,584,999,168,30,9,93,0,1595,916,337,66,56,278
32003005011,1850,867,317,537,68,14,3,44,0,742,839,50,27,49,143
32003005012,1970,856,478,503,70,16,2,45,0,999,646,65,43,63,154
32003005013,2215,1117,382,584,55,14,0,63,0,761,1040,114,58,75,167
32003005014,2665,1239,456,739,111,32,10,78,0,1224,890,167,90,61,233
32003005015,3083,1342,750,804,122,15,3,47,0,1493,878,142,149,138,283
32003005016,3369,1452,746,867,173,31,6,94,0,1644,1119,123,101,101,281
32003005017,4243,1887,814,1236,174,33,5,94,0,1736,1481,320,113,196,397
32003005102,3190,1173,945,803,163,27,5,74,0,1967,557,153,61,101,351
32003005103,3170,1240,825,872,124,37,5,67,0,1964,512,144,104,98,348
32003005104,2309,871,656,598,107,31,3,43,0,1534,390,40,69,47,229
32003005106,1990,745,565,515,92,25,4,44,0,1232,326,77,56,64,235
32003005107,2969,1023,964,753,139,33,3,54,0,1975,494,32,85,102,281
32003005108,2678,1035,727,712,116,30,4,54,0,1605,514,70,113,94,282
32003005110,1248,491,300,338,75,9,3,32,0,698,263,67,73,47,100
32003005111,3974,1586,1113,954,183,36,5,97,0,2272,898,160,140,139,365
32003005112,1861,663,517,551,61,14,1,54,0,1018,489,67,55,50,182
32003005113,1935,789,472,515,93,20,1,45,0,984,565,71,60,56,199
32003005114,2693,1114,545,788,127,28,1,90,0,1423,621,234,95,78,242
32003005115,1939,702,613,485,86,20,2,31,0,1203,320,21,81,77,237
32003005116,3324,1224,992,844,150,28,4,82,0,1927,690,67,170,104,366
32003005200,2536,909,743,665,142,27,4,46,0,1740,454,51,39,35,217
32003005311,1664,635,453,462,69,13,4,28,0,964,326,62,60,63,189
32003005312,1797,669,545,448,86,12,1,36,0,1116,320,18,96,57,190
32003005313,4272,1494,1430,1033,206,39,4,66,0,2662,659,85,220,168,478
32003005314,1952,723,654,428,98,15,2,32,0,1333,300,20,58,41,200
32003005316,2788,1048,858,673,128,30,3,48,0,1753,507,78,83,94,273
32003005317,3959,1478,1082,1072,224,33,2,68,0,2518,526,88,252,148,427
32003005318,2157,689,741,540,114,22,1,50,0,1479,192,44,108,101,233
32003005319,1833,656,546,493,86,17,3,32,0,1079,326,32,84,87,225
32003005320,1845,701,490,488,100,26,4,36,0,1202,329,37,53,53,171
32003005321,2405,837,791,597,109,29,3,39,0,1585,347,30,111,98,234
32003005322,1136,334,462,265,52,11,0,12,0,793,100,8,74,30,131
32003005333,1996,660,645,540,98,19,3,31,0,1364,208,17,80,91,236
32003005335,3491,979,1509,742,162,31,3,65,0,2610,401,12,60,75,333
32003005336,2530,860,790,679,114,20,2,65,0,1713,428,67,25,59,238
32003005337,2143,659,774,552,106,15,3,34,0,1498,192,19,88,92,254
32003005338,1661,546,705,309,81,6,0,14,0,1296,98,5,32,36,194
32003005341,1642,501,643,362,88,14,2,32,0,1195,256,8,25,25,133
32003005342,2154,653,807,529,107,21,2,35,0,1583,302,14,41,32,182
32003005343,3700,1010,1451,945,188,44,2,60,0,2585,533,44,104,95,339
32003005346,3567,1278,1002,985,172,37,4,89,0,2126,629,121,179,155,357
32003005347,4803,1593,1602,1237,241,36,1,93,0,2996,646,69,275,230,587
32003005348,3882,1159,1475,933,184,32,6,93,0,2411,460,49,286,228,448
32003005349,3317,1125,1134,823,148,27,2,58,0,2141,411,60,217,150,338
32003005350,2473,796,893,588,124,23,2,47,0,1596,248,26,183,136,284
32003005351,3149,1072,968,858,164,31,1,55,0,1983,491,72,137,122,344
32003005352,2510,741,971,618,123,19,3,35,0,1672,293,31,129,85,300
32003005353,3100,1102,923,829,139,35,1,71,0,1993,495,77,121,97,317
32003005354,3893,1252,1277,1040,191,43,2,88,0,2415,682,107,153,134,402
32003005355,4213,1320,1624,945,213,42,1,68,0,2904,407,55,223,151,473
32003005356,1931,508,811,464,83,19,1,45,0,1254,181,21,127,104,244
32003005358,2151,542,928,527,107,13,1,33,0,1515,275,11,50,53,247
32003005360,3388,971,1259,855,173,39,4,87,0,2366,440,73,87,81,341
32003005361,3144,867,1359,700,159,21,1,37,0,2312,384,19,68,71,290
32003005362,2328,492,1111,538,128,22,3,34,0,1662,281,16,83,41,245
32003005363,1366,510,296,427,64,30,1,38,0,734,287,128,46,53,118
32003005364,4019,1394,1354,991,176,29,3,72,0,2649,558,63,158,119,472
32003005365,2666,763,1007,668,143,33,2,50,0,1772,297,25,171,82,319
32003005366,2723,790,1058,642,153,32,2,46,0,1903,335,25,77,89,294
32003005421,1971,722,511,552,123,12,2,49,0,1228,361,142,29,38,173
32003005422,2607,978,717,683,129,37,1,62,0,1607,652,56,26,36,230
32003005423,3105,1112,953,778,156,18,5,83,0,1990,578,151,55,52,279
32003005432,4145,1222,1622,995,208,34,5,59,0,2974,572,48,73,78,400
32003005433,3934,1000,1761,863,203,34,5,68,0,2958,500,21,62,53,340
32003005434,3449,1000,1362,816,172,40,5,54,0,2481,502,42,61,85,278
32003005435,2771,743,1171,637,146,29,1,44,0,1993,364,24,51,54,285
32003005437,4020,894,1892,934,192,32,4,72,0,2948,299,32,142,134,465
32003005438,1788,680,436,498,97,24,1,52,0,1051,392,134,25,33,153
32003005439,2421,844,677,702,110,31,5,52,0,1421,632,81,42,38,207
32003005440,4016,1558,985,1152,169,40,8,104,0,2437,828,234,91,85,341
32003005441,4519,1354,1690,1120,216,46,2,91,0,2915,729,47,183,164,481
32003005442,3432,1093,1212,872,147,24,1,83,0,1975,635,234,139,110,339
32003005501,3619,803,1823,708,216,27,3,39,0,2940,192,6,50,41,390
32003005502,3369,807,1602,708,165,38,2,47,0,2761,203,2,40,50,313
32003005503,2224,631,883,517,133,23,0,37,0,1800,176,10,15,26,197
32003005504,2352,561,1118,474,136,37,3,23,0,1956,133,6,22,37,198
32003005607,2077,594,739,597,106,11,0,30,0,1307,551,4,26,17,172
32003005612,997,156,552,221,50,4,2,12,0,812,96,3,9,5,72
32003005613,2896,342,1872,513,112,19,1,37,0,2404,195,0,21,16,260
32003005614,1176,330,408,339,73,12,0,14,0,723,311,2,15,19,106
32003005615,1144,313,457,310,53,3,0,8,0,900,129,0,9,15,91
32003005702,2140,511,780,681,124,21,1,22,0,1615,235,9,21,32,228
32003005703,807,201,296,229,60,10,2,9,0,587,82,3,12,19,104
32003005704,1269,308,476,397,67,11,0,10,0,968,134,11,14,23,119
32003005705,2434,585,1064,615,133,15,2,20,0,1810,293,7,29,32,263
32003005711,3115,939,1196,779,132,27,3,39,0,2000,431,28,180,135,341
32003005713,5069,1535,2031,1129,266,37,1,70,0,3469,514,44,238,225,579
32003005715,3488,836,1640,735,189,32,1,55,0,2380,218,11,301,126,452
32003005716,3371,1121,1325,691,185,15,2,32,0,2162,234,27,356,120,472
32003005717,4554,1515,1581,1121,225,41,4,67,0,2975,546,42,262,157,572
32003005718,1928,600,726,444,87,14,0,57,0,1281,239,17,103,76,212
32003005719,3054,980,996,817,188,23,4,46,0,1815,533,46,171,156,333
32003005720,2695,842,860,771,112,21,1,88,0,1583,471,17,179,103,342
32003005721,2680,796,1178,536,141,7,0,22,0,1860,176,15,233,72,324
32003005722,2792,822,1248,546,131,5,0,40,0,2010,139,14,176,76,377
32003005803,3599,1308,1009,996,155,40,6,85,0,2136,566,120,163,192,422
32003005804,2907,1057,852,746,156,26,3,67,0,1759,411,93,154,132,358
32003005805,2675,859,931,682,127,30,2,44,0,1600,389,71,155,135,325
32003005806,2871,1043,873,743,127,26,4,55,0,1727,404,106,142,146,346
32003005807,2095,752,712,478,89,26,3,35,0,1283,298,73,92,114,235
32003005808,2163,779,662,558,92,21,3,48,0,1338,305,61,72,98,289
32003005809,2493,980,622,676,121,38,3,53,0,1369,487,126,122,108,281
32003005813,2539,1040,635,649,114,24,2,75,0,1240,470,165,216,120,328
32003005818,638,133,283,162,41,10,1,8,0,491,61,2,9,9,66
32003005822,3591,1148,1146,996,164,44,4,89,0,2098,477,37,318,199,462
32003005824,2461,750,936,599,118,21,2,35,0,1515,294,18,241,111,282
32003005825,2795,1106,708,778,130,24,3,46,0,1477,461,163,201,135,358
32003005826,2258,835,684,603,75,17,5,39,0,1109,372,96,289,142,250
32003005828,5475,1857,1560,1624,241,73,6,114,0,2838,1250,126,433,264,564
32003005829,4372,1552,1100,1302,221,50,3,144,0,2204,930,147,386,215,490
32003005830,2914,1055,713,910,146,24,3,63,0,1474,564,100,253,170,353
32003005831,3686,1226,1114,1070,174,30,1,71,0,1964,725,60,364,200,373
32003005834,2040,661,717,527,70,19,4,42,0,1077,378,93,147,98,247
32003005835,2923,953,973,784,127,22,3,61,0,1595,526,91,228,149,334
32003005836,2444,878,694,674,121,18,1,58,0,1374,522,56,117,117,258
32003005837,3357,1120,1079,893,173,34,0,58,0,1998,530,94,201,171,363
32003005839,5230,1555,1855,1409,258,36,0,117,0,3039,855,105,385,266,580
32003005841,4216,1110,1784,1007,189,43,3,80,0,2705,364,29,394,201,523
32003005842,2441,640,1045,592,104,20,3,37,0,1532,201,4,217,138,349
32003005843,1949,638,686,477,103,8,1,36,0,1205,234,32,152,125,201
32003005844,4349,1425,1472,1124,209,39,2,78,0,2649,537,83,310,191,579
32003005845,2859,984,1030,638,142,23,2,40,0,1827,325,51,198,130,328
32003005846,4863,1532,1881,1105,246,35,1,63,0,3128,475,49,371,220,620
32003005847,2456,957,582,684,133,23,4,73,0,1356,395,111,162,143,289
32003005848,2163,916,487,582,100,13,4,61,0,1140,388,199,126,113,197
32003005849,2352,1051,538,602,88,23,1,49,0,1106,436,230,220,115,245
32003005850,2775,1087,716,790,110,24,3,45,0,1277,556,115,379,185,263
32003005852,3706,1251,1160,1009,171,36,8,71,0,2059,638,98,317,193,401
32003005855,4231,1420,1174,1308,190,33,4,102,0,2102,747,87,547,283,465
32003005856,2855,988,807,849,118,24,2,67,0,1327,481,75,503,149,320
32003005857,3291,1241,770,1021,155,35,3,66,0,1536,803,163,237,204,348
32003005858,6511,2181,1948,1861,286,61,8,166,0,3504,1239,108,546,372,742
32003005859,2043,873,372,615,94,20,2,67,0,1060,416,123,136,110,198
32003005860,6434,2376,1592,1917,291,65,5,188,0,3149,1261,217,676,389,742
32003005861,1001,349,286,268,56,17,2,23,0,534,242,32,52,44,97
32003005862,3417,1240,869,1003,180,35,5,85,0,1771,771,112,213,179,371
32003005863,1565,646,386,415,60,15,5,38,0,765,313,87,147,83,170
32003005864,3704,1417,918,1075,148,36,5,105,0,1774,704,152,388,250,436
32003005865,3465,1279,900,1015,146,31,3,91,0,1479,902,151,298,243,392
32003005866,3941,1444,1099,1103,158,37,2,98,0,1916,990,138,283,226,388
32003005867,3351,1125,1020,928,166,42,3,67,0,1775,730,126,235,163,322
32003005868,3012,1131,763,887,139,23,3,66,0,1462,731,98,229,172,320
32003005869,2010,799,457,591,83,28,3,49,0,935,448,121,175,112,219
32003005870,1806,736,404,519,86,14,0,47,0,879,359,112,152,100,204
32003005871,1253,478,275,364,81,16,2,37,0,667,230,57,80,72,147
32003005872,5079,1380,1878,1456,205,39,4,117,0,3072,554,23,559,222,649
32003005873,3169,864,1220,841,167,30,3,44,0,2007,277,43,294,150,398
32003005874,3123,1251,869,773,125,27,3,75,0,1540,550,131,375,214,313
32003005875,1974,779,521,520,100,7,4,43,0,1092,284,116,172,113,197
32003005876,1261,307,515,307,92,13,3,24,0,927,168,8,12,20,126
32003005877,4617,1642,1253,1325,224,51,5,117,0,2267,1020,109,433,285,503
32003005902,739,170,338,159,48,9,0,15,0,498,155,2,12,3,69
32003005903,2701,566,1271,658,152,15,1,38,0,2178,193,9,45,27,249
32003005904,3606,745,1713,905,199,20,0,24,0,2940,162,2,45,62,395
32003005905,1686,434,691,446,72,13,2,28,0,1311,153,3,13,29,177
32003006001,2166,906,395,676,103,16,1,69,0,962,377,583,46,38,160
32003006103,1109,432,316,284,45,13,0,19,0,621,305,41,35,36,71
32003006104,2968,1236,844,699,115,31,1,42,0,1254,1236,56,111,95,216
32003006201,1864,870,303,541,68,15,4,63,0,806,634,257,22,18,127
32003006202,2092,933,396,602,97,11,4,49,0,979,826,99,28,30,130
32003006203,1514,651,338,427,44,10,1,43,0,694,645,47,35,13,80
32003006204,3116,1505,489,856,142,32,0,92,0,1296,1316,231,46,47,180
32003006700,1102,281,369,356,41,22,4,29,0,668,74,9,117,64,170
32003006800,2564,1150,396,808,108,26,8,68,0,1075,908,188,54,94,245
32003006900,1249,489,387,279,58,13,3,20,0,778,232,40,40,32,127
32003007100,1225,596,176,360,40,12,3,38,0,465,635,31,13,14,67
32003007200,2625,1188,529,700,109,17,5,77,0,1195,842,320,49,53,166
32003007500,943,260,402,198,47,18,1,17,0,751,57,1,18,13,103
32003007600,2678,446,1544,515,127,18,0,28,0,2047,340,8,43,29,211
32003007801,481,200,95,144,23,2,0,17,0,259,46,115,10,4,47
32003007802,145,39,26,65,9,2,1,3,0,75,26,18,7,4,15
32003007900,2439,1081,410,742,122,26,5,53,0,1418,348,300,75,66,232
32005001000,2180,474,1164,411,86,18,3,24,0,1718,199,1,23,28,211
32005001100,3576,835,1700,771,192,37,5,35,0,2760,399,6,44,42,325
32005001200,2494,507,1431,392,120,26,1,17,0,2002,191,3,28,48,222
32005001300,1634,274,1003,254,68,18,4,12,0,1338,63,0,25,16,192
32005001400,2728,595,1512,449,110,31,3,28,0,2196,184,1,27,34,286
32005001500,4096,930,2026,835,208,51,2,43,0,3161,382,2,70,72,409
32005001600,1633,365,807,329,88,19,5,19,0,1288,54,3,49,25,214
32005001700,1401,385,497,386,84,29,2,18,0,1013,133,3,28,28,196
32005001800,2444,724,856,662,130,44,3,24,0,1853,131,4,71,49,336
32005001900,1972,370,1135,342,87,22,2,14,0,1620,87,1,30,18,216
32005002000,2462,648,1020,589,137,36,3,26,0,1771,374,3,34,27,253
32005002100,1516,387,715,301,82,19,1,11,0,1140,175,2,28,32,139
32005002200,5609,1068,3272,931,235,50,3,49,0,4565,360,1,58,64,561
32005002300,3343,495,2182,458,137,35,5,31,0,2796,205,0,19,54,269
32005002400,1004,235,481,217,44,11,0,16,0,797,105,0,8,12,82
32005002500,1540,292,822,293,94,22,3,14,0,1241,131,0,18,24,126
32005990000,0,0,0,0,0,0,0,0,0,0,0,0,0,0,0
