FULLCODE,total_reg,party_dem,party_rep,party_npp,party_lib,party_grn,party_ain,party_oth,party_unk,eth1_eur,eth1_hisp,eth1_aa,eth1_esa,eth1_oth,eth1_unk
35005000201,1611,509,686,367,19,4,0,13,0,828,668,7,11,6,91
35005000202,1659,500,747,377,11,1,0,12,0,796,765,10,14,8,66
35005000301,1623,521,679,366,19,7,0,10,0,809,701,2,4,9,98
35005000302,1307,271,773,230,13,2,0,3,0,820,359,1,24,14,89
35005000400,1824,594,756,428,19,4,0,12,0,812,913,5,8,11,75
35005000500,727,295,242,171,5,1,0,6,0,286,404,3,4,2,28
35005000600,1805,838,505,416,14,6,0,14,0,439,1307,7,7,2,43
35005000700,2082,695,904,424,13,7,0,16,0,903,1060,14,12,10,83
35005000800,2640,792,1262,528,25,4,0,10,0,1288,1204,8,10,10,120
35005000900,1803,400,1055,302,23,3,0,4,0,1104,568,3,14,11,103
35005001001,3110,612,2003,437,26,0,0,10,0,2036,851,6,17,28,172
35005001002,2833,530,1819,438,17,1,0,9,0,1966,620,1,37,30,179
35005001101,2088,751,740,518,24,3,0,29,0,747,1221,9,12,15,84
35005001102,2463,319,1743,343,16,0,0,13,0,1854,441,1,6,10,151
35005001200,762,148,497,102,2,0,0,4,0,515,216,0,4,1,26
35005001300,1165,358,567,213,5,2,0,7,0,487,627,1,1,5,44
35005001400,1190,349,623,191,7,3,0,7,0,533,605,1,5,3,43
35047957200,2273,1616,337,284,6,4,0,9,0,461,1694,4,23,10,81
35047957300,3162,2214,448,456,15,7,0,11,0,901,1999,11,29,29,193
35047957400,2784,2127,283,342,9,6,0,11,0,537,2120,2,21,8,96
35047957501,535,305,150,70,1,1,0,3,0,185,318,1,2,2,27
35047957502,1297,826,286,160,8,6,0,5,0,474,759,1,15,6,42
35047957601,703,469,109,108,6,3,0,3,0,256,402,0,2,8,35
35047957602,502,347,74,66,5,3,0,4,0,191,273,0,4,4,30
35047957603,1851,1220,325,275,6,7,0,7,0,475,1279,3,9,8,77
35047957700,1551,1150,194,188,6,5,0,2,0,352,1127,0,5,3,64
35047957800,2293,1703,272,287,8,6,0,5,0,443,1721,5,11,11,102
35017964100,1794,763,675,310,21,9,1,6,0,1304,305,1,14,14,156
35017964200,1496,481,755,230,13,7,0,2,0,1167,196,1,9,9,114
35017964300,3472,1947,798,672,24,12,0,12,0,1712,1483,8,21,30,218
35017964401,1546,910,263,350,10,6,0,4,0,731,672,0,11,13,119
35017964402,1634,1058,220,322,13,11,0,7,0,823,689,5,14,16,87
35017964500,1494,903,314,246,13,8,0,7,0,550,879,0,2,8,55
35017964600,1654,1155,238,234,10,8,0,6,0,412,1153,1,2,12,74
35017964701,2164,1000,740,375,22,9,0,6,0,1443,496,7,13,17,188
35017964702,1871,836,691,313,7,5,0,11,0,1151,584,2,16,17,101
35017964800,1121,626,306,170,5,3,0,6,0,542,530,0,2,2,45
35033955201,2055,1575,351,113,4,4,0,4,0,396,1597,0,3,7,52
35033955202,1320,917,285,98,7,2,0,4,0,342,912,0,9,8,49
35061940300,662,415,73,166,1,1,0,4,0,100,363,0,14,70,115
35061941400,2005,766,817,381,14,5,0,7,0,926,933,6,20,12,108
35061970101,1518,636,363,465,16,8,0,16,0,557,875,3,8,8,67
35061970103,1683,660,614,359,25,9,0,6,0,784,816,0,3,8,72
35061970104,2193,849,916,380,18,4,0,5,0,998,1044,1,8,22,120
35061970200,3028,963,1496,520,22,7,0,4,0,1813,965,0,18,27,205
35061970302,1470,561,539,335,13,5,0,4,0,699,662,4,15,9,81
35061970304,2319,930,963,388,11,5,1,8,0,1078,1121,0,6,17,97
35061970305,1890,788,729,318,22,14,0,4,0,818,973,1,10,11,77
35061970306,1558,633,485,409,12,2,0,8,0,591,877,1,5,17,67
35061970307,1333,611,276,411,11,2,0,8,0,373,906,0,1,11,42
35061970401,2783,1285,863,579,21,10,0,7,0,1027,1546,1,20,17,172
35061970404,3211,1303,1195,654,23,5,1,13,0,1437,1541,4,11,26,192
35061970405,2170,817,840,460,31,1,0,3,0,1060,859,8,30,32,181
35061970701,2961,1132,1214,549,22,7,0,11,0,1340,1397,2,12,26,184
35061970800,2647,1262,814,518,23,8,0,10,0,915,1584,4,22,14,108
35061970901,2605,1139,880,531,27,6,0,8,0,876,1580,1,8,7,133
35061970902,1157,500,457,179,11,2,0,2,0,427,669,0,2,8,51
35061971000,3021,1253,1164,544,28,9,0,9,0,1536,1276,8,15,17,169
35061971100,802,295,302,181,8,1,0,3,0,409,319,7,4,5,58
35061971301,2704,1397,548,709,18,8,0,9,0,1149,774,3,37,286,455
35061980100,29,14,7,8,0,0,0,0,0,11,17,0,0,0,1
35061980200,0,0,0,0,0,0,0,0,0,0,0,0,0,0,0
35061980300,0,0,0,0,0,0,0,0,0,0,0,0,0,0,0
35061980400,0,0,0,0,0,0,0,0,0,0,0,0,0,0,0
35059950200,2337,726,1304,283,13,1,0,4,0,1516,652,1,13,15,140
35025000100,985,283,348,334,5,3,0,8,0,328,603,13,1,2,38
35025000200,1333,440,424,443,7,2,0,9,0,425,831,18,5,5,49
35025000300,1435,525,370,501,10,1,1,19,0,329,916,144,7,6,33
35025000400,1188,409,350,401,8,3,0,14,0,327,663,136,19,8,35
35025000502,3379,704,1662,926,40,7,0,20,0,1744,1410,45,11,18,151
35025000503,1964,344,1112,459,25,2,0,9,0,1174,629,13,13,17,118
35025000504,2366,374,1538,427,17,2,0,5,0,1574,592,14,23,27,136
35025000600,3693,847,1863,917,29,7,0,17,0,1853,1593,44,23,14,166
35025000701,864,99,591,164,3,3,0,2,0,611,193,4,3,3,50
35025000702,1447,228,885,305,15,0,0,8,0,835,525,2,11,5,69
35025000703,1832,243,1226,339,13,1,0,7,0,1229,435,10,16,18,124
35025000704,1584,261,951,340,13,1,0,9,0,956,518,6,10,9,85
35025000800,1561,275,971,283,17,1,0,6,0,976,502,0,5,4,74
35025000900,1202,213,695,274,6,1,0,11,0,621,517,4,1,5,54
35025001003,1930,453,977,459,8,3,0,14,0,827,1016,5,14,9,59
35025001004,1520,393,715,382,9,4,0,15,0,596,844,7,9,11,53
35025001005,1643,447,760,399,11,5,0,12,0,652,913,16,5,5,52
35025001100,2346,337,1581,395,11,2,0,16,0,1583,655,1,12,4,91
35015000100,670,194,313,145,10,0,0,5,0,446,177,2,1,12,32
35015000200,3661,816,2248,540,32,2,0,11,0,2664,675,6,49,28,239
35015000300,2899,850,1457,542,24,8,0,9,0,1838,846,11,21,11,172
35015000401,1917,587,945,341,19,7,0,8,0,1198,604,5,9,4,97
35015000402,2155,773,876,460,17,9,0,11,0,1078,944,11,8,15,99
35015000500,1891,765,663,415,17,7,0,16,0,735,1049,16,5,6,80
35015000600,3282,1142,1407,665,23,5,0,23,0,1535,1449,90,37,27,144
35015000700,3057,730,1741,524,23,5,0,19,0,1933,973,1,7,7,136
35015000800,1133,561,417,143,5,0,0,3,0,391,698,1,5,2,36
35015000900,2954,494,1984,434,26,0,0,7,0,1927,863,1,18,9,136
35015001001,1546,393,843,281,11,2,0,8,0,756,698,11,14,9,58
35015001002,1643,612,691,313,9,1,0,12,0,584,995,4,5,7,48
35015001100,4332,780,2782,689,40,6,0,20,0,2566,1509,5,16,26,210
35035000100,935,398,317,197,5,3,0,8,0,453,385,32,5,3,57
35035000200,956,333,382,221,8,1,0,4,0,576,298,11,8,6,57
35035000303,1130,322,520,261,14,1,0,6,0,756,261,11,10,11,81
35035000304,1840,377,1026,398,21,2,0,4,0,1322,310,12,25,24,147
35035000305,1979,607,827,502,21,2,0,7,0,1272,498,37,15,15,142
35035000306,1943,450,1092,362,19,4,0,5,0,1387,379,13,19,10,135
35035000401,2685,752,1270,607,28,8,1,7,0,1815,605,48,28,24,165
35035000403,1551,348,870,315,8,1,0,3,0,1143,211,15,31,13,138
35035000404,2321,639,1100,519,30,4,0,11,0,1539,548,45,30,17,142
35035000501,1272,343,585,304,13,3,0,10,0,795,367,18,9,4,79
35035000502,1024,241,487,272,15,4,0,2,0,687,244,3,12,7,71
35035000601,96,23,40,31,1,1,0,0,0,64,13,0,1,4,14
35035000602,903,200,492,202,6,1,0,1,0,720,91,6,11,5,70
35035000603,1488,327,844,276,19,5,0,7,0,1076,292,0,9,9,102
35035000604,335,72,147,105,9,0,0,2,0,219,54,15,7,5,35
35035000701,2473,633,1286,498,22,7,3,10,0,1516,754,0,8,36,159
35035000702,968,269,501,175,12,2,1,5,0,594,287,1,7,16,63
35035000901,2735,541,1625,498,34,2,0,12,0,2224,227,0,10,25,249
35035000903,1672,739,230,652,18,6,0,22,0,198,1427,0,5,6,36
35035000904,2203,718,733,684,24,5,0,24,0,864,1230,1,6,10,92
35035940000,1158,589,149,394,4,6,1,11,0,401,360,2,4,141,250
35007950500,2571,1328,782,424,13,4,1,11,0,1142,1256,1,11,22,139
35007950600,1797,885,582,305,14,1,0,4,0,992,688,1,9,21,86
35007950700,3324,1332,1274,657,27,13,5,8,0,2071,953,5,18,21,256
35031940301,603,440,29,123,1,3,0,3,0,85,58,0,8,197,255
35031940302,942,637,86,209,3,3,0,1,0,167,65,2,10,260,438
35031940500,3095,2121,244,666,12,20,1,18,0,467,255,11,45,974,1343
35031943500,3075,2065,361,597,13,12,3,18,0,1690,199,11,62,465,648
35031943601,1446,939,149,336,5,1,2,11,0,884,74,9,32,152,295
35031943602,622,391,70,152,0,0,1,6,0,390,33,0,11,57,131
35031943701,2677,1802,334,496,11,6,4,20,0,1540,105,15,20,338,659
35031943702,186,132,25,28,0,0,0,0,0,121,9,3,0,17,36
35031943801,232,121,19,88,1,0,2,1,0,122,7,0,3,49,51
35031943802,1371,853,195,305,5,3,0,10,0,784,41,6,9,236,295
35031943803,0,0,0,0,0,0,0,0,0,0,0,0,0,0,0
35031943903,419,268,54,90,1,0,1,2,0,231,70,0,11,27,80
35031943904,274,155,63,50,1,2,1,2,0,160,52,1,7,13,41
35031943905,67,33,9,24,0,0,0,1,0,43,0,0,4,7,13
35031943906,1026,622,157,226,4,3,1,6,0,553,121,13,14,86,239
35031943907,140,82,22,32,2,0,1,1,0,58,16,1,11,20,34
35031944000,151,82,17,49,0,0,0,3,0,83,13,0,4,15,36
35031945201,1382,739,225,392,8,4,0,9,0,610,439,3,43,74,213
35031945202,1757,965,315,439,11,5,0,17,0,912,394,7,31,116,297
35031945300,1648,976,238,396,8,3,2,17,0,638,703,15,24,69,199
35031945400,7775,4732,1195,1708,27,18,5,63,0,4467,919,32,164,581,1612
35031945501,1627,856,395,348,8,5,1,8,0,907,315,12,44,116,233
35031945502,1002,556,283,151,4,1,0,4,0,539,269,1,28,60,105
35031945503,1221,676,273,257,6,1,1,6,0,670,274,2,35,85,155
35031945601,1278,697,321,244,6,2,1,3,0,734,256,8,22,87,171
35031945602,1601,936,255,372,11,6,0,16,0,828,329,9,34,122,279
35031945701,204,123,41,36,2,1,0,1,0,132,14,1,4,10,43
35031945702,278,182,37,51,2,0,0,4,0,194,15,1,3,15,50
35031946001,999,591,164,231,1,2,0,9,0,580,102,4,27,52,234
35031946002,2536,1555,380,538,18,8,0,29,0,1405,285,11,42,205,588
35031946003,340,196,70,69,2,0,0,2,0,180,46,1,2,34,77
35031973100,2595,1442,576,511,17,8,1,25,0,1345,479,9,34,141,587
35031980000,4,3,0,1,0,0,0,0,0,4,0,0,0,0,0
35039000100,1127,898,109,102,5,5,0,5,0,162,933,0,3,12,17
35039000200,1593,1205,200,167,7,5,0,7,0,452,1051,0,13,12,65
35039000301,2406,1780,291,296,10,11,0,9,0,427,1896,1,6,16,60
35039000302,1508,1142,165,180,5,2,0,6,0,274,1164,0,3,12,55
35039000401,1843,1344,249,218,10,3,0,13,0,478,1265,1,15,15,69
35039000402,1614,1159,228,197,5,8,0,12,0,420,1099,0,9,11,75
35039000500,3668,2275,791,520,32,8,0,22,0,1195,2076,37,18,49,293
35039940700,1449,1018,207,208,9,1,0,5,0,243,1128,1,8,16,53
35039940800,1593,1059,254,246,12,3,0,9,0,402,1044,4,34,17,92
35039941000,569,341,77,131,4,1,0,11,0,183,271,0,8,26,81
35039944100,2598,1981,243,330,10,5,0,14,0,503,1959,1,10,16,109
35013000102,2299,1084,644,529,21,4,0,9,0,981,1179,7,14,13,105
35013000103,1925,884,493,499,25,4,0,9,0,760,1053,1,13,11,87
35013000104,3128,1435,970,670,27,7,0,11,0,1465,1435,7,25,24,172
35013000203,1563,683,483,369,14,3,0,8,0,703,751,3,11,19,76
35013000204,2080,978,491,570,13,7,0,12,0,635,1296,5,29,13,102
35013000205,1402,669,386,325,9,2,0,4,0,744,523,1,26,14,94
35013000206,1249,599,272,363,6,4,0,2,0,452,720,5,20,10,42
35013000300,2024,1075,475,438,20,4,0,7,0,900,935,10,19,25,135
35013000401,1273,724,146,362,14,9,0,11,0,288,925,2,9,5,44
35013000402,2995,1620,522,798,21,4,0,11,0,853,2005,9,13,19,96
35013000500,1639,881,307,419,17,6,0,6,0,596,913,6,6,16,102
35013000600,1448,808,217,396,14,6,0,4,0,410,958,5,14,12,49
35013000700,3018,1587,584,786,33,6,0,10,0,923,1910,7,16,22,140
35013000800,2005,926,453,568,34,8,0,8,0,916,887,15,32,24,131
35013000901,1113,560,217,317,6,5,0,5,0,401,615,14,14,13,56
35013000902,1989,945,421,562,35,3,0,6,0,904,902,13,26,24,120
35013001000,538,222,133,167,7,0,0,4,0,256,205,7,8,13,49
35013001102,1706,906,468,309,17,3,0,0,0,807,762,3,11,14,109
35013001103,2641,1229,856,516,20,3,0,5,0,1262,1175,6,15,27,156
35013001105,1134,560,239,306,16,6,0,7,0,334,756,0,2,4,38
35013001106,1375,638,434,275,14,6,0,5,0,589,679,2,20,5,80
35013001203,2247,1050,583,574,20,9,0,5,0,1101,898,9,33,30,176
35013001204,4008,1607,1403,952,26,6,0,2,0,2601,880,12,71,53,391
35013001205,2900,1318,881,648,35,6,0,7,0,1775,794,10,64,39,218
35013001206,1467,680,417,338,17,6,0,7,0,830,462,11,23,24,117
35013001207,2284,942,720,574,28,4,0,8,0,1027,1079,6,22,21,129
35013001208,4315,1616,1620,1004,46,6,0,7,0,2487,1312,36,77,71,332
35013001209,1688,723,594,343,16,2,0,3,0,1028,473,8,33,26,120
35013001210,2119,858,747,484,11,5,0,3,0,1235,616,5,50,45,168
35013001308,3579,1438,1095,978,41,5,0,12,0,1586,1707,12,25,32,217
35013001309,1367,636,432,284,9,3,0,1,0,552,736,3,3,7,66
35013001310,3638,1514,1205,855,40,4,0,10,0,1754,1587,7,34,31,225
35013001311,2793,1198,829,706,41,2,0,5,0,1350,1228,28,21,21,145
35013001312,732,359,172,185,7,3,0,3,0,385,272,2,9,7,57
35013001313,1208,513,328,339,14,2,0,8,0,492,664,0,5,7,40
35013001314,939,378,261,277,9,1,0,8,0,400,488,8,6,6,31
35013001315,1858,810,490,512,27,2,0,10,0,611,1135,6,6,22,78
35013001316,2147,920,602,581,26,1,0,10,0,756,1270,12,2,18,89
35013001317,2171,1006,689,452,11,1,0,9,0,856,1214,2,9,5,85
35013001318,2970,1126,1229,571,23,5,0,8,0,1611,1156,2,11,19,171
35013001401,718,343,214,152,5,1,0,3,0,205,471,0,6,2,34
35013001402,911,437,218,241,9,1,0,5,0,216,663,0,3,3,26
35013001501,2610,930,1086,546,30,6,1,6,0,1796,553,3,35,26,197
35013001502,1354,513,524,289,20,0,0,5,0,755,517,0,7,11,64
35013001600,1616,874,362,353,12,1,0,9,0,364,1192,0,11,8,41
35013001701,4411,1947,1124,1260,43,4,0,21,0,1184,2975,4,24,35,189
35013001702,743,369,178,176,9,4,0,6,0,212,495,0,4,2,30
35013001703,1567,739,427,373,8,6,0,8,0,456,1031,0,9,11,60
35013001705,1509,923,165,392,7,2,0,17,0,120,1360,0,4,5,20
35013001706,1558,1003,135,396,10,4,0,8,0,75,1458,0,4,3,18
35013001707,2108,1260,169,629,23,1,0,21,0,91,1981,0,2,7,27
35013001805,1401,808,148,419,7,1,0,16,0,76,1311,0,0,5,9
35013001807,722,420,59,232,6,0,0,5,0,46,665,0,0,2,9
35013001808,1662,903,197,529,16,0,0,15,0,148,1469,0,8,11,26
35013001809,1059,421,309,313,4,3,0,5,0,391,618,2,7,4,37
35013001810,2017,827,486,657,19,8,0,12,0,551,1379,6,5,9,67
35013001811,1057,565,187,286,8,4,0,3,0,161,868,0,4,2,22
35013001812,1392,753,179,439,6,1,0,11,0,167,1201,3,0,3,18
35013001813,1210,680,156,354,10,2,0,7,0,107,1077,1,0,4,21
35013001814,1409,660,398,329,9,3,0,7,0,376,956,0,5,9,63
35013001900,246,58,113,68,5,0,0,0,0,171,28,14,8,2,23
35053940000,19,16,1,2,0,0,0,0,0,2,13,0,0,0,4
35053978100,2297,977,901,379,16,5,0,9,0,1100,1046,6,12,11,122
35053978200,2600,1242,886,432,12,5,0,12,0,1086,842,4,15,163,490
35053978301,2289,1090,746,414,18,4,0,6,0,1080,1029,2,21,30,127
35053978302,2341,1005,868,419,25,9,0,5,0,1318,775,11,15,33,189
35053978303,1704,835,578,265,10,4,0,5,0,631,951,0,19,18,85
35003976401,1262,300,758,192,6,0,0,3,0,943,214,0,4,6,95
35003976402,286,59,181,40,4,1,0,0,0,227,18,0,2,1,38
35049000102,1776,1186,238,329,13,5,0,2,0,1287,204,4,20,38,223
35049000103,1754,1242,207,285,12,5,0,1,0,1220,288,5,29,49,163
35049000201,1223,834,155,218,8,2,0,2,0,852,183,6,24,20,138
35049000202,2225,1681,169,348,12,7,0,3,0,1343,573,7,35,41,226
35049000300,1093,807,55,209,6,11,0,1,0,633,314,0,17,24,105
35049000400,590,414,73,94,5,1,0,1,0,417,91,5,8,15,54
35049000500,1894,1382,158,330,8,10,0,2,0,1268,319,1,39,42,225
35049000600,1854,1352,135,344,8,12,0,0,0,1247,341,5,27,42,192
35049000700,1550,1101,136,276,11,18,0,5,0,825,503,14,19,17,172
35049000800,2248,1692,161,350,15,22,0,3,0,1187,790,4,30,34,203
35049000900,2574,1921,221,393,11,15,0,5,0,1281,971,6,47,38,231
35049001001,1555,1114,180,245,6,9,0,1,0,1023,299,3,25,38,167
35049001002,1799,1229,143,397,6,16,0,4,0,906,691,2,22,33,145
35049001102,2411,1671,256,444,20,11,0,4,0,1494,543,6,46,51,271
35049001103,1219,807,119,275,6,7,0,2,0,576,499,3,32,18,91
35049001105,1665,1165,218,258,14,7,0,2,0,912,569,6,15,17,146
35049001106,2022,1403,263,331,6,5,0,6,0,896,941,1,26,31,127
35049001107,3460,2442,393,577,14,23,0,2,0,1606,1516,4,33,47,254
35049001202,2456,1553,322,526,27,12,0,10,0,892,1368,2,21,31,142
35049001203,1105,738,135,209,9,5,0,3,0,444,567,0,4,13,77
35049001205,1632,1009,194,401,9,6,0,7,0,366,1165,1,10,14,76
35049001206,1515,943,200,348,13,5,0,1,0,422,973,9,20,12,79
35049001207,1282,835,177,248,12,6,0,2,0,355,847,2,7,11,60
35049001301,858,557,134,154,4,2,0,1,0,382,386,0,9,20,61
35049001302,956,556,111,272,7,6,0,1,0,264,612,1,14,6,59
35049001304,436,257,71,99,2,4,0,1,0,89,325,0,1,4,17
35049001305,2752,1760,376,564,29,10,0,8,0,1094,1346,5,83,54,170
35049001306,930,570,98,250,4,4,0,3,0,288,554,3,13,14,58
35049010102,3545,2548,485,460,18,13,0,16,0,672,2646,2,89,37,99
35049010204,1819,1181,289,337,2,3,0,0,0,1268,212,2,42,53,242
35049010205,715,492,75,138,4,4,0,1,0,448,179,1,6,21,60
35049010304,3020,1934,476,573,16,10,0,4,0,1624,1016,4,29,36,311
35049010308,1146,714,159,246,9,8,0,3,0,459,620,0,9,5,53
35049010309,1468,967,154,317,17,10,0,3,0,1061,184,8,13,25,177
35049010310,811,256,405,134,9,3,0,1,0,589,152,0,9,5,56
35049010311,3135,825,1542,683,57,6,1,5,0,2352,478,10,29,34,232
35049010312,3135,852,1509,689,43,15,0,7,0,2192,647,6,21,28,241
35049010315,1968,1373,267,302,13,4,0,4,0,1112,622,3,35,38,158
35049010316,1369,958,210,186,10,1,0,1,0,789,440,10,14,21,95
35049010317,704,421,136,137,5,4,0,0,0,399,220,2,17,13,53
35049010318,1118,707,189,206,9,2,0,3,0,521,470,5,26,15,81
35049010400,2471,1757,258,436,8,10,0,0,0,1771,283,1,36,55,325
35049010500,1446,1039,134,248,9,12,0,2,0,998,265,2,17,13,151
35049010601,3790,2385,605,739,29,6,0,13,0,2069,1236,9,92,73,311
35049010602,2700,1910,314,438,16,18,0,1,0,2049,259,3,35,52,302
35049010603,1668,1016,303,317,18,7,0,3,0,946,522,0,18,21,161
35049010701,3213,2167,433,562,24,15,0,3,0,2403,339,2,45,51,373
35049010702,1340,882,160,275,6,6,0,7,0,947,199,4,18,16,156
35049010800,2137,1342,344,407,25,10,0,7,0,1274,613,8,33,27,182
35049010900,2089,1217,437,407,17,3,0,3,0,1113,750,0,21,27,178
35049940300,849,566,127,144,4,4,0,1,0,212,583,0,5,8,41
35049940400,1379,952,149,254,11,6,0,2,0,581,630,12,11,8,137
35049940500,918,630,138,141,7,2,0,0,0,293,561,0,8,7,49
35049940600,1875,1220,298,326,8,9,0,10,0,585,1146,1,10,18,115
35049940900,4421,3146,536,669,24,16,0,23,0,720,3413,6,54,43,185
35049980000,20,6,10,4,0,0,0,0,0,5,15,0,0,0,0
35049980200,14,9,0,5,0,0,0,0,0,10,1,0,0,0,3
35006941500,1150,820,85,228,4,2,2,6,0,373,438,3,13,97,226
35006945800,109,59,24,23,0,2,1,0,0,87,5,1,1,3,12
35006946100,1356,889,145,304,4,2,3,1,0,553,375,1,19,165,243
35006974201,2326,1182,610,488,12,4,0,13,0,987,1087,5,36,30,181
35006974202,1947,1046,541,316,11,6,0,15,0,836,942,1,7,28,133
35006974401,630,339,169,110,7,1,0,1,0,236,343,5,2,3,41
35006974402,1085,615,282,167,7,2,0,5,0,489,504,4,4,12,72
35006974701,2242,911,917,368,23,6,1,10,0,1323,751,0,7,26,135
35006974702,696,469,156,63,3,1,0,2,0,175,463,1,7,8,42
35041000100,2378,653,1133,535,32,4,0,12,0,1558,639,22,30,20,109
35041000200,1479,587,488,368,18,6,0,8,0,512,893,5,7,4,58
35041000300,2181,548,1036,528,36,6,0,15,0,1459,536,7,14,17,148
35041000401,1524,273,977,253,11,1,0,4,0,1059,360,0,2,4,99
35041000402,2072,345,1406,279,22,0,0,17,0,1554,372,0,10,6,130
35055940000,1502,1095,197,193,2,7,0,8,0,250,1174,2,11,6,59
35055940101,2537,1822,252,421,14,18,0,5,0,1265,941,1,24,42,264
35055940102,2907,2081,316,452,15,21,0,8,0,1577,1036,3,18,30,243
35055952101,2089,1524,249,275,16,21,0,1,0,1156,719,4,29,21,160
35055952102,2520,1458,625,390,25,13,0,6,0,1188,1157,0,18,23,134
35055952300,1879,1247,242,345,14,24,1,4,0,965,746,3,11,13,141
35055952601,3515,2480,412,560,29,25,0,4,0,1547,1581,5,45,54,283
35055952602,2392,1711,304,340,14,14,0,3,0,1007,1166,0,23,24,172
35055952701,1820,1296,219,285,6,3,0,3,0,946,674,3,24,22,151
35055952702,2697,1890,397,367,17,16,0,7,0,900,1621,2,22,16,136
35037958601,1628,650,666,293,14,0,0,2,0,857,624,13,25,12,97
35037958602,1542,710,484,324,10,3,0,6,0,667,773,8,11,5,78
35037958900,2098,504,1329,247,10,0,0,6,0,1607,312,2,10,15,152
35023970000,1255,419,670,147,11,0,1,3,0,901,281,1,5,5,62
35023970200,1551,1138,223,173,8,0,0,4,0,415,1076,2,8,5,45
35009000100,1484,724,272,460,9,0,0,12,0,414,876,125,8,11,50
35009000201,2025,594,920,481,17,3,0,7,0,1256,607,40,14,11,97
35009000202,1682,691,516,433,17,4,0,15,0,715,825,61,4,7,70
35009000303,2126,401,1288,397,26,2,0,4,0,1522,413,15,26,19,131
35009000305,1876,462,947,420,23,3,0,14,0,1213,468,36,13,16,130
35009000306,1942,596,913,396,22,4,1,6,0,1278,483,36,15,13,117
35009000307,1688,307,1064,300,15,1,0,1,0,1274,259,17,20,18,100
35009000308,2241,455,1408,354,13,1,0,3,0,1632,359,21,43,28,158
35009000400,1412,489,452,434,17,3,0,9,0,622,669,24,18,5,74
35009000500,874,308,301,251,7,4,0,1,0,367,459,3,3,7,35
35009000601,673,103,452,106,6,0,0,1,0,533,77,0,5,3,55
35009000602,2002,349,1240,376,22,6,1,3,0,1492,321,13,20,14,142
35009000603,1663,379,906,349,14,2,0,6,0,1038,531,6,9,4,75
35009000900,225,51,74,82,15,1,0,1,0,105,39,57,4,0,20
35051962200,2242,818,843,535,21,4,0,10,0,1517,531,5,6,11,172
35051962300,2172,764,913,459,18,7,0,5,0,1572,405,8,16,10,161
35051962401,1718,430,971,295,9,4,0,4,0,1285,273,1,11,14,134
35051962402,1386,411,681,264,14,4,0,4,0,987,265,0,4,13,117
35027960200,1266,233,821,199,9,1,0,1,0,808,353,5,6,14,80
35027960300,2208,395,1388,389,24,3,0,2,0,1686,325,0,20,15,162
35027960401,1181,287,669,209,7,1,0,3,0,668,444,0,5,6,58
35027960402,766,175,447,130,7,2,0,2,0,627,68,1,10,3,57
35027960403,2045,437,1147,435,15,0,0,5,0,1375,516,1,11,8,134
35027960601,1136,278,576,259,16,2,0,4,0,826,191,1,4,17,97
35027960602,1283,330,660,264,16,2,0,5,0,935,230,0,11,12,95
35027960603,1479,334,856,271,9,2,0,1,0,1161,189,2,12,11,104
35027960800,1266,387,584,264,20,4,0,7,0,859,288,1,23,10,85
35043010503,1898,1119,414,333,11,6,1,9,0,604,1171,0,9,18,96
35043010601,3524,1706,1116,645,31,7,1,6,0,2366,769,5,42,38,304
35043010602,3625,1742,1163,675,27,7,2,1,0,2413,758,9,53,69,323
35043010702,5447,2133,2146,1065,62,15,0,6,0,3487,1323,35,53,72,477
35043010705,4130,1506,1639,910,42,9,2,12,0,2465,1220,30,31,43,341
35043010712,3274,1207,1190,792,47,15,1,9,0,1880,1072,14,36,46,226
35043010713,3271,1297,1081,800,48,13,1,19,0,1795,1174,14,17,50,221
35043010714,3118,1109,1273,689,23,5,3,7,0,1966,798,20,40,56,238
35043010715,2704,1012,1035,590,42,5,0,12,0,1675,728,18,29,27,227
35043010719,2865,1053,1140,619,29,7,1,9,0,1683,915,4,29,40,194
35043010721,2799,1129,903,692,40,10,0,10,0,1506,1023,23,25,20,202
35043010722,3337,1166,1298,797,45,3,0,8,0,1835,1170,21,26,52,233
35043010724,1254,534,425,272,12,6,1,1,0,656,460,4,8,20,106
35043010725,4932,1908,1778,1159,48,11,0,11,0,2517,1883,22,61,64,385
35043010726,3578,1214,1542,770,31,4,0,3,0,2180,1035,7,40,44,272
35043010727,2244,939,757,507,20,3,0,11,0,1166,775,21,31,43,208
35043010728,2119,734,924,421,21,9,0,8,0,1320,532,7,33,31,196
35043010729,4945,1767,1906,1158,70,14,0,12,0,2909,1496,22,57,61,400
35043010730,1314,473,534,282,14,1,0,7,0,727,455,3,13,9,107
35043010731,5067,1909,1953,1107,57,10,0,15,0,2816,1578,51,170,65,387
35043010732,4007,1610,1425,895,47,10,1,6,0,2457,1072,17,44,41,376
35043010733,2918,1080,1024,749,40,8,0,6,0,1621,995,23,25,41,213
35043010734,3268,1213,1185,795,43,7,0,8,0,1830,1057,37,39,43,262
35043010900,3058,1866,639,496,17,7,0,28,0,962,1365,9,26,107,589
35043011101,2807,1428,740,606,18,5,0,2,0,1743,641,4,37,52,330
35043011102,3531,1880,901,700,30,8,1,5,0,2058,972,1,35,98,367
35043011200,1995,1102,527,332,24,6,1,1,0,953,739,2,15,78,208
35043940200,971,672,60,221,6,6,0,5,0,112,605,1,4,92,157
35043940300,0,0,0,0,0,0,0,0,0,0,0,0,0,0,0
35043940500,2144,1324,387,395,11,14,0,6,0,517,1523,2,4,17,81
35043940600,1360,1145,49,163,0,0,0,3,0,220,399,0,41,323,377
35043940700,1329,864,180,265,8,3,1,4,0,269,860,1,8,14,177
35043940900,5,2,1,2,0,0,0,0,0,5,0,0,0,0,0
35043941000,1225,836,143,228,7,4,0,4,0,446,535,4,8,74,158
35043980000,0,0,0,0,0,0,0,0,0,0,0,0,0,0,0
35029000100,2842,1193,1029,574,23,4,0,9,0,1266,1395,9,20,31,121
35029000200,1877,916,567,370,10,0,0,11,0,603,1167,3,7,24,73
35029000300,1087,519,347,205,5,1,0,6,0,403,618,1,3,7,55
35029000401,1566,602,542,391,17,3,0,10,0,712,724,2,7,13,108
35029000402,1371,541,464,336,13,4,0,13,0,759,519,1,5,9,78
35029000500,2054,726,815,462,19,12,0,13,0,1141,722,3,23,29,136
35029000600,921,502,175,225,7,3,0,5,0,209,661,9,1,14,27
35011960100,1169,474,530,156,4,1,0,2,0,729,370,0,3,1,66
35028000100,3036,1335,876,758,53,6,0,1,0,2212,271,3,164,62,324
35028000200,3706,1680,941,998,60,9,0,4,0,2703,397,1,138,86,381
35028000400,2273,1106,554,574,26,5,0,3,0,1555,312,7,86,63,250
35028000500,4538,1666,1616,1153,69,8,0,5,0,3489,443,6,114,69,417
35021000100,517,183,291,41,1,0,0,0,0,266,215,1,1,4,30
35019961600,3120,2313,535,242,14,3,0,6,0,621,2379,0,29,9,82
35045000100,2155,582,956,552,25,7,1,18,0,1206,617,3,26,70,233
35045000201,3235,480,2104,603,29,6,1,5,0,2421,412,4,32,41,325
35045000202,3475,614,2158,650,31,3,0,10,0,2536,464,9,54,70,342
35045000204,1297,292,710,280,7,2,0,3,0,906,236,3,11,38,103
35045000206,1939,483,897,516,20,4,0,13,0,1255,333,5,17,69,260
35045000207,1985,642,698,593,18,6,0,22,0,1173,346,3,18,134,311
35045000301,2704,607,1473,564,33,7,0,9,0,1934,400,2,24,81,263
35045000302,1866,456,930,427,21,10,0,13,0,1322,280,6,13,31,214
35045000401,2855,655,1480,654,32,8,0,15,0,2059,367,4,22,74,329
35045000402,1755,509,686,508,21,7,0,14,0,1091,297,6,26,94,241
35045000503,1642,531,565,503,13,3,0,19,0,977,246,7,25,96,291
35045000504,1227,380,544,275,13,5,0,6,0,834,79,1,11,82,220
35045000506,2320,811,826,623,24,13,0,16,0,1428,233,8,30,193,428
35045000507,3976,1434,1363,1070,41,14,1,43,0,2451,285,17,43,350,830
35045000607,1525,316,791,381,21,5,0,8,0,934,371,4,11,71,134
35045000609,815,163,479,153,7,3,0,6,0,579,146,0,10,19,61
35045000610,2499,510,1431,492,46,7,0,6,0,1885,395,0,17,32,170
35045000611,2122,305,1394,380,25,2,0,7,0,1699,212,0,7,11,193
35045000612,973,195,549,200,14,1,0,9,0,700,168,2,9,11,83
35045000613,2375,338,1529,450,32,4,2,12,0,1760,399,0,13,19,184
35045000614,1416,272,781,326,25,2,0,7,0,965,253,3,14,36,145
35045000615,1580,317,859,371,14,3,0,12,0,1044,302,5,12,48,169
35045000702,658,108,427,106,9,3,0,2,0,468,143,0,4,4,39
35045000705,2550,753,1176,565,31,5,0,15,0,1457,578,9,18,116,372
35045000706,1383,332,753,276,11,1,0,5,0,761,522,0,5,11,84
35045000707,1796,415,925,411,17,4,0,15,0,1095,454,2,14,48,183
35045000708,2027,443,1079,475,15,3,0,6,0,1211,574,5,12,35,190
35045000900,1176,200,757,197,14,3,0,3,0,790,288,3,0,10,85
35045942801,0,0,0,0,0,0,0,0,0,0,0,0,0,0,0
35045942802,0,0,0,0,0,0,0,0,0,0,0,0,0,0,0
35045942803,4,3,0,1,0,0,0,0,0,2,0,0,0,0,2
35045942900,6122,3355,1019,1641,26,17,0,51,0,3648,230,41,78,870,1255
35045943000,3,0,2,1,0,0,0,0,0,2,1,0,0,0,0
35045943100,936,497,206,207,4,5,0,14,0,535,51,11,17,112,210
35045943201,1410,600,428,354,12,5,0,9,0,741,322,2,16,95,234
35045943300,1316,193,863,225,18,9,0,5,0,1052,124,1,9,13,117
35001000107,2047,786,815,415,18,4,0,2,0,1501,248,5,24,48,221
35001000108,1742,707,624,370,21,4,0,5,0,1152,312,7,57,41,173
35001000109,1672,658,665,319,14,4,0,7,0,1169,280,8,46,26,143
35001000110,2182,908,733,488,29,6,0,9,0,1427,461,17,39,29,209
35001000111,1926,673,800,409,28,3,0,4,0,1264,379,12,51,28,192
35001000112,1580,678,516,357,17,4,0,2,0,1127,215,6,35,27,170
35001000113,1859,779,619,411,24,13,0,2,0,1178,433,28,29,38,153
35001000114,1970,908,536,465,28,13,0,10,0,1138,593,7,42,23,167
35001000115,1846,865,497,430,33,6,0,7,0,1147,483,17,17,27,155
35001000116,2017,809,717,453,24,5,0,2,0,1329,469,14,32,56,117
35001000117,1660,666,632,330,22,2,0,3,0,1047,385,10,59,35,124
35001000118,1567,740,501,293,20,6,0,3,0,1059,326,17,18,25,122
35001000119,1392,648,487,232,17,5,0,3,0,931,300,10,25,20,106
35001000120,1626,745,488,344,26,8,0,8,0,988,449,5,24,18,142
35001000121,3602,1726,1012,788,34,16,0,11,0,2200,910,26,74,54,338
35001000122,2860,1318,932,565,28,6,0,3,0,1774,686,6,113,47,234
35001000123,3283,1474,1062,677,33,14,0,11,0,1882,1038,17,75,34,237
35001000124,1817,939,413,410,28,8,0,7,0,1055,551,21,24,24,142
35001000125,3206,1274,1222,668,26,3,0,6,0,2148,551,10,147,75,275
35001000126,1740,732,628,331,22,7,2,5,0,1137,384,8,28,41,142
35001000127,1871,832,587,399,24,8,0,13,0,1071,574,10,46,21,149
35001000128,1818,854,504,420,16,7,0,8,0,976,651,17,28,32,114
35001000129,2247,976,712,502,27,9,1,7,0,1361,574,12,61,46,193
35001000203,1223,598,330,255,24,7,0,6,0,793,274,10,20,23,103
35001000204,1737,887,444,365,22,6,0,9,0,922,626,18,28,26,117
35001000205,1790,935,417,406,15,8,0,6,0,870,733,9,22,33,123
35001000206,2099,1100,557,389,32,3,0,10,0,1227,659,9,24,18,162
35001000207,2237,1123,608,455,25,6,0,11,0,1176,795,13,52,35,166
35001000208,1837,947,398,432,23,14,1,9,0,829,789,11,53,23,132
35001000300,4187,2807,564,743,28,26,1,7,0,2700,747,22,102,80,536
35001000401,2905,1758,561,546,22,11,2,3,0,1738,683,14,100,82,288
35001000402,2553,1656,405,440,18,23,0,7,0,1635,521,13,65,49,270
35001000501,1495,864,265,326,18,10,0,9,0,857,385,21,51,39,142
35001000503,2304,1526,301,436,19,10,0,6,0,1541,411,10,51,41,250
35001000504,807,542,99,149,8,3,0,2,0,508,168,7,18,28,78
35001000601,2490,1340,612,487,21,13,0,6,0,1524,629,17,64,42,214
35001000603,1436,769,242,376,20,5,0,16,0,535,721,16,21,34,109
35001000605,1408,750,232,388,16,10,0,4,0,578,648,18,33,26,105
35001000704,2227,1050,608,524,28,6,0,1,0,1166,783,28,53,35,162
35001000711,3067,1288,1084,634,33,13,1,7,0,2045,599,19,99,61,244
35001000712,2116,950,623,491,22,11,0,11,0,1193,629,25,70,54,145
35001000713,2389,1134,627,564,24,9,0,17,0,1310,753,34,33,52,207
35001000714,2346,1003,750,545,21,7,0,7,0,1159,717,15,266,36,153
35001000715,524,248,127,130,7,5,0,4,0,225,243,1,12,9,34
35001000716,1979,1000,427,515,19,7,0,7,0,792,921,27,36,39,164
35001000717,753,348,166,219,6,3,0,7,0,389,244,16,15,18,71
35001000718,2163,969,610,533,26,6,0,7,0,1199,653,8,85,40,178
35001000719,1941,698,691,517,26,1,0,4,0,1106,395,7,204,66,163
35001000720,3644,1301,1573,700,43,7,0,5,0,2566,603,8,87,65,315
35001000904,1999,1049,444,457,14,13,0,11,0,1022,663,29,83,27,175
35001000905,1034,591,149,263,14,4,0,6,0,512,386,21,22,19,74
35001000906,1270,688,208,330,21,9,0,9,0,638,402,71,19,34,106
35001000907,790,407,157,199,10,3,0,11,0,301,413,3,10,12,51
35001000908,925,423,147,329,11,3,0,6,0,303,482,13,34,17,76
35001001101,3347,2266,453,572,27,20,2,3,0,2290,582,19,74,62,320
35001001102,1637,1074,205,330,14,9,0,2,0,1070,321,16,33,27,170
35001001201,1940,1194,222,474,18,19,0,8,0,1077,594,40,31,51,147
35001001202,1435,849,182,366,15,7,0,10,0,488,634,178,28,27,80
35001001300,1893,1166,235,464,10,3,0,6,0,300,1473,32,6,8,74
35001001400,1190,799,128,243,8,3,0,6,0,369,726,6,4,19,66
35001001500,1599,1039,158,360,13,16,0,9,0,713,675,30,30,19,132
35001001701,1691,1192,168,292,19,10,0,5,0,1202,230,8,29,34,188
35001001702,1522,912,171,378,32,13,0,6,0,936,356,11,28,28,163
35001001800,493,254,99,130,8,1,0,0,0,276,143,4,9,15,46
35001002000,1083,673,123,254,13,9,0,7,0,368,606,12,5,17,75
35001002100,964,571,124,228,16,9,0,8,0,525,295,6,11,27,100
35001002200,2288,1522,330,404,17,8,0,4,0,1377,632,5,42,32,200
35001002301,794,433,126,210,7,1,0,14,0,147,618,2,4,4,19
35001002302,1822,1120,293,379,11,5,0,10,0,376,1354,13,6,9,64
35001002303,1382,832,239,292,6,4,0,6,0,279,1034,3,5,10,51
35001002401,2981,1806,592,534,20,10,0,13,0,697,2121,14,23,21,105
35001002403,1752,982,312,421,10,8,0,11,0,400,1263,3,15,12,59
35001002404,1776,1075,249,423,11,4,0,9,0,276,1402,7,14,19,58
35001002700,2454,1642,305,458,24,10,0,8,0,1261,897,20,43,36,197
35001002900,2304,1389,341,516,27,17,0,7,0,977,1128,2,19,34,144
35001003001,2957,1841,520,540,23,11,0,12,0,1376,1287,10,34,43,207
35001003002,2922,1861,523,494,22,11,0,6,0,1392,1215,4,45,38,228
35001003100,2322,1419,465,400,23,11,0,2,0,1269,806,3,26,32,186
35001003201,1960,1197,373,348,17,10,0,5,0,771,1029,2,12,26,120
35001003202,3386,2004,634,684,21,14,0,16,0,1182,1960,5,29,34,176
35001003400,1802,841,451,456,27,5,0,13,0,978,578,16,22,28,180
35001003501,3367,1866,821,628,25,11,0,7,0,1458,1621,5,27,37,219
35001003502,3978,2109,1146,668,26,14,0,11,0,2341,1195,4,65,61,312
35001003600,4146,2057,1250,765,40,11,0,15,0,1960,1810,4,47,57,268
35001003707,2985,1236,1047,640,36,10,0,8,0,1843,743,17,64,64,254
35001003712,3594,1355,1444,730,37,9,0,8,0,2403,777,6,74,61,273
35001003715,3177,1201,1299,640,27,3,0,3,0,2260,439,7,82,75,314
35001003717,3464,1373,1379,651,33,8,0,9,0,2319,654,19,62,80,330
35001003718,1695,725,615,321,24,5,0,1,0,1108,337,11,46,46,147
35001003719,3452,1433,1239,711,34,14,0,6,0,2334,650,10,69,61,328
35001003722,3877,1453,1427,935,30,5,0,10,0,2087,891,19,352,192,336
35001003723,3619,1649,1116,782,40,14,0,6,0,2065,1066,11,76,72,329
35001003724,2762,1174,997,540,32,5,0,5,0,1751,643,27,56,37,248
35001003725,2753,1204,945,545,33,10,0,8,0,1662,783,11,58,37,202
35001003726,1771,517,850,386,12,2,0,0,0,1157,241,10,132,65,166
35001003728,2734,1202,870,608,39,7,0,1,0,1811,578,11,58,57,219
35001003729,1517,508,726,257,17,3,0,0,0,997,236,1,70,38,175
35001003730,3577,1267,1520,749,23,4,0,3,0,2396,567,11,199,104,300
35001003731,3070,894,1586,558,20,5,0,3,0,2093,444,1,154,97,281
35001003733,960,486,162,282,9,5,0,8,0,457,327,17,15,34,110
35001003736,1457,628,412,383,19,2,0,4,0,751,497,7,31,48,123
35001003737,2096,826,814,427,17,6,0,2,0,1522,286,2,59,38,189
35001003738,2982,1306,912,701,36,10,1,3,0,2023,523,14,69,74,279
35001003739,1406,595,516,268,15,6,0,1,0,883,357,7,14,21,124
35001003740,2262,1105,534,565,25,14,0,9,0,1278,664,31,38,46,205
35001003741,1628,620,656,326,14,5,0,2,0,1203,146,2,57,37,183
35001003742,3659,1421,1435,749,38,6,0,3,0,2588,464,3,109,114,381
35001003743,4123,1425,1680,954,36,4,0,2,0,2575,646,13,333,163,393
35001003744,1078,326,512,231,7,0,0,1,0,665,184,0,74,30,125
35001003745,820,385,263,151,12,2,0,5,0,437,301,3,9,11,59
35001003746,3113,1406,1017,643,27,3,0,10,0,1560,1171,9,110,48,215
35001003803,2755,1025,1132,557,26,7,1,3,0,2088,362,7,20,33,245
35001003804,4147,1287,1867,861,74,21,1,9,0,3037,664,2,37,57,350
35001003805,1524,645,518,325,22,5,0,3,0,997,320,1,17,16,173
35001003806,2666,890,1135,563,56,9,0,3,0,1875,506,0,19,36,230
35001003807,3019,1166,1092,659,54,22,0,8,0,2086,632,5,19,38,239
35001004001,2574,1326,602,597,20,7,0,11,0,919,1517,8,20,15,95
35001004300,2388,1470,390,476,15,8,1,15,0,623,1615,14,17,21,98
35001004401,1588,927,308,333,11,3,0,3,0,238,1296,1,4,6,43
35001004402,2186,1215,489,458,10,2,0,9,0,519,1575,2,11,7,72
35001004501,1438,843,205,368,6,3,0,10,0,296,1074,2,6,14,46
35001004502,1835,1039,362,398,15,4,0,8,0,341,1365,0,14,22,93
35001004602,2545,1325,707,478,12,5,0,11,0,805,1607,2,8,18,105
35001004603,1990,1135,455,366,12,6,0,9,0,560,1337,2,1,9,81
35001004604,2949,1533,766,607,13,7,0,13,0,793,2023,2,10,9,112
35001004712,2990,1576,583,772,15,10,0,17,0,746,2029,25,17,37,136
35001004713,3217,1777,566,815,20,9,0,17,0,656,2390,14,19,27,111
35001004715,1963,964,435,534,16,6,0,5,0,465,1418,1,6,12,61
35001004716,1313,599,352,311,27,8,0,8,0,752,381,11,29,19,121
35001004720,2277,921,856,463,17,4,0,7,0,1341,670,14,29,35,188
35001004722,2979,1343,940,638,34,9,1,5,0,1635,986,19,30,38,271
35001004723,4893,1988,1858,959,48,12,0,9,0,2623,1703,16,108,86,357
35001004724,2288,1004,821,429,22,7,0,3,0,1186,876,4,32,25,165
35001004725,2399,1140,745,482,17,5,0,6,0,1166,1037,11,29,24,132
35001004726,1571,759,458,324,14,3,0,4,0,766,660,3,14,31,97
35001004727,1404,611,506,262,12,5,0,4,0,697,573,10,12,14,98
35001004728,3381,1602,1048,672,41,10,0,3,0,1642,1365,21,50,66,237
35001004729,2901,1483,828,539,27,10,0,4,0,1403,1191,11,49,44,203
35001004733,3158,1676,550,863,27,11,0,19,0,635,2370,10,17,25,101
35001004734,2386,1289,341,712,11,5,0,15,0,404,1883,5,5,16,73
35001004735,714,354,132,219,5,1,0,0,0,119,570,0,0,1,24
35001004736,316,158,42,107,3,0,0,4,0,71,217,2,3,8,15
35001004737,3472,1755,760,885,29,13,0,18,0,1042,2130,21,36,56,187
35001004738,2418,1283,450,640,19,2,0,13,0,619,1623,15,26,32,103
35001004739,2573,1377,443,701,22,10,0,11,0,582,1812,25,23,30,101
35001004742,3914,2021,991,798,58,9,0,15,0,1624,1914,28,37,61,250
35001004743,2039,951,593,453,22,6,0,5,0,749,1020,28,70,36,136
35001004744,4678,2214,1411,984,50,3,0,9,0,2164,1979,43,82,101,309
35001004745,3839,1624,1359,787,32,4,0,13,0,2011,1402,48,48,84,246
35001004747,2882,1190,964,654,29,15,1,12,0,1468,1131,25,38,43,177
35001004749,1870,969,408,454,17,8,0,7,0,778,877,26,21,33,135
35001004750,3523,1823,902,723,36,8,0,14,0,1372,1794,41,69,56,191
35001004752,2191,934,726,472,37,6,0,2,0,1159,712,25,50,68,177
35001004753,2492,1031,894,520,24,3,0,4,0,1271,856,24,69,59,213
35001004754,2540,1047,865,566,30,6,0,15,0,1292,935,34,34,51,194
35001004755,2443,1102,751,540,28,7,0,8,0,1228,939,30,33,49,164
35001004756,2570,1027,964,535,33,5,0,3,0,1386,907,20,46,25,186
35001004757,2885,1144,1009,675,35,2,0,5,0,1517,1053,24,25,37,229
35001004758,2407,964,877,511,29,6,0,9,0,1266,910,14,29,39,149
35001004759,1463,699,330,400,11,5,0,12,0,378,964,16,19,25,61
35001004760,1405,741,283,355,8,3,0,9,0,414,871,11,6,31,72
35001004761,1063,574,233,239,9,2,0,3,0,271,730,14,11,6,31
35001004762,2418,1352,428,597,23,9,0,6,0,544,1702,18,18,31,105
35001004763,2559,1087,888,533,23,8,0,12,0,1356,890,20,39,52,202
35001004764,1738,745,569,383,26,6,0,4,0,901,589,21,35,45,147
35001004800,2336,1523,372,395,23,11,0,5,0,1068,1057,7,28,34,142
35001004900,1850,1181,196,421,21,20,0,6,0,1165,395,10,42,44,194
35001940500,2360,1015,812,494,26,6,0,0,0,1728,231,4,54,53,290
35001940601,5916,2374,2193,1241,55,11,0,18,0,2922,2279,46,137,110,422
35001940602,133,45,56,29,1,0,0,1,0,85,31,2,0,1,14
35001940700,686,361,107,210,3,0,0,0,0,107,399,0,7,64,109
35001940800,0,0,0,0,0,0,0,0,0,0,0,0,0,0,0
35001980000,781,206,288,261,19,1,0,3,0,521,127,31,12,9,81
35001980300,2,0,2,0,0,0,0,0,0,0,1,0,0,0,1
35001980500,0,0,0,0,0,0,0,0,0,0,0,0,0,0,0
35001980600,4,0,4,0,0,0,0,0,0,2,0,0,0,0,2
35057963201,2488,725,1159,539,31,13,0,7,0,1655,619,1,12,15,186
35057963202,1565,504,745,278,22,4,0,5,0,936,513,3,5,10,98
35057963601,4501,1908,1778,745,29,10,0,16,0,2179,1731,7,19,83,482
35057963700,1521,515,730,257,10,3,0,4,0,816,595,1,9,6,94
35057980000,0,0,0,0,0,0,0,0,0,0,0,0,0,0,0
