GEOID20,total_reg,party_dem,party_npp,party_rep,party_lib,party_grn,party_oth,party_unk,eth1_eur,eth1_hisp,eth1_aa,eth1_esa,eth1_oth,eth1_unk
41043020101,5093,1193,1534,2035,41,8,21,0,4152,300,0,76,34,531
41043020102,2182,586,823,610,19,2,20,0,1706,212,3,28,26,207
41043020103,2202,523,783,741,19,1,12,0,1768,183,2,42,20,187
41043020200,1480,424,464,473,13,5,15,0,1227,78,0,26,14,135
41043020300,5762,1975,1726,1637,55,12,41,0,4693,330,5,112,84,538
41043020400,3500,976,1494,734,42,15,38,0,2856,254,12,36,30,312
41043020500,2986,809,1065,895,26,9,25,0,2366,264,6,39,32,279
41043020601,3250,1024,847,1160,21,7,22,0,2686,176,2,38,31,317
41043020602,3597,1068,1260,970,26,9,39,0,2786,347,3,53,42,366
41043020700,4262,1166,1631,1170,43,11,21,0,3466,353,12,37,45,349
41043020801,1801,439,791,419,22,5,17,0,1413,179,5,21,22,161
41043020802,3989,1061,1782,852,47,6,31,0,3041,452,13,43,59,381
41043030100,5150,1011,1620,2214,35,5,23,0,4366,193,3,36,48,504
41043030201,2803,591,952,1035,19,10,25,0,2400,123,1,29,21,229
41043030202,2807,504,888,1210,15,6,17,0,2407,96,2,19,21,262
41043030300,2083,400,652,877,11,6,15,0,1826,66,0,12,20,159
41043030401,5347,995,2015,1974,38,15,36,0,4583,226,3,33,43,459
41043030403,2465,484,955,826,15,10,19,0,2125,111,0,11,18,200
41043030404,3394,661,1257,1237,28,12,32,0,2946,123,1,28,24,272
41043030500,3607,799,1000,1572,29,6,20,0,3181,96,2,24,42,262
41043030600,5003,904,1686,2071,30,3,25,0,4268,253,4,29,43,406
41043030700,3848,1092,1082,1395,28,13,17,0,3146,190,13,34,25,440
41043030801,3359,794,1329,984,37,5,28,0,2754,201,2,39,35,328
41043030802,2922,625,1050,1010,30,12,26,0,2465,127,3,30,29,268
41043030903,5384,1242,1915,1789,50,8,36,0,4492,281,4,62,57,488
41043030904,3742,891,1364,1193,28,9,29,0,3130,212,4,63,36,297
41043030905,2827,541,950,1120,19,9,23,0,2407,120,1,17,21,261
41043030906,3537,674,1113,1519,27,6,29,0,3047,126,3,35,24,302
41019010000,1865,531,651,532,9,4,16,0,1586,63,2,20,23,171
41019020000,3128,774,1091,1023,17,11,22,0,2666,135,0,22,30,275
41019030000,3191,665,1062,1234,26,8,21,0,2776,102,8,33,20,252
41019040000,2332,432,775,955,18,4,18,0,2002,82,2,29,17,200
41019050001,4180,809,1252,1825,36,8,24,0,3588,155,0,35,31,371
41019050003,2795,548,1043,986,18,3,20,0,2319,141,1,24,19,291
41019050004,2804,525,929,1112,14,5,33,0,2379,123,4,16,28,254
41019060000,3212,630,818,1559,21,5,13,0,2746,107,1,45,33,280
41019070000,4829,919,1283,2337,33,8,23,0,4195,178,2,40,41,373
41019080001,2625,597,630,1210,27,2,19,0,2228,108,3,37,43,206
41019080002,3757,892,978,1646,29,8,16,0,3173,138,3,71,41,331
41019090001,3932,878,1328,1465,23,3,29,0,3343,186,3,43,36,321
41019090002,902,204,198,433,7,0,5,0,767,43,1,8,5,78
41019100000,2933,512,1173,1033,32,6,22,0,2422,158,0,32,34,287
41019110000,2629,486,693,1295,19,4,16,0,2238,80,1,27,26,257
41019120001,2241,507,829,740,11,5,14,0,1785,137,1,38,24,256
41019120002,3524,747,1451,1058,35,8,35,0,2927,190,3,35,23,346
41019130001,1983,421,856,532,28,8,31,0,1656,107,0,18,10,192
41019130002,2402,642,808,764,25,9,19,0,2015,117,2,23,21,224
41019140000,4180,957,1369,1536,35,5,33,0,3514,199,5,41,45,376
41019150001,3323,636,1189,1233,27,9,29,0,2825,146,0,31,24,297
41019150002,2269,392,850,880,11,1,19,0,1884,126,1,11,22,225
41019160001,2322,387,837,951,15,1,12,0,1982,109,3,24,15,189
41019160002,3911,737,1492,1390,25,4,26,0,3368,155,3,28,32,325
41019170000,3375,613,1145,1351,40,7,28,0,2936,87,2,30,38,282
41019180000,3764,650,1336,1512,27,7,17,0,3185,173,1,30,39,336
41019190000,3793,711,1549,1261,23,6,38,0,3270,162,1,35,29,296
41019200000,3799,665,1458,1389,25,2,31,0,3203,156,4,30,23,383
41019210000,3639,621,1406,1327,34,5,40,0,3083,194,1,31,29,301
41019990000,0,0,0,0,0,0,0,0,0,0,0,0,0,0
41031940000,1500,424,924,80,7,3,17,0,884,172,10,30,42,362
41031960100,1104,176,331,515,12,0,16,0,937,68,0,6,12,81
41031960201,2269,439,1109,548,17,8,24,0,1518,526,0,19,36,170
41031960202,4247,947,1633,1376,40,8,37,0,3152,609,10,46,43,387
41031960301,4087,849,1175,1738,20,5,37,0,3531,110,2,36,26,382
41031960303,558,175,136,213,0,3,0,0,467,17,0,4,14,56
41031960304,1713,258,662,659,14,1,15,0,1318,218,2,8,15,152
41031960305,1397,274,496,526,8,1,13,0,1082,167,3,13,10,122
41033360100,1828,394,730,558,21,7,21,0,1523,71,0,10,19,205
41033360300,4873,911,1669,1929,38,7,42,0,4045,269,5,34,42,478
41033360400,3761,713,1194,1601,36,2,26,0,3172,182,2,40,41,324
41033360500,4459,1092,1591,1410,40,6,43,0,3658,293,3,55,32,418
41033360601,2523,617,1031,691,23,6,25,0,2034,168,3,27,24,267
41033360602,3616,815,1174,1339,25,4,30,0,2983,212,1,53,31,336
41033360701,3469,790,1411,973,34,12,36,0,2833,237,5,37,25,332
41033360703,2350,604,809,756,18,8,24,0,1953,149,3,11,22,212
41033360704,2531,525,985,799,26,8,15,0,2092,145,1,32,28,233
41033360800,4737,957,1551,1884,36,12,35,0,3896,271,1,59,61,449
41033360900,2400,480,870,868,20,4,22,0,2016,121,0,24,33,206
41033361000,4635,879,1527,1901,27,10,54,0,3903,237,4,46,43,402
41033361101,4292,857,1506,1634,21,13,25,0,3496,286,4,28,38,440
41033361102,3207,634,1090,1279,18,7,23,0,2658,213,2,26,31,277
41033361201,3089,612,1130,1106,28,9,33,0,2536,196,2,38,30,287
41033361202,2842,556,1049,1020,29,3,22,0,2335,201,2,27,36,241
41033361301,3600,700,999,1663,12,8,40,0,3007,173,0,48,43,329
41033361302,2982,605,998,1145,25,11,32,0,2458,175,0,31,34,284
41033361400,2629,712,989,739,29,26,26,0,2167,133,0,25,41,263
41033361500,2533,499,1043,784,24,10,40,0,2087,122,3,23,33,265
41033361601,4455,953,1988,1149,36,17,60,0,3682,261,4,42,51,415
41033361602,3348,916,1395,782,27,16,45,0,2767,158,6,35,36,346
41005020101,2079,878,585,479,8,6,4,0,1603,73,0,123,59,221
41005020102,1938,888,457,446,12,5,14,0,1556,62,0,46,52,222
41005020201,3488,1460,866,883,20,4,20,0,2786,115,4,103,81,399
41005020202,2062,893,505,525,10,1,12,0,1584,79,1,107,64,227
41005020302,3113,1315,956,641,21,5,17,0,2348,139,12,192,93,329
41005020303,3545,1559,989,760,18,8,24,0,2626,126,6,233,134,420
41005020304,4080,1700,1220,891,23,11,17,0,2889,175,6,405,166,439
41005020401,4390,1901,1230,946,36,11,26,0,3410,171,3,219,104,483
41005020403,2974,1243,721,811,19,6,11,0,2309,90,5,150,79,341
41005020404,3451,1554,765,908,18,7,17,0,2756,108,1,131,92,363
41005020503,2082,941,548,447,10,5,12,0,1671,68,2,91,49,201
41005020504,5223,2223,1317,1321,26,7,27,0,4171,156,13,185,125,573
41005020505,2282,1047,494,605,10,2,9,0,1829,59,0,85,63,246
41005020506,2495,909,704,696,14,2,21,0,1948,101,3,85,87,271
41005020507,3037,1045,927,851,23,2,12,0,2254,111,12,219,113,328
41005020601,2628,1121,784,547,23,8,17,0,2088,113,3,65,66,293
41005020602,4157,1597,1194,1084,27,4,21,0,3248,160,10,208,113,418
41005020700,3075,1280,786,782,33,5,25,0,2547,103,3,74,56,292
41005020800,3605,1667,1083,554,35,23,40,0,2928,169,16,61,58,373
41005020900,3100,1452,961,465,19,14,23,0,2484,186,16,45,74,295
41005021000,3693,1708,1087,645,30,14,39,0,2891,255,5,75,105,362
41005021100,4584,2007,1429,832,32,17,45,0,3589,276,9,92,114,504
41005021200,3036,1491,863,474,18,13,35,0,2389,177,18,60,53,339
41005021300,4818,2084,1503,874,47,17,37,0,3853,297,12,89,80,487
41005021400,4075,1691,1258,824,26,24,42,0,3202,243,8,72,86,464
41005021500,4063,1793,1069,935,30,11,32,0,3178,185,8,151,102,439
41005021601,4324,1618,1728,627,35,21,53,0,3187,504,18,112,100,403
41005021602,3741,1442,1326,690,33,17,53,0,2775,357,23,122,126,338
41005021700,5110,2067,1631,1021,48,19,42,0,4089,297,8,97,83,536
41005021801,4844,2008,1281,1195,34,14,43,0,3878,219,11,117,89,530
41005021802,3236,1201,1109,660,37,4,43,0,2541,226,14,72,66,317
41005021900,2723,950,967,560,18,13,23,0,2157,199,7,34,42,284
41005022000,5569,2066,1722,1363,34,9,48,0,4461,332,12,92,138,534
41005022101,5321,1891,1744,1300,51,13,43,0,4257,394,20,104,92,454
41005022105,5039,1605,1770,1318,48,5,49,0,3411,340,24,501,226,537
41005022107,2704,880,1128,492,24,4,28,0,1891,272,17,102,89,333
41005022108,2161,696,854,419,26,7,31,0,1648,217,9,37,50,200
41005022109,2393,744,892,612,11,2,15,0,1419,159,5,406,153,251
41005022110,3174,1037,1190,730,22,5,24,0,2015,247,14,511,126,261
41005022201,3268,1123,1409,479,38,12,34,0,2165,457,49,145,112,340
41005022205,3028,1083,978,785,13,4,19,0,2091,169,31,353,95,289
41005022206,5740,1871,2016,1500,40,10,38,0,3543,338,44,872,336,607
41005022207,4706,1508,1557,1331,20,4,35,0,3012,196,3,745,228,522
41005022208,6498,2012,2323,1751,44,6,35,0,4040,322,43,1025,378,690
41005022301,3626,1144,1076,1133,33,5,30,0,2871,180,3,61,120,391
41005022302,5276,1623,1638,1604,52,11,47,0,4292,240,1,107,123,513
41005022400,3390,1251,1165,649,40,16,36,0,2802,169,5,39,59,316
41005022501,2591,990,753,657,21,7,17,0,2143,122,0,39,36,251
41005022502,3179,1020,1246,651,32,5,37,0,2533,201,9,49,60,327
41005022602,3795,1216,1128,1194,36,2,24,0,3095,181,5,84,66,364
41005022603,2840,852,1011,766,23,3,30,0,2203,247,9,40,72,269
41005022605,5520,1689,1877,1516,50,14,53,0,4392,309,12,114,120,573
41005022606,4575,1397,1420,1425,27,9,35,0,3691,226,3,90,69,496
41005022702,5838,1902,1430,2114,40,3,27,0,4670,182,3,253,151,579
41005022707,6101,2081,1901,1613,52,15,31,0,4611,424,10,240,133,683
41005022708,3095,977,967,964,22,2,16,0,2384,245,9,82,58,317
41005022710,1883,577,706,420,23,4,17,0,1404,163,1,52,70,193
41005022800,3837,1228,730,1606,17,7,22,0,3211,138,6,46,64,372
41005022901,3477,946,994,1300,28,1,18,0,2821,223,2,49,38,344
41005022904,2477,707,845,757,18,5,18,0,1902,294,2,36,18,225
41005022905,3446,1010,905,1313,26,3,28,0,2772,241,5,41,51,336
41005022906,2273,655,676,765,24,2,14,0,1797,193,1,32,22,228
41005022907,2611,729,919,786,11,4,16,0,1947,345,5,45,38,231
41005023001,3090,862,899,1083,21,5,23,0,2543,116,5,51,51,324
41005023002,3177,893,930,1126,20,6,33,0,2679,127,1,30,33,307
41005023100,5582,1621,1607,1949,37,11,43,0,4582,186,0,116,123,575
41005023201,4004,1107,1199,1434,23,7,38,0,3047,185,3,184,147,438
41005023202,5940,1704,1933,1884,40,10,38,0,4354,294,12,268,273,739
41005023300,4333,1112,1312,1626,29,5,28,0,3529,173,6,95,95,435
41005023401,3958,995,1208,1444,36,12,50,0,3205,234,0,61,97,361
41005023403,4631,1222,1683,1380,49,11,31,0,3693,271,5,77,79,506
41005023404,5108,1269,1805,1615,63,11,40,0,4187,255,1,68,92,505
41005023500,5128,1395,1681,1678,42,15,57,0,4229,249,5,77,55,513
41005023600,3311,895,999,1185,18,7,30,0,2779,113,3,47,53,316
41005023700,4139,1054,1266,1556,31,16,35,0,3490,117,5,42,92,393
41005023800,5216,1178,1523,2213,38,9,35,0,3972,304,4,48,324,564
41005023901,4120,845,1541,1426,36,9,35,0,3275,343,2,47,71,382
41005023902,4086,841,1595,1357,42,6,42,0,3270,293,0,40,82,401
41005024000,2366,490,725,1000,12,5,22,0,1954,78,3,13,70,248
41005024100,4205,885,1337,1715,29,4,41,0,3552,142,0,30,67,414
41005024200,5922,1458,2171,1793,67,13,63,0,4898,252,4,66,78,624
41005024302,4503,1176,1530,1463,28,10,39,0,3832,161,3,32,47,428
41005024303,3014,971,1046,753,27,19,36,0,2488,154,4,22,34,312
41005024304,2222,706,789,580,23,6,27,0,1859,74,0,24,47,218
41005024401,2366,773,831,596,28,2,15,0,1736,219,2,82,60,267
41005024402,3240,1094,1104,785,33,7,20,0,2443,265,11,120,76,325
41005980000,237,31,175,14,1,1,5,0,166,30,7,6,8,20
41021960100,1522,285,484,643,17,2,12,0,1320,38,0,9,15,140
41067030103,3334,1587,1019,508,43,10,21,0,2391,227,12,178,104,422
41067030104,3047,1483,848,507,22,6,19,0,2158,133,14,239,104,399
41067030105,1950,838,729,261,11,6,3,0,1287,165,20,167,77,234
41067030106,3207,1490,901,592,22,3,10,0,2277,150,11,301,133,335
41067030200,5247,2453,1403,1033,29,8,18,0,3979,255,35,226,101,651
41067030300,3859,1945,900,788,25,13,16,0,3063,145,0,138,90,423
41067030401,3505,1677,972,671,20,8,9,0,2523,275,11,175,112,409
41067030402,3487,1743,902,612,20,11,16,0,2617,180,20,126,94,450
41067030501,4020,2062,1067,648,27,12,16,0,3044,245,12,141,142,436
41067030502,3045,1526,905,427,19,9,12,0,2249,188,23,98,126,361
41067030600,4435,1891,1412,839,37,10,20,0,3349,260,16,181,147,482
41067030700,958,358,358,173,10,3,9,0,695,109,4,42,30,78
41067030801,5010,2065,1666,936,39,12,27,0,3741,409,18,185,122,535
41067030803,4887,1956,1318,1295,34,7,12,0,3727,299,19,249,110,483
41067030805,3027,1269,946,611,28,8,9,0,2392,199,9,75,52,300
41067030806,1940,810,548,459,21,5,8,0,1425,158,2,106,59,190
41067030900,3867,1489,1545,573,36,9,23,0,2626,521,44,134,140,402
41067031005,3463,1444,1237,550,29,6,14,0,2263,508,13,176,167,336
41067031007,2189,907,639,502,15,5,14,0,1637,119,4,137,70,222
41067031008,3360,1511,1069,573,29,12,19,0,2398,314,28,150,121,349
41067031009,3747,1600,1179,755,30,8,19,0,2686,252,8,224,170,407
41067031010,1728,720,462,461,6,2,1,0,1244,91,0,126,69,198
41067031011,2141,887,834,284,21,4,12,0,1409,277,30,88,102,235
41067031012,2197,865,782,395,23,7,14,0,1513,228,10,109,98,239
41067031100,1759,721,693,209,17,8,11,0,1161,281,8,74,65,170
41067031201,1919,855,663,291,14,4,7,0,1298,274,12,104,47,184
41067031202,2372,1012,919,310,13,6,10,0,1542,313,37,187,66,227
41067031301,1906,858,699,233,19,4,13,0,1298,194,14,114,69,217
41067031302,2465,1055,972,276,24,9,13,0,1619,402,10,112,84,238
41067031402,1762,689,778,153,24,7,5,0,1148,268,20,71,71,184
41067031403,3551,1506,1253,573,31,13,15,0,2491,398,11,201,116,334
41067031404,3924,1783,1277,612,36,14,17,0,2756,421,22,219,96,410
41067031504,5061,1939,1696,1128,45,10,29,0,3805,327,11,297,126,495
41067031506,2741,1182,819,557,21,5,8,0,2022,180,2,178,96,263
41067031507,3752,1548,1156,834,25,8,14,0,2634,191,5,365,133,424
41067031509,4467,1572,1967,676,32,9,14,0,2412,381,41,946,206,481
41067031511,2347,943,771,514,14,6,8,0,1573,190,7,245,105,227
41067031514,4812,1851,1615,1086,15,4,15,0,3011,289,23,800,203,486
41067031515,3579,1473,1194,722,7,4,10,0,2262,134,3,726,157,297
41067031516,2582,1068,901,450,23,5,10,0,1798,140,4,290,79,271
41067031517,2750,1045,1035,520,18,7,8,0,1748,229,12,376,120,265
41067031518,2095,790,806,384,12,1,7,0,1285,106,6,369,94,235
41067031519,4733,1795,1777,950,18,2,9,0,2561,198,17,1263,217,477
41067031520,3630,1327,1680,477,17,4,7,0,1454,160,4,1379,265,368
41067031606,4236,1531,1748,675,45,17,13,0,2608,676,75,335,175,367
41067031612,2682,1071,1127,308,25,4,12,0,1623,343,31,265,121,299
41067031614,3414,1204,1430,579,21,10,10,0,1902,526,21,488,142,335
41067031615,3571,1287,1367,711,40,6,11,0,2357,588,8,228,84,306
41067031616,910,317,393,128,5,1,2,0,610,114,5,65,28,88
41067031617,2404,838,1142,252,23,10,6,0,1559,346,25,121,76,277
41067031618,3228,1255,1243,517,32,10,16,0,2092,402,22,280,124,308
41067031619,2502,977,1004,373,30,6,8,0,1375,515,14,269,104,225
41067031620,5631,2204,2199,858,53,23,25,0,3620,672,118,410,216,595
41067031621,2717,1059,968,565,16,1,10,0,1818,206,18,357,61,257
41067031622,1760,697,668,282,15,6,9,0,985,161,22,298,105,189
41067031623,1736,702,746,180,12,6,8,0,1012,266,73,114,78,193
41067031624,2949,1139,1170,462,26,5,15,0,1862,473,20,204,112,278
41067031625,1980,705,879,248,28,6,11,0,1265,263,22,150,67,213
41067031626,954,348,448,82,8,2,4,0,546,143,28,59,82,96
41067031703,3479,1274,1337,663,26,4,26,0,2324,552,15,197,98,293
41067031705,3154,1150,1342,449,31,5,15,0,1908,529,33,224,133,327
41067031706,3315,1193,1479,432,34,13,20,0,1928,590,44,244,194,315
41067031707,3770,1426,1307,823,32,3,11,0,2602,426,35,256,112,339
41067031708,2269,792,908,414,15,4,16,0,1542,365,6,85,54,217
41067031804,4360,1523,1608,960,36,4,12,0,2770,513,13,450,180,434
41067031806,4160,1673,1373,870,26,4,14,0,2784,402,33,271,211,459
41067031807,2789,1258,831,566,18,7,6,0,1984,204,16,188,109,288
41067031813,4816,1925,1592,1020,24,8,12,0,3178,277,16,585,245,515
41067031814,3392,1308,1066,816,27,9,9,0,2202,225,6,398,226,335
41067031816,2984,1190,983,639,27,9,19,0,2106,315,11,180,98,274
41067031817,2597,945,876,636,9,3,12,0,1670,165,15,310,181,256
41067031818,2062,781,828,302,22,6,14,0,1404,251,17,79,85,226
41067031819,1659,603,605,331,10,7,9,0,1053,114,5,200,83,204
41067031820,2318,902,825,445,11,6,3,0,1557,144,17,198,160,242
41067031821,2473,1027,811,505,21,3,5,0,1623,117,14,285,161,273
41067031904,2225,876,636,586,14,0,10,0,1733,158,9,90,51,184
41067031909,4070,1535,1398,881,27,7,18,0,2606,288,18,443,290,425
41067031911,3756,1532,1189,777,31,12,8,0,2712,251,7,251,133,402
41067031912,3391,1324,1036,788,29,11,12,0,2488,252,12,183,95,361
41067031913,1550,586,491,376,18,2,4,0,1067,140,6,121,74,142
41067031914,3795,1537,979,1038,23,2,18,0,3026,246,3,98,78,344
41067031915,3348,1218,1103,816,23,2,16,0,2248,204,12,318,178,388
41067031916,2935,1001,969,772,23,7,9,0,1948,156,23,348,162,298
41067031917,3019,1098,983,763,20,0,9,0,2143,167,7,268,126,308
41067031918,3338,1187,1171,756,24,4,12,0,2166,213,15,389,206,349
41067032001,4112,1503,1270,1041,40,8,14,0,3084,346,18,147,102,415
41067032003,2233,771,966,345,27,1,7,0,1538,375,5,42,56,217
41067032004,1564,617,485,362,15,4,4,0,1207,134,6,37,33,147
41067032005,2404,790,1082,368,28,6,9,0,1598,412,5,63,72,254
41067032104,3737,1207,1192,1079,37,2,15,0,3023,234,4,77,51,348
41067032107,1542,563,439,446,13,3,2,0,1220,112,3,35,22,150
41067032108,3188,1119,974,838,32,5,17,0,2491,271,2,91,55,278
41067032109,2374,808,592,811,13,4,8,0,1803,122,7,92,66,284
41067032110,1642,458,548,516,5,4,7,0,1297,73,2,61,43,166
41067032111,2473,784,739,776,18,5,9,0,2002,132,3,76,46,214
41067032112,5112,1602,1664,1482,55,10,14,0,4012,356,6,135,101,502
41067032201,3267,1031,1088,920,34,2,7,0,2459,222,5,166,81,334
41067032202,3106,886,841,1174,16,10,16,0,2571,141,3,43,43,305
41067032301,1087,332,343,357,7,2,1,0,846,84,0,54,16,87
41067032302,4173,1398,1760,788,25,6,13,0,2444,553,28,481,197,470
41067032404,5338,1883,1833,1285,50,10,14,0,3758,782,14,202,92,490
41067032407,3544,1131,1404,823,30,8,8,0,2330,429,19,349,117,300
41067032409,1969,665,940,255,22,6,9,0,936,825,10,42,35,121
41067032410,2248,741,928,452,26,3,4,0,1365,598,1,80,47,157
41067032411,3219,1141,1167,734,25,6,11,0,2101,315,11,358,110,324
41067032412,2731,878,1087,563,36,4,13,0,1754,509,11,122,65,270
41067032413,1752,676,691,279,17,1,8,0,1102,208,13,176,73,180
41067032414,2767,1080,1089,432,24,13,10,0,1715,295,16,311,110,320
41067032501,1726,539,813,247,19,9,12,0,1086,391,10,47,14,178
41067032502,1832,700,673,328,18,8,7,0,1172,334,20,116,36,154
41067032503,2906,970,981,752,24,3,19,0,1997,469,12,128,49,251
41067032603,5175,1673,1718,1478,46,6,20,0,3893,481,13,196,98,494
41067032604,4233,1501,1636,800,49,12,17,0,2951,744,14,120,77,327
41067032606,3869,1322,1413,906,33,9,13,0,2753,647,8,93,56,312
41067032608,2918,1014,1192,495,33,14,7,0,2052,357,12,113,88,296
41067032609,1506,504,546,359,18,0,5,0,1060,141,4,96,37,168
41067032610,1947,623,763,431,22,2,9,0,1366,305,6,63,42,165
41067032611,1272,544,511,133,10,5,3,0,858,135,10,80,38,151
41067032612,1605,739,492,282,10,3,4,0,1217,109,8,62,34,175
41067032700,4819,1506,1505,1475,46,12,28,0,3694,366,3,161,88,507
41067032800,1071,283,282,457,3,1,4,0,876,45,4,13,15,118
41067032901,3447,1123,1358,767,25,11,11,0,2056,992,5,104,37,253
41067032903,1972,676,782,411,14,2,3,0,1089,721,0,22,25,115
41067032904,2981,961,1283,579,16,5,11,0,1597,1073,9,43,46,213
41067033000,4607,1359,1443,1512,45,9,23,0,3692,323,1,79,55,457
41067033101,2213,773,802,479,24,7,10,0,1693,278,2,30,27,183
41067033102,2008,596,805,458,11,6,11,0,1400,391,1,27,14,175
41067033201,1929,615,832,370,10,6,13,0,1206,532,1,27,15,148
41067033202,1889,577,834,348,18,6,6,0,1177,375,6,102,36,193
41067033301,4655,1443,1731,1152,49,11,9,0,3403,639,9,87,71,446
41067033302,4710,1582,1362,1480,35,5,17,0,3752,356,1,82,69,450
41067033400,2045,525,629,784,15,2,6,0,1742,81,0,24,21,177
41067033500,3102,803,1054,1073,28,3,14,0,2532,168,6,51,47,298
41067033600,1982,580,593,679,31,8,8,0,1662,101,1,37,16,165
41071030101,5175,1453,1424,1874,49,10,29,0,4169,265,7,125,74,535
41071030102,6490,1733,2004,2268,48,12,50,0,5367,331,3,114,77,598
41071030201,3964,1104,1403,1143,43,7,27,0,3177,353,2,48,48,336
41071030202,4358,1235,1716,1055,52,16,37,0,3352,476,2,57,65,406
41071030302,1916,585,499,695,19,3,15,0,1583,78,0,31,25,199
41071030303,3219,885,1059,1063,29,7,14,0,2596,223,0,46,35,319
41071030304,4691,1176,1733,1457,37,9,26,0,3749,482,3,45,61,351
41071030400,6724,1632,2046,2546,83,12,49,0,5712,287,5,73,62,585
41071030501,3586,825,1243,1218,33,14,33,0,3049,174,4,44,27,288
41071030502,3891,799,1571,1213,40,13,32,0,3245,244,0,29,43,330
41071030601,2467,764,807,744,22,2,15,0,1889,310,4,18,24,222
41071030602,5413,1655,1635,1729,51,12,25,0,4296,507,4,94,56,456
41071030702,5296,1552,1931,1434,42,13,50,0,3970,773,2,56,61,434
41071030703,3777,1264,1280,974,35,6,25,0,3013,352,7,45,37,323
41071030704,2992,1110,773,922,12,6,15,0,2388,225,12,40,36,291
41071030801,3707,1177,1480,770,40,10,18,0,2759,549,4,43,40,312
41071030802,2115,691,892,377,16,3,17,0,1599,314,3,15,15,169
41071030900,3472,920,1176,1168,31,11,16,0,2540,534,1,39,37,321
41071031000,3202,730,1091,1149,32,4,18,0,2650,208,3,17,39,285
41035970100,2949,555,1050,1090,20,3,17,0,2591,67,7,14,20,250
41035970201,1759,248,701,678,16,3,12,0,1449,88,2,16,12,192
41035970202,2539,465,1055,845,12,7,20,0,2083,136,3,18,41,258
41035970300,2770,434,893,1245,26,5,19,0,2341,124,7,19,33,246
41035970400,1183,113,378,630,2,1,5,0,997,77,1,8,8,92
41035970500,1357,170,420,695,5,0,4,0,1187,62,1,7,8,92
41035970600,995,102,315,516,3,1,5,0,721,187,0,2,9,76
41035970700,1527,190,451,807,6,1,9,0,1160,198,0,12,8,149
41035970800,1940,230,589,984,13,5,10,0,1625,118,1,19,10,167
41035970901,2216,474,675,919,17,1,6,0,1846,96,4,28,14,228
41035970902,1919,288,772,733,12,5,15,0,1628,114,2,12,14,149
41035971000,2314,316,621,1244,11,5,8,0,1974,72,3,16,25,224
41035971100,4363,729,1472,1818,41,9,13,0,3545,358,11,53,37,359
41035971200,1852,305,834,576,15,2,10,0,1454,197,3,16,20,162
41035971300,4429,802,1524,1841,29,7,26,0,3606,370,6,41,41,365
41035971400,4380,691,1553,1857,30,5,13,0,3533,402,3,29,31,382
41035971500,3196,560,1425,1008,19,6,14,0,2507,342,7,29,21,290
41035971600,2182,459,1078,487,11,1,11,0,1578,382,5,23,17,177
41035971700,2075,495,924,507,22,3,7,0,1586,271,2,16,14,186
41035971800,1887,413,844,464,25,7,11,0,1499,150,5,23,27,183
41035971900,2529,517,1142,674,23,10,19,0,2029,208,11,18,29,234
41035972000,3043,720,991,1125,33,6,7,0,2458,197,1,53,38,296
41059940000,2317,613,980,590,9,5,28,0,1753,124,5,24,64,347
41059950100,3102,454,1263,1171,29,1,41,0,2557,231,0,11,19,284
41059950201,2037,360,1105,422,14,4,26,0,1176,688,1,8,15,149
41059950202,2205,423,1031,621,11,5,29,0,1477,513,3,8,29,175
41059950300,2176,301,718,1030,16,3,18,0,1853,98,2,8,11,204
41059950400,3511,849,1124,1302,22,5,33,0,2967,172,5,34,27,306
41059950500,3458,708,1145,1357,29,5,30,0,2925,185,5,25,26,292
41059950601,2579,529,1208,587,39,11,30,0,2047,233,8,47,24,220
41059950602,2741,571,870,1114,20,2,23,0,2331,116,4,35,19,236
41059950700,1915,327,866,554,20,2,28,0,1625,113,1,7,13,156
41059950800,4152,768,1874,1244,32,5,30,0,2825,980,1,18,25,303
41059950900,2694,453,1321,749,19,1,17,0,1762,724,1,15,17,175
41059951000,3775,774,1712,1066,24,3,22,0,2455,969,4,79,25,243
41059951100,3855,806,1626,1178,28,2,29,0,2712,804,6,43,17,273
41059951201,3257,610,1647,779,31,3,31,0,1921,1052,9,30,19,226
41059951202,2911,498,1273,948,19,2,26,0,2057,552,6,42,31,223
41059951300,2690,410,1150,960,21,1,25,0,2002,425,3,12,18,230
41059951400,1726,210,628,780,13,1,10,0,1527,48,1,7,7,136
41057960101,1897,930,507,351,8,14,4,0,1576,54,5,19,14,229
41057960102,1641,633,526,360,10,4,14,0,1397,33,0,23,24,164
41057960200,2486,856,843,603,19,6,23,0,2137,80,0,33,25,211
41057960300,2030,512,751,621,11,7,21,0,1699,89,1,20,12,209
41057960401,2357,540,791,890,20,1,11,0,1954,111,0,18,12,262
41057960402,3297,817,1357,904,32,1,27,0,2641,313,0,26,22,295
41057960500,1536,441,589,406,10,4,12,0,1215,119,0,16,18,168
41057960600,1978,649,588,603,21,6,15,0,1607,75,0,17,13,266
41057960700,2065,499,692,753,10,6,9,0,1746,74,0,9,20,216
41057960800,2393,763,770,686,15,4,16,0,1973,101,0,23,27,269
41057990100,0,0,0,0,0,0,0,0,0,0,0,0,0,0
41061970100,2762,359,796,1410,16,4,29,0,2485,46,0,17,15,199
41061970200,2773,451,804,1339,18,1,25,0,2445,69,1,11,24,223
41061970300,1887,299,446,1020,15,1,18,0,1636,37,0,10,21,183
41061970400,2496,456,783,1097,24,2,26,0,2144,71,3,18,24,236
41061970500,2674,506,937,1047,23,3,28,0,2338,86,2,17,25,206
41061970600,3225,947,874,1189,28,4,30,0,2731,114,1,37,25,317
41061970700,2258,568,912,626,14,3,25,0,1837,122,14,36,33,216
41061970800,3095,589,1032,1284,20,2,20,0,2639,109,8,33,24,282
41029000100,1694,377,912,252,14,7,21,0,1250,231,7,36,13,157
41029000201,2440,560,1194,475,26,6,36,0,1870,314,10,11,26,209
41029000202,2501,615,1230,434,27,4,27,0,1819,389,8,16,22,247
41029000203,3266,861,1408,742,40,9,28,0,2437,458,10,39,27,295
41029000300,3911,893,1702,987,40,13,36,0,2907,594,4,47,30,329
41029000403,3676,1077,1063,1296,20,3,15,0,2980,217,18,60,43,358
41029000404,4008,1003,1001,1722,34,6,24,0,3315,205,5,56,42,385
41029000405,3144,737,1294,874,27,8,30,0,2391,317,6,48,51,331
41029000406,3570,867,1257,1142,28,6,27,0,2827,325,4,64,33,317
41029000501,2237,725,826,518,16,7,22,0,1797,164,3,32,29,212
41029000502,3794,977,1583,912,36,4,28,0,2950,380,8,38,49,369
41029000603,3288,935,797,1353,14,5,12,0,2737,147,7,59,36,302
41029000604,2986,961,856,959,18,4,11,0,2414,205,1,38,44,284
41029000605,2830,830,855,926,23,4,18,0,2264,210,8,35,47,266
41029000606,1528,526,353,541,14,2,5,0,1243,64,3,38,18,162
41029000701,3696,885,1419,1137,27,5,28,0,2884,447,2,39,28,296
41029000702,4286,1046,1368,1550,32,7,36,0,3450,376,1,37,47,375
41029000800,4994,1154,1840,1612,40,14,40,0,3914,527,9,58,56,430
41029000901,2659,568,742,1173,14,3,13,0,2201,186,7,35,19,211
41029000902,4592,950,1430,1889,40,6,25,0,3747,317,4,58,47,419
41029001001,4998,1015,1754,1851,37,7,31,0,4061,424,1,41,35,436
41029001002,3478,703,1353,1157,24,2,30,0,2754,322,6,43,42,311
41029001100,4537,858,1583,1793,31,7,27,0,3673,383,4,45,31,401
41029001200,3399,757,1205,1161,24,4,23,0,2605,318,10,68,44,354
41029001301,3985,693,1698,1283,37,6,34,0,2995,593,13,25,27,332
41029001303,3385,642,1593,900,29,6,25,0,2235,826,3,18,34,269
41029001304,4486,995,1347,1825,28,7,24,0,3621,291,2,104,70,398
41029001401,4163,644,1543,1690,36,2,20,0,3453,293,1,27,35,354
41029001402,1316,228,411,601,11,1,6,0,1119,77,0,12,15,93
41029001403,3831,706,1180,1668,23,9,19,0,3188,216,1,36,51,339
41029001500,4356,1384,1134,1484,39,12,23,0,3651,173,3,43,71,415
41029001601,2351,602,945,607,19,4,15,0,1819,257,3,33,30,209
41029001602,4492,1474,1476,1249,33,13,29,0,3543,448,3,44,39,415
41029001701,2070,995,643,279,11,14,23,0,1565,206,3,40,52,204
41029001702,3049,1255,1050,514,23,17,26,0,2434,231,6,47,35,296
41029001801,3547,1987,1028,303,28,26,25,0,2751,202,14,95,65,420
41029001802,3594,2271,801,317,17,29,20,0,2851,141,8,71,69,454
41029001900,2707,1231,1084,174,43,17,33,0,2006,180,17,72,64,368
41029002000,1784,1133,455,94,13,15,9,0,1412,76,9,39,28,220
41029002100,2966,1844,707,230,20,22,26,0,2365,113,7,54,59,368
41029002200,4151,2503,1000,403,18,23,30,0,3339,145,10,90,78,489
41029002300,1639,770,452,321,9,10,11,0,1339,66,0,17,22,195
41029002400,1872,744,514,484,22,13,19,0,1520,89,4,18,24,217
41029002500,2538,1037,792,527,23,18,10,0,2091,92,3,36,40,276
41029002600,2392,408,877,905,21,3,20,0,2038,96,0,20,16,222
41029002701,3136,484,1152,1248,34,4,24,0,2677,146,2,25,33,253
41029002702,3412,614,1235,1291,24,9,33,0,2844,164,1,33,23,347
41029002800,4253,795,1428,1733,43,4,38,0,3610,180,3,37,42,381
41029002901,3174,633,1085,1192,20,5,24,0,2655,187,0,20,36,276
41029002902,3600,698,1191,1433,35,4,26,0,3051,144,1,33,32,339
41029003001,3733,811,1232,1388,34,12,38,0,3136,172,3,31,36,355
41029003002,4779,1125,1675,1597,40,22,41,0,4004,201,2,42,54,476
41011000101,1587,345,532,552,16,3,12,0,1359,57,1,13,10,147
41011000102,1606,378,540,588,8,1,13,0,1392,54,0,8,13,139
41011000103,1786,450,569,678,13,3,5,0,1508,56,2,20,19,181
41011000200,2083,496,615,831,21,2,10,0,1803,47,0,31,17,185
41011000300,2501,738,896,683,25,4,19,0,2074,132,3,28,21,243
41011000401,2095,574,803,592,9,5,13,0,1785,102,10,24,7,167
41011000402,2828,767,988,883,24,6,6,0,2349,132,2,35,34,276
41011000502,2299,559,950,602,16,9,26,0,1910,108,1,37,28,215
41011000503,1962,459,874,483,11,6,20,0,1591,126,4,31,25,185
41011000505,2854,742,1115,775,19,5,20,0,2390,143,5,35,21,260
41011000506,1584,361,720,384,17,4,12,0,1318,95,0,16,16,139
41011000600,2038,609,697,613,10,5,7,0,1704,102,2,29,15,186
41011000701,3458,1007,1332,874,26,14,18,0,2914,179,5,40,20,300
41011000702,2023,476,830,581,8,3,19,0,1750,101,1,13,12,146
41011000800,2307,586,769,794,18,2,11,0,1955,97,1,25,20,209
41011000901,2879,621,1053,998,12,8,21,0,2466,135,10,28,17,223
41011000902,2897,619,961,1095,21,7,11,0,2515,113,0,24,19,226
41011001001,2842,841,995,818,20,14,15,0,2407,100,2,25,23,285
41011001002,3364,832,1162,1124,17,14,16,0,2877,136,0,38,20,293
41011001101,1804,344,630,739,15,3,7,0,1537,63,2,6,11,185
41011001102,2764,532,960,1075,17,1,16,0,2396,115,4,11,10,228
41011990101,0,0,0,0,0,0,0,0,0,0,0,0,0,0
41027950100,3064,1011,1100,733,19,14,19,0,2306,384,0,75,24,275
41027950201,3340,1293,1085,744,23,16,22,0,2573,330,2,102,39,294
41027950202,2784,1258,894,467,11,12,13,0,2117,302,0,53,43,269
41027950301,2232,1002,789,312,15,6,17,0,1600,314,0,49,37,232
41027950302,1988,947,638,269,10,5,14,0,1516,203,0,56,20,193
41027950400,3425,1216,1281,744,18,8,14,0,2079,1027,0,53,25,241
41063960100,1811,374,463,872,10,0,7,0,1592,33,0,18,7,161
41063960200,1576,317,435,738,9,0,5,0,1419,23,2,9,2,121
41063960300,2743,578,744,1246,19,5,19,0,2414,59,0,23,22,225
41001950100,2536,337,634,1417,12,3,4,0,2213,50,0,15,20,238
41001950200,2574,439,853,1080,26,7,10,0,2234,63,4,25,23,225
41001950300,2258,333,905,842,12,2,15,0,1969,71,2,12,11,193
41001950400,2467,465,770,1077,11,6,4,0,2147,88,0,20,5,207
41001950500,1996,320,644,892,13,2,6,0,1755,65,1,8,14,153
41001950600,1750,303,523,804,10,7,2,0,1536,53,3,16,14,128
41023960100,1677,252,487,858,12,0,5,0,1498,39,0,10,8,122
41023960201,1257,200,358,604,6,3,5,0,1131,20,0,3,6,97
41023960202,3227,560,963,1507,14,3,12,0,2789,70,1,28,36,303
41069960100,1247,262,321,577,6,2,16,0,1105,31,0,10,11,90
41045940000,0,0,0,0,0,0,0,0,0,0,0,0,0,0
41045970200,3303,527,1405,1202,17,3,14,0,2239,704,0,99,18,243
41045970300,2756,500,1263,857,22,1,19,0,1808,693,0,70,10,175
41045970400,2753,472,1723,411,20,2,14,0,1407,1128,2,33,26,157
41045970500,2955,457,1393,980,17,2,8,0,1634,1075,0,46,15,185
41045970600,2984,344,988,1511,12,3,10,0,2421,259,1,32,26,245
41045970700,1234,118,447,617,2,0,5,0,998,102,0,23,14,97
41045970900,2030,201,722,1013,2,2,7,0,1631,179,0,28,10,182
41065970100,3108,910,1030,945,25,8,27,0,2471,304,0,41,31,261
41065970200,2139,647,895,431,22,5,22,0,1603,259,3,28,31,215
41065970300,2238,693,823,567,23,7,9,0,1748,223,3,29,13,222
41065970400,2078,600,813,517,23,1,24,0,1594,233,0,26,21,204
41065970500,2460,661,1090,547,13,2,25,0,1791,385,3,30,37,214
41065970600,1982,686,730,415,14,10,24,0,1602,178,1,21,15,165
41065970700,1774,431,590,631,15,3,20,0,1435,131,0,16,25,167
41065970800,3452,800,1156,1252,24,6,33,0,2960,125,0,23,33,311
41009970201,2860,723,1091,836,20,10,20,0,2421,85,2,18,19,315
41009970202,2279,624,860,649,17,1,19,0,1986,50,4,16,18,205
41009970300,3508,909,1423,923,26,7,29,0,3006,118,4,28,26,326
41009970400,2120,591,782,613,15,5,15,0,1815,54,0,22,33,196
41009970500,5722,1825,1842,1661,54,15,47,0,4869,191,4,57,45,556
41009970600,5457,1747,1622,1745,41,7,21,0,4546,205,8,60,63,575
41009970700,3392,1074,1329,751,26,13,31,0,2845,156,6,29,38,318
41009970800,5684,1693,2162,1383,61,9,49,0,4752,258,8,47,53,566
41009970900,4020,1371,1362,980,36,11,39,0,3297,154,4,58,44,463
41009971000,4257,1407,1427,1125,43,19,29,0,3486,180,4,51,50,486
41009971100,3230,720,1194,1063,43,5,24,0,2757,111,2,21,37,302
41015950100,2831,908,962,746,36,8,17,0,2423,91,3,28,27,259
41015950201,2779,623,1074,856,28,9,10,0,2336,116,2,31,24,270
41015950202,1705,412,551,606,7,2,7,0,1477,45,3,15,23,142
41015950301,4273,927,1629,1384,30,8,15,0,3552,266,2,36,54,363
41015950302,4020,877,1573,1261,37,8,19,0,3312,235,2,52,34,385
41015950401,2605,547,987,903,18,5,7,0,2185,157,2,16,26,219
41015950402,1774,400,565,661,16,4,11,0,1527,77,2,10,17,141
41015990101,0,0,0,0,0,0,0,0,0,0,0,0,0,0
41051000101,2523,1567,601,178,18,13,27,0,2025,92,8,64,48,286
41051000102,3171,2091,744,169,12,11,30,0,2524,129,4,89,71,354
41051000201,2611,1594,674,185,14,14,27,0,2018,127,11,113,47,295
41051000202,2738,1669,739,172,11,15,26,0,2107,145,5,98,60,323
41051000301,4677,2728,1360,270,26,39,61,0,3418,242,35,264,109,609
41051000302,5917,3794,1277,560,15,15,30,0,4776,150,8,198,95,690
41051000401,3029,1859,785,180,16,27,49,0,2315,139,14,138,80,343
41051000402,3141,1827,891,210,23,19,32,0,2394,170,6,187,63,321
41051000501,3516,1958,1074,219,16,41,48,0,2664,209,8,193,80,362
41051000502,3617,1957,1108,323,26,25,45,0,2589,230,29,269,119,381
41051000601,4243,1856,1658,407,40,30,55,0,2649,445,103,490,118,438
41051000602,4070,1770,1615,393,31,28,63,0,2595,426,49,491,108,401
41051000701,3660,2109,1026,281,25,25,32,0,2643,229,45,298,83,362
41051000702,3961,2213,1214,272,23,33,55,0,2709,247,32,453,97,423
41051000801,4176,2659,1070,228,16,29,39,0,3118,239,21,197,101,500
41051000802,4090,2449,1139,203,33,38,58,0,3055,249,20,178,86,502
41051000901,3569,2440,796,143,23,25,24,0,2710,165,4,163,80,447
41051000902,3821,2225,1149,160,29,34,51,0,2752,229,99,179,123,439
41051001000,4902,3040,1332,182,35,51,63,0,3776,227,28,190,115,566
41051001101,2687,1456,928,86,23,24,34,0,2010,189,46,90,66,286
41051001102,1396,867,392,43,9,14,22,0,1097,51,2,81,28,137
41051001202,2899,1997,612,134,7,25,29,0,2189,151,14,147,47,351
41051001203,2327,1416,671,93,15,24,26,0,1825,124,9,60,52,257
41051001204,2666,1634,784,60,11,36,44,0,2006,164,13,93,48,342
41051001301,3398,2219,857,108,19,36,40,0,2643,175,10,120,57,393
41051001302,2751,1835,641,101,17,25,22,0,2080,128,8,125,75,335
41051001400,4542,2941,1154,156,31,41,48,0,3455,214,11,178,94,590
41051001500,3012,2082,653,145,8,15,18,0,2365,128,3,102,49,365
41051001601,5244,3188,1299,431,25,39,49,0,3894,257,36,351,94,612
41051001602,3455,1702,1190,332,29,17,30,0,2218,273,71,401,112,380
41051001702,3099,1446,1039,386,17,16,45,0,2146,213,77,280,72,311
41051001703,3576,1982,1089,253,25,13,50,0,2612,194,50,244,64,412
41051001704,2235,1303,640,121,21,18,21,0,1677,125,52,110,55,216
41051001801,3498,2060,976,208,25,36,40,0,2542,179,104,146,119,408
41051001802,3001,1959,718,170,22,19,26,0,2339,124,14,103,59,362
41051001900,4251,2875,870,297,22,21,29,0,3317,147,10,181,80,516
41051002001,2445,1577,660,68,17,17,20,0,1833,154,16,95,51,296
41051002002,3185,2010,888,78,23,25,39,0,2407,189,20,111,63,395
41051002101,1157,573,423,43,16,15,30,0,829,101,27,43,32,125
41051002102,2488,1487,758,69,22,19,32,0,1847,173,11,92,62,303
41051002203,3787,2321,1093,95,26,32,39,0,2349,233,551,135,90,429
41051002303,2827,1579,932,123,19,18,34,0,1937,207,183,112,56,332
41051002401,2309,1676,441,80,8,9,20,0,1645,82,222,76,31,253
41051002402,3246,2137,788,134,22,11,26,0,2428,172,79,99,67,401
41051002501,4077,2878,729,287,18,11,26,0,3224,131,40,145,76,461
41051002502,3718,2413,900,185,21,24,34,0,2800,220,74,114,84,426
41051002600,2304,1623,421,156,8,11,14,0,1847,81,9,71,42,254
41051002701,2599,1806,494,191,7,7,8,0,2023,100,10,112,38,316
41051002702,2694,1696,689,144,13,20,14,0,2074,139,46,91,54,290
41051002801,2481,1601,562,195,11,10,18,0,1891,68,11,169,58,284
41051002802,2815,1686,743,211,17,15,25,0,2189,118,25,160,46,277
41051002901,3899,2409,962,282,21,29,31,0,3001,185,84,195,61,373
41051002902,4634,2774,1250,338,33,24,41,0,3460,241,91,259,81,502
41051002903,4268,2116,1343,536,23,18,35,0,2774,229,250,482,106,427
41051003000,4132,2749,917,261,17,21,30,0,3099,143,174,139,95,482
41051003100,4101,2769,906,206,27,24,33,0,3006,207,194,128,66,500
41051003200,3658,2371,933,137,18,25,42,0,2525,180,363,97,74,419
41051003301,2774,1751,775,67,14,20,39,0,1614,195,558,86,70,251
41051003302,2570,1694,673,59,15,18,26,0,1572,132,453,70,42,301
41051003401,3152,1896,938,83,21,26,33,0,1751,183,763,107,75,273
41051003402,3438,2114,1015,86,20,21,38,0,1982,213,707,105,100,331
41051003501,3335,2026,942,151,18,25,42,0,2372,181,228,120,66,368
41051003502,2191,1374,600,95,14,10,10,0,1554,135,106,84,53,259
41051003601,4396,2802,1202,118,27,29,49,0,2431,252,1075,112,79,447
41051003602,5603,3596,1421,227,29,49,66,0,3318,314,1183,149,103,536
41051003603,1438,923,352,83,4,8,19,0,915,46,280,47,27,123
41051003701,3697,2291,1036,152,15,28,45,0,2161,270,716,106,83,361
41051003702,2174,1396,566,82,12,13,16,0,1374,91,390,50,37,232
41051003801,2848,1657,848,142,20,19,36,0,2019,192,161,95,38,343
41051003802,3053,1868,866,115,15,22,35,0,2200,221,128,146,58,300
41051003803,3779,2278,1052,187,21,27,48,0,2618,259,225,159,86,432
41051003902,2751,1697,696,197,20,14,20,0,2081,154,46,89,64,317
41051003903,2700,1521,830,154,21,14,27,0,1617,270,420,83,73,237
41051003904,3367,2083,940,149,22,16,30,0,2265,280,304,121,61,336
41051004002,3773,2087,1118,327,32,20,32,0,2780,255,59,169,76,434
41051004003,5291,2834,1778,253,38,20,55,0,3172,578,679,216,138,508
41051004102,4471,2488,1371,313,34,28,57,0,3278,368,100,167,69,489
41051004103,3304,1763,1126,185,16,22,38,0,2169,373,233,167,50,312
41051004104,2005,1021,722,108,11,14,26,0,1366,225,148,43,33,190
41051004200,3326,1883,1060,179,28,20,31,0,2522,233,76,71,65,359
41051004300,950,498,271,120,9,5,8,0,747,44,3,38,19,99
41051004500,2307,1399,654,119,12,11,16,0,1721,134,13,71,63,305
41051004601,2912,1780,653,329,10,10,16,0,2163,87,4,147,91,420
41051004602,1624,935,349,248,8,4,12,0,1283,43,1,48,35,214
41051004700,3597,2184,1011,201,22,14,30,0,2722,168,10,183,87,427
41051004800,2282,1401,622,102,21,14,17,0,1684,155,10,75,59,299
41051004901,1921,1072,619,95,17,13,15,0,1351,114,11,148,57,240
41051004902,1873,1025,621,73,19,13,28,0,1364,129,30,63,40,247
41051005001,2729,1436,930,175,29,13,15,0,1912,205,15,145,94,358
41051005002,975,512,351,46,4,2,8,0,703,62,7,45,42,116
41051005101,2765,1600,731,242,23,12,20,0,1994,133,20,147,88,383
41051005102,3250,1706,1053,211,28,14,46,0,2354,195,49,164,79,409
41051005103,6301,1954,2781,451,104,75,246,0,4700,455,240,87,103,716
41051005201,1906,871,725,105,27,17,34,0,1411,124,35,53,47,236
41051005202,2309,1290,685,158,24,14,29,0,1664,175,8,100,61,301
41051005500,2481,1304,810,128,31,14,27,0,1797,186,35,108,65,290
41051005601,1996,1084,643,118,20,13,23,0,1381,116,11,167,98,223
41051005602,2285,1023,934,107,37,22,20,0,1498,274,17,115,77,304
41051005701,419,217,143,20,8,9,3,0,302,32,2,26,14,43
41051005702,2686,1505,794,215,21,12,15,0,1885,185,8,178,122,308
41051005800,3995,2311,1024,420,27,19,24,0,2891,174,9,209,107,605
41051005901,1820,1004,570,118,21,11,17,0,1316,124,23,91,59,207
41051005902,2856,1499,838,345,11,8,13,0,2000,137,18,219,103,379
41051005903,2604,1482,707,270,20,9,11,0,1969,134,5,113,63,320
41051006001,1474,853,387,135,13,8,7,0,1149,69,3,45,32,176
41051006002,1855,1100,443,181,14,7,23,0,1427,61,6,70,60,231
41051006100,2075,1275,449,228,17,12,16,0,1591,77,3,74,55,275
41051006200,2786,1670,666,284,24,14,19,0,2153,102,8,107,52,364
41051006300,3513,2012,857,448,18,10,17,0,2677,132,3,140,96,465
41051006402,5339,3080,1169,804,26,21,30,0,4035,214,12,231,188,659
41051006403,3104,1636,928,324,31,20,30,0,2069,199,99,124,277,336
41051006404,3435,1761,938,518,22,12,24,0,2528,179,19,174,153,382
41051006501,5060,2842,1259,672,35,28,27,0,3777,244,37,173,205,624
41051006502,4175,2440,1150,314,34,19,37,0,3172,235,28,132,105,503
41051006601,2239,1353,503,257,12,10,14,0,1767,92,6,66,71,237
41051006602,4251,2530,1141,347,21,27,41,0,3172,248,33,132,132,534
41051006701,2517,1518,619,249,13,10,20,0,1865,90,11,103,80,368
41051006702,2551,1483,662,246,9,16,21,0,1902,111,19,85,70,364
41051006801,1928,1080,432,287,11,10,16,0,1424,89,8,64,58,285
41051006802,3013,1791,723,333,14,12,22,0,2280,148,9,107,82,387
41051006900,2435,1319,569,402,11,5,15,0,1859,109,5,109,59,294
41051007001,4123,2016,1307,574,22,6,25,0,2553,175,10,645,264,476
41051007002,2470,1279,664,406,8,4,15,0,1781,86,7,196,110,290
41051007100,2555,1159,632,579,14,11,25,0,2085,85,4,69,41,271
41051007201,2409,1018,796,413,22,9,25,0,1921,196,9,30,33,220
41051007202,2754,1259,915,376,23,9,29,0,1863,253,194,157,31,256
41051007300,825,248,415,87,5,4,10,0,596,78,9,15,29,98
41051007400,2608,1406,862,165,10,22,29,0,1492,281,449,79,44,263
41051007500,4309,2459,1276,260,23,36,54,0,2740,308,514,257,88,402
41051007600,2411,1255,786,200,12,12,31,0,1612,318,64,133,38,246
41051007700,1577,745,560,155,11,11,27,0,1052,154,51,132,31,157
41051007800,1489,728,457,171,13,16,27,0,1050,119,58,85,36,141
41051007900,3250,1392,1166,439,32,16,42,0,2029,311,157,309,109,335
41051008001,2938,1254,957,523,17,10,30,0,1912,222,83,262,148,311
41051008002,2395,1003,842,407,22,5,16,0,1534,156,53,233,143,276
41051008100,5571,2471,2008,707,30,20,51,0,3489,497,232,505,248,600
41051008201,2396,1027,763,438,12,9,24,0,1607,145,31,256,89,268
41051008203,3991,1767,1439,510,16,19,43,0,2706,330,149,234,193,379
41051008204,1448,532,621,198,13,5,14,0,806,194,28,157,106,157
41051008301,2827,1066,1313,233,25,26,38,0,1371,205,121,721,161,248
41051008302,3009,1181,1241,369,19,18,39,0,1872,297,37,342,148,313
41051008400,2987,1178,1172,429,15,8,47,0,1779,284,97,294,188,345
41051008500,3195,1277,1290,402,21,10,38,0,1895,372,54,361,166,347
41051008600,3112,1285,1240,358,29,20,38,0,1999,308,61,312,133,299
41051008700,4018,2106,1281,369,25,22,42,0,2915,259,38,308,95,403
41051008800,3334,1618,1161,326,22,22,28,0,2366,284,27,211,86,360
41051008902,2777,1033,1042,487,30,13,36,0,1849,223,15,246,148,296
41051008903,3641,1330,1297,793,21,11,32,0,2062,240,24,614,313,388
41051008904,3386,1249,1342,605,19,13,24,0,2144,267,58,306,255,356
41051009001,3467,1234,1508,492,24,11,44,0,2019,374,62,469,195,348
41051009002,2936,971,1411,336,19,8,31,0,1735,326,96,291,184,304
41051009101,3734,1340,1611,510,31,10,56,0,2332,436,134,289,150,393
41051009102,4943,1809,2027,780,36,20,58,0,2873,448,78,612,373,559
41051009202,3434,1322,1357,497,24,21,25,0,2137,383,110,298,147,359
41051009203,2679,1046,1070,370,29,8,28,0,1736,342,81,183,88,249
41051009204,2916,1162,1161,402,20,9,29,0,1789,309,125,212,174,307
41051009301,3911,1452,1641,513,30,17,37,0,2400,483,251,216,183,378
41051009302,3347,1457,1189,495,13,11,32,0,2096,287,149,312,135,368
41051009400,5821,2668,1667,1140,23,13,49,0,4144,418,121,441,120,577
41051009501,3725,1581,1354,593,18,17,34,0,2159,281,369,506,81,329
41051009502,3165,1400,1004,538,23,8,36,0,1858,255,297,346,74,335
41051009603,2540,854,1042,474,14,4,32,0,1607,339,50,129,116,299
41051009604,3101,1151,1280,465,18,8,32,0,1975,464,107,120,161,274
41051009605,3709,1385,1438,660,25,5,33,0,2288,343,184,441,98,355
41051009606,3050,1124,1333,353,25,11,32,0,1801,508,103,163,156,319
41051009701,4272,1529,1787,626,30,17,73,0,2702,509,128,318,156,459
41051009703,3096,1075,1298,503,13,12,35,0,1869,392,67,228,181,359
41051009704,2369,785,1043,368,22,8,29,0,1540,329,26,123,124,227
41051009801,2467,862,1098,309,17,12,33,0,1510,406,115,71,124,241
41051009803,4726,1709,1702,958,40,18,51,0,3240,504,42,277,184,479
41051009804,2412,900,928,414,21,6,31,0,1653,242,62,137,73,245
41051009903,5516,1887,1743,1563,28,3,39,0,3581,325,21,522,338,729
41051009904,2592,850,1024,517,20,7,34,0,1874,258,23,84,68,285
41051009905,2388,837,804,564,11,8,27,0,1761,233,15,93,69,217
41051009906,2910,1078,874,733,20,6,20,0,2198,221,23,88,108,272
41051009907,4460,1498,1461,1185,43,9,27,0,3261,392,13,153,158,483
41051010001,3999,1495,1460,676,39,12,59,0,2917,439,38,105,84,416
41051010002,3767,1328,1347,830,21,13,38,0,2617,337,57,204,167,385
41051010101,3630,1251,1375,741,30,8,39,0,2539,437,44,115,112,383
41051010102,2945,1052,1107,563,27,6,33,0,2120,310,31,108,61,315
41051010200,4950,1801,1756,1051,32,15,54,0,3413,539,103,323,105,467
41051010303,3958,1314,1494,859,26,11,39,0,2755,431,30,200,131,411
41051010304,2735,854,1195,483,27,9,34,0,1678,516,44,111,120,266
41051010305,3291,1104,1079,857,30,8,30,0,2590,217,8,84,51,341
41051010306,3862,1169,1411,981,33,6,41,0,2684,363,29,205,165,416
41051010402,5055,1525,1528,1641,31,20,57,0,3998,306,14,143,138,456
41051010405,4357,1423,1664,960,41,7,47,0,3116,582,36,118,85,420
41051010407,4278,1314,1483,1150,41,15,50,0,3186,391,22,115,125,439
41051010408,4079,1265,1667,864,32,13,48,0,2869,570,10,107,111,412
41051010410,3094,1053,1206,564,28,11,27,0,2262,362,40,66,67,297
41051010411,2180,768,736,515,14,3,29,0,1642,251,8,44,38,197
41051010412,2555,703,814,848,14,6,20,0,1979,188,7,49,66,266
41051010413,3254,1060,1162,793,18,3,29,0,2441,246,10,120,109,328
41051010500,3427,1135,1004,1023,29,13,32,0,2803,131,4,60,56,373
41051010601,1266,671,388,68,21,9,17,0,925,69,19,68,44,141
41051010602,1459,577,558,126,17,17,31,0,1063,84,47,49,35,181
41051980000,4,2,1,1,0,0,0,0,3,0,0,1,0,0
41055950100,1510,276,425,715,14,3,13,0,1300,37,0,12,11,150
41053005100,1515,456,685,248,26,6,10,0,1147,201,1,21,19,126
41053005203,4506,1555,1418,1239,33,9,14,0,3495,378,8,113,98,414
41053005204,2737,926,841,788,27,3,11,0,2045,293,12,88,48,251
41053005205,6534,2138,2030,1940,50,11,22,0,5040,527,8,208,123,628
41053005206,1371,450,537,276,17,5,8,0,961,221,7,18,26,138
41053005301,6753,2119,1848,2322,50,8,18,0,5327,527,11,156,101,631
41053005302,1742,491,468,693,9,1,5,0,1425,69,0,22,36,190
41053020202,5858,1441,1818,2209,50,15,19,0,4869,306,5,41,54,583
41053020203,2312,525,959,667,23,8,5,0,1943,121,1,25,17,205
41053020204,3999,959,1242,1510,18,10,20,0,3375,188,1,33,36,366
41053020303,2627,836,956,658,26,7,9,0,1972,317,6,52,35,245
41053020304,4668,1507,1596,1194,55,20,18,0,3599,572,4,56,65,372
41053020305,5571,1720,2212,1233,48,17,26,0,3719,1311,4,53,70,414
41053020306,1800,560,476,654,17,3,4,0,1497,123,3,20,24,133
41053020400,5122,1184,2003,1591,38,12,22,0,4334,246,3,32,48,459
41053020500,5605,1349,1583,2308,46,7,17,0,4774,238,2,51,46,494
41041950100,2758,719,1202,644,15,8,12,0,2372,111,2,22,16,235
41041950303,1553,602,490,346,11,7,12,0,1240,87,3,29,15,179
41041950304,2629,879,989,551,25,8,9,0,2148,165,4,31,28,253
41041950401,1745,529,759,335,13,3,12,0,1420,89,5,23,17,191
41041950402,1806,633,702,356,8,5,6,0,1490,85,1,23,17,190
41041950601,2466,935,837,504,12,10,16,0,2086,81,8,28,19,244
41041950602,2126,706,782,485,9,5,8,0,1767,86,1,38,36,198
41041950800,2799,1037,929,643,24,9,11,0,2331,146,4,36,25,257
41041950900,2756,992,1008,563,21,13,13,0,2232,207,10,38,25,244
41041951000,1415,550,588,179,12,7,9,0,1088,103,3,29,28,164
41041951100,1404,520,476,301,8,5,7,0,1176,46,0,24,12,146
41041951200,1942,764,627,403,18,10,12,0,1629,60,0,21,25,207
41041951300,2084,615,814,536,8,1,5,0,1769,80,2,24,16,193
41041951400,2276,556,998,567,22,3,9,0,1943,85,1,16,24,207
41041951500,2603,986,815,611,24,9,12,0,2213,64,1,29,33,263
41041951600,3291,1054,1228,781,28,16,13,0,2824,122,1,26,23,295
41041951700,2199,922,788,340,14,11,6,0,1825,82,5,17,21,249
41041951800,3039,878,1209,767,16,9,10,0,2622,111,3,28,26,249
41041990100,0,0,0,0,0,0,0,0,0,0,0,0,0,0
41013950101,2433,415,802,1073,19,6,15,0,2106,94,0,22,17,194
41013950102,4049,766,1213,1775,22,7,29,0,3402,231,1,9,27,379
41013950200,3877,637,1282,1681,27,5,30,0,3302,211,2,24,21,317
41013950301,3443,542,927,1736,12,3,22,0,2999,99,3,24,27,291
41013950302,2201,401,865,749,18,2,27,0,1845,130,1,17,19,189
41013950401,2154,348,666,998,15,2,14,0,1875,60,0,21,13,185
41013950402,2105,393,667,859,15,5,22,0,1840,48,3,11,12,191
41037960100,2094,249,645,1050,16,5,12,0,1804,75,0,14,13,188
41037960200,3681,466,1190,1830,22,4,10,0,3155,208,2,27,16,273
41017000100,1914,554,493,726,12,3,16,0,1670,36,0,20,22,166
41017000201,2651,509,1004,886,24,5,24,0,2306,97,3,20,26,199
41017000202,2457,553,807,903,10,4,16,0,2156,68,1,15,17,200
41017000301,3974,988,1363,1278,33,12,38,0,3364,140,1,50,35,384
41017000302,4509,881,1619,1644,21,7,46,0,3900,122,1,29,48,409
41017000401,4523,1214,1638,1359,40,10,24,0,3793,235,3,34,43,415
41017000403,1664,594,346,625,5,0,3,0,1416,33,4,17,13,181
41017000404,1668,513,518,508,11,1,13,0,1437,48,1,6,17,159
41017000501,3057,1055,691,1075,12,8,17,0,2623,73,0,25,29,307
41017000502,3753,1214,1110,1133,28,7,34,0,3146,88,2,39,58,420
41017000601,1647,394,443,720,10,3,14,0,1410,46,0,13,21,157
41017000602,2417,826,651,774,11,3,16,0,2055,75,0,23,31,233
41017000603,3764,1051,841,1607,34,3,11,0,3204,72,3,25,47,413
41017000701,3118,601,1149,1121,23,4,26,0,2571,225,0,24,38,260
41017000702,4007,826,1105,1761,33,3,25,0,3407,164,4,32,51,349
41017000800,5608,1371,1845,1934,55,11,39,0,4609,400,5,69,55,470
41017000901,3042,656,1258,864,25,8,24,0,2475,251,3,27,36,250
41017000902,2195,473,895,631,25,4,12,0,1800,151,1,26,23,194
41017001002,2333,553,715,869,25,4,22,0,1922,74,4,32,35,266
41017001003,5186,1107,1795,1888,56,5,35,0,4198,380,2,58,58,490
41017001004,4933,1134,1783,1590,49,5,42,0,3942,468,5,43,28,447
41017001005,3794,892,1037,1562,30,3,23,0,3250,157,2,40,29,316
41017001101,5588,1740,1849,1529,50,12,55,0,4594,320,3,102,60,509
41017001102,5244,1836,1515,1461,51,12,41,0,4371,185,3,79,75,531
41017001200,6815,1822,2053,2451,62,13,44,0,5645,284,4,83,72,727
41017001301,4935,2266,1272,999,46,19,34,0,4068,133,2,95,63,574
41017001302,6290,2968,1852,990,59,20,35,0,5167,200,5,133,96,689
41017001401,4453,1817,1257,1016,31,13,20,0,3727,109,1,61,78,477
41017001402,1289,663,403,144,13,3,6,0,1093,40,0,12,19,125
41017001501,2816,942,1163,485,32,7,21,0,2263,201,3,48,37,264
41017001502,1853,802,652,240,17,11,15,0,1538,76,2,22,32,183
41017001601,3408,1187,1268,673,40,9,20,0,2754,215,2,61,46,330
41017001602,1586,638,575,243,12,8,21,0,1285,71,4,25,29,172
41017001701,4691,1474,1630,1211,46,5,46,0,3778,279,3,70,69,492
41017001702,2611,1001,862,535,28,13,24,0,2166,143,1,28,30,243
41017001801,3200,1020,1281,624,41,8,22,0,2573,225,2,31,45,324
41017001802,3456,1212,1116,854,35,13,22,0,2843,206,0,39,24,344
41017001901,1646,386,428,723,13,1,8,0,1387,47,0,13,35,164
41017001903,4637,1430,1630,1204,44,11,29,0,3765,273,3,75,59,462
41017001904,3475,1119,953,1151,15,6,22,0,2958,149,3,38,32,295
41017002001,1050,334,236,396,10,2,7,0,876,45,3,9,12,105
41017002002,6904,2209,2351,1746,60,22,51,0,5557,445,8,119,87,688
41017002101,3418,1008,1330,792,32,6,27,0,2732,291,5,34,45,311
41017002102,1895,809,495,460,13,5,7,0,1581,42,0,29,22,221
41017002103,4643,1765,1391,1144,33,20,18,0,3842,193,5,77,58,468
41003000101,2993,1381,1037,357,30,36,19,0,2352,220,5,66,46,304
41003000102,2195,1021,708,325,23,22,10,0,1671,151,6,79,46,242
41003000202,3982,1887,1074,791,29,11,11,0,3177,172,7,106,89,431
41003000401,2314,1326,566,304,15,16,6,0,1833,116,0,95,34,236
41003000402,4151,2029,1174,682,36,13,13,0,3092,179,8,321,109,442
41003000500,2697,1274,690,591,17,6,4,0,2186,99,3,87,59,263
41003000600,3527,1453,1102,732,24,15,22,0,2760,242,9,113,90,313
41003000900,4159,2332,1099,507,30,20,14,0,3209,218,4,170,102,456
41003001001,2405,1051,807,367,21,15,16,0,1779,198,8,120,49,251
41003001002,2205,1240,593,251,16,17,8,0,1746,125,2,87,41,204
41003001101,1472,672,529,157,16,5,11,0,1070,110,4,82,39,167
41003001102,2517,1307,825,212,25,26,16,0,1902,147,4,104,50,310
41003010101,3078,1015,818,1040,39,11,5,0,2604,112,6,53,26,277
41003010102,5453,1683,1449,1988,43,11,12,0,4454,246,3,142,72,536
41003010200,3506,1313,963,989,34,21,21,0,2928,112,6,55,30,375
41003010300,2626,829,778,863,16,9,11,0,2262,87,0,35,19,223
41003010400,3083,860,917,1098,19,10,18,0,2632,135,3,21,23,269
41003010601,1580,774,526,143,14,12,13,0,1181,125,5,55,37,177
41003010602,986,433,370,112,16,5,6,0,677,85,6,72,29,117
41003010702,1404,666,479,171,16,11,10,0,1064,81,11,67,32,149
41003010800,2653,902,965,612,30,10,12,0,2175,135,1,41,28,273
41003010900,4240,1803,1247,918,37,26,19,0,3357,199,8,146,83,447
41025960101,1990,370,586,892,11,4,7,0,1700,83,0,7,20,180
41025960102,2269,392,770,947,26,4,7,0,1957,80,3,18,16,195
41025960200,1733,162,415,1073,9,2,7,0,1538,42,0,10,10,133
41049970101,2153,436,1075,508,22,1,11,0,1205,814,2,12,11,109
41049970102,2573,396,1236,760,19,2,22,0,1891,469,1,18,12,182
41049970200,2361,401,591,1208,22,1,9,0,2076,85,0,8,23,169
41039000100,4200,1380,1239,1284,31,12,43,0,3582,147,1,35,43,392
41039000200,4600,1344,1215,1755,28,10,26,0,3940,157,2,44,32,425
41039000300,2427,740,650,877,16,2,16,0,2073,69,0,26,21,238
41039000402,2787,804,778,1010,19,9,24,0,2403,88,1,20,23,252
41039000403,4593,1061,1592,1602,39,2,33,0,3848,223,9,36,37,440
41039000404,2896,703,1007,956,20,6,28,0,2391,173,2,15,33,282
41039000500,1853,538,648,519,15,6,22,0,1578,69,0,10,14,182
41039000702,2376,690,735,782,16,7,22,0,2046,70,2,23,28,207
41039000705,3122,995,1121,775,22,9,27,0,2644,115,4,33,41,285
41039000706,2667,914,757,788,13,4,22,0,2271,102,1,27,22,244
41039000707,3609,1086,1127,1082,16,7,42,0,3068,122,3,32,42,342
41039000708,2030,582,678,607,16,4,10,0,1793,61,0,14,15,147
41039000800,1336,462,416,381,5,5,10,0,1146,31,2,14,10,133
41039000902,3916,1140,1212,1291,39,12,36,0,3361,115,2,27,38,373
41039000903,4465,1207,1480,1467,36,10,40,0,3735,185,4,47,49,445
41039000904,2522,705,865,730,27,7,23,0,2136,93,3,19,19,252
41039001001,2514,774,798,756,25,4,25,0,2104,131,2,39,14,224
41039001002,3541,1402,983,928,23,19,21,0,2957,136,4,59,57,328
41039001101,4888,1479,1539,1548,38,7,34,0,4046,225,4,77,49,487
41039001102,3151,802,1105,1015,18,6,29,0,2740,110,0,22,26,253
41039001201,3205,912,1135,924,38,15,32,0,2721,127,1,31,35,290
41039001202,3441,1041,1119,1028,32,13,34,0,2916,141,2,41,31,310
41039001301,2638,693,885,892,13,6,22,0,2221,127,2,16,17,255
41039001302,3798,947,1432,1099,36,14,38,0,3250,161,0,30,24,333
41039001400,2068,574,657,694,23,7,17,0,1750,54,4,17,9,234
41039001500,3411,903,1329,890,30,16,33,0,2880,136,4,25,34,332
41039001600,4318,1208,1407,1394,22,12,29,0,3636,160,6,46,54,416
41039001700,4654,1411,1313,1587,45,12,38,0,3985,140,3,52,52,422
41039001801,4436,1262,1527,1305,32,6,32,0,3652,242,6,64,55,417
41039001803,3195,962,1145,863,29,6,21,0,2683,166,3,31,23,289
41039001804,2838,806,914,970,13,1,12,0,2333,142,4,32,28,299
41039001902,3951,1116,1766,784,30,5,36,0,3132,382,6,36,34,361
41039001903,2607,763,1154,507,23,6,26,0,2097,238,5,29,21,217
41039001904,3719,1106,1509,810,39,12,34,0,2957,355,4,34,45,324
41039002001,2627,825,738,901,20,8,18,0,2178,133,1,45,21,249
41039002002,4047,1319,1287,1151,23,8,32,0,3256,281,4,86,51,369
41039002101,2015,693,714,451,18,11,17,0,1606,141,4,52,26,186
41039002103,2726,936,1145,428,27,8,26,0,2156,238,13,44,37,238
41039002104,1851,640,642,402,19,3,19,0,1492,127,6,16,11,199
41039002201,3568,1381,951,966,25,3,16,0,2937,137,8,83,64,339
41039002203,3992,1434,1206,1075,30,7,24,0,3257,206,13,101,61,354
41039002204,1824,674,497,529,10,3,9,0,1483,90,2,58,22,169
41039002301,2989,1077,991,703,26,8,36,0,2377,226,7,61,30,288
41039002302,3583,1394,1120,836,28,11,25,0,2941,200,6,52,44,340
41039002401,3456,1287,945,987,20,10,23,0,2831,131,7,93,49,345
41039002403,3548,1281,984,1036,22,4,27,0,2950,172,4,73,53,296
41039002404,3383,1258,1106,781,32,8,38,0,2725,178,13,45,48,374
41039002501,3680,1220,1365,834,20,12,32,0,2894,360,7,63,50,306
41039002504,2058,606,876,418,16,9,19,0,1541,224,6,48,33,206
41039002505,3402,1127,1139,871,32,6,41,0,2741,262,6,68,28,297
41039002506,3116,1142,984,775,17,6,23,0,2450,217,13,96,45,295
41039002600,4575,1538,1796,886,27,17,50,0,3647,392,23,79,51,383
41039002700,3189,1294,1064,599,29,15,31,0,2574,253,8,40,38,276
41039002800,3518,1569,1182,524,37,17,33,0,2789,243,7,51,55,373
41039002902,3005,1337,859,618,17,8,21,0,2437,159,9,61,34,305
41039002903,2674,1169,750,573,16,13,17,0,2169,115,7,66,30,287
41039002904,2642,1088,834,535,25,5,11,0,2013,167,9,103,47,303
41039003000,4477,1945,1172,1037,37,23,23,0,3645,204,13,101,88,426
41039003101,4692,1941,1326,1099,30,13,45,0,3737,269,11,162,90,423
41039003103,2204,967,627,465,14,6,13,0,1805,121,15,52,16,195
41039003104,3189,1304,1251,373,37,16,27,0,2337,322,35,85,58,352
41039003201,2130,797,815,360,17,7,17,0,1684,202,9,30,23,182
41039003202,3132,1330,970,602,26,9,39,0,2474,233,10,58,39,318
41039003301,2327,795,933,427,24,7,32,0,1878,204,9,17,24,195
41039003302,2546,1135,865,354,13,16,31,0,2038,192,5,23,27,261
41039003400,3738,1176,1603,653,40,18,43,0,2986,329,19,30,39,335
41039003500,3573,1116,1241,970,27,4,30,0,2900,252,4,47,27,343
41039003600,3335,1612,1050,409,27,28,34,0,2568,174,4,144,70,375
41039003700,3750,1639,1515,315,49,14,22,0,2516,367,23,257,98,489
41039003801,2323,1124,798,179,44,10,22,0,1687,185,11,81,60,299
41039003802,2895,1308,1086,255,30,18,18,0,2004,247,22,171,79,372
41039003900,2745,1352,960,184,31,20,42,0,2058,204,19,76,52,336
41039004000,1956,1059,583,153,13,21,33,0,1577,97,8,33,30,211
41039004100,3363,1857,892,371,26,26,38,0,2751,152,6,49,53,352
41039004200,2882,1139,1229,242,28,43,51,0,2270,201,21,55,28,307
41039004300,5959,2021,2451,991,62,33,80,0,4815,488,12,70,60,514
41039004403,4152,1978,1443,370,35,44,57,0,3254,345,31,82,57,383
41039004404,2802,1524,696,393,24,22,20,0,2233,105,8,93,57,306
41039004405,4065,1930,1079,814,33,9,24,0,3174,180,6,162,114,429
41039004406,1778,734,612,302,22,4,20,0,1373,174,8,51,17,155
41039004407,2638,1221,902,327,18,19,38,0,2069,193,19,51,45,261
41039004501,2110,1256,590,118,13,27,23,0,1629,112,16,54,34,265
41039004502,2600,1427,853,124,14,33,44,0,2049,158,4,50,40,299
41039004600,2355,1530,563,127,14,16,23,0,1915,95,12,46,29,258
41039004700,2944,1950,692,140,22,19,21,0,2288,128,14,88,57,369
41039004800,3357,1983,998,181,23,13,22,0,2447,219,21,138,83,449
41039004900,3571,2237,893,236,32,28,18,0,2706,148,14,120,91,492
41039005000,4482,2760,1092,377,24,27,26,0,3514,205,21,128,81,533
41039005100,2626,1671,618,180,14,21,23,0,2094,115,8,69,44,296
41039005200,1913,1296,392,126,9,12,18,0,1517,53,6,73,46,218
41039005300,2183,1409,483,190,10,10,13,0,1775,84,3,49,30,242
41039005400,4516,2724,1034,514,36,23,25,0,3566,154,8,160,87,541
41039990000,0,0,0,0,0,0,0,0,0,0,0,0,0,0
41007950100,2411,986,867,381,25,9,18,0,1930,137,0,34,40,270
41007950200,3013,1326,979,496,28,16,16,0,2490,107,5,42,36,333
41007950300,2457,928,979,388,16,19,10,0,1936,206,2,22,34,257
41007950400,3156,916,1013,1020,27,6,15,0,2705,78,4,24,36,309
41007950500,4083,1088,1589,1090,30,6,27,0,3410,187,4,38,30,414
41007950600,2536,671,923,789,13,8,17,0,2086,106,1,34,33,276
41007950700,2107,776,719,492,18,4,7,0,1785,89,0,25,25,183
41007950900,3832,1220,1549,736,28,9,32,0,3125,262,8,46,25,366
41007951100,3969,1452,1302,918,34,14,25,0,3210,174,3,67,58,457
41007951200,2579,712,939,756,25,12,14,0,2192,86,0,32,26,243
41007951300,2478,738,836,753,17,3,7,0,2131,72,0,32,21,222
41007990000,0,0,0,0,0,0,0,0,0,0,0,0,0,0
41047000200,3183,1156,1261,496,43,15,40,0,2402,292,4,73,61,351
41047000300,3340,1106,1416,571,31,20,38,0,2362,583,14,34,29,318
41047000400,2873,778,1356,519,29,12,28,0,1902,626,7,33,52,253
41047000501,2119,626,979,391,9,4,16,0,1124,750,3,49,52,141
41047000502,2524,755,1211,372,22,0,37,0,1402,835,12,27,35,213
41047000600,4233,1657,1492,745,51,17,43,0,3209,537,12,44,43,388
41047000702,2168,644,976,358,21,11,28,0,1458,440,9,27,36,198
41047000703,1403,438,635,232,9,4,9,0,907,342,3,30,8,113
41047000900,3725,1375,1511,546,45,18,44,0,2728,558,9,51,40,339
41047001000,2793,852,1155,581,29,14,26,0,1956,471,13,32,27,294
41047001100,3594,1335,1172,850,29,7,22,0,2848,299,11,58,69,309
41047001200,2814,1234,894,522,12,10,17,0,2250,200,12,48,38,266
41047001300,3255,1463,947,615,17,17,24,0,2625,195,2,61,42,330
41047001401,4828,1333,1528,1644,28,5,32,0,3577,618,0,120,94,419
41047001402,4214,1220,1460,1252,35,4,21,0,3191,505,7,49,69,393
41047001501,3616,994,1152,1258,24,3,20,0,2787,377,5,68,56,323
41047001502,3628,1010,1397,1002,26,4,24,0,2513,678,4,41,63,329
41047001503,3296,906,1435,740,27,6,28,0,2190,691,11,37,69,298
41047001601,5232,1469,1951,1464,26,6,50,0,3349,1047,7,236,117,476
41047001603,4563,1290,1828,1200,26,3,40,0,2736,1206,7,221,86,307
41047001605,1748,450,942,231,15,1,20,0,980,534,6,38,29,161
41047001606,3119,868,1458,592,15,8,27,0,1707,981,9,80,79,263
41047001607,2034,548,1024,334,10,5,11,0,1118,615,3,61,37,200
41047001608,2920,870,1273,609,18,1,23,0,1741,785,6,112,72,204
41047001701,3526,1031,1560,710,16,7,28,0,2151,965,5,66,57,282
41047001702,3074,903,1342,647,23,7,32,0,1796,860,11,138,40,229
41047001703,3111,823,1162,927,22,4,30,0,2152,591,3,60,69,236
41047001801,4112,1175,1844,871,22,3,33,0,2630,988,17,66,73,338
41047001802,5397,1494,2358,1183,48,9,36,0,3279,1400,19,132,112,455
41047001803,2171,617,787,622,14,5,12,0,1584,331,3,13,24,216
41047002001,3687,1143,1228,1065,32,4,28,0,2778,347,18,120,64,360
41047002002,4078,1244,1242,1298,35,8,16,0,3181,290,11,137,66,393
41047002101,2241,771,816,488,30,3,19,0,1707,232,6,30,38,228
41047002102,4532,1472,1470,1257,43,8,32,0,3630,348,16,70,60,408
41047002201,1697,712,394,474,13,4,8,0,1361,112,4,34,36,150
41047002202,4983,1793,1519,1347,43,12,25,0,4060,337,13,93,65,415
41047002301,2979,953,973,826,32,6,25,0,2319,225,6,71,80,278
41047002303,5742,1816,1851,1687,41,9,34,0,4466,489,20,136,121,510
41047002304,5326,1689,1620,1618,48,7,31,0,4041,424,19,229,105,508
41047002400,3395,1137,821,1221,23,9,13,0,2742,144,7,98,76,328
41047002502,4134,963,1466,1460,30,4,20,0,2826,737,10,82,123,356
41047002503,3772,1081,1139,1279,27,3,28,0,2864,434,3,84,60,327
41047002504,3053,870,920,1060,29,0,15,0,2300,321,2,85,60,285
41047002600,1481,321,359,726,6,0,10,0,1106,95,0,16,27,237
41047002701,5177,1170,1499,2156,19,8,31,0,4205,315,6,61,98,492
41047002702,3055,686,843,1351,18,4,12,0,2371,162,0,75,69,378
41047002800,3479,1022,995,1229,29,6,22,0,2716,245,6,75,68,369
41047010100,1082,224,314,476,14,2,4,0,810,143,1,3,10,115
41047010201,2084,489,666,792,12,1,16,0,1601,192,2,35,49,205
41047010202,5430,1437,1932,1700,40,8,50,0,3740,997,7,72,145,469
41047010303,2763,626,1170,835,21,7,16,0,1258,926,20,65,210,284
41047010304,2805,916,1352,428,18,2,9,0,898,1537,4,37,133,196
41047010305,1908,534,843,452,7,3,11,0,742,803,8,18,170,167
41047010307,4686,1563,1377,1457,28,3,26,0,3190,869,1,77,144,405
41047010308,1980,605,832,437,22,3,14,0,942,768,2,27,97,144
41047010309,2466,836,1025,462,15,3,19,0,1081,1082,0,26,89,188
41047010400,3283,812,1058,1205,19,8,18,0,2220,552,0,42,112,357
41047010501,4696,1226,1321,1869,33,6,23,0,3782,215,0,41,170,488
41047010502,4867,1559,1540,1424,38,12,28,0,3809,381,6,61,131,479
41047010503,3194,829,992,1136,25,10,25,0,2502,215,6,18,67,386
41047010600,1912,400,708,672,14,2,21,0,1618,72,0,11,13,198
41047010701,5966,1311,2183,2095,49,8,45,0,4689,625,1,62,43,546
41047010702,5925,1224,1642,2649,45,5,33,0,4924,285,3,36,63,614
41047010801,4792,947,1662,1856,29,3,26,0,3960,352,1,29,37,413
41047010802,4943,1038,1772,1797,39,6,42,0,3948,415,3,44,50,483
