FULLCODE,total_reg,party_dem,party_rep,party_npp,party_oth,party_unk,eth1_eur,eth1_hisp,eth1_aa,eth1_esa,eth1_oth,eth1_unk
45043920100,2196,1087,919,190,0,0,1136,22,949,0,3,86
45043920202,1370,632,567,171,0,0,737,21,538,3,2,69
45043920203,1418,381,745,292,0,0,1073,14,247,1,4,79
45043920204,1696,1206,397,93,0,0,497,12,1152,4,0,31
45043920301,3167,1711,1244,212,0,0,1503,28,1502,9,9,116
45043920302,2199,789,1178,232,0,0,1538,42,469,19,5,126
45043920400,2073,1560,392,121,0,0,520,9,1496,3,4,41
45043920502,2754,721,1568,465,0,0,2183,40,266,9,24,232
45043920504,4689,1236,2967,486,0,0,3827,81,300,14,41,426
45043920506,2734,680,1770,284,0,0,2289,43,79,11,39,273
45043920507,3137,1070,1664,403,0,0,2359,56,447,20,34,221
45043920508,2578,637,1674,267,0,0,2183,40,100,10,36,209
45043920509,1550,360,1018,172,0,0,1351,37,18,4,17,123
45043920510,1501,248,998,255,0,0,1353,18,5,7,18,100
45043920511,3200,721,2037,442,0,0,2700,89,66,24,34,287
45043920601,2644,2107,365,172,0,0,537,25,2018,6,8,50
45043920602,1240,795,295,150,0,0,467,18,730,2,1,22
45043920701,1200,443,628,129,0,0,794,40,293,4,14,55
45043920702,1991,907,863,221,0,0,1101,49,731,8,9,93
45043920800,2432,1772,504,156,0,0,711,12,1677,0,8,24
45043990100,11,3,6,2,0,0,9,2,0,0,0,0
45051010100,1775,702,903,170,0,0,1294,37,359,4,7,74
45051020100,1780,690,869,221,0,0,1320,27,346,4,10,73
45051020201,1967,1066,732,169,0,0,1105,45,735,5,12,65
45051020202,2066,909,978,179,0,0,1248,49,639,4,13,113
45051020301,2893,985,1517,391,0,0,2230,63,385,13,23,179
45051020302,2047,950,915,182,0,0,1258,57,609,2,19,102
45051030102,3312,1350,1571,391,0,0,2404,100,536,9,26,237
45051030104,3989,1806,1726,457,0,0,2626,87,956,20,37,263
45051040101,4449,1738,2167,544,0,0,3273,131,570,41,46,388
45051040102,4129,1732,1844,553,0,0,2892,91,779,19,35,313
45051040103,6526,2262,3104,1160,0,0,5242,178,389,31,85,601
45051040104,2278,774,1162,342,0,0,1859,63,143,13,34,166
45051040105,2337,603,1281,453,0,0,2013,36,46,10,30,202
45051040200,3781,1130,2077,574,0,0,3151,83,179,6,49,313
45051040300,4281,1051,2537,693,0,0,3764,69,58,19,43,328
45051040400,3673,1131,1746,796,0,0,3119,97,81,18,40,318
45051040500,3168,1139,1418,611,0,0,2502,64,246,27,55,274
45051050102,2689,838,1405,446,0,0,2078,107,123,32,71,278
45051050200,2086,563,1076,447,0,0,1742,61,46,16,39,182
45051050303,3330,830,2015,485,0,0,2762,70,68,26,71,333
45051050401,1673,648,665,360,0,0,1200,65,129,19,58,202
45051050402,1890,509,1138,243,0,0,1534,61,33,8,36,218
45051050500,3139,1082,1406,651,0,0,2454,91,206,39,70,279
45051050600,4266,2599,1161,506,0,0,2158,185,1495,27,89,312
45051050700,941,673,157,111,0,0,589,53,226,4,15,54
45051050901,1464,650,512,302,0,0,1036,64,202,29,35,98
45051050902,1624,930,477,217,0,0,939,115,426,22,21,101
45051051000,4773,1650,2463,660,0,0,3840,176,190,42,82,443
45051051201,1418,415,788,215,0,0,1229,20,22,1,17,129
45051051202,2007,625,1000,382,0,0,1754,31,23,8,15,176
45051051301,1235,353,629,253,0,0,1099,15,8,12,8,93
45051051302,2102,543,1275,284,0,0,1873,31,14,5,25,154
45051051403,3618,1192,1918,508,0,0,2915,112,100,69,80,342
45051051404,3730,1178,1875,677,0,0,3038,124,110,35,54,369
45051051405,2665,941,1269,455,0,0,2252,67,67,19,44,216
45051051406,2479,974,1111,394,0,0,2138,52,38,6,20,225
45051051501,2357,872,1056,429,0,0,1795,120,190,20,42,190
45051051502,5239,2224,1975,1040,0,0,3872,249,488,64,92,474
45051051503,1584,588,717,279,0,0,1163,128,130,32,15,116
45051051603,4390,1472,2248,670,0,0,3541,170,182,15,63,419
45051051605,5217,1764,2796,657,0,0,4209,131,300,37,62,478
45051051606,5406,1999,2554,853,0,0,4248,216,284,27,80,551
45051051607,3694,1423,1746,525,0,0,2765,168,340,69,58,294
45051051608,4847,1467,2913,467,0,0,4087,104,81,21,64,490
45051051609,5536,1662,3018,856,0,0,4581,175,124,34,76,546
45051051700,2030,565,845,620,0,0,1709,41,95,12,27,146
45051060101,1749,811,691,247,0,0,1333,53,228,8,12,115
45051060102,1536,522,742,272,0,0,1259,73,70,10,7,117
45051060203,5836,2191,2846,799,0,0,4533,272,371,46,97,517
45051060204,6107,2217,2826,1064,0,0,4625,289,478,38,99,578
45051060206,8645,3201,4269,1175,0,0,6360,408,687,119,176,895
45051060207,4069,1535,1898,636,0,0,2973,224,209,78,114,471
45051060209,4735,1958,2064,713,0,0,3436,233,467,63,117,419
45051060210,1981,707,918,356,0,0,1476,116,96,30,50,213
45051060211,1251,549,424,278,0,0,910,52,112,13,21,143
45051060301,3079,1209,1548,322,0,0,2148,89,604,13,33,192
45051060303,2883,812,1630,441,0,0,2408,65,56,10,48,296
45051060309,1810,570,1030,210,0,0,1466,73,101,5,22,143
45051060310,4340,1776,2025,539,0,0,2852,152,857,66,86,327
45051060403,1783,734,717,332,0,0,1301,98,224,9,17,134
45051060404,1687,612,814,261,0,0,1280,57,142,18,24,166
45051060405,3266,1454,1294,518,0,0,2273,131,534,33,30,265
45051060406,4834,1513,2693,628,0,0,3915,139,223,52,74,431
45051070101,3412,1325,1692,395,0,0,2488,82,551,13,25,253
45051070102,3911,1326,2070,515,0,0,2991,96,445,21,47,311
45051070200,2151,687,1282,182,0,0,1709,61,216,9,27,129
45051070300,2388,1405,816,167,0,0,1323,69,816,25,28,127
45051070400,3177,2242,761,174,0,0,1220,83,1706,10,15,143
45051070500,2188,1280,736,172,0,0,1149,47,870,7,13,102
45051070601,3590,1258,1863,469,0,0,2860,87,355,6,29,253
45051070602,3256,1678,1295,283,0,0,1941,72,1010,10,32,191
45051070701,3986,1432,2068,486,0,0,2941,106,573,25,43,298
45051070702,3047,1152,1425,470,0,0,2213,140,468,12,26,188
45051080101,2445,731,1445,269,0,0,2050,52,193,3,12,135
45051080102,2090,660,1186,244,0,0,1700,38,205,7,17,123
45051080200,2924,753,1758,413,0,0,2539,56,109,6,15,199
45051980100,412,159,158,95,0,0,325,18,19,5,7,38
45051990100,2,0,0,2,0,0,2,0,0,0,0,0
45037970201,1362,487,754,121,0,0,918,11,381,4,3,45
45037970203,1840,833,885,122,0,0,1088,26,650,3,2,71
45037970204,1748,1038,550,160,0,0,751,12,933,5,7,40
45037970300,3000,1772,1016,212,0,0,1277,51,1574,7,5,86
45037970400,2226,1090,867,269,0,0,1144,49,939,6,10,78
45037970501,3079,1228,1346,505,0,0,1831,78,990,5,14,161
45037970502,4666,796,3285,585,0,0,3771,87,443,40,38,287
45047970101,2372,792,1288,292,0,0,1563,26,667,5,2,109
45047970102,2706,776,1481,449,0,0,1956,30,591,5,13,111
45047970201,3583,1037,2179,367,0,0,2533,52,765,25,22,186
45047970202,4186,1715,1843,628,0,0,2466,101,1389,29,18,183
45047970301,2324,719,1335,270,0,0,1676,55,458,24,12,99
45047970303,1665,544,879,242,0,0,1096,35,395,24,7,108
45047970304,2341,434,1693,214,0,0,1886,42,213,47,17,136
45047970401,1549,702,617,230,0,0,861,39,595,0,5,49
45047970402,2570,536,1784,250,0,0,2090,30,243,29,14,164
45047970500,2107,1883,124,100,0,0,171,61,1850,2,6,17
45047970601,2464,990,1163,311,0,0,1495,93,756,12,14,94
45047970602,2093,1009,857,227,0,0,1034,41,915,10,9,84
45047970701,1963,382,1397,184,0,0,1627,22,169,9,16,120
45047970702,3380,1312,1689,379,0,0,1979,48,1194,9,10,140
45047970801,2083,1281,566,236,0,0,754,86,1179,8,9,47
45047970802,2128,1028,925,175,0,0,1054,35,938,7,1,93
45047970900,1326,456,695,175,0,0,869,30,364,2,5,56
45047971000,1234,187,862,185,0,0,1025,11,129,4,3,62
45087030100,1342,922,397,23,0,0,712,6,584,5,7,28
45087030200,1473,1135,322,16,0,0,571,15,828,5,1,53
45087030300,2423,1514,866,43,0,0,1442,24,870,2,6,79
45087030401,1816,1146,640,30,0,0,1202,7,555,1,5,46
45087030402,1508,844,618,46,0,0,1172,20,245,5,5,61
45087030500,1315,793,491,31,0,0,950,11,318,1,3,32
45087030600,1235,968,254,13,0,0,404,4,794,1,2,30
45087030700,2152,1119,989,44,0,0,1558,12,495,4,5,78
45087030800,2217,1137,1026,54,0,0,1585,24,545,0,1,62
45087030900,1524,1008,478,38,0,0,1208,6,269,3,5,33
45017950100,3856,1600,1797,459,0,0,2301,68,1208,9,29,241
45017950201,1456,863,507,86,0,0,745,20,591,1,6,93
45017950202,2978,2167,598,213,0,0,993,24,1821,2,7,131
45017950400,2517,1343,997,177,0,0,1354,30,976,2,12,143
45091060102,1706,923,575,208,0,0,1260,57,253,6,12,118
45091060200,2250,1422,545,283,0,0,1168,101,848,9,22,102
45091060300,2558,2038,325,195,0,0,725,62,1699,3,10,59
45091060401,1809,1764,35,10,0,0,111,18,1668,0,5,7
45091060402,1733,1468,195,70,0,0,370,53,1242,14,4,50
45091060501,1724,1431,183,110,0,0,383,31,1247,5,10,48
45091060502,1784,1637,100,47,0,0,220,37,1506,1,5,15
45091060600,21,10,4,7,0,0,17,1,2,0,0,1
45091060700,3858,1723,1762,373,0,0,2842,113,617,31,36,219
45091060802,1139,564,442,133,0,0,770,70,207,27,10,55
45091060803,2944,1642,961,341,0,0,1694,218,820,36,26,150
45091060804,2834,1471,1007,356,0,0,1730,214,664,50,26,150
45091060901,2787,1685,724,378,0,0,1397,181,967,55,41,146
45091060904,5243,2295,2510,438,0,0,3561,196,1096,57,56,277
45091060908,2150,1307,643,200,0,0,1083,84,841,13,15,114
45091060909,3785,1602,1806,377,0,0,2667,160,640,30,50,238
45091060910,3404,1064,2033,307,0,0,2684,96,280,47,33,264
45091060911,3317,1359,1648,310,0,0,2379,125,529,37,35,212
45091060912,1516,593,789,134,0,0,1107,53,223,23,20,90
45091060913,4412,2094,1836,482,0,0,2849,173,976,98,47,269
45091061004,6217,2546,2978,693,0,0,4553,316,636,143,89,480
45091061006,2436,881,1327,228,0,0,1773,89,223,118,55,178
45091061007,5073,2133,2250,690,0,0,3335,420,615,174,103,426
45091061008,5356,1814,2920,622,0,0,3891,272,463,171,122,437
45091061009,6705,2432,3594,679,0,0,5101,307,368,202,118,609
45091061010,2879,1069,1486,324,0,0,2214,136,147,74,52,256
45091061011,5850,2542,2378,930,0,0,3879,391,815,185,95,485
45091061012,3036,1195,1546,295,0,0,2220,157,255,69,57,278
45091061101,3848,1793,1489,566,0,0,2609,161,778,26,44,230
45091061103,6288,2454,3280,554,0,0,4527,305,683,108,114,551
45091061104,4747,1750,2568,429,0,0,3534,255,390,102,72,394
45091061202,2722,906,1476,340,0,0,2123,73,218,4,163,141
45091061203,4185,1531,2156,498,0,0,3221,94,603,21,41,205
45091061204,2870,1606,919,345,0,0,1567,125,957,47,35,139
45091061205,2623,952,1372,299,0,0,1981,90,366,33,36,117
45091061301,3735,2682,755,298,0,0,1365,87,2139,12,27,105
45091061302,3466,1598,1514,354,0,0,2229,89,942,6,34,166
45091061401,2611,972,1277,362,0,0,2084,64,298,3,31,131
45091061403,4088,1543,2134,411,0,0,3100,107,622,29,36,194
45091061404,2990,1287,1519,184,0,0,2091,72,596,41,36,154
45091061503,2076,640,1155,281,0,0,1778,72,99,3,24,100
45091061504,3326,1238,1610,478,0,0,2554,93,426,13,53,187
45091061505,1549,558,766,225,0,0,1297,33,139,3,10,67
45091061506,4250,1352,2376,522,0,0,3518,127,298,28,36,243
45091061601,2066,1373,514,179,0,0,920,53,997,9,19,68
45091061602,3288,1865,1073,350,0,0,1944,104,1030,22,27,161
45091061701,2863,795,1632,436,0,0,2513,51,101,20,20,158
45091061705,5101,1809,2589,703,0,0,3903,200,570,68,65,295
45091061706,4147,1450,2241,456,0,0,3267,149,363,34,29,305
45091061708,4536,1687,2392,457,0,0,3336,225,531,51,51,342
45091061709,4385,1576,2184,625,0,0,3215,230,440,49,66,385
45091061710,3093,1094,1692,307,0,0,2506,92,172,31,42,250
45091061801,1850,1068,581,201,0,0,1093,87,561,9,15,85
45091061802,3209,1257,1537,415,0,0,2521,92,378,16,29,173
45091061900,3141,1128,1637,376,0,0,2550,50,397,5,20,119
45019000100,1661,786,734,141,0,0,1246,25,141,16,19,214
45019000200,1215,406,690,119,0,0,1015,18,14,9,23,136
45019000400,1552,915,335,302,0,0,1088,34,220,12,26,172
45019000500,1345,660,445,240,0,0,1097,24,32,11,14,167
45019000600,759,409,152,198,0,0,586,27,53,13,10,70
45019000700,1313,877,153,283,0,0,864,35,236,13,17,148
45019000900,982,803,62,117,0,0,408,31,444,4,17,78
45019001000,1227,829,138,260,0,0,753,37,293,7,23,114
45019001100,1704,1356,144,204,0,0,749,44,747,24,20,120
45019001500,1231,971,137,123,0,0,530,23,572,9,10,87
45019001901,3605,1839,1294,472,0,0,2752,74,344,23,61,351
45019001902,2987,1476,963,548,0,0,2239,83,313,24,49,279
45019002002,4949,2373,1789,787,0,0,3865,123,461,29,51,420
45019002004,1633,763,654,216,0,0,1409,20,35,3,14,152
45019002005,5219,2134,2573,512,0,0,4263,102,245,37,67,505
45019002006,3726,1762,1618,346,0,0,2644,60,627,22,47,326
45019002007,2862,1105,1550,207,0,0,2418,39,77,19,32,277
45019002008,3551,1978,1057,516,0,0,2316,94,791,20,33,297
45019002009,3236,2065,852,319,0,0,1677,76,1226,13,38,206
45019002103,4269,2140,1776,353,0,0,2592,152,1141,15,37,332
45019002104,1797,601,1055,141,0,0,1498,15,16,21,29,218
45019002105,2063,778,1116,169,0,0,1674,37,32,10,36,274
45019002106,2652,1122,1212,318,0,0,1965,57,299,23,34,274
45019002107,7540,3749,2731,1060,0,0,5099,295,1348,47,88,663
45019002108,1924,787,974,163,0,0,1377,67,332,7,13,128
45019002200,3011,1750,1054,207,0,0,1621,51,1105,9,19,206
45019002300,1704,849,756,99,0,0,1062,14,519,1,14,94
45019002401,1165,704,391,70,0,0,528,12,575,1,6,43
45019002402,1909,1401,410,98,0,0,587,31,1215,3,9,64
45019002503,1978,1147,726,105,0,0,915,46,918,3,10,86
45019002504,3792,2034,1477,281,0,0,2081,91,1385,6,21,208
45019002604,2476,1177,1009,290,0,0,1704,70,423,16,41,222
45019002605,2854,1795,776,283,0,0,1482,81,1076,19,23,173
45019002606,1658,677,869,112,0,0,1315,21,100,22,17,183
45019002611,2144,1002,760,382,0,0,1524,58,334,24,28,176
45019002612,4218,2644,1034,540,0,0,2176,137,1454,44,83,324
45019002613,3487,1748,1216,523,0,0,2267,120,708,27,48,317
45019002614,2261,1294,675,292,0,0,1324,71,673,23,22,148
45019002701,1715,1245,239,231,0,0,654,43,911,12,15,80
45019002702,3364,2782,321,261,0,0,978,64,2132,12,21,157
45019002801,3378,1554,1397,427,0,0,2478,69,441,38,39,313
45019002802,2190,786,1204,200,0,0,1835,41,67,22,18,207
45019002900,2299,1498,500,301,0,0,1393,44,664,14,19,165
45019003000,2945,1340,1337,268,0,0,2447,41,74,18,41,324
45019003104,1806,1440,235,131,0,0,553,163,975,14,20,81
45019003105,1341,1161,140,40,0,0,355,110,816,6,8,46
45019003106,5245,3378,1286,581,0,0,2329,232,2358,45,48,233
45019003107,3581,2651,575,355,0,0,1152,167,2053,25,35,149
45019003108,2139,1774,213,152,0,0,437,94,1520,27,14,47
45019003109,2030,1365,454,211,0,0,791,94,1024,7,14,100
45019003110,3504,2542,662,300,0,0,1192,177,1971,22,21,121
45019003111,2746,2288,270,188,0,0,574,88,1982,19,14,69
45019003113,2105,1497,395,213,0,0,744,126,1104,20,22,89
45019003115,3405,2037,916,452,0,0,1697,126,1321,24,46,191
45019003116,2173,1537,331,305,0,0,744,120,1083,49,32,145
45019003117,2491,1423,793,275,0,0,1227,120,931,44,16,153
45019003200,244,141,40,63,0,0,131,25,55,3,3,27
45019003300,2016,1845,131,40,0,0,335,37,1592,2,5,45
45019003400,2067,1740,257,70,0,0,712,83,1174,12,6,80
45019003500,2517,1386,857,274,0,0,1880,76,288,17,28,228
45019003600,1903,1237,432,234,0,0,1230,79,417,14,20,143
45019003700,1949,1689,150,110,0,0,432,30,1396,11,17,63
45019003800,2352,2096,175,81,0,0,436,37,1809,5,6,59
45019003900,1473,779,537,157,0,0,818,29,488,12,13,113
45019004000,1539,1487,40,12,0,0,113,9,1392,1,4,20
45019004300,1433,1380,39,14,0,0,131,14,1270,4,2,12
45019004400,1558,1438,75,45,0,0,173,8,1345,4,9,19
45019004607,3895,1458,1830,607,0,0,3241,91,89,31,61,382
45019004609,5666,2470,2712,484,0,0,3930,144,982,46,78,486
45019004610,3218,1531,1295,392,0,0,2184,74,526,55,45,334
45019004612,5049,2041,2294,714,0,0,4047,153,222,51,87,489
45019004613,1328,421,868,39,0,0,1136,14,56,15,18,89
45019004614,5332,2311,2572,449,0,0,3845,141,694,78,77,497
45019004615,3986,1316,2388,282,0,0,3169,121,152,40,83,421
45019004616,6828,2368,3811,649,0,0,5330,236,315,116,102,729
45019004617,6360,2070,3757,533,0,0,5071,194,210,91,97,697
45019004618,5888,2133,3107,648,0,0,4564,213,233,128,97,653
45019004619,3619,1557,1638,424,0,0,2749,69,372,32,61,336
45019004620,4077,1557,2071,449,0,0,3306,99,135,50,51,436
45019004621,4812,2182,2135,495,0,0,3771,97,320,37,67,520
45019004622,4124,1663,1992,469,0,0,3166,89,394,40,54,381
45019004701,4383,1651,2294,438,0,0,3627,84,224,26,54,368
45019004702,1775,717,815,243,0,0,1384,44,163,9,25,150
45019004800,1664,728,816,120,0,0,1384,21,26,11,24,198
45019004901,1661,559,964,138,0,0,1412,22,18,16,19,174
45019004902,2314,715,1415,184,0,0,2005,24,31,17,42,195
45019005001,1401,738,578,85,0,0,679,15,607,5,10,85
45019005002,2878,1789,941,148,0,0,1364,22,1348,12,12,120
45019005100,1297,789,360,148,0,0,876,24,237,6,19,135
45019005300,3099,2525,255,319,0,0,1235,61,1553,20,36,194
45019005400,1045,947,39,59,0,0,170,19,820,2,6,28
45019005500,806,733,32,41,0,0,124,9,648,1,3,21
45019005601,5977,3023,2163,791,0,0,3873,244,1068,125,82,585
45019005602,5521,2580,2085,856,0,0,3718,257,825,80,86,555
45019005701,4444,1651,2382,411,0,0,3453,91,450,33,54,363
45019005702,2427,1040,1113,274,0,0,1758,87,282,38,53,209
45019005800,5270,2428,2249,593,0,0,3582,171,961,78,70,408
45019005900,2948,2039,548,361,0,0,1718,61,861,29,28,251
45019990100,0,0,0,0,0,0,0,0,0,0,0,0
45023020100,1153,860,163,130,0,0,390,13,720,8,4,18
45023020200,1854,1480,182,192,0,0,573,30,1184,14,5,48
45023020300,2331,2014,167,150,0,0,462,19,1809,1,4,36
45023020400,1719,888,584,247,0,0,1062,17,568,5,7,60
45023020500,2120,1125,686,309,0,0,1327,33,668,5,7,80
45023020601,1773,918,638,217,0,0,1229,12,459,3,6,64
45023020602,2499,1263,904,332,0,0,1686,32,677,9,19,76
45023020700,1372,659,515,198,0,0,861,28,403,12,11,57
45023020800,3476,1308,1591,577,0,0,2394,71,830,5,26,150
45023020900,1463,630,604,229,0,0,1063,13,320,1,12,54
45023021000,1335,768,328,239,0,0,758,12,530,2,5,28
45029970100,1231,739,405,87,0,0,548,13,633,0,6,31
45029970200,1067,379,553,135,0,0,676,19,303,0,4,65
45029970301,2415,923,1190,302,0,0,1442,31,774,16,8,144
45029970302,1440,1039,322,79,0,0,374,9,1024,0,4,29
45029970401,2801,1078,1392,331,0,0,1727,43,873,7,18,133
45029970402,2427,852,1293,282,0,0,1590,39,628,12,12,146
45029970501,2164,1680,329,155,0,0,513,17,1562,0,7,65
45029970502,1567,651,737,179,0,0,929,35,486,17,11,89
45029970601,2338,1001,901,436,0,0,1324,62,802,5,9,136
45029970602,2237,1429,655,153,0,0,781,20,1351,4,8,73
45029970701,2035,684,934,417,0,0,1367,42,504,1,21,100
45029970702,1882,554,952,376,0,0,1335,30,374,2,43,98
45029970800,1972,873,946,153,0,0,1155,15,668,4,2,128
45029990100,0,0,0,0,0,0,0,0,0,0,0,0
45009960101,1035,863,171,1,0,0,357,6,640,0,8,24
45009960102,2225,2104,118,3,0,0,184,9,2016,4,3,9
45009960201,1768,1470,296,2,0,0,832,9,823,18,3,83
45009960202,2790,2241,548,1,0,0,851,13,1854,0,10,62
45009960300,565,340,224,1,0,0,333,10,204,1,1,16
45009960400,944,595,349,0,0,0,569,4,311,0,1,59
45039960100,1541,1296,244,1,0,0,334,7,1172,0,1,27
45039960200,2654,1916,712,26,0,0,1237,25,1303,5,9,75
45039960301,2177,1463,690,24,0,0,903,49,1148,8,11,58
45039960302,2256,1121,1103,32,0,0,1398,23,711,8,15,101
45039960401,2236,1845,358,33,0,0,707,38,1424,9,2,56
45039960402,1426,1162,239,25,0,0,521,20,832,3,4,46
45039960501,1970,1454,496,20,0,0,824,17,1045,0,12,72
45039960502,1709,1428,272,9,0,0,418,14,1233,2,4,38
45063020100,1736,1031,551,154,0,0,884,42,724,12,15,59
45063020201,1606,688,737,181,0,0,1199,36,236,15,18,102
45063020202,1401,706,548,147,0,0,794,35,456,30,11,75
45063020300,2025,884,832,309,0,0,1439,68,354,17,18,129
45063020505,2249,1217,839,193,0,0,1253,109,734,19,20,114
45063020506,2754,972,1520,262,0,0,2062,84,332,43,35,198
45063020508,1617,474,1028,115,0,0,1339,25,79,17,23,134
45063020509,1918,900,867,151,0,0,1266,65,430,16,28,113
45063020510,3062,1603,1245,214,0,0,1522,89,1219,41,45,146
45063020511,1801,1058,563,180,0,0,849,46,740,55,11,100
45063020512,2213,749,1256,208,0,0,1615,76,335,13,27,147
45063020513,1385,505,722,158,0,0,982,41,250,19,14,79
45063020601,2293,1010,980,303,0,0,1529,86,527,19,21,111
45063020602,2847,847,1713,287,0,0,2209,92,333,14,25,174
45063020604,2235,850,1173,212,0,0,1574,55,439,37,12,118
45063020605,1515,580,755,180,0,0,1014,41,342,16,15,87
45063020703,2776,946,1540,290,0,0,2050,74,441,16,28,167
45063020705,1950,1006,756,188,0,0,1005,79,764,7,9,86
45063020706,1933,1428,407,98,0,0,413,93,1376,5,3,43
45063020707,2244,935,1096,213,0,0,1456,86,555,4,27,116
45063020708,1484,449,822,213,0,0,1180,44,140,2,13,105
45063020801,998,399,489,110,0,0,655,22,262,1,9,49
45063020802,1674,677,793,204,0,0,1096,50,432,4,17,75
45063020803,1851,814,789,248,0,0,1238,39,473,2,8,91
45063020804,1358,548,576,234,0,0,978,66,227,3,11,73
45063020806,1256,560,476,220,0,0,890,75,201,2,7,81
45063020807,1380,613,524,243,0,0,921,66,312,4,10,67
45063020904,1825,539,1025,261,0,0,1466,55,170,2,13,119
45063020905,1933,760,829,344,0,0,1408,79,319,6,16,105
45063020906,2169,663,1137,369,0,0,1813,60,106,3,17,170
45063020908,2310,777,1277,256,0,0,1705,82,335,27,22,139
45063020909,1610,509,862,239,0,0,1291,54,143,5,17,100
45063020910,1223,354,662,207,0,0,1042,32,34,3,9,103
45063020911,1174,358,638,178,0,0,970,44,64,1,9,86
45063020912,1737,820,702,215,0,0,1008,83,496,30,19,101
45063020913,1317,617,555,145,0,0,739,82,403,5,13,75
45063021019,1552,490,939,123,0,0,1153,41,136,83,23,116
45063021020,2748,880,1520,348,0,0,2152,104,252,44,31,165
45063021021,1684,311,1255,118,0,0,1502,31,13,6,22,110
45063021023,2033,639,1141,253,0,0,1565,78,191,15,27,157
45063021025,3452,812,2398,242,0,0,2917,83,88,66,42,256
45063021028,2530,815,1476,239,0,0,1899,85,315,39,20,172
45063021029,2159,839,1077,243,0,0,1458,61,485,33,8,114
45063021030,3043,1063,1656,324,0,0,2283,104,392,19,24,221
45063021031,2944,892,1776,276,0,0,2308,102,221,47,17,249
45063021032,2695,761,1665,269,0,0,2162,67,173,50,25,218
45063021033,2854,1026,1530,298,0,0,2035,93,507,27,35,157
45063021034,3067,1054,1721,292,0,0,2251,120,489,20,29,158
45063021035,1969,686,1045,238,0,0,1456,69,303,6,21,114
45063021036,2576,876,1418,282,0,0,1783,136,441,9,36,171
45063021037,2660,861,1538,261,0,0,1908,133,387,26,18,188
45063021038,2322,729,1377,216,0,0,1695,106,214,109,33,165
45063021039,2907,686,2014,207,0,0,2443,65,56,90,35,218
45063021040,3198,969,1954,275,0,0,2390,158,303,87,52,208
45063021041,1532,482,880,170,0,0,1133,64,189,15,21,110
45063021042,1827,630,938,259,0,0,1355,69,239,14,27,123
45063021043,2001,735,1044,222,0,0,1356,74,406,25,16,124
45063021044,1912,728,970,214,0,0,1275,82,387,9,18,141
45063021045,2035,700,1147,188,0,0,1474,99,254,38,30,140
45063021046,1684,367,1197,120,0,0,1449,33,44,10,9,139
45063021047,2283,516,1664,103,0,0,1954,65,51,20,24,169
45063021048,1804,432,1208,164,0,0,1478,52,88,33,26,127
45063021049,1729,504,1070,155,0,0,1392,58,98,38,18,125
45063021050,2170,555,1433,182,0,0,1752,67,139,42,24,146
45063021051,1749,621,877,251,0,0,1274,56,298,9,10,102
45063021052,1884,663,906,315,0,0,1419,93,241,10,17,104
45063021106,2205,863,1211,131,0,0,1498,47,491,22,15,132
45063021109,2338,1093,1045,200,0,0,1560,46,533,51,22,126
45063021110,2150,894,1105,151,0,0,1445,65,459,22,22,137
45063021111,1564,858,574,132,0,0,780,54,627,7,20,76
45063021112,2126,847,1128,151,0,0,1461,47,397,39,34,148
45063021113,2092,970,936,186,0,0,1240,80,568,45,53,106
45063021114,3060,931,1955,174,0,0,2318,77,288,50,57,270
45063021115,2090,691,1156,243,0,0,1589,71,245,23,27,135
45063021116,2494,1021,1288,185,0,0,1656,89,538,19,39,153
45063021204,3307,1039,1911,357,0,0,2618,120,256,25,17,271
45063021205,3065,628,2260,177,0,0,2650,65,40,17,28,265
45063021206,2465,619,1651,195,0,0,1988,59,188,9,14,207
45063021207,1796,380,1312,104,0,0,1559,32,31,15,13,146
45063021208,3802,974,2507,321,0,0,3243,78,129,18,22,312
45063021303,3884,754,2859,271,0,0,3466,58,31,22,42,265
45063021305,1874,587,1068,219,0,0,1557,36,145,0,8,128
45063021306,2628,667,1689,272,0,0,2193,102,127,3,22,181
45063021307,1092,328,595,169,0,0,920,31,60,7,5,69
45063021309,1326,273,944,109,0,0,1164,29,14,0,11,108
45063021310,1768,448,1167,153,0,0,1416,44,138,8,12,150
45063021311,1372,354,829,189,0,0,1134,39,64,5,9,121
45063021312,1143,402,591,150,0,0,832,26,195,5,12,73
45063021402,2474,1267,1066,141,0,0,1267,51,1067,3,11,75
45063021403,1128,388,588,152,0,0,841,46,160,3,4,74
45063021404,2053,698,1186,169,0,0,1452,36,459,5,8,93
45063980100,107,48,43,16,0,0,70,3,27,2,0,5
45045000100,1077,490,445,142,0,0,870,40,48,7,17,95
45045000200,1084,494,427,163,0,0,861,33,69,13,18,90
45045000400,1035,534,364,137,0,0,718,27,167,11,24,88
45045000500,974,758,173,43,0,0,404,12,488,8,7,55
45045000700,2131,1576,403,152,0,0,1128,64,758,19,22,140
45045000800,636,569,59,8,0,0,139,29,445,3,0,20
45045000900,780,609,135,36,0,0,347,15,383,6,5,24
45045001000,1613,888,525,200,0,0,1047,44,343,16,21,142
45045001101,3167,1158,1761,248,0,0,2602,90,141,24,46,264
45045001102,1274,471,698,105,0,0,1092,16,41,6,11,108
45045001203,597,123,423,51,0,0,504,21,5,3,12,52
45045001204,1948,1058,652,238,0,0,1232,80,488,13,4,131
45045001205,859,457,335,67,0,0,470,17,284,13,15,60
45045001302,1273,419,682,172,0,0,1043,31,118,8,4,69
45045001400,2561,994,1399,168,0,0,2142,61,147,17,26,168
45045001501,3034,1015,1816,203,0,0,2603,54,109,21,23,224
45045001502,1548,1332,155,61,0,0,307,35,1170,1,5,30
45045001600,3367,978,2128,261,0,0,2759,103,192,60,43,210
45045001700,2131,851,1015,265,0,0,1457,167,290,74,19,124
45045001803,2597,926,1370,301,0,0,1779,190,379,69,29,151
45045001804,3062,1002,1825,235,0,0,2341,139,254,71,48,209
45045001805,3464,1080,2152,232,0,0,2784,108,232,46,57,237
45045001807,3609,1351,1898,360,0,0,2590,192,501,42,48,236
45045001808,1928,1108,436,384,0,0,1060,140,575,22,19,112
45045001809,1790,785,794,211,0,0,1198,132,297,19,22,122
45045001810,1700,937,526,237,0,0,964,145,458,32,33,68
45045001900,6309,2403,3476,430,0,0,4816,169,772,60,79,413
45045002001,2004,1758,164,82,0,0,260,75,1612,9,10,38
45045002003,1996,1641,297,58,0,0,531,140,1278,6,5,36
45045002005,2312,1885,304,123,0,0,530,78,1636,6,7,55
45045002103,2235,1194,957,84,0,0,1275,42,784,11,13,110
45045002104,774,615,137,22,0,0,299,77,375,8,2,13
45045002105,1286,1076,173,37,0,0,478,79,672,5,3,49
45045002106,1609,1006,452,151,0,0,838,116,598,9,5,43
45045002107,1456,808,479,169,0,0,836,72,462,6,14,66
45045002108,1017,716,221,80,0,0,555,33,355,8,7,59
45045002202,811,568,206,37,0,0,433,89,257,5,1,26
45045002203,1188,865,272,51,0,0,683,125,315,11,10,44
45045002204,990,559,344,87,0,0,601,148,193,3,4,41
45045002301,2214,873,1056,285,0,0,1628,131,295,28,18,114
45045002302,1736,987,585,164,0,0,1110,131,394,17,12,72
45045002303,644,528,103,13,0,0,270,60,289,1,4,20
45045002304,2189,1331,697,161,0,0,1054,110,872,19,18,116
45045002403,3085,661,2144,280,0,0,2781,71,19,9,16,189
45045002404,2997,733,1983,281,0,0,2662,58,23,15,32,207
45045002405,5346,1403,3456,487,0,0,4506,178,176,21,63,402
45045002406,1136,329,662,145,0,0,951,52,56,3,6,68
45045002503,6962,2520,3689,753,0,0,4746,705,676,190,138,507
45045002504,1326,596,630,100,0,0,803,75,341,11,12,84
45045002505,1889,1069,656,164,0,0,1191,195,358,20,23,102
45045002506,2890,654,1996,240,0,0,2432,93,152,22,33,158
45045002507,3351,1047,1935,369,0,0,2515,186,393,19,31,207
45045002602,2859,1083,1504,272,0,0,2072,180,360,58,35,154
45045002604,4011,1643,2013,355,0,0,2571,335,725,87,66,227
45045002606,4728,1113,3220,395,0,0,3986,161,211,17,38,315
45045002609,4461,1267,2896,298,0,0,3535,154,257,102,68,345
45045002610,2008,855,959,194,0,0,1280,186,355,40,21,126
45045002611,4250,1441,2408,401,0,0,3034,200,671,46,44,255
45045002612,6578,2399,3537,642,0,0,4487,440,681,311,190,469
45045002613,1293,361,865,67,0,0,1057,50,44,38,13,91
45045002701,3541,888,2451,202,0,0,3039,79,75,25,37,286
45045002703,3876,1073,2507,296,0,0,3193,121,161,46,46,309
45045002704,1449,440,873,136,0,0,1089,87,129,26,23,95
45045002804,2380,787,1441,152,0,0,1871,83,173,23,47,183
45045002805,3636,1217,2145,274,0,0,2692,183,352,90,53,266
45045002811,5987,2584,2716,687,0,0,3856,345,1180,129,116,361
45045002812,5371,1831,3062,478,0,0,3952,297,460,211,64,387
45045002813,3446,1004,2267,175,0,0,2654,129,144,136,97,286
45045002814,4652,1351,2986,315,0,0,3562,196,226,156,112,400
45045002815,4662,1404,2971,287,0,0,3628,179,232,141,92,390
45045002817,3590,1093,2255,242,0,0,2844,123,161,82,86,294
45045002818,1286,465,656,165,0,0,851,67,182,64,29,93
45045002819,3726,1309,2115,302,0,0,2702,147,470,61,97,249
45045002820,1396,498,734,164,0,0,945,50,268,26,14,93
45045002821,3961,1489,2122,350,0,0,2698,318,492,77,67,309
45045002822,4184,1501,2355,328,0,0,2873,299,446,142,76,348
45045002901,3407,2226,861,320,0,0,1436,209,1566,25,31,140
45045002903,4697,2045,2215,437,0,0,2882,281,1189,47,62,236
45045002904,3642,2051,1297,294,0,0,1902,289,1201,45,44,161
45045002905,3404,1859,1336,209,0,0,1914,247,1004,32,15,192
45045003005,1602,770,653,179,0,0,976,102,420,9,12,83
45045003008,5758,1731,3618,409,0,0,4434,243,472,76,82,451
45045003009,6637,2147,3990,500,0,0,5051,344,588,81,100,473
45045003010,5394,1801,3144,449,0,0,3857,324,693,82,77,361
45045003011,4162,1585,2257,320,0,0,2901,230,706,41,59,225
45045003012,3293,1398,1569,326,0,0,2073,216,798,14,47,145
45045003013,4832,2124,2234,474,0,0,2987,399,997,54,85,310
45045003014,4431,1802,2281,348,0,0,2928,332,808,34,70,259
45045003016,3712,1462,2003,247,0,0,2555,222,607,35,49,244
45045003017,4714,1959,2329,426,0,0,3128,270,835,50,69,362
45045003101,5465,2729,2225,511,0,0,3156,282,1708,22,51,246
45045003103,1890,578,1125,187,0,0,1502,83,154,5,17,129
45045003104,1695,485,1052,158,0,0,1408,80,97,7,18,85
45045003202,2301,644,1366,291,0,0,1988,50,130,4,18,111
45045003203,2007,639,1174,194,0,0,1583,51,241,6,27,99
45045003204,1073,307,628,138,0,0,891,41,75,3,10,53
45045003301,4263,1946,1777,540,0,0,2863,138,984,34,46,198
45045003303,3643,1821,1474,348,0,0,2090,109,1239,30,35,140
45045003304,5279,3337,1606,336,0,0,2322,425,2263,23,36,210
45045003401,565,458,82,25,0,0,170,22,351,0,1,21
45045003500,1508,921,469,118,0,0,776,81,590,2,6,53
45045003601,3256,2010,959,287,0,0,1599,246,1286,8,13,104
45045003602,1304,1032,198,74,0,0,311,77,881,5,7,23
45045003701,3550,1299,1884,367,0,0,2555,244,541,27,14,169
45045003704,1516,869,548,99,0,0,787,222,434,20,15,38
45045003705,955,433,423,99,0,0,694,53,135,11,12,50
45045003706,1398,795,480,123,0,0,707,157,456,19,16,43
45045003707,2513,1171,1085,257,0,0,1557,214,560,30,19,133
45045003802,3423,1172,1940,311,0,0,2618,103,372,38,31,261
45045003803,1996,654,1213,129,0,0,1695,57,51,27,23,143
45045003804,1775,573,1057,145,0,0,1417,56,112,19,25,146
45045003902,2773,681,1841,251,0,0,2395,70,119,12,17,160
45045003903,2820,771,1736,313,0,0,2445,75,116,7,19,158
45045003905,2842,872,1630,340,0,0,2333,70,266,12,24,137
45045003906,1621,595,918,108,0,0,1236,48,204,8,18,107
45045004001,2164,538,1456,170,0,0,1907,42,87,9,14,105
45045004003,1819,519,1132,168,0,0,1527,56,100,7,12,117
45045004004,1414,368,908,138,0,0,1260,25,8,4,9,108
45045004101,2013,572,1160,281,0,0,1783,45,89,2,11,83
45045004102,799,221,483,95,0,0,713,13,8,2,9,54
45045004200,1992,685,1179,128,0,0,1679,30,99,19,16,149
45045004300,2603,2180,368,55,0,0,685,45,1779,2,8,84
45045004400,870,579,213,78,0,0,397,66,352,6,8,41
45055970100,1745,632,849,264,0,0,1157,23,492,1,6,66
45055970200,1675,316,1014,345,0,0,1435,36,147,0,9,48
45055970300,1812,573,1019,220,0,0,1327,20,382,2,8,73
45055970401,3401,874,2073,454,0,0,2582,59,580,7,27,146
45055970402,1921,592,1089,240,0,0,1352,47,405,11,11,95
45055970403,1511,503,793,215,0,0,1030,38,367,4,14,58
45055970500,4382,2002,2028,352,0,0,2628,94,1381,17,26,236
45055970601,3021,1003,1625,393,0,0,2081,59,704,19,22,136
45055970603,2544,1120,1136,288,0,0,1482,59,891,2,15,95
45055970604,1656,530,875,251,0,0,1192,42,359,5,8,50
45055970700,1268,627,550,91,0,0,661,21,526,2,3,55
45055970800,4218,2193,1544,481,0,0,2182,71,1722,24,25,194
45055970902,1859,559,886,414,0,0,1325,94,343,8,6,83
45055970905,2190,553,1402,235,0,0,1669,65,327,12,7,110
45055970906,2471,1055,1039,377,0,0,1503,97,733,13,19,106
45055970907,3105,1139,1564,402,0,0,2052,91,762,23,19,158
45055970908,2202,785,1153,264,0,0,1487,98,507,10,3,97
45055970909,2849,1155,1276,418,0,0,1777,133,747,13,36,143
45053950100,3888,3019,786,83,0,0,1658,91,1935,5,8,191
45053950201,4780,2412,2270,98,0,0,2970,186,1141,21,56,406
45053950203,2950,2200,681,69,0,0,1100,183,1514,10,24,119
45053950204,1944,1467,429,48,0,0,927,93,781,16,12,115
45053950301,2707,1516,1157,34,0,0,1433,171,873,8,24,198
45053950302,2894,1952,856,86,0,0,1092,190,1434,45,23,110
45053990100,0,0,0,0,0,0,0,0,0,0,0,0
45073030100,2867,729,1814,324,0,0,2635,35,8,7,15,167
45073030201,1759,418,1114,227,0,0,1623,28,3,6,5,94
45073030202,3506,928,2327,251,0,0,3037,55,13,16,61,324
45073030301,1313,303,868,142,0,0,1196,35,3,7,3,69
45073030302,4232,952,2906,374,0,0,3867,62,24,13,33,233
45073030402,1469,402,902,165,0,0,1280,72,33,2,7,75
45073030403,1145,417,526,202,0,0,874,166,48,3,10,44
45073030404,2437,799,1363,275,0,0,2037,165,82,10,14,129
45073030500,2993,794,1794,405,0,0,2608,83,99,5,19,179
45073030601,3572,1065,2172,335,0,0,2987,72,217,38,23,235
45073030602,3145,1063,1788,294,0,0,2583,83,195,33,19,232
45073030701,2170,1299,625,246,0,0,1207,75,781,4,21,82
45073030702,3920,1610,1807,503,0,0,2900,109,652,16,35,208
45073030801,2137,886,929,322,0,0,1554,91,372,2,11,107
45073030802,2836,1152,1386,298,0,0,1939,91,626,21,16,143
45073030901,2293,587,1390,316,0,0,2027,44,31,6,20,165
45073030903,3165,808,1941,416,0,0,2851,51,61,11,26,165
45073030904,1964,472,1273,219,0,0,1754,37,63,8,13,89
45073031000,3174,954,1804,416,0,0,2608,82,232,12,22,218
45073031100,2142,569,1281,292,0,0,1942,32,65,4,4,95
45059920102,1023,157,697,169,0,0,846,29,101,3,2,42
45059920104,2044,336,1334,374,0,0,1724,64,133,7,13,103
45059920105,2802,999,1316,487,0,0,1741,127,777,16,8,133
45059920106,1913,495,1077,341,0,0,1409,118,284,2,12,88
45059920107,1358,304,852,202,0,0,1041,40,201,2,6,68
45059920108,1593,545,802,246,0,0,957,64,508,4,10,50
45059920201,2140,249,1566,325,0,0,1890,38,100,8,13,91
45059920202,2189,297,1466,426,0,0,1952,23,92,2,6,114
45059920301,2641,632,1744,265,0,0,1863,31,659,6,11,71
45059920302,2588,998,1311,279,0,0,1311,30,1145,12,6,84
45059920400,3642,1385,1923,334,0,0,1991,65,1441,9,15,121
45059920501,1187,241,797,149,0,0,838,18,283,4,4,40
45059920503,1180,539,457,184,0,0,600,74,470,2,6,28
45059920504,1723,395,1117,211,0,0,1263,40,358,6,5,51
45059920600,2306,716,1211,379,0,0,1561,33,620,3,4,85
45059920700,2507,1479,762,266,0,0,891,23,1522,15,3,53
45059920800,3007,821,1830,356,0,0,2288,39,497,15,6,162
45059920900,1348,321,804,223,0,0,1029,44,201,3,3,68
45059921001,1882,554,1075,253,0,0,1223,20,558,12,4,65
45059921002,1972,583,1127,262,0,0,1398,24,449,3,6,92
45035010100,1818,858,822,138,0,0,914,12,774,5,8,105
45035010200,3424,1836,1306,282,0,0,1430,34,1750,18,27,165
45035010301,1541,588,801,152,0,0,889,12,551,2,11,76
45035010302,2435,1079,1053,303,0,0,1258,38,976,5,22,136
45035010400,3640,1263,1971,406,0,0,2010,81,1272,7,94,176
45035010501,4337,1322,2322,693,0,0,2815,175,978,18,48,303
45035010503,3906,981,2368,557,0,0,2882,118,508,19,67,312
45035010505,4323,1295,2390,638,0,0,3086,162,705,31,32,307
45035010506,1208,433,586,189,0,0,769,50,281,8,28,72
45035010507,1388,488,678,222,0,0,821,52,424,3,22,66
45035010508,2391,812,1276,303,0,0,1458,118,575,19,31,190
45035010603,5104,1431,2811,862,0,0,3460,302,855,23,57,407
45035010604,3614,1152,1965,497,0,0,2364,135,809,11,35,260
45035010606,1564,427,1003,134,0,0,1213,31,203,7,7,103
45035010607,3274,967,1699,608,0,0,2216,114,694,8,20,222
45035010608,2296,696,1226,374,0,0,1665,83,347,15,18,168
45035010700,3795,1884,1416,495,0,0,1913,90,1566,15,20,191
45035010801,4777,1275,3025,477,0,0,3436,152,725,26,54,384
45035010807,3434,916,2040,478,0,0,2433,108,601,22,37,233
45035010808,5545,1769,2815,961,0,0,3752,200,1083,26,71,413
45035010809,2432,837,1266,329,0,0,1643,91,465,10,26,197
45035010813,4666,1656,2147,863,0,0,3004,190,1054,35,53,330
45035010814,4368,1870,1816,682,0,0,2564,236,1215,23,55,275
45035010815,1649,688,615,346,0,0,889,72,579,7,16,86
45035010817,4308,1633,2035,640,0,0,2468,260,1129,80,62,309
45035010818,4889,3148,1193,548,0,0,1682,278,2640,70,45,174
45035010819,3444,1370,1690,384,0,0,2080,144,872,68,59,221
45035010820,4676,2072,2010,594,0,0,2667,189,1396,71,72,281
45035010821,1307,410,670,227,0,0,843,88,240,20,28,88
45035010822,2079,765,1017,297,0,0,1152,145,536,56,36,154
45035010823,4154,1629,1734,791,0,0,2185,291,1296,51,60,271
45015020101,2221,1423,582,216,0,0,776,26,1333,2,16,68
45015020102,2468,1130,1061,277,0,0,1348,44,958,0,12,106
45015020201,2303,1329,660,314,0,0,944,21,1227,4,21,86
45015020202,2313,1981,218,114,0,0,296,6,1978,0,2,31
45015020301,2065,424,1308,333,0,0,1563,42,311,2,15,132
45015020303,1272,683,445,144,0,0,506,10,712,0,8,36
45015020304,3181,698,1950,533,0,0,2329,45,591,4,19,193
45015020401,2698,1054,1305,339,0,0,1556,37,975,8,19,103
45015020404,4123,1156,2213,754,0,0,3026,136,481,28,52,400
45015020405,2595,1492,845,258,0,0,1055,48,1373,6,21,92
45015020406,3281,742,1999,540,0,0,2639,92,68,46,56,380
45015020407,5804,1552,3353,899,0,0,4687,191,211,59,97,559
45015020503,3729,1087,2139,503,0,0,2466,59,1001,9,30,164
45015020504,2488,1074,1078,336,0,0,1243,27,1082,3,17,116
45015020505,3203,1517,1262,424,0,0,1482,127,1391,30,25,148
45015020506,3588,1474,1679,435,0,0,2019,82,1273,14,25,175
45015020601,2806,907,1492,407,0,0,1741,139,691,5,26,204
45015020602,4639,1515,2498,626,0,0,2750,175,1339,30,47,298
45015020707,3879,1638,1761,480,0,0,2103,189,1298,11,46,232
45015020710,3778,1481,1787,510,0,0,2244,194,1056,19,44,221
45015020711,8193,2614,4585,994,0,0,5690,436,1182,76,106,703
45015020712,2059,330,1229,500,0,0,1656,81,134,7,31,150
45015020713,7489,2752,3416,1321,0,0,4757,411,1587,68,81,585
45015020714,3557,1291,1569,697,0,0,2228,165,871,16,35,242
45015020715,2367,841,1059,467,0,0,1550,128,495,5,36,153
45015020716,4857,2046,1947,864,0,0,2809,284,1376,32,66,290
45015020717,2750,1302,825,623,0,0,1507,143,890,11,46,153
45015020718,2120,882,738,500,0,0,1197,132,599,6,34,152
45015020719,2993,1192,1227,574,0,0,1842,197,713,31,32,178
45015020720,3157,886,1901,370,0,0,2260,177,419,21,52,228
45015020721,2394,730,1452,212,0,0,1609,139,376,75,51,144
45015020722,2255,660,1326,269,0,0,1686,100,292,12,24,141
45015020723,1869,574,949,346,0,0,1254,115,343,13,28,116
45015020724,609,231,159,219,0,0,384,57,122,4,1,41
45015020725,250,102,64,84,0,0,148,19,60,2,2,19
45015020804,1730,981,483,266,0,0,749,141,728,10,27,75
45015020806,2363,1112,797,454,0,0,1169,125,930,11,19,109
45015020807,5913,2844,2246,823,0,0,2802,391,2297,25,85,313
45015020808,2101,1217,571,313,0,0,875,137,962,6,19,102
45015020809,2197,1044,786,367,0,0,1154,160,734,14,30,105
45015020810,1759,850,637,272,0,0,923,166,533,12,30,95
45015020811,1773,915,580,278,0,0,859,121,682,7,24,80
45015020812,3571,1086,2013,472,0,0,2561,186,396,58,76,294
45015020901,783,228,374,181,0,0,547,48,119,6,12,51
45015020903,2241,568,1298,375,0,0,1697,95,268,21,23,137
45015020904,2640,731,1470,439,0,0,1829,118,334,109,57,193
45015021000,2116,764,857,495,0,0,1374,125,427,28,34,128
45015980100,1,0,0,1,0,0,1,0,0,0,0,0
45021970101,2164,344,1302,518,0,0,1845,44,146,7,9,113
45021970102,2883,473,1834,576,0,0,2427,72,203,18,24,139
45021970201,1986,832,858,296,0,0,1146,50,708,19,15,48
45021970203,1668,651,811,206,0,0,973,41,583,15,6,50
45021970204,3377,638,2314,425,0,0,2703,107,354,24,29,160
45021970301,2657,1631,802,224,0,0,1000,55,1545,19,10,28
45021970302,2146,1139,640,367,0,0,964,70,1046,9,8,49
45021970401,2033,364,1134,535,0,0,1672,39,212,2,14,94
45021970403,1982,350,1180,452,0,0,1647,26,227,2,9,71
45021970404,1754,216,1070,468,0,0,1556,35,47,3,23,90
45021970501,1248,267,709,272,0,0,983,33,186,1,3,42
45021970502,2503,1569,589,345,0,0,870,64,1521,4,4,40
45021970503,697,64,441,192,0,0,634,10,23,0,3,27
45021970601,3109,665,1920,524,0,0,2496,45,407,1,23,137
45021970602,1569,144,1141,284,0,0,1425,11,55,1,9,68
45021970700,2099,320,1274,505,0,0,1803,50,133,4,17,92
45031010100,2290,1676,595,19,0,0,763,12,1464,7,7,37
45031010200,3541,1157,2269,115,0,0,2851,64,434,9,15,168
45031010300,3634,1616,1943,75,0,0,2502,41,908,15,24,144
45031010400,4294,1537,2665,92,0,0,3414,55,584,18,29,194
45031010500,1827,906,873,48,0,0,1256,34,410,8,16,103
45031010600,2453,1641,744,68,0,0,1017,36,1316,8,9,67
45031010700,1800,1748,44,8,0,0,37,8,1745,0,3,7
45031010800,1951,1145,778,28,0,0,945,10,916,0,7,73
45031010901,2442,1217,1177,48,0,0,1319,34,993,3,9,84
45031010902,1902,1069,789,44,0,0,998,30,813,2,10,49
45031011000,2086,1113,932,41,0,0,1163,19,822,6,4,72
45031011100,1260,712,524,24,0,0,656,19,525,9,5,46
45031011201,1169,839,311,19,0,0,418,7,722,0,4,18
45031011202,1427,874,526,27,0,0,698,14,675,0,4,36
45031011301,1583,977,579,27,0,0,683,20,827,3,11,39
45031011302,1636,1011,608,17,0,0,747,11,800,2,5,71
45031011400,3084,2389,660,35,0,0,728,17,2269,1,7,62
45031011500,2813,1518,1256,39,0,0,1481,25,1213,5,4,85
45031011600,2318,1335,950,33,0,0,1138,21,1098,2,2,57
45003020100,2922,829,1566,527,0,0,1867,98,765,2,10,180
45003020200,4058,1019,2282,757,0,0,2904,134,757,6,19,238
45003020301,1389,334,805,250,0,0,988,56,246,1,10,88
45003020303,1177,779,294,104,0,0,260,24,858,7,2,26
45003020304,2993,1112,1396,485,0,0,1668,125,989,20,20,171
45003020401,4532,1565,2413,554,0,0,2654,156,1438,21,29,234
45003020402,1116,387,522,207,0,0,708,37,331,3,5,32
45003020500,5948,1234,3791,923,0,0,4470,127,936,55,32,328
45003020601,2832,683,1801,348,0,0,1990,60,610,12,15,145
45003020603,1936,605,943,388,0,0,1201,90,522,5,13,105
45003020604,1657,674,712,271,0,0,888,68,624,7,8,62
45003020701,4096,1039,2442,615,0,0,3018,97,727,24,25,205
45003020702,2675,1329,849,497,0,0,1180,162,1196,18,10,109
45003020801,2396,456,1660,280,0,0,1942,53,160,36,21,184
45003020802,3403,999,1831,573,0,0,2418,122,582,50,25,206
45003020901,1339,425,690,224,0,0,834,34,392,3,10,66
45003020903,2435,593,1432,410,0,0,1730,86,435,3,30,151
45003020904,2309,971,1036,302,0,0,1141,57,1002,10,15,84
45003021001,2768,770,1503,495,0,0,1889,98,661,12,15,93
45003021003,1738,350,1011,377,0,0,1325,68,247,8,5,85
45003021004,1044,564,354,126,0,0,366,34,613,0,8,23
45003021101,1318,278,658,382,0,0,996,28,215,3,8,68
45003021102,2186,474,1162,550,0,0,1652,62,348,5,11,108
45003021201,4749,1115,3166,468,0,0,3712,115,507,44,59,312
45003021202,2691,723,1623,345,0,0,2083,63,304,19,23,199
45003021204,1913,567,953,393,0,0,1288,71,373,51,21,109
45003021205,6188,1472,4213,503,0,0,4852,172,416,78,84,586
45003021300,3224,951,1833,440,0,0,2475,75,439,17,35,183
45003021401,1558,1070,328,160,0,0,438,29,1029,6,12,44
45003021402,2269,1696,430,143,0,0,355,30,1844,4,9,27
45003021500,3635,1248,1848,539,0,0,2468,104,767,30,36,230
45003021601,3097,1416,1201,480,0,0,1581,75,1302,0,17,122
45003021603,1920,585,1084,251,0,0,1245,78,437,25,17,118
45003021604,3912,1028,2261,623,0,0,2859,162,532,41,51,267
45003021700,2959,954,1559,446,0,0,1818,48,890,7,17,179
45003021800,1711,670,830,211,0,0,948,20,668,1,16,58
45003021901,1673,458,906,309,0,0,1199,102,256,2,11,103
45003021902,1769,576,857,336,0,0,1107,87,489,2,17,67
45003022001,3613,1103,2097,413,0,0,2477,155,638,9,47,287
45003022003,3625,1060,2172,393,0,0,2420,111,833,13,25,223
45003022004,1690,573,850,267,0,0,1042,39,531,5,8,65
45003022100,2040,533,1122,385,0,0,1418,39,489,4,8,82
45003980100,3,0,2,1,0,0,3,0,0,0,0,0
45083020301,780,674,51,55,0,0,171,23,562,2,7,15
45083020400,553,502,41,10,0,0,73,22,447,1,0,10
45083020500,893,827,33,33,0,0,63,9,806,2,3,10
45083020601,1849,1384,317,148,0,0,486,126,1120,48,34,35
45083020602,1210,765,335,110,0,0,512,63,555,30,14,36
45083020603,1604,901,588,115,0,0,865,70,569,13,24,63
45083020701,1655,1444,146,65,0,0,255,55,1311,6,11,17
45083020702,1213,865,241,107,0,0,406,32,712,20,9,34
45083020800,606,586,18,2,0,0,46,13,542,1,2,2
45083020900,944,749,125,70,0,0,318,26,550,6,6,38
45083021001,1627,1522,93,12,0,0,147,24,1430,5,9,12
45083021100,2580,1832,611,137,0,0,1003,70,1398,22,9,78
45083021200,2347,1089,1084,174,0,0,1861,46,199,29,26,186
45083021301,1442,866,377,199,0,0,726,62,565,16,9,64
45083021302,2124,672,1349,103,0,0,1860,24,94,12,19,115
45083021303,4062,1724,2051,287,0,0,3030,93,655,32,28,224
45083021401,1123,406,596,121,0,0,845,26,150,22,7,73
45083021402,2449,857,1303,289,0,0,1747,105,349,50,53,145
45083021403,1703,1042,455,206,0,0,823,89,702,24,15,50
45083021500,1928,1081,587,260,0,0,1103,89,631,24,14,67
45083021600,1743,1211,307,225,0,0,633,124,858,45,18,65
45083021700,1640,1366,229,45,0,0,452,123,1010,7,13,35
45083021803,4485,1941,1997,547,0,0,2696,251,1080,91,112,255
45083021804,971,628,271,72,0,0,351,107,425,24,16,48
45083021805,689,419,160,110,0,0,323,161,162,5,8,30
45083021806,887,541,259,87,0,0,439,48,314,23,10,53
45083021902,6014,2351,3135,528,0,0,3837,297,1198,218,121,343
45083021903,853,387,350,116,0,0,524,81,178,29,13,28
45083021904,1493,880,471,142,0,0,882,152,354,32,13,60
45083022003,2678,1272,1144,262,0,0,1708,86,726,29,22,107
45083022004,1600,910,541,149,0,0,748,63,597,60,19,113
45083022005,4257,1731,2211,315,0,0,2643,199,1036,108,57,214
45083022006,2584,1789,627,168,0,0,935,145,1402,8,15,79
45083022007,2748,1411,1114,223,0,0,1497,97,949,61,35,109
45083022101,2551,1024,1358,169,0,0,1825,47,500,21,21,137
45083022102,1376,435,839,102,0,0,1157,35,100,1,20,63
45083022201,3083,1153,1582,348,0,0,2362,102,413,23,43,140
45083022202,2610,990,1282,338,0,0,2001,83,378,4,19,125
45083022303,1145,484,486,175,0,0,850,42,212,1,4,36
45083022304,3137,992,1758,387,0,0,2600,74,247,8,49,159
45083022305,618,182,333,103,0,0,522,18,59,0,2,17
45083022306,2672,788,1497,387,0,0,2332,65,144,11,19,101
45083022404,4385,1205,2639,541,0,0,3584,119,230,47,122,283
45083022405,2759,818,1648,293,0,0,2164,91,230,37,62,175
45083022406,6110,2480,2842,788,0,0,4032,290,1130,163,141,354
45083022407,1982,508,1197,277,0,0,1698,30,49,9,62,134
45083022408,2461,850,1298,313,0,0,1839,56,347,28,64,127
45083022409,1272,328,836,108,0,0,1061,28,68,6,26,83
45083022410,2810,908,1608,294,0,0,2108,98,350,29,83,142
45083022411,2464,844,1310,310,0,0,1837,59,330,74,29,135
45083022500,3024,796,1904,324,0,0,2635,66,94,9,46,174
45083022600,2237,782,1163,292,0,0,1850,56,181,12,26,112
45083022701,1263,342,813,108,0,0,1079,21,46,15,17,85
45083022702,3954,1006,2476,472,0,0,3362,89,106,23,93,281
45083022803,1458,350,927,181,0,0,1230,37,22,13,69,87
45083022804,3556,1243,1957,356,0,0,2593,144,513,28,92,186
45083022805,1570,378,1019,173,0,0,1292,31,80,14,66,87
45083022806,3884,1347,2120,417,0,0,2512,159,686,60,221,246
45083022901,1508,643,679,186,0,0,936,43,375,23,43,88
45083022902,2930,1165,1371,394,0,0,2016,86,565,30,70,163
45083023002,2116,714,1155,247,0,0,1492,69,342,42,69,102
45083023003,2055,519,1279,257,0,0,1723,58,76,8,36,154
45083023004,5071,1743,2758,570,0,0,3519,320,734,40,117,341
45083023101,3453,1618,1393,442,0,0,1969,223,1029,37,48,147
45083023103,1293,648,503,142,0,0,697,46,484,6,15,45
45083023104,2409,1140,1009,260,0,0,1492,102,679,18,19,99
45083023201,2778,835,1654,289,0,0,2190,155,233,4,47,149
45083023202,2690,1025,1338,327,0,0,1822,153,514,29,24,148
45083023301,1282,463,653,166,0,0,994,80,120,4,19,65
45083023302,2234,1438,616,180,0,0,871,231,1045,6,16,65
45083023401,1565,721,726,118,0,0,860,82,513,19,21,70
45083023402,3256,895,2114,247,0,0,2527,97,348,44,39,201
45083023405,4701,1342,2927,432,0,0,3531,240,374,122,61,373
45083023406,2701,1001,1407,293,0,0,1687,107,547,107,63,190
45083023407,2651,871,1531,249,0,0,1884,113,421,39,21,173
45083023408,3707,1289,2080,338,0,0,2518,184,612,62,85,246
45083023409,2355,658,1479,218,0,0,1752,68,327,16,28,164
45083023500,3716,1007,2374,335,0,0,3025,112,362,10,21,186
45083023601,718,228,405,85,0,0,582,33,82,0,3,18
45083023602,2533,1114,1074,345,0,0,1679,115,608,17,15,99
45083023700,2587,823,1383,381,0,0,2111,78,247,8,14,129
45083023803,1995,646,1219,130,0,0,1488,47,335,14,19,92
45083023804,2261,619,1462,180,0,0,1882,41,147,27,18,146
45083023805,1927,457,1333,137,0,0,1701,26,85,6,8,101
45083023806,1082,308,648,126,0,0,960,31,43,1,7,40
45083023901,986,313,575,98,0,0,793,8,129,5,1,50
45083023902,2170,868,1060,242,0,0,1554,44,459,7,7,99
45089970100,1342,813,528,1,0,0,689,3,603,2,12,33
45089970200,980,832,148,0,0,0,176,2,776,0,3,23
45089970300,3213,2148,1056,9,0,0,1272,13,1825,3,14,86
45089970400,2031,1467,562,2,0,0,657,10,1324,0,2,38
45089970501,2523,2306,216,1,0,0,498,12,1984,2,4,23
45089970502,2765,2636,129,0,0,0,206,2,2536,1,0,20
45089970601,1619,1211,408,0,0,0,798,10,728,12,7,64
45089970602,1546,1129,415,2,0,0,666,9,784,10,8,69
45089970700,1616,1394,222,0,0,0,303,8,1273,1,7,24
45089970801,2278,2110,167,1,0,0,245,4,1995,3,1,30
45089970802,0,0,0,0,0,0,0,0,0,0,0,0
45089970900,1583,932,634,17,0,0,772,10,723,4,5,69
45061920100,1068,652,416,0,0,0,535,15,491,0,2,25
45061920201,1572,999,569,4,0,0,875,19,631,3,4,40
45061920202,1551,1194,356,1,0,0,508,10,982,9,0,42
45061920301,0,0,0,0,0,0,0,0,0,0,0,0
45061920302,2501,2199,302,0,0,0,439,10,1995,4,9,44
45061920401,1786,1301,477,8,0,0,689,10,1045,0,7,35
45061920402,770,427,343,0,0,0,435,6,308,0,5,16
45061920500,1015,840,175,0,0,0,245,3,756,0,1,10
45061920600,1061,914,147,0,0,0,176,4,861,2,3,15
45013000100,3182,2065,999,118,0,0,937,33,2084,2,9,117
45013000200,3124,2040,910,174,0,0,1025,74,1931,12,7,75
45013000300,885,431,340,114,0,0,509,72,241,5,7,51
45013000400,110,47,1,62,0,0,60,21,16,1,2,10
45013000501,4340,2418,1533,389,0,0,2176,224,1676,33,35,196
45013000502,2917,1525,1087,305,0,0,1491,173,1041,30,21,161
45013000503,3754,1425,1893,436,0,0,2581,180,658,44,35,256
45013000600,1535,757,606,172,0,0,942,54,430,8,6,95
45013000700,4350,1848,2025,477,0,0,3123,138,733,22,32,302
45013000800,3103,1603,1129,371,0,0,1804,119,957,24,25,174
45013000901,2415,865,1390,160,0,0,1780,60,360,14,32,169
45013000902,5952,2179,3164,609,0,0,4298,281,827,39,80,427
45013000903,1452,620,747,85,0,0,964,28,327,13,7,113
45013001000,51,32,7,12,0,0,31,6,9,0,1,4
45013001101,3116,1420,1542,154,0,0,1949,48,874,7,28,210
45013001103,1139,899,230,10,0,0,140,19,967,0,2,11
45013001104,2411,1613,657,141,0,0,669,51,1621,4,7,59
45013001200,1082,305,655,122,0,0,951,17,7,5,9,93
45013002101,433,134,237,62,0,0,341,5,15,3,4,65
45013002102,3737,1295,2024,418,0,0,2877,183,225,28,49,375
45013002103,6131,2162,3266,703,0,0,4598,418,364,47,72,632
45013002105,2589,908,1317,364,0,0,1975,153,169,19,29,244
45013002106,8436,3185,4225,1026,0,0,6039,703,686,102,114,792
45013002107,5298,2509,2011,778,0,0,3344,546,904,39,73,392
45013002108,2788,966,1360,462,0,0,2128,237,145,15,45,218
45013002109,4158,1290,2628,240,0,0,3434,58,71,23,60,512
45013002110,7588,2486,4570,532,0,0,6098,235,223,37,117,878
45013002201,6083,1686,3822,575,0,0,5041,189,176,38,75,564
45013002202,3505,1145,2075,285,0,0,2798,102,216,21,31,337
45013010100,1409,393,881,135,0,0,1165,23,17,9,13,182
45013010200,2751,856,1626,269,0,0,2290,59,53,21,28,300
45013010300,3740,1082,2137,521,0,0,3088,88,49,23,48,444
45013010400,4262,1530,2288,444,0,0,3112,163,462,26,78,421
45013010500,2571,1176,1024,371,0,0,1627,216,504,11,27,186
45013010600,3783,1278,2267,238,0,0,3160,92,48,23,46,414
45013010700,4089,1256,2519,314,0,0,3415,81,54,25,49,465
45013010800,1116,729,257,130,0,0,548,183,290,9,9,77
45013010900,1478,497,848,133,0,0,1200,63,37,9,19,150
45013011000,1033,464,405,164,0,0,695,56,164,10,23,85
45013011100,1847,514,1076,257,0,0,1525,40,27,15,49,191
45013011200,534,173,271,90,0,0,440,12,5,0,5,72
45013011300,691,239,271,181,0,0,562,26,24,5,8,66
45013990100,0,0,0,0,0,0,0,0,0,0,0,0
45033970100,1978,1582,371,25,0,0,646,25,1169,3,104,31
45033970200,3315,2546,717,52,0,0,1414,31,1714,7,88,61
45033970301,2156,1761,366,29,0,0,1539,30,459,15,23,90
45033970302,1560,1331,208,21,0,0,384,5,1130,2,21,18
45033970401,1309,1088,202,19,0,0,384,5,848,2,42,28
45033970402,1630,1476,137,17,0,0,288,8,1306,0,18,10
45033970500,2475,1827,600,48,0,0,1425,23,945,2,27,53
45033970601,2356,1699,588,69,0,0,1229,20,1024,1,30,52
45033970602,2317,1663,604,50,0,0,1353,46,812,3,38,65
45001950100,2014,503,1442,69,0,0,1590,30,309,0,13,72
45001950200,2287,690,1540,57,0,0,1687,25,448,1,15,111
45001950300,2141,459,1624,58,0,0,1857,21,152,5,9,97
45001950401,2288,871,1374,43,0,0,1546,22,635,3,2,80
45001950402,1781,610,1145,26,0,0,1248,21,434,3,3,72
45001950500,3597,1845,1685,67,0,0,1908,31,1560,6,7,85
45001950600,1866,1172,659,35,0,0,834,18,970,2,3,39
45007000200,2241,738,1315,188,0,0,1842,63,172,10,16,138
45007000300,3231,1281,1633,317,0,0,2350,119,537,21,46,158
45007000500,1717,1277,398,42,0,0,483,16,1176,2,6,34
45007000600,1676,1488,163,25,0,0,343,42,1243,5,13,30
45007000701,1251,1094,138,19,0,0,346,35,831,0,9,30
45007000702,843,622,142,79,0,0,342,21,453,1,7,19
45007000800,1122,744,294,84,0,0,624,48,406,4,2,38
45007000900,1705,868,671,166,0,0,1078,48,468,7,11,93
45007001000,1448,630,603,215,0,0,1046,49,243,14,14,82
45007001100,3624,1130,2186,308,0,0,2894,115,334,34,47,200
45007010103,6299,1799,4007,493,0,0,5132,224,450,67,66,360
45007010105,1385,488,691,206,0,0,998,51,191,77,14,54
45007010106,3461,803,2360,298,0,0,3058,70,128,17,30,158
45007010107,2867,744,1917,206,0,0,2378,81,164,32,35,177
45007010108,3645,927,2358,360,0,0,3065,89,216,23,38,214
45007010200,3551,1078,2020,453,0,0,3001,87,236,25,31,171
45007010300,2531,808,1406,317,0,0,2210,70,108,9,19,115
45007010403,1875,617,964,294,0,0,1616,46,115,5,7,86
45007010404,1681,628,840,213,0,0,1273,37,302,2,8,59
45007010405,1971,580,1112,279,0,0,1681,87,101,4,12,86
45007010406,1909,538,1138,233,0,0,1608,39,154,3,17,88
45007010501,2737,705,1845,187,0,0,2278,49,174,55,22,159
45007010502,2389,670,1484,235,0,0,1987,89,158,3,10,142
45007010601,2619,741,1653,225,0,0,2172,41,227,4,25,150
45007010602,2832,739,1791,302,0,0,2418,63,165,27,28,131
45007010701,1297,611,591,95,0,0,917,17,263,11,6,83
45007010702,2713,1293,1168,252,0,0,1905,68,587,13,13,127
45007010800,3816,1141,2289,386,0,0,3081,54,341,18,45,277
45007010900,3178,742,2054,382,0,0,2817,52,89,8,28,184
45007011001,3541,967,2151,423,0,0,3005,54,200,9,48,225
45007011002,3221,1016,1882,323,0,0,2543,32,448,9,24,165
45007011100,1809,685,912,212,0,0,1341,28,280,20,24,116
45007011201,3965,986,2756,223,0,0,3257,70,246,87,35,270
45007011203,3467,1072,2100,295,0,0,2704,91,361,68,60,183
45007011204,3264,829,2207,228,0,0,2708,54,217,47,41,197
45007011301,2251,763,1276,212,0,0,1771,27,340,11,11,91
45007011302,2263,942,1061,260,0,0,1566,32,542,8,16,99
45007011401,2522,906,1359,257,0,0,1989,51,358,6,10,108
45007011402,2037,793,1027,217,0,0,1457,28,449,6,14,83
45007011501,2212,583,1473,156,0,0,1981,15,102,3,12,99
45007011502,1769,769,825,175,0,0,1308,17,355,5,14,70
45007011600,1275,306,839,130,0,0,1182,12,23,2,9,47
45007011701,1299,525,642,132,0,0,969,15,246,2,14,53
45007011702,2323,635,1341,347,0,0,2087,18,106,3,7,102
45007011800,2212,748,1157,307,0,0,1822,53,217,5,9,106
45007011901,2475,1358,834,283,0,0,1527,63,779,2,18,86
45007011902,1709,1164,402,143,0,0,703,26,908,3,10,59
45007012001,3342,1221,1822,299,0,0,2433,76,632,17,20,164
45007012002,3322,1460,1569,293,0,0,2151,75,917,15,22,142
45007012200,3244,1064,1810,370,0,0,2596,53,389,11,41,154
45007012300,1716,1140,450,126,0,0,811,49,775,11,16,54
45041000101,2259,736,1236,287,0,0,1568,77,386,59,36,133
45041000102,4236,1354,2510,372,0,0,2951,147,739,110,53,236
45041000201,2406,993,1190,223,0,0,1408,60,679,91,38,130
45041000202,5287,2031,2595,661,0,0,3244,104,1478,153,51,257
45041000300,3178,2741,315,122,0,0,457,25,2635,4,14,43
45041000400,2888,1404,1054,430,0,0,1509,46,1153,30,22,128
45041000501,971,429,398,144,0,0,583,15,331,3,6,33
45041000502,1956,1373,348,235,0,0,604,24,1252,6,14,56
45041000600,3493,1774,1302,417,0,0,1812,79,1427,29,21,125
45041000700,1541,1506,18,17,0,0,33,3,1499,1,2,3
45041000800,2683,2653,19,11,0,0,22,2,2656,0,2,1
45041000900,2118,2065,24,29,0,0,44,7,2057,2,3,5
45041001000,1115,686,250,179,0,0,504,32,512,5,14,48
45041001100,2726,1440,917,369,0,0,1492,46,1036,8,25,119
45041001200,2432,739,1459,234,0,0,1986,22,245,10,25,144
45041001300,2413,942,1174,297,0,0,1564,54,650,22,15,108
45041001400,5551,2282,2708,561,0,0,3583,119,1460,77,52,260
45041001503,2532,1162,1105,265,0,0,1387,43,938,38,18,108
45041001504,4332,2326,1594,412,0,0,2036,74,2012,34,20,156
45041001505,2542,1083,1146,313,0,0,1478,50,906,7,9,92
45041001506,1143,523,495,125,0,0,625,14,461,5,4,34
45041001601,4203,2623,1239,341,0,0,1578,55,2410,10,26,124
45041001602,2915,980,1537,398,0,0,1953,35,790,4,14,119
45041001700,1654,784,686,184,0,0,834,21,724,1,5,69
45041001800,2124,705,1179,240,0,0,1392,23,622,4,4,79
45041001901,1637,628,792,217,0,0,945,5,601,2,11,73
45041001902,1955,653,979,323,0,0,1283,23,544,9,17,79
45041002000,2077,836,1004,237,0,0,1205,31,742,1,15,83
45041002202,2111,1464,539,108,0,0,614,22,1407,4,12,52
45041002203,2718,2196,446,76,0,0,490,10,2153,11,10,44
45041002204,670,540,97,33,0,0,115,15,530,5,3,2
45041002300,2252,567,1253,432,0,0,1654,46,452,1,11,88
45041002400,2208,849,1078,281,0,0,1375,23,736,6,6,62
45041002500,1804,627,971,206,0,0,1189,13,512,3,5,82
45041002600,2124,1484,508,132,0,0,628,16,1407,7,2,64
45041980100,1,0,0,1,0,0,0,0,0,0,1,0
45005970201,1913,1778,135,0,0,0,154,13,1711,7,4,24
45005970202,1161,896,264,1,0,0,310,11,820,0,2,18
45005970500,2499,1938,560,1,0,0,641,24,1764,6,10,54
45075010101,1228,984,244,0,0,0,252,18,934,0,7,17
45075010102,900,752,148,0,0,0,155,5,715,0,3,22
45075010103,639,134,504,1,0,0,522,15,52,3,5,42
45075010104,764,424,339,1,0,0,354,11,358,0,4,37
45075010200,3341,2482,858,1,0,0,971,26,2217,10,25,92
45075010301,868,708,160,0,0,0,177,6,669,0,3,13
45075010302,865,710,155,0,0,0,169,6,673,0,4,13
45075010303,558,425,132,1,0,0,145,6,394,1,2,10
45075010304,1131,1075,55,1,0,0,46,3,1067,4,2,9
45075010305,1018,323,694,1,0,0,741,12,151,22,9,83
45075010400,2530,1765,763,2,0,0,862,14,1535,6,9,104
45075010500,2470,1807,662,1,0,0,813,16,1544,4,9,84
45075010601,774,587,187,0,0,0,236,6,499,1,2,30
45075010602,442,287,155,0,0,0,167,10,237,1,1,26
45075010603,918,803,115,0,0,0,138,5,755,8,1,11
45075010604,664,643,21,0,0,0,18,1,634,6,0,5
45075010700,1950,1543,407,0,0,0,460,5,1435,1,3,46
45075010801,532,524,8,0,0,0,4,1,525,0,1,1
45075010802,897,886,11,0,0,0,17,5,870,0,3,2
45075010803,1389,1090,297,2,0,0,335,2,1003,7,1,41
45075010901,1371,917,454,0,0,0,622,24,629,18,11,67
45075010902,4253,3192,1061,0,0,0,1283,48,2718,64,28,112
45075011000,3765,3037,728,0,0,0,878,40,2707,63,13,64
45075011100,1965,1838,127,0,0,0,113,4,1799,24,6,19
45075011200,1483,1457,26,0,0,0,20,15,1442,0,1,5
45075011300,1450,1365,85,0,0,0,79,9,1344,2,2,14
45075011400,2174,1753,420,1,0,0,520,22,1539,19,12,62
45075011500,1953,1479,474,0,0,0,521,16,1331,2,4,79
45075011600,3634,2307,1327,0,0,0,1574,43,1852,1,22,142
45075011701,485,268,217,0,0,0,256,2,175,0,5,47
45075011702,1061,656,405,0,0,0,504,4,495,0,4,54
45075011703,792,347,444,1,0,0,535,6,195,0,6,50
45075011704,843,433,410,0,0,0,489,5,312,0,2,35
45075011801,706,360,345,1,0,0,392,9,263,0,3,39
45075011802,825,574,251,0,0,0,302,7,502,0,2,12
45075011803,555,357,198,0,0,0,242,2,299,3,4,5
45075011804,879,553,323,3,0,0,356,4,473,1,5,40
45075011900,2499,1323,1175,1,0,0,1338,28,1013,3,17,100
45075012000,2689,1667,1008,14,0,0,1174,24,1371,4,19,97
45067950100,2864,2305,558,1,0,0,1107,24,1653,5,5,70
45067950200,4352,3528,823,1,0,0,1740,51,2394,13,27,127
45067950300,1916,1672,244,0,0,0,572,12,1300,2,5,25
45067950400,2306,1868,437,1,0,0,970,28,1229,15,8,56
45067950500,3212,2544,668,0,0,0,1581,42,1497,13,9,70
45067950600,3901,3370,530,1,0,0,1006,43,2791,4,6,51
45067950700,1025,834,191,0,0,0,273,13,729,0,4,6
45067950800,1428,1137,291,0,0,0,487,11,892,1,3,34
45027960100,2096,1036,1058,2,0,0,1538,16,455,4,15,68
45027960201,1309,901,408,0,0,0,683,14,578,0,11,23
45027960300,1534,1118,415,1,0,0,671,31,803,0,3,26
45027960400,1628,1142,486,0,0,0,637,28,913,2,3,45
45027960500,3210,2757,452,1,0,0,715,41,2366,13,6,69
45027960600,1907,1433,474,0,0,0,709,35,1122,0,1,40
45027960701,2883,2053,828,2,0,0,1411,34,1289,50,15,84
45027960702,840,408,429,3,0,0,547,18,235,2,5,33
45027960703,2929,1094,1831,4,0,0,2240,29,433,8,18,201
45027960801,2225,1812,413,0,0,0,557,14,1566,9,12,67
45027960802,2419,1328,1090,1,0,0,1257,26,979,10,15,132
45027980000,0,0,0,0,0,0,0,0,0,0,0,0
45011970101,1243,838,320,85,0,0,406,22,775,1,5,34
45011970102,2229,934,1038,257,0,0,1339,30,765,2,14,79
45011970200,2238,1615,482,141,0,0,621,15,1543,4,5,50
45011970300,2253,1242,757,254,0,0,1006,23,1128,8,5,83
45011970401,1371,434,771,166,0,0,939,16,352,0,8,56
45011970402,1786,452,1117,217,0,0,1357,29,326,1,8,65
45011970500,2467,1401,828,238,0,0,1096,45,1236,2,11,77
45011980100,4,0,2,2,0,0,3,0,0,0,0,1
45085000100,1886,1606,280,0,0,0,282,10,1566,0,6,22
45085000201,2645,1414,1229,2,0,0,1289,71,1148,11,8,118
45085000202,3936,2439,1490,7,0,0,1544,112,2089,18,34,139
45085000300,1425,643,776,6,0,0,757,76,483,18,18,73
45085000401,3635,2296,1336,3,0,0,1461,76,1943,17,27,111
45085000402,1934,1236,696,2,0,0,815,25,1040,3,8,43
45085000500,1497,1075,420,2,0,0,438,16,1010,3,6,24
45085000600,2650,1494,1155,1,0,0,1278,18,1299,6,9,40
45085000700,2704,2077,625,2,0,0,647,36,1953,4,8,56
45085000800,2248,2098,148,2,0,0,151,17,2064,0,3,13
45085000901,2323,1549,771,3,0,0,788,61,1366,31,9,68
45085000902,3289,939,2347,3,0,0,2610,48,390,18,25,198
45085001100,2426,1872,552,2,0,0,546,33,1780,1,6,60
45085001300,1737,1437,300,0,0,0,295,19,1379,2,6,36
45085001500,1342,1322,20,0,0,0,11,1,1328,0,1,1
45085001600,2426,2290,136,0,0,0,133,14,2262,0,4,13
45085001701,5159,2005,3149,5,0,0,3305,100,1419,46,33,256
45085001703,3784,1867,1907,10,0,0,2038,100,1456,23,29,138
45085001704,3729,2135,1590,4,0,0,1666,59,1837,11,12,144
45085001801,2385,1128,1255,2,0,0,1272,49,939,12,14,99
45085001803,2828,1459,1361,8,0,0,1417,73,1128,37,20,153
45085001804,2313,1746,563,4,0,0,579,28,1633,2,15,56
45085001902,3296,1661,1633,2,0,0,1715,58,1381,8,15,119
45085001903,2499,984,1509,6,0,0,1551,50,779,5,18,96
45085001904,1678,692,983,3,0,0,1006,20,573,0,13,66
45085002000,2756,1715,1039,2,0,0,1221,53,1356,12,16,98
45069960100,2157,1353,435,369,0,0,1151,19,863,0,62,62
45069960201,2750,2426,150,174,0,0,536,7,2138,8,27,34
45069960202,1335,1064,129,142,0,0,496,13,791,2,21,12
45069960301,3500,2788,465,247,0,0,1301,18,2060,16,32,73
45069960302,1592,1230,229,133,0,0,633,8,889,8,20,34
45069960400,3081,1878,692,511,0,0,1678,27,949,5,340,82
45069960500,1511,1212,178,121,0,0,441,7,978,0,43,42
45069960600,1343,893,260,190,0,0,788,18,467,1,31,38
45025950101,2644,1296,1273,75,0,0,1581,89,862,13,15,84
45025950102,2271,1272,951,48,0,0,1137,56,997,7,13,61
45025950200,2316,1089,1156,71,0,0,1427,42,723,6,4,114
45025950300,1764,825,896,43,0,0,1210,29,438,2,6,79
45025950401,1864,991,814,59,0,0,1371,12,423,2,5,51
45025950402,2537,1430,1051,56,0,0,1549,17,890,3,11,67
45025950501,1336,918,400,18,0,0,574,13,718,1,6,24
45025950503,1668,1181,451,36,0,0,679,13,927,7,12,30
45025950504,2299,1395,839,65,0,0,1326,30,837,17,22,67
45025950601,1189,715,454,20,0,0,588,9,561,0,15,16
45025950602,2079,1418,617,44,0,0,892,22,1096,14,13,42
45025950701,1578,461,1057,60,0,0,1332,28,117,3,10,88
45025950702,1160,414,700,46,0,0,931,6,167,1,8,47
45025950800,1585,780,751,54,0,0,966,32,533,4,5,45
45049920100,1601,1126,475,0,0,0,1005,4,510,5,3,74
45049920201,2464,1999,463,2,0,0,868,28,1482,1,6,79
45049920202,2131,1614,512,5,0,0,1025,31,1001,4,0,70
45049920300,1732,1328,403,1,0,0,588,12,1087,5,2,38
45049920401,477,457,20,0,0,0,36,1,435,0,0,5
45049920402,3101,2507,592,2,0,0,1279,31,1677,4,2,108
45049920500,1334,1217,116,1,0,0,244,3,1072,0,3,12
45077010100,2549,527,1792,230,0,0,2274,45,18,9,24,179
45077010201,1324,326,878,120,0,0,1146,21,9,9,19,120
45077010202,2122,469,1410,243,0,0,1981,25,15,4,7,90
45077010301,2247,450,1572,225,0,0,2071,26,8,10,15,117
45077010302,1861,393,1260,208,0,0,1696,33,21,3,11,97
45077010401,1220,241,852,127,0,0,1124,17,3,4,5,67
45077010403,1410,274,1028,108,0,0,1284,21,25,2,14,64
45077010404,1251,405,741,105,0,0,922,37,247,2,2,41
45077010405,2445,479,1724,242,0,0,2245,30,55,6,15,94
45077010501,1936,355,1373,208,0,0,1805,22,3,4,7,95
45077010502,2005,453,1329,223,0,0,1799,30,81,3,9,83
45077010601,2289,499,1490,300,0,0,2109,32,35,6,7,100
45077010603,2500,584,1667,249,0,0,2209,48,69,9,21,144
45077010604,2261,567,1425,269,0,0,1945,58,121,12,16,109
45077010700,2892,689,1860,343,0,0,2554,93,84,10,19,132
45077010802,2482,871,1267,344,0,0,1882,95,341,19,7,138
45077010803,2520,899,1279,342,0,0,2005,87,297,2,13,116
45077010804,2305,688,1351,266,0,0,1864,73,228,18,13,109
45077010805,1631,566,891,174,0,0,1139,59,320,1,12,100
45077010806,1206,474,564,168,0,0,902,42,187,2,5,68
45077010901,3365,952,2058,355,0,0,2746,150,247,25,26,171
45077010903,3905,1050,2438,417,0,0,3164,155,299,44,34,209
45077010904,3167,794,2073,300,0,0,2554,119,204,46,42,202
45077010905,2687,673,1782,232,0,0,2232,82,190,20,14,149
45077011001,1838,449,1151,238,0,0,1600,49,58,14,7,110
45077011003,1548,404,954,190,0,0,1406,25,17,3,8,89
45077011004,2475,641,1562,272,0,0,2148,61,122,7,12,125
45077011005,1737,472,1050,215,0,0,1446,44,131,6,7,103
45077011101,1913,671,1079,163,0,0,1544,58,121,42,16,132
45077011103,759,222,438,99,0,0,673,6,33,2,7,38
45077011104,1341,646,398,297,0,0,890,55,258,15,20,103
45077011105,1408,611,564,233,0,0,991,82,230,7,16,82
45077011202,156,89,45,22,0,0,106,3,31,2,1,13
45077011204,1998,958,729,311,0,0,1437,63,304,40,17,137
45077011205,1090,456,433,201,0,0,895,18,52,17,21,87
45077011206,2213,916,1090,207,0,0,1726,54,225,36,21,151
45077011207,2411,825,1366,220,0,0,1899,54,116,97,57,188
45057010100,2412,881,1231,300,0,0,2021,30,221,11,12,117
45057010201,1383,580,659,144,0,0,1103,14,218,0,1,47
45057010202,2565,1062,1231,272,0,0,1912,27,510,6,9,101
45057010300,3596,1714,1589,293,0,0,2427,29,1002,5,4,129
45057010400,2222,1166,846,210,0,0,1392,46,665,7,5,107
45057010500,2407,1610,616,181,0,0,1251,63,998,3,9,83
45057010600,3311,1852,1172,287,0,0,1944,96,1115,10,15,131
45057010700,2223,2013,152,58,0,0,338,38,1822,4,2,19
45057010800,1336,1024,254,58,0,0,539,44,689,5,3,56
45057010900,2575,1089,1235,251,0,0,1821,55,528,43,17,111
45057011001,3560,1547,1650,363,0,0,2478,62,814,3,13,190
45057011002,3604,1460,1724,420,0,0,2811,94,477,11,19,192
45057011100,3646,1674,1673,299,0,0,2417,55,990,14,23,147
45057011203,1901,731,929,241,0,0,1215,119,241,82,67,177
45057011204,4234,1752,1982,500,0,0,2896,331,379,128,107,393
45057011205,5328,2165,2365,798,0,0,3564,398,670,136,122,438
45057011206,1240,404,664,172,0,0,905,76,97,12,19,131
45057011207,2276,873,1151,252,0,0,1582,159,256,31,46,202
45057011208,3173,1118,1710,345,0,0,2414,155,206,43,65,290
45057011209,7464,2497,4435,532,0,0,5836,218,518,70,106,716
45057011210,2566,1077,1239,250,0,0,1658,228,362,33,40,245
45057011211,507,201,253,53,0,0,315,13,113,3,18,45
45065920100,2122,653,1332,137,0,0,1542,22,358,11,16,173
45065920200,2953,1775,965,213,0,0,1306,19,1514,5,3,106
45065920300,1645,693,791,161,0,0,987,13,581,4,1,59
45071950100,2565,767,1521,277,0,0,1770,46,526,2,7,214
45071950201,1254,704,437,113,0,0,555,77,562,2,5,53
45071950203,2149,1215,740,194,0,0,1072,115,879,13,10,60
45071950204,2132,865,1016,251,0,0,1385,85,511,10,13,128
45071950300,1976,629,1005,342,0,0,1349,25,496,1,7,98
45071950502,2804,1972,623,209,0,0,919,71,1734,8,7,65
45071950601,3373,1110,1866,397,0,0,2291,84,806,6,15,171
45071950603,1869,458,1167,244,0,0,1429,18,296,5,5,116
45071950604,3281,564,2373,344,0,0,2799,47,186,5,31,213
45071950700,2912,1312,1301,299,0,0,1723,62,985,5,9,128
45081960100,1535,417,901,217,0,0,1213,35,215,2,3,67
45081960201,2781,1357,1202,222,0,0,1525,137,1023,3,5,88
45081960202,2030,1086,786,158,0,0,1053,67,842,3,3,62
45081960301,2120,501,1371,248,0,0,1673,25,273,6,4,139
45081960302,1438,281,1004,153,0,0,1290,26,45,1,5,71
45081960400,1522,695,688,139,0,0,857,33,562,7,5,58
45079000100,1244,1213,27,4,0,0,81,21,1120,6,6,10
45079000200,1008,924,50,34,0,0,144,16,814,1,7,26
45079000300,1801,1755,41,5,0,0,130,24,1630,2,2,13
45079000400,1317,1108,142,67,0,0,415,13,817,8,10,54
45079000500,1372,1345,20,7,0,0,48,10,1308,1,2,3
45079000600,1670,1186,312,172,0,0,1037,53,421,24,24,111
45079000700,1324,931,276,117,0,0,857,40,302,10,21,94
45079000900,1340,1307,21,12,0,0,36,8,1292,1,1,2
45079001000,2647,2566,33,48,0,0,111,25,2488,4,6,13
45079001100,2742,1973,581,188,0,0,1295,45,1258,6,26,112
45079001200,1361,678,597,86,0,0,1182,20,63,4,16,76
45079001300,1387,1346,28,13,0,0,99,11,1250,10,8,9
45079001600,1003,624,181,198,0,0,614,39,252,20,16,62
45079002100,1845,1229,423,193,0,0,1299,48,303,24,32,139
45079002200,909,627,210,72,0,0,654,13,174,5,3,60
45079002300,1822,857,901,64,0,0,1605,35,17,5,11,149
45079002400,3141,1333,1653,155,0,0,2636,52,147,27,37,242
45079002500,2689,1733,755,201,0,0,2151,57,181,20,41,239
45079002602,1950,1300,404,246,0,0,1363,37,366,11,30,143
45079002605,3027,2261,467,299,0,0,1524,76,1241,16,24,146
45079002700,1597,1074,374,149,0,0,1244,44,69,38,35,167
45079002800,1283,791,131,361,0,0,881,34,212,19,18,119
45079002900,530,346,86,98,0,0,380,19,55,8,10,58
45079003000,984,667,185,132,0,0,642,24,198,20,16,84
45079003100,1285,956,78,251,0,0,541,45,596,10,13,80
45079010104,3384,2037,1116,231,0,0,1713,93,1418,19,12,129
45079010105,4128,3399,554,175,0,0,993,149,2826,19,23,118
45079010106,4357,2889,1241,227,0,0,1875,172,2053,48,23,186
45079010107,7433,5134,2001,298,0,0,3014,262,3668,114,62,313
45079010108,3854,3332,395,127,0,0,652,118,2972,26,18,68
45079010109,4238,3737,379,122,0,0,621,193,3279,36,34,75
45079010200,4163,2562,1361,240,0,0,2041,87,1857,13,20,145
45079010304,4624,3386,814,424,0,0,1727,136,2499,36,28,198
45079010305,4894,2820,1655,419,0,0,2617,147,1790,52,51,237
45079010308,4404,2189,1904,311,0,0,2710,94,1134,110,70,286
45079010310,4004,1242,2476,286,0,0,3312,102,178,37,54,321
45079010311,4742,1902,2455,385,0,0,3528,132,626,87,49,320
45079010312,3877,1727,1918,232,0,0,2730,113,658,75,42,259
45079010313,4145,1441,2414,290,0,0,3278,89,383,29,45,321
45079010314,3117,1678,1176,263,0,0,1829,109,875,45,43,216
45079010315,3294,2085,981,228,0,0,1586,70,1454,22,16,146
45079010403,2185,1699,312,174,0,0,814,56,1193,12,19,91
45079010407,2798,2453,257,88,0,0,462,37,2233,8,14,44
45079010408,24,9,3,12,0,0,12,1,8,0,1,2
45079010411,1851,1721,95,35,0,0,305,54,1432,6,11,43
45079010412,1936,1607,208,121,0,0,467,39,1357,18,11,44
45079010413,1069,890,72,107,0,0,284,24,715,6,9,31
45079010414,3053,2717,188,148,0,0,561,65,2329,21,11,66
45079010501,1035,697,260,78,0,0,410,21,534,11,11,48
45079010502,614,602,10,2,0,0,21,6,582,0,3,2
45079010600,2867,2798,61,8,0,0,112,36,2690,3,8,18
45079010701,1819,1792,21,6,0,0,45,8,1755,0,1,10
45079010702,2775,2658,88,29,0,0,140,34,2577,1,7,16
45079010703,2541,2505,31,5,0,0,25,8,2499,4,3,2
45079010803,1387,1260,83,44,0,0,168,38,1134,8,22,17
45079010804,1639,1571,46,22,0,0,82,15,1529,0,5,8
45079010805,1369,1260,54,55,0,0,141,17,1183,1,8,19
45079010806,264,173,23,68,0,0,81,2,165,2,5,9
45079010900,1660,1646,13,1,0,0,14,21,1617,0,4,4
45079011000,1107,1057,32,18,0,0,60,8,1025,0,4,10
45079011101,2446,1691,602,153,0,0,1373,52,855,21,30,115
45079011102,2772,1348,1251,173,0,0,2124,55,366,17,26,184
45079011201,1553,733,751,69,0,0,1317,26,80,8,12,110
45079011202,2695,1351,1142,202,0,0,2061,40,339,20,23,212
45079011303,2868,2547,230,91,0,0,491,78,2188,35,20,56
45079011304,2837,2509,233,95,0,0,415,138,2162,33,43,46
45079011305,2640,2148,397,95,0,0,653,240,1650,31,10,56
45079011306,2844,1600,1105,139,0,0,1873,70,576,51,39,235
45079011307,1777,1210,494,73,0,0,908,56,682,15,15,101
45079011407,3728,2288,1206,234,0,0,1694,150,1456,149,66,213
45079011411,3084,2032,906,146,0,0,1422,102,1314,33,45,168
45079011412,3293,2569,562,162,0,0,888,139,2030,100,48,88
45079011413,5852,3697,1810,345,0,0,2644,193,2323,221,146,325
45079011414,3398,2295,903,200,0,0,1501,157,1475,64,44,157
45079011417,5547,4781,618,148,0,0,962,204,4224,48,24,85
45079011418,2712,1852,728,132,0,0,1152,86,1283,47,30,114
45079011419,3457,2700,627,130,0,0,1028,156,2113,35,22,103
45079011420,2685,2224,360,101,0,0,633,83,1836,19,30,84
45079011421,2972,2652,233,87,0,0,480,74,2352,10,12,44
45079011422,2963,2048,732,183,0,0,1345,141,1264,60,33,120
45079011423,5876,4753,890,233,0,0,1464,234,3838,131,49,160
45079011424,4815,3682,934,199,0,0,1480,183,2877,80,48,147
45079011425,2946,2036,743,167,0,0,1169,114,1483,31,31,118
45079011501,48,33,3,12,0,0,16,6,20,2,1,3
45079011502,293,236,30,27,0,0,78,36,159,0,1,19
45079011603,3617,2039,1361,217,0,0,2414,98,769,56,40,240
45079011604,4283,2202,1839,242,0,0,3270,94,492,72,60,295
45079011606,3379,2689,572,118,0,0,1027,81,2165,16,12,78
45079011607,2305,1960,202,143,0,0,520,98,1576,41,16,54
45079011608,4662,3621,787,254,0,0,1517,122,2840,28,36,119
45079011701,1663,1375,87,201,0,0,537,40,996,13,12,65
45079011702,2025,1940,55,30,0,0,82,19,1910,3,3,8
45079011801,2211,2000,175,36,0,0,303,15,1849,5,6,33
45079011802,2337,2225,97,15,0,0,163,14,2137,2,7,14
45079011901,5495,4819,508,168,0,0,865,114,4392,10,22,92
45079011902,3236,2139,847,250,0,0,1445,105,1521,12,12,141
45079012000,3467,2798,516,153,0,0,882,50,2438,0,11,86
45079980100,51,43,1,7,0,0,8,0,43,0,0,0
