GEOID20,total_reg,party_rep,party_npp,party_dem,party_ain,party_lib,party_grn,party_oth,party_unk,eth1_eur,eth1_hisp,eth1_aa,eth1_esa,eth1_oth,eth1_unk
49017000300,1339,1023,225,58,19,5,0,3,0,1208,32,0,15,5,79
49017000400,1508,1009,330,132,22,7,3,3,0,1336,35,0,17,20,100
49031960100,891,721,133,19,13,5,0,0,0,804,19,0,4,2,62
49011125102,2408,1533,572,206,64,19,0,7,0,2084,86,0,41,19,178
49011125103,2575,1394,792,238,97,34,2,4,0,2149,157,3,52,22,192
49011125104,3026,1740,846,315,68,30,2,8,0,2617,107,4,59,26,213
49011125201,334,129,127,51,14,11,0,0,0,254,37,8,5,4,26
49011125301,1893,774,703,292,75,33,2,8,0,1514,203,5,33,12,126
49011125304,2151,1067,701,266,77,22,2,7,0,1719,207,16,30,22,157
49011125305,2722,1365,875,347,93,23,5,6,0,2234,252,10,48,24,154
49011125306,1673,861,532,187,54,18,3,8,0,1360,139,2,31,20,121
49011125307,3784,2166,1105,344,102,39,6,6,0,3173,269,17,52,22,251
49011125407,3902,2377,1067,290,110,34,5,6,0,3387,147,5,48,33,282
49011125408,2888,1693,816,255,71,27,2,13,0,2476,150,2,43,22,195
49011125409,2411,1368,714,213,65,27,0,11,0,2079,141,3,22,20,146
49011125410,1889,1156,505,143,43,26,2,5,0,1614,100,5,26,13,131
49011125411,2571,1432,749,234,99,37,1,8,0,2127,157,6,37,19,225
49011125412,999,471,357,125,26,10,4,2,0,790,100,1,19,10,79
49011125413,2946,1919,728,192,68,22,2,6,0,2544,115,1,51,27,208
49011125414,1996,1039,624,234,60,26,0,4,0,1583,183,5,39,17,169
49011125415,1844,1098,487,179,49,20,1,8,0,1525,148,3,30,9,129
49011125501,2887,1384,979,355,103,41,4,8,0,2387,220,5,51,27,197
49011125502,1965,866,696,279,73,27,1,9,0,1521,244,6,26,22,146
49011125503,2358,1248,738,241,92,26,2,6,0,1982,165,2,32,25,152
49011125600,188,44,101,21,16,2,2,1,0,115,31,2,5,4,31
49011125701,1295,504,481,224,53,20,1,5,0,994,156,8,29,15,93
49011125702,1390,610,504,172,63,18,2,13,0,1096,157,1,25,10,101
49011125801,2318,994,768,389,93,45,6,14,0,1825,269,9,42,20,153
49011125804,3280,1834,909,358,104,53,3,5,0,2712,198,11,68,34,257
49011125805,2326,1055,755,358,95,22,6,16,0,1771,254,13,52,36,200
49011125807,1023,419,345,183,42,18,2,6,0,820,115,4,13,6,65
49011125809,1191,538,355,213,52,16,0,9,0,937,118,10,21,12,93
49011125810,945,383,294,212,39,9,2,2,0,709,97,6,26,19,88
49011125905,3070,1698,873,334,113,25,4,7,0,2579,157,2,53,26,253
49011125906,3475,1984,965,372,101,30,4,6,0,2964,162,2,59,53,235
49011125907,1515,897,389,163,31,21,2,3,0,1261,85,1,28,16,124
49011125908,2591,1486,710,270,74,29,2,6,0,2268,111,7,34,20,151
49011126001,2213,1037,700,355,72,26,4,8,0,1741,253,4,35,17,163
49011126002,3401,2058,939,270,80,29,2,9,0,2900,166,0,46,42,247
49011126101,3376,2084,878,301,75,23,3,3,0,2977,122,0,31,27,219
49011126105,3431,2160,920,211,92,21,4,6,0,3062,82,0,53,22,212
49011126106,2261,1581,488,124,43,15,3,2,0,2015,51,0,28,16,151
49011126107,1920,1264,477,115,43,11,0,7,0,1733,30,0,17,9,131
49011126108,2947,1958,731,148,65,20,2,6,0,2587,77,9,41,11,222
49011126203,2414,1546,589,197,59,18,1,3,0,2155,43,0,45,27,144
49011126204,2639,1646,670,221,64,25,2,5,0,2354,66,2,34,12,171
49011126205,2882,1683,768,297,86,26,2,5,0,2499,107,4,37,39,196
49011126206,2696,1669,728,207,54,22,3,8,0,2337,77,18,50,18,196
49011126303,2481,1572,649,195,39,13,2,6,0,2185,72,2,37,19,166
49011126304,3430,2126,900,279,85,22,5,6,0,2991,122,4,55,38,220
49011126305,1373,950,308,80,24,7,0,1,0,1229,24,2,15,14,89
49011126306,3669,2144,925,431,105,25,5,15,0,3133,150,2,65,54,265
49011126402,2044,1317,497,163,43,16,1,1,0,1779,51,0,57,20,137
49011126404,3820,2210,992,474,83,41,1,8,0,3140,211,2,104,71,292
49011126405,2171,1315,529,253,48,14,5,3,0,1880,75,0,47,19,150
49011126406,2040,1038,620,290,49,18,3,7,0,1702,103,3,54,24,154
49011126500,3315,1962,878,335,74,35,3,12,0,2950,80,2,64,28,191
49011126600,2312,1180,694,332,60,27,5,3,0,1896,116,2,42,40,216
49011126700,1618,758,507,255,57,20,3,7,0,1345,106,1,22,19,125
49011126801,1885,1266,407,159,33,11,3,2,0,1648,63,2,32,21,119
49011126802,2736,1661,710,263,59,26,1,7,0,2384,60,3,69,36,184
49011126901,2657,1402,797,337,61,34,4,7,0,2234,120,3,49,32,219
49011126902,3036,1623,879,383,89,32,5,7,0,2545,160,2,36,38,255
49011127002,2804,1126,975,533,104,35,6,14,0,2030,376,8,59,61,270
49011127003,3620,1958,1090,409,100,37,1,8,0,2976,193,4,70,59,318
49011127005,1581,799,480,210,52,25,1,8,0,1279,117,5,27,20,133
49011127006,1966,1071,621,193,51,19,1,3,0,1670,104,3,24,17,148
49011127100,4246,2663,1093,321,106,35,2,10,0,3819,105,3,50,26,243
49011980000,15,4,9,2,0,0,0,0,0,13,0,1,0,0,1
49045130600,386,166,141,60,8,9,0,0,0,253,86,0,4,3,40
49045130701,2357,1223,769,224,80,20,5,10,0,2009,156,0,23,15,154
49045130704,2875,1338,1037,318,119,35,4,7,0,2346,183,1,28,31,286
49045130705,2635,1315,909,276,89,25,2,6,0,2225,162,0,31,26,191
49045130706,3541,1778,1238,331,111,41,5,10,0,2907,284,2,44,50,254
49045130707,2120,1126,686,218,52,18,1,8,0,1804,123,1,21,17,154
49045130708,3016,1663,982,220,92,28,2,6,0,2552,166,0,30,30,238
49045130800,3443,1989,1097,214,75,34,2,13,0,3021,152,1,27,12,230
49045130900,1923,739,774,266,70,36,4,18,0,1492,233,1,24,24,149
49045131001,1201,555,443,134,39,14,0,5,0,1010,99,1,12,6,73
49045131003,1467,572,558,233,64,21,2,7,0,1159,167,0,27,13,101
49045131004,984,445,347,139,28,12,2,4,0,792,109,2,4,6,71
49045131005,912,390,359,104,40,6,1,5,0,752,80,1,3,6,70
49045131101,1887,797,758,244,45,17,3,14,0,1477,167,6,27,18,192
49045131102,1705,849,563,187,68,19,4,5,0,1416,120,3,14,20,132
49045131200,1722,760,649,226,56,20,1,3,0,1410,149,0,22,20,121
49045980000,0,0,0,0,0,0,0,0,0,0,0,0,0,0,0
49053270101,2434,1642,433,187,86,36,1,14,0,2127,67,1,33,18,188
49053270102,1681,833,513,207,77,19,1,6,0,1473,40,0,23,18,127
49053270200,1580,1174,232,80,58,12,1,10,0,1392,45,0,7,9,127
49053270301,2724,1694,597,269,97,43,4,7,0,2328,142,1,27,26,200
49053270302,1856,1153,369,243,61,12,0,9,0,1604,28,1,18,10,195
49053270401,3598,2065,840,467,143,40,4,13,0,3049,201,2,36,40,270
49053270402,1523,821,361,245,56,16,2,10,0,1339,49,3,10,13,109
49053270501,1345,984,223,71,53,9,0,1,0,1196,29,0,13,10,97
49053270502,2816,1842,611,243,69,28,2,7,0,2413,134,0,28,16,225
49053270601,3243,1984,700,377,120,29,4,11,0,2774,184,0,26,50,209
49053270602,964,621,179,107,39,9,1,3,0,811,38,4,9,10,92
49053270701,1837,874,484,303,100,35,2,17,0,1365,243,4,17,26,182
49053270702,2570,1517,546,346,118,15,2,12,0,2097,181,4,27,25,236
49053270802,3568,2305,729,329,132,41,2,11,0,2973,192,0,50,41,312
49053270803,2790,1966,518,163,84,30,3,12,0,2429,95,2,27,24,213
49053270804,2551,1779,503,120,90,30,4,12,0,2241,93,0,22,20,175
49053270805,3081,1876,711,284,127,33,8,16,0,2567,215,0,37,30,232
49053270806,1126,693,223,156,43,4,0,1,0,959,48,0,11,9,99
49053270901,1906,1312,358,135,68,18,1,7,0,1714,57,2,13,9,111
49053270903,1726,1074,417,115,63,25,5,12,0,1482,81,1,28,14,120
49053270904,2548,1496,535,335,123,30,1,11,0,2127,145,2,22,23,229
49053270905,3154,2103,595,225,133,49,2,22,0,2693,138,0,25,25,273
49053271000,2001,1205,454,185,103,23,2,7,0,1732,107,0,15,13,134
49053271101,1859,1011,447,241,104,26,6,14,0,1458,186,1,31,35,148
49053271102,2526,1427,605,323,93,46,4,12,0,2006,231,2,29,42,216
49053271200,1580,988,344,161,54,22,5,1,0,1298,96,2,28,14,142
49053271300,1417,809,331,170,60,27,4,9,0,1142,119,1,19,23,113
49053271400,1541,948,324,165,55,27,1,7,0,1291,114,1,11,10,114
49053271501,2589,1544,563,283,123,41,1,16,0,2161,137,2,32,32,225
49053271502,1410,902,285,146,53,10,2,5,0,1210,58,1,20,15,106
49053271600,4198,2671,854,467,141,37,2,7,0,3611,143,4,45,38,357
49053271702,5656,3796,1139,386,221,63,3,14,0,4865,236,2,69,61,423
49053271703,3544,2490,651,222,127,33,3,9,0,3100,85,1,41,53,264
49053271704,4221,2931,786,258,136,64,1,13,0,3664,159,1,57,40,300
49053271800,1732,1163,327,165,43,20,1,3,0,1490,71,1,22,21,127
49033950100,1306,1065,174,44,16,6,0,1,0,1184,29,0,10,6,77
49049000102,2734,1545,800,247,89,28,2,7,0,2351,149,1,36,21,176
49049000103,1942,1147,560,137,61,22,2,5,0,1727,77,1,17,11,109
49049000104,1586,983,436,111,33,14,0,2,0,1397,50,2,19,14,104
49049000105,2064,1332,530,114,55,17,1,7,0,1845,69,0,19,21,110
49049000203,2173,1315,582,148,78,25,3,6,0,1862,93,0,30,22,166
49049000205,1934,1311,454,91,56,11,0,3,0,1741,47,1,25,15,105
49049000206,1959,1246,503,138,46,12,3,2,0,1712,52,1,36,25,133
49049000207,981,595,242,89,27,20,2,4,0,811,51,1,22,17,79
49049000208,1825,1072,517,139,59,20,3,5,0,1603,83,1,19,15,104
49049000400,1851,954,577,204,71,22,4,7,0,1551,137,2,31,17,113
49049000504,1980,1193,530,146,64,20,4,13,0,1701,56,1,22,19,181
49049000505,1739,1082,435,133,53,26,0,2,0,1544,54,0,19,22,100
49049000506,1907,1179,509,134,47,21,0,6,0,1686,97,0,14,24,86
49049000507,1081,634,303,78,34,19,1,5,0,960,37,0,16,9,59
49049000508,1979,1114,567,185,72,21,2,9,0,1677,126,1,16,21,138
49049000510,1277,670,354,153,63,23,2,6,0,1034,83,0,21,19,120
49049000511,1527,711,521,178,66,39,3,2,0,1225,140,5,23,26,108
49049000601,1862,1243,418,119,47,18,1,10,0,1575,99,1,30,25,132
49049000603,2370,1685,506,95,53,18,2,5,0,2092,70,1,24,18,165
49049000604,1803,1255,372,112,40,18,1,1,0,1527,84,5,27,18,142
49049000703,2022,1091,593,210,68,31,4,13,0,1617,196,2,35,27,145
49049000706,2555,1433,703,264,94,33,4,7,0,2035,200,1,52,50,217
49049000707,1753,1067,452,153,37,21,5,3,0,1439,128,2,34,13,137
49049000708,1495,938,388,115,33,15,3,2,0,1268,82,0,24,15,106
49049000709,1497,950,393,108,26,7,0,5,0,1244,97,0,37,6,113
49049000710,1693,1098,405,131,40,11,2,1,0,1464,56,1,42,22,108
49049000711,1297,894,278,74,32,6,1,10,0,1152,29,2,21,13,80
49049000801,1787,888,573,218,60,21,4,14,0,1342,271,1,37,21,115
49049000803,802,385,269,93,34,13,0,4,0,611,98,1,14,13,65
49049000804,1488,771,430,191,64,15,1,7,0,1195,146,0,21,24,102
49049000901,1837,946,534,249,68,23,2,9,0,1410,259,1,32,17,118
49049000903,1823,1176,453,126,45,12,2,3,0,1562,83,0,35,19,124
49049000904,1725,1114,384,132,53,28,2,3,0,1466,84,0,27,20,128
49049001001,1900,1174,480,163,58,12,4,2,0,1596,110,0,42,31,121
49049001002,1317,839,314,102,45,12,1,3,0,1131,56,0,33,11,86
49049001103,1426,738,422,180,56,18,4,4,0,1142,111,4,25,12,132
49049001105,1614,910,444,169,49,25,1,2,0,1330,119,5,39,18,103
49049001106,1354,755,397,129,38,21,1,8,0,1113,106,0,16,12,107
49049001107,1890,1184,460,171,46,20,0,1,0,1544,124,1,37,39,145
49049001108,932,413,303,141,44,21,2,3,0,662,141,1,18,25,85
49049001201,2202,1271,613,184,84,32,4,5,0,1775,128,6,59,36,198
49049001202,1749,898,538,214,54,21,1,6,0,1386,176,0,33,22,132
49049001300,1903,1042,540,203,78,24,2,5,0,1560,115,1,59,20,148
49049001401,2128,1380,485,175,53,22,2,1,0,1843,61,0,42,15,167
49049001403,497,223,174,54,31,8,0,1,0,405,49,0,1,1,41
49049001404,1266,607,439,144,47,19,0,3,0,994,122,3,25,17,105
49049001501,2273,1504,487,186,67,21,2,1,0,1968,68,3,52,26,156
49049001503,2119,1363,500,186,53,8,2,2,0,1850,70,4,38,13,144
49049001504,2320,1520,570,165,39,16,0,3,0,1998,79,0,55,29,159
49049001601,779,362,292,65,40,10,1,2,0,645,42,0,18,6,68
49049001602,208,83,100,14,7,3,0,0,0,167,8,0,4,5,24
49049001701,1766,1031,444,218,51,10,1,1,0,1501,53,4,44,19,145
49049001702,1471,717,538,122,64,14,3,3,0,1190,72,1,39,29,140
49049001801,1506,603,614,175,80,24,1,3,0,1272,60,4,33,11,126
49049001802,1770,761,666,199,100,29,2,5,0,1449,107,0,27,14,173
49049001803,731,311,264,109,23,13,0,5,0,598,58,1,9,7,58
49049001900,1088,508,395,98,51,24,1,3,0,853,76,4,23,13,119
49049002001,980,449,347,111,45,11,3,4,0,773,95,1,16,17,78
49049002002,1027,444,360,150,38,21,3,4,0,735,188,0,17,13,74
49049002101,2162,1409,522,164,35,20,1,7,0,1838,92,0,43,20,169
49049002102,1335,740,399,121,42,18,0,5,0,1082,118,0,23,15,97
49049002204,1846,1007,509,227,64,19,1,6,0,1346,248,3,38,27,184
49049002205,1641,870,485,190,60,20,4,5,0,1256,225,2,26,22,110
49049002206,1480,764,451,196,43,7,1,8,0,1093,234,3,33,12,105
49049002208,2172,1233,616,175,94,39,3,4,0,1727,167,2,51,32,193
49049002209,1035,425,334,169,70,29,0,1,0,741,125,6,23,24,116
49049002210,640,273,205,109,26,22,1,1,0,466,93,5,16,13,47
49049002211,527,235,165,82,27,12,3,0,0,406,50,3,7,3,58
49049002212,2294,1366,614,178,96,23,5,1,0,1827,179,1,69,35,183
49049002213,1516,757,481,193,42,24,4,5,0,1053,276,2,35,32,118
49049002300,1174,480,446,167,48,16,4,6,0,858,170,3,19,21,103
49049002400,640,278,220,102,24,8,2,2,0,497,58,0,13,9,63
49049002500,1444,608,508,225,61,28,2,5,0,1112,151,1,33,14,133
49049002702,1906,955,620,201,75,40,1,8,0,1442,173,1,56,35,199
49049002703,1204,642,379,124,35,10,5,6,0,1005,99,0,17,10,73
49049002901,3258,1771,971,348,108,39,4,5,0,2542,403,1,52,35,225
49049002902,1214,610,400,130,40,16,4,6,0,963,132,1,10,20,88
49049003001,1960,1069,625,161,52,28,2,7,0,1642,107,0,34,24,153
49049003002,1076,646,311,69,26,11,1,4,0,925,61,0,25,14,51
49049003103,1426,901,374,87,39,15,1,3,0,1249,63,2,26,9,77
49049003104,2379,1583,561,140,68,13,3,3,0,2124,61,0,32,8,154
49049003105,1659,881,532,143,68,17,3,6,0,1422,94,3,13,6,121
49049003106,1000,524,344,73,38,13,0,1,0,855,73,1,7,11,53
49049003201,960,497,314,95,23,18,1,2,0,810,85,0,5,6,54
49049003203,2351,1542,599,123,44,22,1,7,0,2066,94,4,16,26,145
49049003204,1131,609,364,103,26,12,2,4,0,970,50,0,9,11,91
49049003205,1823,1052,563,126,49,19,1,3,0,1572,107,0,16,12,116
49049003301,1514,828,476,138,39,20,1,2,0,1181,195,1,8,22,107
49049003302,1211,692,373,86,28,17,0,5,0,1035,72,0,6,11,87
49049003401,1562,877,472,121,52,23,0,8,0,1338,117,0,14,12,81
49049003403,1973,1124,597,159,68,12,2,7,0,1619,182,2,18,10,142
49049003404,1154,761,278,73,28,5,1,2,0,1003,54,0,14,10,73
49049003405,1913,1079,588,144,64,20,3,5,0,1656,98,3,15,16,125
49049010107,2361,1487,653,117,58,20,1,2,0,2082,70,0,18,19,172
49049010110,1911,1237,494,87,51,28,1,3,0,1663,70,1,29,18,130
49049010114,2481,1356,707,244,98,46,3,4,0,2043,173,3,28,18,216
49049010115,1159,650,329,103,45,20,1,6,0,959,70,0,16,15,99
49049010116,2905,1849,696,176,109,46,2,7,0,2444,166,1,41,43,210
49049010117,1537,982,407,91,33,16,1,2,0,1301,74,0,22,26,114
49049010118,3085,1853,782,251,129,40,3,6,0,2628,144,2,40,42,229
49049010119,2002,1127,578,170,65,36,3,5,0,1700,112,2,28,23,137
49049010120,3867,2165,1127,318,153,60,6,5,0,3115,300,2,53,44,353
49049010121,3276,1972,881,237,113,42,1,4,0,2785,182,0,34,36,239
49049010122,2778,1607,795,186,117,44,0,5,0,2324,161,1,28,48,216
49049010123,2754,1580,827,197,98,33,2,4,0,2294,141,3,35,38,243
49049010124,1718,917,511,189,52,31,2,7,0,1362,125,5,29,25,172
49049010125,1337,753,392,115,45,18,0,6,0,1115,82,5,16,20,99
49049010126,1282,779,361,93,29,16,0,2,0,1067,78,3,24,16,94
49049010127,2488,1466,705,195,76,35,1,4,0,2088,153,1,43,22,181
49049010128,1393,676,458,156,55,37,2,4,0,1090,106,3,42,12,140
49049010129,2091,1242,586,155,67,28,1,3,0,1765,126,1,41,22,136
49049010130,1487,916,406,103,36,17,1,1,0,1283,72,2,17,21,92
49049010131,2049,1236,566,142,61,30,1,5,0,1691,125,1,36,14,182
49049010132,1721,976,499,135,55,36,2,6,0,1461,118,0,16,16,110
49049010208,2365,1681,504,82,55,30,3,2,0,2133,37,0,37,24,134
49049010209,3210,2296,651,150,78,20,0,9,0,2885,62,0,36,35,192
49049010210,3376,2349,734,174,72,33,1,5,0,2970,89,0,61,32,224
49049010211,2243,1536,496,115,67,19,1,5,0,1975,35,0,39,31,163
49049010212,3502,1950,985,331,144,64,6,10,0,2849,192,4,99,44,314
49049010213,1850,1323,398,53,49,14,1,5,0,1643,36,1,29,13,128
49049010216,1890,1378,385,60,43,17,0,5,0,1671,41,0,24,24,130
49049010217,3136,1868,823,287,99,38,1,6,0,2715,107,3,62,51,198
49049010219,3234,2309,655,126,98,29,3,5,0,2890,74,3,47,20,200
49049010220,3019,2013,706,172,81,29,0,3,0,2661,82,1,44,30,201
49049010221,699,365,224,59,32,12,1,2,0,582,53,0,11,6,47
49049010222,3165,2090,770,173,70,37,1,10,0,2706,128,6,57,31,237
49049010223,1260,864,279,76,23,9,0,3,0,1130,21,0,22,13,74
49049010224,1900,1342,406,74,50,18,2,3,0,1746,29,1,29,24,71
49049010225,2190,1524,481,102,54,21,0,2,0,1950,53,0,23,17,147
49049010226,2160,1371,582,118,47,23,1,6,0,1866,85,0,23,18,168
49049010303,2953,2024,685,136,70,26,2,0,0,2676,68,0,21,16,172
49049010305,2182,1539,493,61,53,15,1,8,0,1943,49,0,35,19,136
49049010306,695,340,222,87,22,14,1,4,0,537,105,0,8,1,44
49049010307,2369,1554,584,143,53,20,1,3,0,2047,108,1,41,25,147
49049010308,2162,1346,557,138,75,16,4,10,0,1807,114,0,35,24,182
49049010404,2274,1446,596,129,59,25,1,8,0,1911,136,1,35,14,177
49049010405,1709,1048,460,121,49,19,2,4,0,1485,93,0,11,24,96
49049010406,1600,1052,403,77,41,13,2,4,0,1430,50,0,25,10,85
49049010407,1400,922,344,76,36,7,1,6,0,1262,36,0,15,4,83
49049010408,2512,1672,626,98,78,20,3,8,0,2286,63,4,9,17,133
49049010409,1578,1044,393,72,37,15,2,2,0,1361,80,0,15,4,118
49049010410,2021,1317,503,124,49,16,1,4,0,1693,137,0,24,12,155
49049010411,3883,2740,840,137,104,37,1,8,0,3468,80,0,38,25,272
49049010503,1341,873,347,75,25,10,0,7,0,1199,42,0,14,6,80
49049010504,1647,1128,376,75,43,6,1,10,0,1450,65,3,19,19,91
49049010505,2153,1250,653,136,67,23,2,6,0,1812,183,2,11,11,134
49049010506,710,383,227,59,27,4,2,2,0,598,71,0,4,3,34
49049010600,2271,1494,583,90,62,20,1,6,0,2002,95,0,15,14,145
49049010700,3148,1909,838,234,105,37,1,10,0,2717,151,0,64,14,202
49049010900,399,233,106,37,12,4,2,2,0,357,3,0,14,4,21
49049980100,0,0,0,0,0,0,0,0,0,0,0,0,0,0,0
49049980200,550,263,212,45,23,4,1,1,0,452,27,1,18,2,50
49049980300,923,367,319,160,52,10,1,5,0,587,228,1,18,10,79
49049980400,103,29,35,24,9,1,2,2,0,77,11,0,3,0,12
49049980500,428,184,150,58,27,7,1,0,0,300,69,0,10,4,45
49049980600,0,0,0,0,0,0,0,0,0,0,0,0,0,0,0
49051940501,1956,798,576,442,96,27,5,5,0,1603,71,1,18,25,238
49051960100,2176,962,739,344,77,28,2,14,0,1778,213,1,16,28,140
49051960201,2240,1218,642,245,86,25,3,12,0,1852,139,0,21,23,205
49051960202,3046,1682,822,380,102,31,4,8,0,2608,166,1,26,25,220
49051960203,2323,1512,531,177,51,30,2,14,0,2054,64,0,31,23,151
49051960204,1510,862,413,165,43,11,2,7,0,1284,107,1,12,10,96
49051960401,2065,1163,563,243,64,20,1,5,0,1812,50,0,19,16,168
49051960402,2498,1394,689,296,87,12,1,7,0,2204,49,1,22,24,198
49051960500,632,395,155,48,15,5,2,5,0,574,6,0,18,5,29
49051980100,12,5,3,4,0,0,0,0,0,10,1,0,0,0,1
49023010100,3762,2522,937,182,77,21,0,12,0,3366,73,2,61,43,217
49023010200,2399,1596,599,127,40,15,1,11,0,2179,38,0,30,20,132
49019000200,2358,779,909,550,75,24,5,8,0,1952,102,2,36,33,233
49019000301,1588,669,540,307,50,12,3,3,0,1408,38,1,9,9,123
49019000302,1308,493,499,245,51,10,3,4,0,1097,56,1,9,11,134
49055979100,1579,1100,312,121,28,6,2,1,0,1435,17,0,9,4,114
49015976200,1926,1266,528,84,38,6,0,1,0,1721,37,1,15,4,148
49015976300,1622,1101,405,72,33,4,0,5,0,1513,21,0,13,7,68
49015976500,1618,1090,419,68,25,6,2,6,0,1438,54,1,12,10,103
49007000100,1644,910,461,202,52,8,1,3,0,1387,99,0,20,7,131
49007000200,2268,1085,721,354,73,18,1,5,0,1831,173,1,19,29,215
49007000300,2047,900,688,340,67,26,1,7,0,1633,242,0,12,15,145
49007000500,2145,902,737,419,56,15,2,5,0,1732,165,2,16,23,207
49007000600,2409,1054,762,454,85,25,2,15,0,1981,236,0,17,32,143
49005000101,2457,1716,517,137,53,13,3,8,0,2225,60,0,20,6,146
49005000102,828,609,170,27,17,1,1,0,0,732,30,0,12,4,50
49005000201,2005,1253,541,130,47,18,1,5,0,1778,78,0,7,12,130
49005000202,4563,2967,1107,293,104,48,7,15,0,4012,193,5,42,26,285
49005000301,1221,822,302,61,17,8,0,4,0,1093,30,0,5,4,89
49005000302,2133,1265,548,231,65,13,1,4,0,1708,232,2,16,13,162
49005000401,2500,1365,676,312,77,38,3,11,0,2144,115,1,37,27,176
49005000402,2438,1575,558,234,41,15,0,3,0,2124,42,0,30,37,205
49005000403,3313,2121,823,267,54,21,2,8,0,2950,109,3,30,22,199
49005000501,1884,876,580,301,71,33,4,8,0,1497,175,4,23,27,158
49005000502,1945,874,663,299,66,26,2,3,0,1531,161,7,46,30,170
49005000601,1267,567,425,180,58,23,2,3,0,1090,52,3,18,15,89
49005000602,1223,569,401,169,55,15,6,2,0,1007,65,3,17,9,122
49005000701,2589,1363,701,423,55,31,0,7,0,2251,54,2,60,34,188
49005000702,143,57,54,22,5,3,1,1,0,110,12,0,0,3,18
49005000800,1894,718,689,360,71,32,9,8,0,1594,91,2,21,19,167
49005000900,1464,592,499,276,51,25,2,7,0,1242,68,1,22,18,113
49005001001,1069,493,352,167,35,12,2,5,0,783,171,4,26,25,60
49005001002,1991,832,657,376,65,29,3,8,0,1627,171,5,27,26,135
49005001101,2869,1756,744,262,43,28,3,13,0,2464,96,1,43,26,239
49005001102,2952,1657,783,381,71,37,5,10,0,2500,89,4,69,45,245
49005001201,3236,2126,814,191,62,26,2,3,0,2921,64,0,31,22,198
49005001202,3020,1861,854,204,61,18,0,6,0,2555,186,0,34,24,221
49005001300,3706,2649,782,152,65,23,2,8,0,3408,59,0,26,8,205
49005001401,2459,1502,655,198,65,20,3,4,0,2088,193,0,28,12,138
49005001402,1701,1058,441,147,25,10,0,9,0,1473,86,1,13,6,122
49005001500,1234,876,269,52,21,8,1,0,0,1130,18,0,4,7,75
49005980100,53,33,11,8,1,0,0,0,0,43,2,0,3,0,5
49037942000,1361,114,604,586,26,5,0,20,0,763,64,3,16,181,334
49037942100,1013,109,478,399,13,1,1,10,0,537,30,1,17,247,181
49037978100,1997,1140,533,247,48,16,1,7,0,1630,98,1,16,61,191
49037978200,2848,1460,703,588,52,16,4,12,0,2167,83,4,37,161,396
49057200100,1887,727,673,380,65,19,3,8,0,1475,263,2,25,18,104
49057200202,961,312,363,203,44,16,5,6,0,685,186,0,6,12,72
49057200203,1686,527,652,407,70,16,2,4,0,1149,384,8,20,21,104
49057200204,1783,707,607,358,74,21,2,3,0,1285,337,3,11,21,126
49057200301,1399,404,562,354,47,16,1,6,0,919,368,3,13,16,80
49057200302,1234,400,456,288,64,18,2,3,0,820,285,4,22,14,89
49057200400,484,112,204,128,28,9,0,2,0,295,143,4,7,4,31
49057200500,2365,810,866,530,113,25,5,5,0,1819,328,6,39,17,156
49057200600,1796,677,650,360,68,32,3,5,0,1437,184,5,29,12,129
49057200700,1487,518,540,318,73,23,5,5,0,1181,151,0,28,17,110
49057200800,1467,404,587,375,62,26,7,3,0,1017,312,5,18,14,101
49057200900,1188,301,483,312,60,19,4,4,0,841,219,11,12,9,96
49057201100,699,201,275,184,29,6,2,0,0,493,89,11,19,6,81
49057201200,497,106,203,132,36,7,3,5,0,255,177,20,7,9,29
49057201301,830,230,314,240,28,11,4,2,0,577,179,7,10,8,49
49057201302,978,234,384,287,46,19,1,3,0,628,244,6,15,9,76
49057201400,1681,629,568,407,41,15,9,5,0,1407,117,0,33,8,116
49057201500,2239,972,673,460,91,24,5,1,0,1894,101,3,29,32,180
49057201600,1412,493,539,278,64,22,1,6,0,1110,156,7,20,7,112
49057201700,893,294,345,191,41,14,2,4,0,611,205,3,9,5,60
49057201800,562,115,239,153,34,9,2,2,0,317,195,1,7,5,37
49057201900,1041,359,367,228,59,11,4,5,0,764,181,4,7,12,73
49057202000,2801,1458,769,471,75,19,2,4,0,2343,150,5,41,38,224
49057210101,2255,1306,621,250,56,13,2,2,0,1965,51,0,29,11,199
49057210102,2501,1381,693,319,80,21,1,5,0,2168,54,1,12,19,247
49057210201,2373,1357,673,227,75,23,3,6,0,2034,93,2,40,15,189
49057210203,1562,902,451,135,47,14,0,6,0,1366,63,0,11,9,113
49057210204,2374,1350,648,277,63,23,3,4,0,2047,127,2,24,11,163
49057210303,4397,2675,1152,405,106,38,5,7,0,3854,129,2,69,50,293
49057210304,2592,1528,711,246,71,16,7,7,0,2207,138,4,49,15,179
49057210305,1978,1005,618,261,70,17,2,2,0,1638,175,0,30,10,125
49057210306,2094,1106,633,246,74,18,6,4,0,1740,159,0,30,18,147
49057210404,1222,770,348,70,23,7,1,2,0,1093,35,0,16,8,70
49057210405,1328,802,386,91,32,10,2,1,0,1149,47,0,21,12,99
49057210406,2409,1366,761,198,55,15,3,4,0,2110,118,0,23,12,146
49057210407,3259,2011,909,247,62,24,0,1,0,2825,119,1,39,21,254
49057210408,1807,1142,519,96,30,11,1,0,0,1616,50,0,13,8,120
49057210508,967,467,321,118,39,18,1,0,0,760,107,0,17,7,76
49057210509,1850,899,614,248,56,18,2,5,0,1526,177,3,24,15,105
49057210510,1573,726,540,214,59,19,2,4,0,1272,168,2,23,15,93
49057210511,1909,848,656,285,84,19,2,6,0,1573,165,5,25,12,129
49057210512,1882,852,625,296,62,28,3,6,0,1557,156,3,26,15,125
49057210513,1846,880,583,300,37,22,5,7,0,1435,217,2,39,22,131
49057210514,2502,1167,828,373,88,32,2,3,0,2031,234,5,41,30,161
49057210515,2291,1317,677,200,69,17,2,4,0,1985,120,1,41,12,132
49057210516,2987,1886,787,205,75,22,0,6,0,2633,130,0,25,19,180
49057210517,2406,1387,713,219,65,10,3,3,0,2051,142,3,28,14,168
49057210518,3009,1713,867,283,99,26,0,10,0,2554,192,4,27,18,214
49057210600,2917,1372,945,407,145,27,5,5,0,2382,250,6,33,29,217
49057210701,2303,1024,810,341,86,26,4,6,0,1827,244,4,28,18,182
49057210703,1171,499,420,181,44,15,0,4,0,928,137,2,18,7,79
49057210704,2370,1108,747,347,90,46,9,5,0,1924,250,6,26,11,153
49057210800,1041,379,398,199,44,14,1,5,0,820,145,2,11,3,60
49057210900,3253,1556,1023,528,95,36,2,6,0,2753,219,2,45,15,219
49057211000,1259,520,485,198,36,10,0,5,0,1033,104,7,11,12,92
49057211100,2467,1068,859,417,81,30,4,1,0,2013,203,3,50,15,183
49057211201,2271,1150,694,319,65,23,4,6,0,1935,107,6,37,39,147
49057211202,3243,1682,926,484,104,34,3,3,0,2747,145,6,63,44,238
49039972101,2227,1493,481,151,53,12,0,1,0,2037,47,0,25,11,107
49039972102,2113,1458,453,96,59,21,2,5,0,1920,38,0,15,14,126
49039972200,1354,954,274,69,40,10,1,1,0,1179,83,2,7,1,82
49039972300,1670,1200,356,63,33,10,1,4,0,1508,56,0,15,13,78
49039972401,731,500,161,43,24,0,1,0,0,623,50,3,13,3,39
49039972402,1739,1194,365,89,57,13,0,7,0,1521,57,0,18,10,133
49039972500,2473,1780,487,91,75,14,0,7,0,2263,38,0,13,11,148
49003960100,1582,1146,337,49,27,11,1,2,0,1450,33,0,6,6,87
49003960200,3922,2786,873,145,75,23,6,3,0,3496,105,4,47,13,257
49003960301,2059,1363,530,88,41,13,1,5,0,1786,81,2,33,5,152
49003960302,2142,1298,601,132,56,26,2,7,0,1804,140,1,33,8,156
49003960400,2845,1977,671,99,56,15,1,11,0,2548,82,0,50,10,155
49003960500,2379,1446,652,172,65,24,1,4,0,2061,139,0,29,8,142
49003960601,1756,1070,472,123,58,19,3,6,0,1526,94,0,16,8,112
49003960602,1422,959,335,75,32,16,0,1,0,1286,37,0,15,12,72
49003960701,2410,1400,693,191,79,27,4,4,0,2067,152,0,25,17,149
49003960702,1144,663,338,90,31,13,1,2,0,975,77,0,13,7,72
49003960801,2698,1754,700,137,61,31,6,2,0,2393,69,0,26,13,197
49003960802,2669,1828,648,105,54,12,3,7,0,2361,83,0,22,20,183
49047940201,1433,941,281,148,45,6,0,6,0,1118,66,1,15,27,206
49047968201,2360,1927,287,70,40,15,5,4,0,2102,68,0,29,7,154
49047968202,1580,1259,217,50,27,16,1,3,0,1339,54,1,18,12,156
49047968301,2464,1878,356,132,54,21,0,5,0,2138,110,3,24,17,172
49047968302,2468,1979,308,81,57,19,0,5,0,2188,70,1,14,13,182
49047968401,1381,929,285,88,47,12,3,6,0,1146,71,3,30,12,119
49047968403,1791,1340,286,90,47,10,1,7,0,1545,69,1,14,8,154
49047968404,1255,913,196,71,44,13,2,5,0,1082,60,0,5,12,96
49021110100,2368,1684,429,162,55,21,2,5,0,2123,62,1,11,17,154
49021110201,2041,1357,458,122,49,20,1,8,0,1761,107,0,17,15,141
49021110202,2301,1587,445,142,77,28,0,8,0,1976,112,1,25,21,166
49021110300,1872,1229,387,130,67,25,0,12,0,1633,74,1,20,11,133
49021110400,2094,1246,579,156,69,23,1,10,0,1806,88,2,23,14,161
49021110501,2702,1537,690,267,118,45,6,10,0,2266,167,3,27,37,202
49021110502,1697,991,391,184,72,29,2,11,0,1396,106,2,13,17,163
49021110601,945,492,262,127,35,14,2,4,0,817,40,3,7,7,71
49021110602,2044,1220,500,198,68,26,2,10,0,1722,98,6,20,29,169
49021110702,3128,2107,621,240,82,24,4,14,0,2734,131,0,40,20,203
49021110703,2823,1929,553,197,79,34,4,12,0,2452,98,1,34,27,211
49021110704,2045,1232,504,183,72,28,3,10,0,1705,104,4,25,26,181
49043964101,990,612,279,67,19,7,1,2,0,880,29,0,13,1,67
49043964103,811,369,235,162,38,5,0,0,0,648,18,1,15,17,112
49043964104,1325,789,360,118,38,10,1,5,0,1167,49,2,11,4,92
49043964201,2610,1211,874,394,83,19,1,13,0,2237,108,2,28,17,218
49043964202,1787,911,558,236,49,13,5,8,0,1549,56,2,16,15,149
49043964203,61,26,27,7,1,0,0,0,0,53,0,0,0,0,8
49043964303,1914,631,676,507,74,16,0,5,0,1572,57,1,38,32,214
49043964304,3175,865,1106,1056,105,16,8,5,0,2587,114,7,66,57,344
49043964305,1250,393,438,331,56,21,3,4,0,955,85,1,20,24,165
49043964306,2038,647,691,585,76,22,5,5,0,1653,91,0,35,33,226
49043964307,3121,875,1015,1054,127,34,4,5,0,2550,116,3,43,47,362
49043964308,2120,722,657,632,75,19,1,7,0,1731,58,0,44,30,257
49043964401,981,268,348,309,32,16,1,3,0,786,23,3,11,18,140
49043964402,2115,520,783,671,101,19,5,6,0,1644,126,4,33,41,267
49025130100,1156,846,165,100,31,5,1,1,0,1058,16,0,8,4,70
49025130200,2899,1912,563,328,62,17,3,4,0,2575,84,0,25,28,187
49009960100,585,436,82,48,13,3,0,2,0,532,7,0,5,3,38
49013940300,2381,1763,335,186,62,12,0,4,0,2060,49,3,36,9,224
49013940501,1108,764,195,87,32,12,2,7,0,923,63,2,7,9,104
49013940502,3083,2391,424,148,69,19,3,13,0,2670,104,3,27,18,261
49013940600,2977,2251,437,211,35,7,0,14,0,2581,78,0,21,29,268
49041975100,2302,1653,519,84,26,6,1,6,0,2029,47,0,15,28,183
49041975200,1396,1094,229,35,16,7,0,5,0,1257,19,0,4,24,92
49041975300,2321,1675,479,94,39,19,0,8,0,2091,54,0,17,12,147
49041975400,1673,1208,355,44,41,9,1,4,0,1510,31,1,15,15,101
49041975500,2617,1862,549,109,54,18,1,9,0,2368,56,0,19,14,160
49001100100,1835,1389,318,95,18,6,0,2,0,1634,56,0,14,13,118
49001100200,1150,729,288,97,19,3,2,2,0,1027,39,0,8,6,70
49029970101,3380,2230,810,191,88,29,5,5,0,3059,49,0,26,21,225
49029970102,2227,1498,579,90,41,13,0,5,0,2071,30,0,15,6,105
49029970200,1628,1042,429,101,37,8,2,5,0,1470,38,2,13,6,99
49035100100,1305,277,402,556,37,21,3,7,0,893,208,18,40,29,117
49035100200,777,277,230,244,20,4,0,2,0,598,42,1,26,17,93
49035100306,1464,345,545,472,67,17,3,9,0,712,444,19,60,79,150
49035100307,1594,365,623,531,53,12,0,6,0,633,594,22,115,85,145
49035100308,1013,219,381,344,42,9,2,10,0,434,326,28,52,86,87
49035100500,2077,531,764,664,64,25,5,12,0,1401,394,15,43,57,167
49035100600,2129,509,753,722,81,24,16,17,0,1349,502,23,51,49,155
49035100700,1313,314,403,516,52,18,2,4,0,1008,108,2,30,31,134
49035100800,1023,334,316,311,45,8,1,4,0,825,58,4,19,27,90
49035101000,1872,479,593,736,35,20,5,2,0,1544,67,2,54,41,164
49035101101,993,218,323,403,35,9,2,3,0,791,56,3,22,18,103
49035101102,1621,578,469,491,47,18,9,7,0,1301,90,2,35,46,147
49035101200,2216,513,660,955,56,22,3,6,0,1791,110,4,62,37,212
49035101401,130,55,41,27,4,1,0,1,0,99,6,0,6,1,18
49035101402,1137,269,461,309,66,23,2,3,0,818,60,1,86,39,133
49035101500,1508,371,497,546,59,22,5,4,0,1166,83,7,34,38,180
49035101600,1802,398,614,701,56,18,7,3,0,1385,103,1,70,46,197
49035101700,1650,317,584,655,62,15,8,4,0,1252,114,7,59,33,185
49035101800,1361,290,451,539,53,15,4,6,0,1059,97,6,39,31,129
49035101900,1271,263,464,464,51,13,6,6,0,975,99,6,49,30,112
49035102000,1258,220,435,531,38,24,4,2,0,960,104,7,46,25,116
49035102100,730,118,245,330,23,6,2,4,0,525,64,12,25,23,81
49035102300,1236,275,376,484,64,22,3,5,0,889,131,13,31,47,125
49035102501,882,160,326,334,38,12,4,3,0,623,107,14,35,30,73
49035102502,930,168,358,330,48,18,2,2,0,672,99,35,17,22,85
49035102600,1232,280,460,417,45,12,6,9,0,684,323,6,64,29,126
49035102701,1437,298,578,470,53,19,4,9,0,768,413,10,70,36,140
49035102702,743,137,295,249,38,9,7,3,0,364,258,6,27,24,64
49035102801,1762,395,677,591,60,17,3,10,0,860,572,8,112,57,153
49035102802,1430,351,555,444,44,16,6,9,0,695,339,19,97,110,170
49035102900,1849,367,650,694,87,27,6,10,0,1212,274,34,58,67,204
49035103000,1426,286,449,611,47,24,5,2,0,1073,137,6,40,38,132
49035103100,1903,417,643,753,57,16,7,4,0,1460,164,11,44,39,185
49035103200,2147,483,699,867,67,16,6,3,0,1666,179,3,54,57,188
49035103300,2109,400,720,866,87,21,8,3,0,1621,139,5,71,53,220
49035103400,2231,440,757,939,48,29,10,2,0,1808,127,6,55,37,198
49035103500,2228,527,670,932,68,20,7,4,0,1769,91,5,56,37,270
49035103600,1606,527,446,579,39,10,3,0,0,1368,45,1,39,30,123
49035103700,1501,438,456,555,36,11,1,2,0,1256,60,0,34,26,125
49035103800,1218,339,385,441,32,10,8,2,0,1015,60,3,27,13,100
49035103900,2010,641,719,579,46,14,4,4,0,1657,80,7,52,32,182
49035104000,1889,707,532,598,29,17,1,0,0,1547,49,4,68,39,182
49035104100,1644,658,442,500,31,8,2,0,0,1356,52,2,55,28,151
49035104200,4242,1732,1199,1173,104,18,4,4,0,3340,103,4,238,130,427
49035104300,1390,375,468,481,39,20,2,0,0,1078,61,2,58,42,149
49035104400,1243,612,348,244,30,3,4,1,0,1086,19,1,22,10,105
49035104700,2613,757,890,847,77,23,7,7,0,2141,117,2,52,37,264
49035104800,3029,935,970,987,78,38,10,8,0,2485,140,4,76,53,271
49035104900,1444,300,552,505,60,19,3,3,0,1140,125,5,27,29,118
49035110103,2204,745,696,693,47,11,3,6,0,1838,44,1,78,49,194
49035110104,3631,1421,1098,995,78,20,5,7,0,2918,91,0,181,114,327
49035110105,1152,481,369,261,23,13,1,2,0,953,31,0,41,36,91
49035110106,1489,607,466,351,49,7,6,1,0,1186,31,1,61,53,157
49035110200,2983,1106,994,780,65,24,6,2,0,2529,74,2,67,49,262
49035110300,3092,1078,1083,820,70,22,5,9,0,2558,130,5,74,46,279
49035110401,1689,612,514,496,40,14,6,3,0,1391,72,5,43,50,128
49035110402,2142,1010,622,451,43,11,1,2,0,1844,69,3,40,33,153
49035110500,3849,1828,1154,744,82,27,3,4,0,3291,101,2,120,55,280
49035110600,3394,1521,1044,729,74,17,4,3,0,2890,88,1,74,69,272
49035110701,1760,651,580,430,59,22,4,9,0,1388,93,7,50,64,158
49035110702,2725,1340,763,502,71,33,2,6,0,2281,104,1,65,67,207
49035110800,2906,1327,858,587,99,21,3,3,0,2416,92,3,76,59,260
49035110900,2838,1338,827,583,62,19,2,4,0,2470,73,1,67,42,185
49035111001,2867,1518,795,472,62,13,1,3,0,2449,62,1,77,64,214
49035111002,3236,1329,1110,676,79,25,4,3,0,2626,118,4,141,77,270
49035111104,1604,588,536,400,52,17,2,3,0,1278,86,5,51,38,146
49035111105,1824,691,623,439,49,13,4,2,0,1492,105,1,55,44,127
49035111106,1808,643,562,512,60,21,0,4,0,1433,82,4,49,49,191
49035111107,1461,447,470,468,44,19,7,4,0,1186,73,5,39,34,124
49035111108,1994,980,539,393,51,19,6,2,0,1684,65,0,43,56,146
49035111109,1693,708,509,417,43,10,2,2,0,1430,72,2,41,42,106
49035111201,1388,528,471,316,42,24,3,0,0,1122,79,4,39,36,108
49035111202,2280,969,739,461,72,23,5,5,0,1826,125,1,71,80,177
49035111302,3669,1424,1179,918,99,29,3,7,0,3086,112,2,63,87,319
49035111304,2263,990,722,458,63,16,3,4,0,1864,69,1,69,44,216
49035111305,2312,911,754,548,57,23,4,8,0,1859,78,0,57,85,233
49035111306,1358,548,435,300,51,13,2,4,0,1093,61,1,38,34,131
49035111400,3015,637,1108,1108,82,51,13,10,0,2185,334,16,128,62,290
49035111500,544,113,231,165,19,9,2,2,0,352,82,2,12,32,64
49035111601,1022,242,356,350,46,13,1,6,0,709,105,9,36,51,112
49035111602,991,220,376,309,57,14,1,7,0,649,161,14,34,43,90
49035111701,1524,349,583,495,56,21,3,8,0,977,210,20,91,84,142
49035111702,1759,476,610,568,71,19,3,7,0,1253,185,9,69,97,146
49035111801,2372,686,807,753,86,21,5,6,0,1819,168,7,66,76,236
49035111802,1218,288,430,418,51,16,2,7,0,955,62,7,43,29,122
49035111903,1867,581,644,556,44,22,1,5,0,1427,131,4,77,57,171
49035111904,1595,527,549,428,58,18,4,5,0,1229,104,7,51,60,144
49035111905,1569,459,541,469,69,14,4,4,0,1219,116,11,43,56,124
49035111906,1556,378,556,499,74,29,2,9,0,1016,209,20,48,91,172
49035112001,1641,622,496,423,57,21,3,10,0,1313,124,6,42,20,136
49035112002,2668,862,900,757,96,28,10,8,0,2027,207,15,74,73,272
49035112101,989,237,372,308,48,15,0,3,0,684,127,7,38,40,93
49035112102,2502,1091,806,481,80,28,5,6,0,2088,145,2,49,24,194
49035112201,2892,1184,1011,577,85,19,3,7,0,2380,199,4,64,42,203
49035112202,1979,713,717,442,64,20,6,5,0,1562,169,2,41,31,174
49035112301,1923,817,597,407,65,25,5,1,0,1569,127,3,52,49,123
49035112302,1952,876,630,377,48,16,1,2,0,1647,102,2,32,39,130
49035112402,2362,765,864,612,74,22,3,13,0,1734,325,3,47,38,215
49035112404,1423,421,473,421,61,27,7,7,0,1034,186,7,16,36,144
49035112405,1889,524,676,544,97,31,3,5,0,1347,243,3,63,52,181
49035112406,742,196,266,219,35,14,2,4,0,471,177,5,11,13,65
49035112501,1940,724,651,460,70,23,3,3,0,1551,141,4,48,55,141
49035112503,2502,844,893,599,108,36,7,9,0,1918,208,2,77,96,201
49035112504,1264,396,422,361,58,12,4,8,0,986,86,5,29,48,110
49035112505,1633,556,601,377,69,19,4,3,0,1250,114,9,58,42,160
49035112604,2554,992,899,531,78,35,4,3,0,2072,176,0,44,60,202
49035112608,2938,1460,917,470,59,20,2,6,0,2460,94,2,77,83,222
49035112609,3163,1499,971,595,66,19,2,7,0,2633,107,1,78,71,273
49035112610,2259,813,752,559,89,33,2,4,0,1729,172,4,64,62,228
49035112611,3423,1401,1183,680,103,36,2,5,0,2750,202,1,106,106,258
49035112612,2165,886,711,444,82,24,3,8,0,1747,134,3,63,53,165
49035112613,2736,1231,895,501,66,27,3,9,0,2256,132,1,72,51,224
49035112614,2095,1184,527,328,37,10,3,5,0,1773,46,2,69,50,155
49035112615,1427,753,407,223,22,13,1,3,0,1171,39,0,39,40,138
49035112616,2541,1160,781,492,66,26,3,7,0,2067,87,3,97,72,215
49035112617,2210,1060,685,378,61,21,1,4,0,1889,47,2,41,54,177
49035112618,1958,999,567,320,44,16,0,5,0,1655,59,0,58,41,145
49035112619,1800,865,526,341,41,19,1,1,0,1471,76,0,60,44,149
49035112620,1718,766,569,316,38,16,2,5,0,1394,102,4,39,27,152
49035112621,2037,712,744,459,77,31,2,4,0,1523,222,4,51,52,185
49035112700,2550,986,865,560,89,25,0,11,0,2090,164,3,66,46,181
49035112804,2848,1286,967,464,89,28,3,5,0,2363,130,0,72,58,225
49035112805,2795,1316,930,426,75,27,4,11,0,2306,160,1,85,51,192
49035112812,2792,1170,989,500,75,34,2,8,0,2297,202,6,58,41,188
49035112813,3268,1766,950,448,65,24,5,4,0,2813,99,1,58,57,240
49035112814,3038,1703,785,429,74,27,3,12,0,2599,57,2,81,70,229
49035112815,3108,1696,835,476,62,20,2,9,0,2684,73,5,71,48,227
49035112816,3245,1998,791,338,71,27,2,10,0,2796,106,0,63,28,252
49035112818,3,3,0,0,0,0,0,0,0,3,0,0,0,0,0
49035112821,3891,2289,1028,417,104,27,2,8,0,3266,140,2,130,58,295
49035112822,2288,1127,695,354,62,31,2,8,0,1837,154,0,90,51,156
49035112823,2640,1312,767,443,78,26,1,7,0,2188,123,6,77,33,213
49035112824,1848,915,541,286,61,28,3,6,0,1483,62,1,63,43,196
49035112825,1989,973,609,299,73,19,1,8,0,1569,138,1,64,34,183
49035112826,2989,1967,739,184,60,19,4,6,0,2683,102,0,39,15,150
49035112827,3822,1976,1209,414,139,54,7,15,0,3198,192,1,83,52,296
49035112828,3354,1946,910,356,89,36,5,3,0,2828,129,1,92,53,251
49035112829,1168,517,381,207,36,18,2,2,0,939,74,3,36,22,94
49035112830,2509,1287,707,394,78,30,4,4,0,2014,138,2,83,65,207
49035112831,1595,737,493,268,62,21,4,1,0,1257,87,6,41,31,173
49035112904,2633,989,968,560,76,25,2,7,0,1892,394,2,85,39,221
49035112905,2943,1484,871,478,66,20,6,9,0,2344,209,6,129,44,211
49035112907,1828,771,637,328,60,16,4,7,0,1393,240,5,32,17,141
49035112912,1235,581,419,193,28,12,1,0,0,966,132,4,23,15,95
49035112913,2542,1219,840,371,69,24,1,11,0,2091,210,0,51,15,175
49035112914,2816,1106,1011,561,86,28,2,11,0,2105,343,1,76,43,248
49035112916,1671,618,634,310,72,17,6,6,0,1221,258,4,38,31,119
49035112917,1836,753,662,340,47,20,6,4,0,1430,220,1,41,35,109
49035112918,2078,922,701,364,60,13,1,10,0,1566,245,4,52,41,170
49035112920,2148,983,662,387,73,24,2,6,0,1738,183,4,44,38,141
49035112921,2058,1025,615,332,45,28,1,8,0,1652,167,1,62,25,151
49035113007,2663,1500,766,280,69,29,3,7,0,2245,143,3,55,10,207
49035113008,3745,2256,1018,350,68,37,4,4,0,3197,163,3,81,37,264
49035113010,4412,2785,1064,442,74,33,3,5,0,3813,141,3,87,61,307
49035113011,4118,2424,1049,474,109,42,2,10,0,3456,175,0,129,52,306
49035113012,3505,2092,930,375,71,23,1,6,0,3023,144,1,83,50,204
49035113013,3174,1907,894,250,86,19,5,6,0,2781,116,0,59,29,189
49035113014,2674,1574,734,269,53,25,3,9,0,2254,113,3,73,33,198
49035113016,3670,2226,958,331,97,38,4,7,0,3163,146,1,87,26,247
49035113017,4204,2321,1240,464,112,32,5,16,0,3666,188,1,54,33,262
49035113021,2296,1090,715,361,82,29,4,7,0,1788,165,6,108,58,171
49035113022,3954,1824,1239,670,137,62,3,5,0,3221,238,6,116,53,320
49035113023,3000,1451,922,447,102,58,3,7,0,2428,201,2,89,48,232
49035113024,2802,1589,807,304,69,17,0,9,0,2324,121,5,127,33,192
49035113025,2243,1113,692,309,91,26,1,1,0,1822,121,3,106,37,154
49035113101,2973,1384,948,491,86,32,6,12,0,2299,357,2,58,39,218
49035113102,1923,1010,597,240,47,13,4,4,0,1558,143,0,52,26,144
49035113105,3297,1725,1068,354,88,28,4,13,0,2784,177,2,44,33,257
49035113108,1970,964,627,291,56,18,3,7,0,1543,194,3,38,30,162
49035113109,2117,1155,646,228,47,20,1,12,0,1789,120,2,33,14,159
49035113110,1950,1063,588,217,57,13,1,4,0,1665,93,0,31,26,135
49035113111,3701,1892,1108,477,150,46,3,6,0,3032,276,5,59,57,272
49035113112,1841,1043,548,160,51,28,2,3,0,1572,83,0,31,22,133
49035113113,3753,1755,1210,559,147,42,5,17,0,2917,373,5,96,42,320
49035113114,3067,1546,975,406,82,35,4,5,0,2440,237,1,61,56,272
49035113307,1553,380,624,455,58,13,2,10,0,800,503,6,81,63,100
49035113308,1652,405,620,505,77,24,3,8,0,969,387,12,67,63,154
49035113309,1725,542,633,467,50,15,4,8,0,1096,357,6,55,67,144
49035113310,1154,342,435,311,32,13,1,11,0,808,199,6,38,31,72
49035113311,1366,341,534,406,47,16,7,9,0,748,335,15,65,88,115
49035113312,796,195,308,232,42,8,0,5,0,465,197,4,30,31,69
49035113313,989,272,402,248,40,19,2,3,0,628,178,10,83,14,76
49035113314,727,163,280,229,34,8,6,3,0,407,146,5,54,44,71
49035113406,1569,468,553,450,59,13,5,9,0,952,389,9,57,39,123
49035113408,2804,979,1086,606,79,26,4,9,0,1950,551,1,52,54,196
49035113409,1849,687,695,374,55,14,3,13,0,1352,293,2,39,24,139
49035113410,2562,867,935,605,81,36,8,18,0,1701,472,8,124,53,204
49035113411,1132,469,376,232,28,18,0,6,0,728,172,2,113,25,92
49035113412,1040,365,393,242,27,6,1,2,0,570,223,4,100,36,107
49035113413,2563,1043,887,510,68,34,0,8,0,1912,323,2,79,50,197
49035113414,2365,853,833,569,70,24,3,6,0,1559,525,9,67,44,161
49035113415,1668,547,636,408,51,13,1,6,0,1035,410,5,68,42,108
49035113505,2507,969,873,528,83,24,4,10,0,1787,349,10,71,58,232
49035113509,1835,452,667,613,56,14,3,19,0,947,442,18,182,90,156
49035113510,1443,514,517,337,49,15,2,5,0,1037,200,4,47,29,126
49035113511,1602,550,601,387,48,9,0,4,0,1180,184,9,52,40,137
49035113512,1093,295,416,283,63,19,6,3,0,787,119,5,23,30,129
49035113513,2296,868,835,479,69,17,4,11,0,1679,288,9,78,35,207
49035113514,1689,488,602,469,74,28,3,12,0,1211,264,14,39,35,126
49035113515,3134,1285,1036,683,75,34,2,9,0,2437,252,10,82,85,268
49035113520,1618,506,589,401,71,25,6,13,0,1121,252,16,53,36,140
49035113521,2581,947,931,563,86,21,6,18,0,1848,384,7,69,51,222
49035113522,1756,724,605,351,39,28,1,6,0,1357,171,7,68,35,118
49035113523,2206,775,818,500,71,21,8,9,0,1480,421,10,51,56,188
49035113526,2097,712,803,471,66,27,3,6,0,1412,441,2,39,43,160
49035113527,1631,598,606,346,58,13,2,3,0,1135,323,1,32,22,118
49035113528,1993,783,747,371,56,19,1,6,0,1462,312,5,34,32,148
49035113532,1935,816,635,391,61,15,1,7,0,1451,199,4,55,40,186
49035113533,2569,1131,853,464,76,28,3,6,0,2030,205,9,72,50,203
49035113536,1070,351,410,241,43,13,5,3,0,682,231,4,51,25,77
49035113537,1543,615,532,325,45,13,3,5,0,1110,229,4,31,42,127
49035113538,1064,368,399,247,31,9,2,4,0,699,228,4,34,33,66
49035113539,1756,591,629,456,43,14,5,14,0,1116,423,7,42,33,135
49035113540,1955,759,754,354,55,17,2,4,0,1324,339,6,59,42,185
49035113541,917,347,363,180,20,3,1,2,0,634,156,0,32,10,85
49035113542,2023,696,770,447,65,26,2,7,0,1418,335,6,77,32,155
49035113543,2285,1147,726,306,67,19,2,7,0,1871,205,0,61,30,118
49035113544,1390,465,526,319,44,22,0,7,0,908,333,4,30,22,93
49035113545,1249,386,438,360,38,14,2,10,0,546,318,34,208,38,105
49035113600,1852,516,714,523,60,16,7,12,0,1225,432,1,44,24,126
49035113701,1431,453,583,310,46,20,1,11,0,968,300,0,29,13,121
49035113702,967,287,378,244,34,5,3,7,0,683,208,0,11,8,57
49035113801,1777,583,685,408,71,12,3,10,0,1133,452,5,27,36,124
49035113802,1161,328,453,306,44,11,4,6,0,783,292,1,11,10,64
49035113804,1537,507,610,334,57,9,3,10,0,949,359,2,64,34,129
49035113805,1443,456,555,343,49,17,4,8,0,902,355,5,36,34,111
49035113903,2038,737,755,425,68,23,7,9,0,1445,362,6,40,28,157
49035113904,2487,866,902,562,87,43,3,13,0,1834,389,6,29,34,195
49035113905,2595,897,953,583,109,20,4,16,0,1805,527,2,52,20,189
49035113906,1366,421,540,289,73,13,5,12,0,1034,192,4,14,13,109
49035113908,1796,629,651,390,77,23,2,15,0,1254,358,3,26,18,137
49035113909,1506,686,518,232,50,6,1,5,0,1152,185,5,29,32,103
49035114000,1782,500,586,577,74,24,6,5,0,1350,141,10,45,56,180
49035114100,1688,487,539,585,45,19,2,7,0,1368,99,2,33,26,160
49035114200,2392,1108,788,406,58,14,1,6,0,1888,158,4,113,39,190
49035114301,1632,572,570,403,57,22,1,2,0,1127,269,2,59,29,146
49035114302,1184,507,410,205,40,12,0,5,0,908,129,2,31,16,98
49035114303,3925,1717,1316,680,140,43,7,8,0,2929,492,7,109,70,318
49035114304,2222,1003,727,387,79,15,2,5,0,1657,262,5,79,30,189
49035114500,2124,611,790,595,75,21,7,15,0,1127,503,11,205,59,219
49035114601,2995,1764,837,274,73,26,4,9,0,2620,117,1,56,24,177
49035114602,1205,749,319,89,26,11,1,8,0,1075,40,2,15,5,68
49035114700,1925,518,678,637,61,17,3,6,0,1160,468,12,58,67,160
49035114800,2336,879,635,753,47,17,2,2,0,1836,54,3,125,55,263
49035115107,2967,1734,844,238,90,41,0,9,0,2520,130,0,52,36,229
49035115108,3158,1746,892,363,100,35,3,7,0,2595,215,1,54,60,233
49035115109,1805,853,588,245,69,36,3,1,0,1371,192,3,41,29,169
49035115210,4022,1908,1188,698,150,47,5,6,0,3277,240,2,89,52,362
49035115211,2820,1398,896,379,95,35,1,8,0,2276,233,3,54,27,227
49035980000,24,3,7,10,2,2,0,0,0,18,4,0,1,0,1
49035980100,12,2,8,2,0,0,0,0,0,11,1,0,0,0,0
49027974100,2281,1685,432,90,41,6,0,6,0,2067,72,1,14,25,102
49027974200,1473,1154,236,38,18,8,0,5,0,1336,40,0,5,9,83
49027974300,2477,1830,476,105,34,11,0,10,0,2164,119,0,25,13,156
