BlockGroupID,total_reg,party_npp,party_dem,party_rep,party_oth,party_unk,eth1_eur,eth1_hisp,eth1_aa,eth1_esa,eth1_oth,eth1_unk,eth2_euro,eth2_64,eth2_30,eth2_10,eth2_23,eth2_34,eth2_66,eth2_93,eth2_35,eth2_21,eth2_14,eth2_12,eth2_unk
330150033011,1767,710,433,624,0,0,1466,71,2,10,32,186,1466,61,13,4,2,4,10,2,5,2,1,1,186
330150033012,1476,540,406,530,0,0,1234,72,1,18,29,122,1234,65,8,6,1,4,7,1,6,4,1,4,122
330150033021,1540,630,402,508,0,0,1273,65,3,22,27,150,1273,59,11,6,11,5,6,3,0,3,1,0,150
330150033022,539,241,113,185,0,0,463,20,3,3,7,43,463,19,4,0,2,1,1,3,0,0,1,0,43
330150033023,866,330,242,294,0,0,741,44,0,5,11,65,741,40,2,1,0,2,4,0,0,1,2,1,65
330150034001,1385,574,396,415,0,0,1127,62,8,19,26,143,1127,55,10,8,4,5,7,8,5,3,1,2,143
330150034002,561,230,149,182,0,0,454,25,2,9,10,61,454,25,4,5,1,3,0,2,2,2,1,0,61
330150034003,986,381,299,306,0,0,826,50,1,6,15,88,826,41,8,0,0,3,9,1,1,1,3,2,88
330150034004,507,179,168,160,0,0,422,29,1,5,7,43,422,24,0,0,2,4,5,1,0,3,0,0,43
330150035001,863,331,236,296,0,0,730,27,2,11,20,73,730,24,3,1,5,6,3,2,2,0,2,1,73
330150035002,1174,487,336,351,0,0,982,52,2,17,21,100,982,45,7,2,9,2,7,2,5,0,3,3,100
330150035003,1269,521,376,372,0,0,1045,65,5,12,16,126,1045,61,4,5,3,6,4,5,2,3,1,0,126
330150035004,649,267,172,210,0,0,535,35,0,6,14,59,535,34,4,0,2,8,1,0,1,0,4,0,59
330150036011,585,230,141,214,0,0,502,18,1,4,22,38,502,17,7,0,2,2,1,1,9,1,0,0,38
330150036012,1758,690,492,576,0,0,1433,84,7,42,39,153,1433,71,14,3,28,6,13,7,9,7,2,0,153
330150036013,636,241,174,221,0,0,559,9,2,5,20,41,559,8,10,2,0,7,1,2,0,0,2,0,41
330150036014,1621,622,431,568,0,0,1308,63,8,18,33,191,1308,57,18,9,2,8,6,8,1,3,4,0,191
330150036021,1158,479,298,381,0,0,959,40,2,11,24,122,959,37,8,5,3,4,3,2,2,1,2,0,122
330150036022,1098,444,241,413,0,0,934,21,4,17,19,103,934,19,8,4,6,6,2,4,4,0,3,4,103
330150036023,1864,765,491,608,0,0,1571,56,3,28,50,156,1571,51,25,7,10,15,5,3,1,8,1,0,156
330150037011,1179,425,363,391,0,0,995,45,4,13,22,100,995,38,6,8,4,2,7,4,4,0,0,1,100
330150037012,1486,482,458,546,0,0,1295,32,6,16,23,114,1295,27,6,9,0,2,5,6,7,2,2,3,114
330150037031,1595,557,389,649,0,0,1349,56,2,32,28,128,1349,51,8,10,11,9,5,2,1,2,3,4,128
330150037032,1268,409,340,519,0,0,1026,51,0,25,36,130,1026,40,14,3,16,4,11,0,7,1,3,1,130
330150037033,1134,401,324,409,0,0,927,34,2,21,35,115,927,32,15,9,0,6,2,2,4,0,10,2,115
330150038011,1333,455,409,469,0,0,1126,52,2,8,29,116,1126,48,20,4,0,5,4,2,0,0,1,3,116
330150038012,902,336,235,331,0,0,766,17,5,19,16,79,766,15,3,11,5,9,2,5,2,1,2,0,79
330150038013,1283,481,347,455,0,0,1073,44,1,14,24,127,1073,41,8,10,0,5,3,1,2,0,1,2,127
330150038021,1921,651,527,743,0,0,1593,76,2,35,45,170,1593,73,12,14,12,20,3,2,0,0,3,2,170
330150038022,1273,432,350,491,0,0,1049,30,0,19,23,152,1049,30,9,11,5,8,0,0,4,1,1,1,152
330150039011,2025,698,605,722,0,0,1694,70,4,14,57,186,1694,68,19,3,6,12,2,4,11,1,3,0,186
330150039012,888,313,253,322,0,0,773,38,0,8,14,55,773,31,3,2,2,3,7,0,5,1,1,1,55
330150039021,1693,595,484,614,0,0,1404,48,0,34,35,172,1404,47,8,10,12,18,1,0,3,4,5,3,172
330150039022,849,317,230,302,0,0,734,28,0,4,15,68,734,25,9,0,0,4,3,0,1,0,1,3,68
330150040001,1441,511,326,604,0,0,1236,46,1,4,20,134,1236,40,6,2,0,6,6,1,0,1,0,1,134
330150040002,1695,611,384,700,0,0,1431,58,3,12,36,155,1431,52,10,6,5,8,6,3,8,0,1,0,155
330150040003,1316,493,291,532,0,0,1089,36,0,17,35,139,1089,29,10,4,8,13,7,0,5,0,2,1,139
330150500001,970,342,225,403,0,0,829,17,0,11,18,95,829,16,12,2,7,0,1,0,0,0,1,0,95
330150500002,2330,768,538,1024,0,0,2009,48,3,23,27,220,2009,41,5,5,7,9,7,3,5,1,3,6,220
330150510001,2239,921,424,894,0,0,1917,44,2,13,30,233,1917,40,11,2,7,10,4,2,3,2,1,1,233
330150510002,1723,690,376,657,0,0,1467,49,1,13,28,165,1467,44,4,4,2,7,5,1,5,2,3,2,165
330150520001,1294,496,266,532,0,0,1141,26,0,7,20,100,1141,25,3,1,2,6,1,0,5,0,3,1,100
330150520002,1985,811,422,752,0,0,1681,61,1,12,44,186,1681,53,12,4,1,8,8,1,15,1,3,3,186
330150520003,1297,577,280,440,0,0,1130,44,0,6,18,99,1130,37,5,3,1,7,7,0,4,0,2,0,99
330150530001,1504,631,337,536,0,0,1297,64,5,6,9,123,1297,57,3,1,3,0,7,5,5,0,2,0,123
330150530002,1706,661,375,670,0,0,1506,24,4,16,23,133,1506,18,8,6,6,5,6,4,3,0,2,1,133
330150540001,1945,800,446,699,0,0,1694,43,0,8,27,173,1694,34,4,6,0,12,9,0,5,0,2,0,173
330150540002,1540,654,316,570,0,0,1363,37,1,2,33,104,1363,34,4,2,0,8,3,1,13,0,0,0,104
330150550011,1092,450,259,383,0,0,947,29,9,9,8,90,947,29,2,1,1,3,0,9,1,2,1,4,90
330150550012,1054,416,194,444,0,0,930,20,0,6,15,83,930,20,9,2,1,3,0,0,3,1,2,0,83
330150550013,846,310,206,330,0,0,735,25,0,4,19,63,735,23,2,4,0,9,2,0,5,0,0,0,63
330150550014,1193,511,248,434,0,0,1065,25,3,6,14,80,1065,22,6,4,0,3,3,3,2,2,0,0,80
330150550021,1004,372,258,374,0,0,888,30,0,4,5,77,888,26,0,0,0,2,4,0,0,1,0,1,77
330150550022,1071,448,256,367,0,0,959,31,2,8,16,55,959,28,4,1,3,5,3,2,2,0,2,2,55
330150550023,1102,456,274,372,0,0,960,35,0,4,20,83,960,34,1,1,1,6,1,0,9,0,0,1,83
330150560001,1320,485,317,518,0,0,1182,20,1,6,17,94,1182,20,2,1,0,6,0,1,0,0,1,1,94
330150560002,1310,461,292,557,0,0,1170,27,2,3,12,96,1170,26,3,0,1,6,1,2,0,1,0,1,96
330150560003,938,347,212,379,0,0,824,16,3,4,13,78,824,15,1,0,0,11,1,3,0,0,1,3,78
330150570001,1246,549,306,391,0,0,1086,20,7,11,14,108,1086,17,4,4,2,6,3,7,1,0,4,1,108
330150570002,1201,528,301,372,0,0,1017,26,0,10,18,130,1017,24,3,0,0,4,2,0,2,1,3,4,130
330150570003,1098,540,267,291,0,0,985,14,0,8,15,76,985,13,1,1,2,2,1,0,3,0,1,1,76
330150580001,882,376,235,271,0,0,781,15,1,2,10,73,781,12,2,0,1,5,3,1,1,0,1,0,73
330150580002,1830,816,576,438,0,0,1567,42,5,26,28,162,1567,40,10,6,6,5,2,5,6,9,3,1,162
330150580003,2140,920,560,660,0,0,1886,50,5,19,23,157,1886,43,6,9,3,10,7,5,1,2,2,3,157
330150590001,1158,479,317,362,0,0,1013,30,3,6,19,87,1013,26,12,1,1,1,4,3,1,1,0,2,87
330150590002,1723,728,469,526,0,0,1498,19,0,10,18,178,1498,18,4,3,2,6,1,0,4,1,1,2,178
330150590003,2433,1103,576,754,0,0,2129,61,1,17,44,181,2129,50,9,8,3,18,11,1,11,3,3,0,181
330150600001,1388,483,418,487,0,0,1182,41,1,14,14,136,1182,40,5,5,3,2,1,1,0,3,1,2,136
330150600002,1903,763,562,578,0,0,1619,37,3,18,39,187,1619,32,19,9,6,6,5,2,3,0,0,1,187
330150610011,1924,570,839,515,0,0,1652,33,4,26,29,180,1652,33,9,12,9,7,0,4,4,1,2,2,180
330150610012,2119,781,769,569,0,0,1785,41,2,27,26,238,1785,37,3,13,5,7,4,2,5,0,5,3,238
330150610013,1527,537,647,343,0,0,1276,40,2,22,26,161,1276,40,11,7,8,5,0,2,5,0,2,3,161
330150620001,1803,635,450,718,0,0,1610,25,0,6,20,142,1610,22,4,1,1,9,3,0,2,4,0,0,142
330150625001,688,274,212,202,0,0,594,13,0,4,14,63,594,12,5,0,0,6,1,0,0,0,3,0,63
330150625002,1722,772,437,513,0,0,1504,19,0,20,27,152,1504,18,6,7,7,11,1,0,0,2,1,1,152
330150630011,1117,457,319,341,0,0,973,33,1,8,12,90,973,31,1,4,3,3,2,1,5,1,0,0,90
330150630012,1058,374,297,387,0,0,892,35,1,12,18,100,892,32,7,4,3,6,3,1,2,2,0,3,100
330150630031,1045,391,254,400,0,0,903,31,0,2,13,96,903,27,4,0,1,8,4,0,0,1,0,0,96
330150630032,467,167,126,174,0,0,414,8,0,2,5,38,414,4,4,1,0,1,4,0,0,0,0,1,38
330150630033,1365,481,286,598,0,0,1185,27,0,9,33,111,1185,27,6,4,3,23,0,0,0,1,0,1,111
330150630041,811,269,233,309,0,0,683,19,0,3,24,82,683,16,8,1,2,2,3,0,10,0,0,0,82
330150640001,1959,674,511,774,0,0,1681,30,0,30,33,185,1681,26,14,8,5,4,4,0,4,6,7,3,185
330150650051,1742,652,608,482,0,0,1505,33,0,17,38,149,1505,24,9,9,2,9,9,0,11,1,3,1,149
330150650052,607,238,187,182,0,0,519,13,0,2,13,60,519,12,6,1,0,3,1,0,4,0,0,1,60
330150650061,632,241,227,164,0,0,522,10,1,7,17,75,522,9,7,3,0,5,1,1,1,0,0,4,75
330150650062,1005,369,321,315,0,0,817,16,1,10,25,136,817,13,11,2,4,6,3,1,0,2,1,1,136
330150650071,858,344,240,274,0,0,718,24,0,10,18,88,718,23,5,5,2,2,1,0,7,1,1,1,88
330150650072,599,221,199,179,0,0,505,14,0,8,13,59,505,12,7,1,4,0,2,0,2,2,0,1,59
330150650081,760,327,210,223,0,0,663,16,2,10,11,58,663,14,6,1,5,1,2,2,2,2,2,0,58
330150650082,361,152,93,116,0,0,310,8,0,1,4,38,310,8,1,0,0,0,0,0,2,0,1,0,38
330150650083,542,247,122,173,0,0,439,15,0,4,16,68,439,14,13,1,2,2,1,0,0,0,1,0,68
330150650091,1883,679,627,577,0,0,1688,32,0,15,18,130,1688,32,9,4,3,7,0,0,2,0,4,1,130
330150650092,666,259,216,191,0,0,584,13,0,4,8,57,584,13,2,1,1,1,0,0,4,0,2,0,57
330150650093,614,252,203,159,0,0,541,9,1,5,8,50,541,9,1,3,0,4,0,1,2,0,1,0,50
330150650101,729,263,245,221,0,0,609,32,1,5,11,71,609,29,2,1,2,1,3,1,0,0,0,1,71
330150650102,1682,639,504,539,0,0,1447,25,0,14,24,172,1447,23,4,7,2,9,2,0,7,2,0,2,172
330150650103,1327,475,428,424,0,0,1119,21,0,23,27,137,1119,19,6,10,2,10,2,0,3,1,7,1,137
330150660001,1008,301,348,359,0,0,867,12,2,11,21,95,867,12,10,3,2,1,0,2,3,0,5,0,95
330150660002,1463,530,475,458,0,0,1281,27,0,12,28,115,1281,27,18,4,0,3,0,0,3,7,0,1,115
330150660003,1515,539,494,482,0,0,1295,29,0,25,35,131,1295,26,6,13,5,17,3,0,4,1,6,0,131
330150670001,1291,471,411,409,0,0,1097,20,3,24,15,132,1097,20,6,14,5,2,0,3,0,0,2,0,132
330150670002,1821,605,611,605,0,0,1580,31,1,27,34,148,1580,29,8,13,5,5,2,1,7,0,6,2,148
330150670003,1303,416,498,389,0,0,1108,40,0,16,23,116,1108,38,10,3,8,12,2,0,0,1,4,0,116
330150670004,2000,660,686,654,0,0,1697,33,0,33,25,212,1697,33,9,18,6,8,0,0,4,1,4,2,212
330150675021,1032,432,447,153,0,0,847,24,1,21,16,123,847,21,3,8,5,6,3,1,2,2,0,4,123
330150675022,935,336,445,154,0,0,799,25,0,13,14,84,799,24,2,6,4,2,1,0,3,1,1,0,84
330150675023,939,349,399,191,0,0,811,25,1,14,14,74,811,24,6,4,2,6,1,1,1,0,1,5,74
330150675031,655,245,272,138,0,0,559,14,1,11,3,67,559,13,0,1,4,3,1,1,0,5,0,0,67
330150675032,1731,697,702,332,0,0,1435,43,8,47,15,183,1435,43,5,9,12,5,0,8,1,2,1,5,183
330150675041,1265,456,479,330,0,0,1070,38,3,31,7,116,1070,35,2,7,3,1,3,3,0,2,3,3,116
330150675042,1044,356,425,263,0,0,885,23,2,19,14,101,885,19,6,6,1,4,4,2,0,2,3,4,101
330150675051,1370,562,405,403,0,0,1209,10,1,9,11,130,1209,9,5,2,6,2,1,1,2,1,0,0,130
330150691001,1057,365,432,260,0,0,857,17,0,18,20,145,857,17,10,7,5,2,0,0,5,4,0,2,145
330150691002,1245,352,746,147,0,0,1023,15,9,12,24,162,1023,12,12,8,0,7,3,9,0,2,1,0,162
330150691003,721,210,386,125,0,0,608,16,0,8,20,69,608,16,6,2,2,4,0,0,3,0,0,4,69
330150691004,758,211,427,120,0,0,631,13,1,7,9,97,631,12,4,4,1,0,1,1,2,0,1,1,97
330150692001,834,244,434,156,0,0,714,9,2,9,15,85,714,9,2,4,2,10,0,2,0,0,2,1,85
330150692002,722,225,397,100,0,0,597,17,1,12,10,85,597,16,3,6,0,3,1,1,0,5,0,1,85
330150692003,919,345,425,149,0,0,767,24,0,13,16,99,767,23,4,5,2,5,1,0,3,1,3,2,99
330150693001,895,316,412,167,0,0,764,25,2,13,12,79,764,21,4,4,2,3,4,2,1,1,2,3,79
330150693002,1031,344,536,151,0,0,881,23,2,21,6,98,881,20,0,4,7,1,3,2,0,3,2,1,98
330150697001,609,153,351,105,0,0,514,16,2,5,9,63,514,12,6,4,0,0,4,2,1,0,0,1,63
330150697002,1396,435,662,299,0,0,1145,27,6,21,14,183,1145,27,2,8,6,5,0,6,0,0,3,3,183
330150697003,967,342,380,245,0,0,829,20,4,8,15,91,829,20,7,1,3,0,0,4,1,2,1,1,91
330150710011,1372,466,476,430,0,0,1179,27,1,7,20,138,1179,27,5,0,2,5,0,1,5,2,2,1,138
330150710012,1724,534,670,520,0,0,1465,26,2,24,33,174,1465,26,20,9,4,5,0,2,3,4,3,4,174
330150710021,669,195,249,225,0,0,571,11,1,6,16,64,571,11,10,4,0,0,0,1,2,1,0,1,64
330150710022,1510,464,524,522,0,0,1280,30,0,11,22,167,1280,29,8,6,3,6,1,0,3,0,1,0,167
330151001001,2242,787,566,889,0,0,1844,80,4,37,86,191,1844,72,45,16,11,7,8,4,14,1,2,2,191
330151001002,1684,622,420,642,0,0,1383,50,3,17,49,182,1383,45,29,5,8,2,5,3,3,2,1,1,182
330151001003,1316,490,330,496,0,0,1040,66,5,25,60,120,1040,60,23,8,8,9,6,5,22,2,2,5,120
330151002001,1038,374,361,303,0,0,810,74,2,21,43,88,810,72,24,4,10,2,2,2,8,2,2,3,88
330151002002,1054,352,317,385,0,0,855,54,0,30,30,85,855,48,13,16,6,10,6,0,4,4,2,2,85
330151002003,1001,366,296,339,0,0,785,61,0,20,47,88,785,57,30,6,1,3,4,0,10,4,3,5,88
330151002004,1504,571,462,471,0,0,1185,94,6,30,41,148,1185,82,12,15,5,5,12,6,14,3,0,5,148
330151003011,1673,635,460,578,0,0,1286,99,2,30,80,176,1286,96,40,11,13,5,3,2,23,4,1,1,176
330151003012,443,196,121,126,0,0,357,24,2,12,17,31,357,22,8,5,2,1,2,2,5,2,2,0,31
330151003013,1147,436,301,410,0,0,950,45,0,26,29,97,950,36,11,9,9,2,9,0,6,1,4,1,97
330151003021,1037,411,369,257,0,0,696,187,5,21,42,86,696,181,22,11,3,5,6,5,6,3,3,0,86
330151003022,1773,624,502,647,0,0,1349,90,4,68,102,160,1349,81,44,23,20,12,9,4,40,14,1,1,160
330151004011,853,334,239,280,0,0,668,32,0,15,31,107,668,31,12,4,4,9,1,0,4,5,2,0,107
330151004012,1243,541,343,359,0,0,925,126,3,27,49,113,925,123,31,18,4,0,3,3,13,2,1,1,113
330151004013,1265,485,352,428,0,0,1031,46,6,19,40,123,1031,42,23,8,1,6,4,6,5,3,3,3,123
330151004021,1907,733,494,680,0,0,1507,96,1,21,81,201,1507,85,56,10,1,12,11,1,5,4,4,2,201
330151004022,740,268,198,274,0,0,579,36,0,19,25,81,579,32,22,4,9,1,4,0,1,3,0,3,81
330151011011,942,376,261,305,0,0,799,26,0,10,22,85,799,25,5,4,0,8,1,0,7,0,0,0,85
330151011012,1945,737,502,706,0,0,1678,61,2,15,19,170,1678,54,7,7,4,2,7,2,5,1,1,0,170
330151011013,792,266,229,297,0,0,696,21,1,1,10,63,696,19,0,0,0,3,2,1,2,0,1,0,63
330151011021,506,188,116,202,0,0,418,23,0,4,8,53,418,20,0,0,1,4,3,0,3,0,0,2,53
330151011022,1466,549,417,500,0,0,1239,53,2,10,31,131,1239,49,12,4,1,3,4,2,4,1,3,1,131
330151021001,1321,571,355,395,0,0,1142,34,0,2,21,122,1142,26,2,2,0,6,8,0,5,0,0,0,122
330151021002,819,359,227,233,0,0,728,12,0,3,10,66,728,8,5,0,0,1,4,0,2,0,0,3,66
330151021003,1234,523,294,417,0,0,1054,35,2,4,24,115,1054,33,1,3,0,4,2,2,8,0,1,0,115
330151031001,977,358,227,392,0,0,806,35,1,12,24,99,806,29,7,3,1,3,6,1,9,1,2,5,99
330151031002,1968,702,486,780,0,0,1649,38,0,27,52,202,1649,32,17,12,3,10,6,0,21,5,4,3,202
330151031003,2309,860,566,883,0,0,1976,72,3,18,56,184,1976,62,21,8,6,14,10,3,13,0,1,3,184
330151031004,729,250,180,299,0,0,627,23,1,5,15,58,627,16,3,3,1,3,7,1,5,0,0,0,58
330151041011,1790,700,441,649,0,0,1489,67,2,13,36,183,1489,64,13,5,3,12,3,2,2,2,2,0,183
330151041012,1724,755,383,586,0,0,1498,29,0,19,31,147,1498,26,6,11,6,8,3,0,9,0,2,0,147
330151041021,796,303,144,349,0,0,693,15,0,3,16,69,693,12,3,1,0,0,3,0,8,0,0,0,69
330151041022,859,357,185,317,0,0,734,24,1,11,14,75,734,20,2,1,4,4,4,1,5,0,1,3,75
330151041023,1303,538,295,470,0,0,1122,34,3,4,14,126,1122,28,4,0,0,0,6,3,6,1,1,1,126
330151051001,782,300,216,266,0,0,694,15,0,3,7,63,694,12,2,1,0,1,3,0,4,1,0,1,63
330151051002,1483,599,297,587,0,0,1228,47,0,8,35,165,1228,42,15,1,1,8,5,0,5,3,1,2,165
330151051003,990,390,240,360,0,0,877,16,0,4,17,76,877,12,1,3,0,3,4,0,4,0,1,0,76
330151051004,1407,555,331,521,0,0,1224,26,2,7,12,136,1224,24,2,2,2,0,2,2,9,1,0,2,136
330151061011,2044,758,484,802,0,0,1629,66,1,74,66,208,1629,59,29,31,30,12,7,1,9,1,2,7,208
330151061012,1467,544,371,552,0,0,1141,42,0,76,49,159,1141,37,23,41,24,13,5,0,4,2,6,1,159
330151061013,1246,469,273,504,0,0,985,45,0,48,24,144,985,34,9,16,23,7,11,0,4,4,3,1,144
330151061014,848,276,239,333,0,0,726,20,0,7,18,77,726,17,5,0,4,2,3,0,7,2,0,1,77
330151061021,2176,819,517,840,0,0,1770,61,3,50,76,216,1770,57,26,23,19,17,4,3,14,1,3,3,216
330151061022,1674,665,388,621,0,0,1362,54,4,39,64,151,1362,50,35,18,8,5,4,4,12,5,4,2,151
330151061023,1392,504,329,559,0,0,1172,48,0,15,43,114,1172,39,23,6,3,7,9,0,9,0,3,2,114
330151062001,973,338,343,292,0,0,894,10,0,4,8,57,894,9,2,1,0,2,1,0,2,0,1,2,57
330151062002,602,204,225,173,0,0,529,9,0,14,6,44,529,4,2,10,0,1,5,0,1,0,2,1,44
330151062003,794,240,396,158,0,0,631,25,0,23,13,102,631,24,3,6,9,7,1,0,1,0,8,0,102
330151062004,1047,337,529,181,0,0,822,40,8,50,20,107,822,39,13,29,6,1,1,8,1,0,8,5,107
330151064001,1176,405,490,281,0,0,1007,18,1,15,18,117,1007,17,3,5,3,6,1,1,1,1,4,2,117
330151064002,1726,601,694,431,0,0,1468,36,2,43,23,154,1468,33,10,23,5,7,3,2,1,3,7,0,154
330151064003,799,270,363,166,0,0,681,11,0,16,11,80,681,11,4,1,8,2,0,0,0,4,0,1,80
330151071001,823,298,395,130,0,0,624,37,16,27,38,81,624,37,21,4,11,5,0,16,1,7,5,0,81
330151071002,432,140,194,98,0,0,377,11,0,10,4,30,377,6,2,3,3,0,5,0,1,0,2,1,30
330151071003,489,181,232,76,0,0,391,27,5,3,7,56,391,27,0,1,2,3,0,5,2,0,0,0,56
330151072001,906,321,426,159,0,0,763,31,5,15,9,83,763,26,2,7,1,3,5,5,0,1,2,3,83
330151072002,847,309,357,181,0,0,683,25,4,42,11,82,683,24,7,16,7,2,1,4,2,14,3,2,82
330151072003,844,263,380,201,0,0,698,21,9,10,7,99,698,21,0,1,0,3,0,9,0,2,2,5,99
330151072004,553,205,234,114,0,0,476,14,4,4,7,48,476,13,2,2,2,1,1,4,2,0,0,0,48
330151072005,1159,412,451,296,0,0,914,39,4,34,30,138,914,39,8,10,9,4,0,4,6,7,2,4,138
330151074001,743,235,362,146,0,0,632,8,0,18,11,74,632,8,3,3,10,4,0,0,2,0,2,3,74
330151074002,489,152,215,122,0,0,409,16,0,13,3,48,409,16,2,2,0,0,0,0,0,3,0,3,48
330151075001,719,250,214,255,0,0,628,6,1,13,9,62,628,5,5,8,2,1,1,1,0,1,2,0,62
330151075002,1885,706,608,571,0,0,1601,35,0,21,38,190,1601,29,17,8,6,7,6,0,6,4,1,0,190
330151075003,1392,480,484,428,0,0,1200,26,1,29,20,116,1200,25,5,12,10,4,1,1,5,1,6,0,116
330159800111,2,0,2,0,0,0,2,0,0,0,0,0,2,0,0,0,0,0,0,0,0,0,0,0,0
330159900000,1,0,0,1,0,0,1,0,0,0,0,0,1,0,0,0,0,0,0,0,0,0,0,0,0
330079501001,319,147,45,127,0,0,294,1,0,0,1,23,294,1,1,0,0,0,0,0,0,0,0,0,23
330079501002,522,217,71,234,0,0,474,2,0,3,2,41,474,2,0,2,1,1,0,0,1,0,0,0,41
330079501003,474,216,80,178,0,0,419,4,0,2,8,41,419,4,0,0,0,2,0,0,1,1,1,0,41
330079502001,962,405,188,369,0,0,844,8,0,7,8,95,844,8,8,2,0,0,0,0,0,3,0,2,95
330079502002,494,228,91,175,0,0,449,3,0,4,2,36,449,3,2,1,0,0,0,0,0,1,0,2,36
330079502003,402,202,72,128,0,0,363,2,1,2,6,28,363,2,2,2,0,0,0,1,2,0,0,0,28
330079503001,458,208,73,177,0,0,425,2,3,2,1,25,425,2,1,0,1,0,0,3,0,1,0,0,25
330079503002,968,342,291,335,0,0,895,12,2,7,7,45,895,11,3,3,2,1,1,2,1,2,0,0,45
330079504001,594,260,157,177,0,0,535,16,0,0,7,36,535,14,5,0,0,0,2,0,0,0,0,0,36
330079504002,440,193,121,126,0,0,404,2,0,1,1,32,404,2,1,0,0,0,0,0,0,1,0,0,32
330079504003,307,150,65,92,0,0,279,4,0,2,2,20,279,4,0,2,0,2,0,0,0,0,0,0,20
330079504004,424,206,101,117,0,0,393,4,0,0,1,26,393,4,0,0,0,0,0,0,1,0,0,0,26
330079504005,313,144,71,98,0,0,285,2,0,0,1,25,285,2,0,0,0,0,0,0,0,0,0,0,25
330079505001,624,248,170,206,0,0,556,10,0,4,4,50,556,10,1,1,3,0,0,0,0,0,0,0,50
330079505002,704,268,212,224,0,0,646,8,0,6,9,35,646,8,2,2,1,1,0,0,3,1,0,2,35
330079505003,701,225,191,285,0,0,623,13,1,1,6,57,623,13,4,1,0,0,0,1,2,0,0,0,57
330079506001,542,186,235,121,0,0,504,5,0,3,4,26,504,5,0,1,1,3,0,0,0,1,0,0,26
330079506002,555,219,226,110,0,0,521,4,2,3,1,24,521,4,1,0,0,0,0,2,0,3,0,0,24
330079506003,381,160,145,76,0,0,338,10,0,1,3,29,338,10,0,0,0,0,0,0,0,1,0,0,29
330079506004,348,135,145,68,0,0,315,3,0,5,5,20,315,3,1,0,1,2,0,0,0,4,0,0,20
330079507001,447,126,195,126,0,0,413,3,0,6,8,17,413,3,1,3,0,7,0,0,0,2,0,0,17
330079507002,335,122,132,81,0,0,310,4,1,2,0,18,310,1,0,1,0,0,3,1,0,0,1,0,18
330079507003,495,202,181,112,0,0,447,6,0,0,2,40,447,5,0,0,0,1,1,0,1,0,0,0,40
330079507004,745,246,290,209,0,0,643,20,1,3,11,67,643,19,1,0,0,9,1,1,0,2,1,0,67
330079508001,362,144,128,90,0,0,307,5,0,3,0,47,307,5,0,1,1,0,0,0,0,0,1,0,47
330079508002,550,194,208,148,0,0,499,11,1,3,5,31,499,9,0,0,0,4,2,1,0,1,0,1,31
330079508003,357,144,130,83,0,0,323,2,0,3,3,26,323,2,0,0,0,2,0,0,1,2,1,0,26
330079509001,621,240,191,190,0,0,558,13,0,4,5,41,558,12,2,2,0,1,1,0,2,2,0,0,41
330079509002,485,140,194,151,0,0,438,8,0,1,1,37,438,7,0,1,0,1,1,0,0,0,0,0,37
330079509003,692,246,259,187,0,0,623,8,0,1,3,57,623,7,0,0,0,3,1,0,0,1,0,0,57
330079509004,621,226,250,145,0,0,549,10,0,7,10,45,549,10,4,1,1,4,0,0,0,2,2,1,45
330079510001,733,379,118,236,0,0,629,22,0,5,12,65,629,13,2,0,0,6,9,0,3,1,1,3,65
330079510002,749,263,263,223,0,0,664,5,0,6,5,69,664,5,2,2,2,2,0,0,0,1,1,0,69
330079511001,881,343,269,269,0,0,782,14,0,5,7,73,782,10,2,3,0,2,4,0,2,1,1,0,73
330079511002,825,339,233,253,0,0,725,18,4,9,5,64,725,18,0,3,0,3,0,4,2,3,1,2,64
330079511003,625,296,114,215,0,0,562,2,0,3,3,55,562,2,0,1,1,2,0,0,0,0,0,1,55
330110001031,1392,513,499,380,0,0,1138,78,6,12,45,113,1138,71,23,4,2,7,7,6,2,1,3,1,113
330110001032,1710,619,598,493,0,0,1405,47,8,25,33,192,1405,47,21,4,13,5,0,8,0,6,1,0,192
330110001041,590,208,211,171,0,0,483,22,0,10,17,58,483,22,7,6,1,2,0,0,5,3,0,0,58
330110001042,1593,598,568,427,0,0,1311,51,3,25,35,168,1311,49,8,13,5,10,2,3,4,3,1,3,168
330110002021,1179,464,354,361,0,0,945,73,7,20,24,110,945,70,15,8,4,3,3,7,0,1,5,0,110
330110002022,404,158,149,97,0,0,321,24,2,14,6,37,321,24,4,5,7,0,0,2,0,1,0,0,37
330110002031,874,333,258,283,0,0,741,46,2,5,12,68,741,45,7,2,0,1,1,2,1,1,1,1,68
330110002032,1002,439,295,268,0,0,817,41,2,7,27,108,817,41,13,1,3,2,0,2,2,0,2,0,108
330110002041,713,306,264,143,0,0,452,66,17,25,73,80,452,65,35,3,17,5,1,17,5,1,2,0,80
330110002042,512,198,138,176,0,0,423,23,5,7,12,42,423,22,5,4,2,1,1,5,2,1,0,0,42
330110002043,1810,758,576,476,0,0,1423,85,4,48,51,199,1423,84,18,22,20,13,1,4,2,3,1,0,199
330110003001,282,108,118,56,0,0,230,28,3,5,6,10,230,28,1,3,1,3,0,3,1,0,1,0,10
330110003002,707,270,251,186,0,0,523,65,13,14,16,76,523,63,11,3,6,1,2,13,0,3,0,1,76
330110003003,399,146,164,89,0,0,313,27,1,12,6,40,313,26,5,2,8,0,1,1,0,0,2,0,40
330110006001,774,335,252,187,0,0,618,40,3,12,12,89,618,38,6,2,3,3,2,3,1,3,1,2,89
330110006002,350,137,143,70,0,0,245,35,4,6,13,47,245,34,7,2,0,2,1,4,0,3,0,0,47
330110007001,960,339,370,251,0,0,790,36,3,18,15,98,790,30,1,4,7,4,6,3,0,1,5,1,98
330110007002,490,199,169,122,0,0,398,18,0,11,4,59,398,18,2,2,3,2,0,0,0,2,0,3,59
330110007003,636,228,249,159,0,0,533,26,1,9,14,53,533,24,6,3,1,1,2,1,2,3,0,2,53
330110008001,544,196,205,143,0,0,425,35,3,7,11,63,425,34,5,1,4,3,1,3,0,0,0,2,63
330110008002,402,149,152,101,0,0,327,25,0,3,8,39,327,23,5,2,0,1,2,0,1,0,0,0,39
330110008003,314,126,116,72,0,0,236,23,5,4,4,42,236,21,3,2,0,0,2,5,0,1,0,0,42
330110009011,564,211,191,162,0,0,467,13,1,17,14,52,467,13,7,0,14,0,0,1,3,1,2,0,52
330110009012,832,299,291,242,0,0,681,27,2,21,31,70,681,25,19,4,12,1,2,2,2,2,1,1,70
330110009013,470,152,163,155,0,0,386,21,0,10,13,40,386,21,5,5,4,4,0,0,0,0,1,0,40
330110009014,514,210,179,125,0,0,398,29,7,11,12,57,398,29,7,2,6,2,0,7,0,2,0,0,57
330110009021,615,224,262,129,0,0,432,36,21,16,33,77,432,31,21,2,9,4,5,21,1,1,3,1,77
330110009022,694,243,251,200,0,0,490,36,13,28,39,88,490,36,24,8,11,9,0,13,1,6,1,1,88
330110009023,1943,760,608,575,0,0,1571,61,6,59,69,177,1571,60,29,24,7,10,1,6,5,21,6,1,177
330110010001,678,244,222,212,0,0,592,23,0,6,11,46,592,21,7,3,3,3,2,0,0,0,0,0,46
330110010002,792,305,212,275,0,0,643,24,0,15,18,92,643,24,6,4,0,8,0,0,1,7,3,0,92
330110010003,1053,444,294,315,0,0,848,35,6,19,28,117,848,33,11,2,9,7,2,6,2,6,1,0,117
330110010004,1651,711,453,487,0,0,1321,81,3,41,49,156,1321,70,23,17,12,10,11,3,0,4,2,2,156
330110011001,956,362,301,293,0,0,796,44,2,10,28,76,796,42,3,2,4,8,2,2,3,4,0,0,76
330110011002,595,247,186,162,0,0,459,23,3,24,18,68,459,21,8,5,4,2,2,3,1,13,0,1,68
330110011003,331,126,110,95,0,0,262,21,5,7,12,24,262,20,8,1,0,0,1,5,0,5,1,0,24
330110011004,484,185,152,147,0,0,392,20,3,8,17,44,392,15,3,3,0,3,5,3,4,4,1,0,44
330110011005,1218,432,402,384,0,0,1012,30,6,19,36,115,1012,25,17,6,5,7,5,6,0,3,1,2,115
330110012001,623,239,205,179,0,0,505,36,2,7,7,66,505,34,3,2,0,3,2,2,0,1,0,1,66
330110012002,561,238,188,135,0,0,435,36,6,13,22,49,435,36,14,3,7,3,0,6,2,1,1,0,49
330110013001,380,147,165,68,0,0,280,37,6,7,12,38,280,35,5,2,2,2,2,6,1,1,0,1,38
330110013002,569,239,213,117,0,0,386,74,14,15,27,53,386,74,18,6,3,4,0,13,1,4,2,0,53
330110013003,373,165,136,72,0,0,288,27,9,6,10,33,288,22,2,1,2,1,5,9,0,1,1,1,33
330110014001,375,159,133,83,0,0,267,41,2,11,10,44,267,40,3,1,6,2,1,2,0,1,2,1,44
330110014002,347,157,148,42,0,0,196,75,6,10,13,47,196,73,10,3,3,0,2,6,0,1,1,1,47
330110015001,324,138,126,60,0,0,213,41,5,8,17,40,213,40,9,2,4,4,1,5,0,2,0,0,40
330110015002,190,64,95,31,0,0,85,48,7,5,21,24,85,48,14,0,3,1,0,7,0,1,0,0,24
330110015003,309,127,134,48,0,0,148,80,8,12,16,45,148,80,6,0,5,4,0,8,1,4,1,0,45
330110016001,303,111,130,62,0,0,201,39,8,8,7,40,201,35,6,1,6,0,4,8,0,0,1,0,40
330110016002,385,172,134,79,0,0,234,59,6,43,12,31,234,59,3,10,5,4,0,6,0,22,1,2,31
330110016003,279,125,93,61,0,0,193,41,8,3,5,29,193,41,2,1,0,1,0,8,1,2,0,0,29
330110016004,230,110,93,27,0,0,145,45,2,9,16,13,145,45,9,1,3,0,0,2,1,5,0,0,13
330110016005,248,111,93,44,0,0,152,51,5,5,7,28,152,51,3,0,1,1,0,5,2,4,0,0,28
330110017001,547,202,236,109,0,0,405,55,3,9,16,59,405,51,13,2,4,1,4,3,0,2,0,0,59
330110017002,532,200,211,121,0,0,345,79,11,22,14,61,345,76,6,2,9,0,3,11,1,9,2,0,61
330110018001,544,208,181,155,0,0,427,35,1,14,17,50,427,34,9,4,2,4,1,1,0,5,2,1,50
330110018002,389,142,128,119,0,0,338,6,0,12,8,25,338,6,4,6,1,2,0,0,1,4,0,0,25
330110018003,433,170,170,93,0,0,281,68,8,10,13,53,281,67,6,3,0,3,1,8,0,3,3,0,53
330110018004,537,212,175,150,0,0,363,69,2,39,15,49,363,65,6,6,6,5,4,2,0,25,1,0,49
330110018005,692,250,267,175,0,0,543,36,10,32,13,58,543,35,7,10,0,1,1,10,0,16,6,0,58
330110018006,405,153,143,109,0,0,297,38,5,14,13,38,297,37,5,2,0,1,1,5,0,8,3,1,38
330110019001,725,318,256,151,0,0,438,109,18,54,33,73,438,109,20,10,12,1,0,18,2,27,2,3,73
330110019002,569,221,226,122,0,0,397,65,8,12,18,69,397,65,9,3,1,1,0,8,2,6,1,1,69
330110020001,310,115,127,68,0,0,200,42,7,13,11,37,200,40,7,2,6,0,2,7,0,1,2,1,37
330110020002,474,191,165,118,0,0,343,54,9,11,11,46,343,53,6,0,8,1,1,9,0,1,1,0,46
330110021001,899,415,284,200,0,0,678,62,13,29,17,100,678,59,4,2,15,8,3,13,0,7,4,0,100
330110021002,327,132,119,76,0,0,268,15,4,8,6,26,268,15,0,0,2,3,0,4,0,1,0,1,26
330110021003,749,331,266,152,0,0,591,54,6,5,22,71,591,51,11,2,2,6,3,6,1,1,0,0,71
330110021004,357,140,145,72,0,0,246,51,5,8,5,42,246,50,4,4,1,0,1,4,0,0,0,0,42
330110022001,507,195,163,149,0,0,422,26,4,1,10,44,422,26,2,0,1,4,0,4,0,0,0,0,44
330110022002,396,150,139,107,0,0,329,18,2,5,4,38,329,16,1,0,3,1,2,1,0,1,0,0,38
330110022003,579,233,179,167,0,0,491,19,0,9,7,53,491,19,1,3,3,2,0,0,0,1,1,0,53
330110022004,567,221,194,152,0,0,474,32,4,3,6,48,474,31,2,0,1,2,1,4,0,1,0,1,48
330110023001,698,265,250,183,0,0,499,54,30,21,25,69,499,54,16,2,11,4,0,30,0,5,1,0,69
330110023002,460,181,145,134,0,0,397,23,0,6,6,28,397,19,2,1,3,0,4,0,4,1,0,0,28
330110023003,603,246,216,141,0,0,502,22,1,18,19,41,502,22,10,2,7,1,0,1,0,6,1,1,41
330110023004,448,184,139,125,0,0,359,25,4,2,15,43,359,24,4,1,1,4,1,4,0,0,0,0,43
330110024001,742,307,262,173,0,0,586,57,3,12,27,57,586,54,17,3,9,3,3,3,0,0,0,0,57
330110024002,418,164,127,127,0,0,322,27,1,6,18,44,322,27,3,0,1,3,0,1,0,5,0,0,44
330110024003,537,210,175,152,0,0,434,25,0,13,17,48,434,25,10,6,2,2,0,0,0,3,0,2,48
330110024004,1067,428,353,286,0,0,751,90,40,22,61,103,751,88,40,7,4,6,2,40,0,5,4,1,103
330110024005,685,271,255,159,0,0,438,95,13,23,46,70,438,93,27,5,3,7,2,13,2,11,0,4,70
330110024006,472,190,149,133,0,0,362,34,4,11,14,47,362,31,9,6,1,1,3,4,3,2,0,0,47
330110025001,1057,420,306,331,0,0,803,63,2,59,25,105,803,58,8,13,6,7,5,2,5,32,2,2,105
330110025002,673,268,244,161,0,0,490,50,5,21,41,66,490,45,19,4,2,3,5,5,2,13,1,1,66
330110025003,671,254,244,173,0,0,528,41,0,16,21,65,528,38,7,4,4,0,3,0,9,6,0,2,65
330110025004,1218,482,395,341,0,0,949,87,4,31,24,123,949,80,5,8,5,5,7,4,2,13,1,1,123
330110026001,660,249,172,239,0,0,534,27,0,13,16,70,534,22,4,4,2,5,5,0,2,4,2,0,70
330110026002,820,267,264,289,0,0,643,34,2,43,31,67,643,32,6,10,7,3,2,2,2,20,1,2,67
330110026003,815,283,261,271,0,0,648,40,2,20,21,84,648,36,7,6,1,3,4,2,0,13,0,0,84
330110026004,1363,563,370,430,0,0,1067,71,8,35,40,142,1067,63,23,16,9,4,8,8,4,6,4,0,142
330110027011,1726,676,437,613,0,0,1545,35,2,8,27,109,1545,30,10,1,1,7,5,2,7,2,3,1,109
330110027012,1151,477,325,349,0,0,991,30,0,9,10,111,991,28,3,0,5,6,2,0,0,2,0,2,111
330110027021,1111,458,265,388,0,0,969,23,0,4,20,95,969,19,6,2,0,7,4,0,1,0,1,0,95
330110027022,1238,465,346,427,0,0,1082,20,1,11,20,104,1082,20,3,2,4,6,0,1,6,3,0,0,104
330110027023,684,261,197,226,0,0,604,21,0,5,5,49,604,19,1,3,0,3,2,0,0,0,1,1,49
330110027024,1763,657,425,681,0,0,1536,32,2,6,23,164,1536,27,7,2,2,6,5,2,4,2,0,0,164
330110028011,927,327,279,321,0,0,816,16,5,3,10,77,816,15,4,0,1,1,1,5,0,0,0,2,77
330110028021,672,292,169,211,0,0,568,18,4,9,14,59,568,16,6,0,3,7,2,4,0,2,1,1,59
330110028022,1314,547,363,404,0,0,1089,68,3,12,13,129,1089,61,4,3,1,4,7,3,1,3,5,0,129
330110028023,622,276,183,163,0,0,519,18,5,5,4,71,519,18,0,4,0,1,0,5,1,1,0,0,71
330110028024,441,200,125,116,0,0,364,12,0,12,14,39,364,11,3,6,5,2,1,0,2,0,0,0,39
330110028025,638,276,206,156,0,0,521,52,0,3,15,47,521,45,1,0,1,3,7,0,0,1,1,0,47
330110029011,1317,587,351,379,0,0,1055,39,4,40,28,151,1055,34,14,6,23,5,5,4,2,4,0,5,151
330110029012,1673,575,412,686,0,0,1361,51,1,57,39,164,1361,46,16,27,18,8,5,1,7,3,0,8,164
330110029013,1871,643,495,733,0,0,1498,47,6,56,48,216,1498,41,22,21,22,14,6,6,3,6,2,1,216
330110029014,1164,410,307,447,0,0,867,36,0,71,41,149,867,36,24,22,34,6,0,0,4,2,9,2,149
330110029021,943,345,269,329,0,0,797,24,6,10,15,91,797,20,5,3,4,1,4,6,5,0,0,0,91
330110029022,967,343,285,339,0,0,800,27,1,20,24,95,800,25,8,9,2,5,2,1,5,0,7,1,95
330110029023,996,338,261,397,0,0,797,31,0,35,20,113,797,25,6,12,15,10,6,0,0,1,5,2,113
330110029024,1776,605,443,728,0,0,1414,39,2,56,62,203,1414,34,36,18,22,13,5,2,10,2,5,8,203
330110029031,1952,697,454,801,0,0,1516,53,0,60,85,238,1516,50,39,31,18,18,3,0,16,3,6,0,238
330110029032,694,234,171,289,0,0,560,13,0,34,17,70,560,13,8,9,17,6,0,0,0,0,3,4,70
330110029033,1142,407,290,445,0,0,946,41,3,37,23,92,946,36,7,9,24,5,5,3,1,1,0,3,92
330110029034,861,290,251,320,0,0,690,31,0,14,21,105,690,28,9,2,4,4,3,0,3,1,5,1,105
330110029035,1648,578,423,647,0,0,1323,55,8,58,33,171,1323,52,20,29,18,6,3,8,1,5,5,1,171
330110101001,820,334,265,221,0,0,671,35,8,20,12,74,671,31,2,6,2,3,4,8,1,5,1,3,74
330110101002,1623,596,522,505,0,0,1289,86,7,55,36,150,1289,82,13,22,16,13,4,7,2,9,3,2,150
330110101003,580,200,225,155,0,0,476,30,1,9,12,52,476,30,3,1,0,6,0,1,0,5,2,1,52
330110101004,951,401,309,241,0,0,720,93,0,23,21,94,720,90,4,4,6,8,3,0,3,9,3,0,94
330110102011,816,372,269,175,0,0,607,61,7,25,22,94,607,55,8,7,10,8,6,7,2,3,3,1,94
330110102012,1298,540,409,349,0,0,973,60,5,86,36,138,973,57,18,28,45,12,3,5,0,1,6,2,138
330110102013,715,290,234,191,0,0,530,46,5,41,18,75,530,44,10,11,25,4,2,5,2,5,0,0,75
330110102021,547,266,140,141,0,0,396,23,5,28,15,80,396,23,5,13,11,4,0,5,1,0,1,3,80
330110102022,957,387,352,218,0,0,675,121,11,28,30,92,675,119,11,14,4,11,2,11,0,2,4,2,92
330110103011,1674,666,552,456,0,0,1335,60,5,48,39,187,1335,53,12,14,22,6,7,5,6,8,3,0,187
330110103012,1870,772,621,477,0,0,1429,73,1,108,61,198,1429,71,22,27,59,21,2,1,7,4,9,7,198
330110103021,1237,505,427,305,0,0,894,114,5,63,34,127,894,103,15,20,25,3,11,5,8,7,4,1,127
330110103022,1671,685,548,438,0,0,1344,92,8,26,38,163,1344,85,17,11,8,11,7,8,3,2,3,0,163
330110104001,881,352,303,226,0,0,727,41,2,13,13,85,727,41,6,3,5,2,0,2,0,0,3,1,85
330110104002,645,272,238,135,0,0,486,60,3,3,14,79,486,52,2,1,0,4,8,3,4,0,0,2,79
330110104003,549,186,202,161,0,0,441,29,0,5,7,67,441,28,3,1,2,3,1,0,0,0,1,1,67
330110104004,797,303,322,172,0,0,553,117,4,17,14,92,553,108,2,6,4,4,9,4,0,4,2,0,92
330110104005,728,263,286,179,0,0,623,35,0,16,9,45,623,33,2,1,3,2,2,0,0,4,5,0,45
330110105001,353,142,141,70,0,0,234,71,3,5,2,38,234,69,1,2,0,1,2,3,0,0,2,0,38
330110105002,345,148,150,47,0,0,255,41,9,4,3,33,255,41,3,1,0,0,0,9,0,0,1,1,33
330110105003,373,167,147,59,0,0,249,53,10,6,17,38,249,53,11,0,2,2,0,10,3,0,0,3,38
330110105004,288,129,104,55,0,0,175,69,5,4,3,32,175,68,2,2,0,1,1,5,0,0,0,2,32
330110105005,750,299,298,153,0,0,511,129,7,4,11,88,511,129,3,2,0,4,0,7,4,1,1,0,88
330110106001,538,215,230,93,0,0,329,145,9,2,8,45,329,144,4,0,1,0,1,9,1,1,0,0,45
330110106002,900,375,388,137,0,0,630,177,9,11,11,62,630,177,4,3,3,4,0,9,2,3,2,0,62
330110106003,845,373,312,160,0,0,603,149,4,6,15,68,603,146,4,2,0,4,3,4,2,1,0,2,68
330110106004,537,239,196,102,0,0,389,71,4,10,4,59,389,69,0,2,3,3,2,4,0,3,1,0,59
330110107001,369,152,157,60,0,0,259,50,13,1,5,41,259,47,2,1,0,2,3,13,0,0,0,0,41
330110107002,456,163,190,103,0,0,320,76,2,12,11,35,320,76,6,4,3,0,0,2,1,3,2,0,35
330110108011,519,205,238,76,0,0,303,163,7,5,7,34,303,162,4,3,1,1,1,7,1,0,0,0,34
330110108012,477,187,202,88,0,0,303,102,3,4,8,57,303,101,4,1,2,1,1,3,1,0,0,1,57
330110108021,789,320,336,133,0,0,567,111,3,18,16,74,567,110,5,1,7,7,1,3,1,3,6,1,74
330110108022,388,150,162,76,0,0,224,110,4,8,6,36,224,108,2,5,0,1,2,4,0,3,0,0,36
330110108023,490,178,233,79,0,0,278,161,13,2,8,28,278,160,4,1,1,2,1,13,0,0,0,0,28
330110108024,567,193,287,87,0,0,307,209,7,6,4,34,307,208,2,0,1,0,1,7,0,5,0,0,34
330110109001,443,181,182,80,0,0,303,78,2,9,10,41,303,77,0,3,1,3,1,2,5,3,1,0,41
330110109002,797,309,319,169,0,0,561,152,0,6,10,68,561,141,3,1,1,4,11,0,1,3,1,0,68
330110109003,622,227,261,134,0,0,472,72,5,10,9,54,472,71,3,4,2,2,1,5,2,4,0,0,54
330110109004,1072,436,409,227,0,0,780,175,7,7,14,89,780,166,6,1,5,5,9,7,0,0,0,0,89
330110109005,702,309,224,169,0,0,565,47,3,12,21,54,565,44,8,3,3,7,3,3,6,4,2,0,54
330110110001,1107,473,329,305,0,0,917,26,6,16,31,111,917,25,7,4,3,11,1,6,4,3,2,0,111
330110110002,772,323,242,207,0,0,620,41,2,35,13,61,620,39,9,3,15,0,2,2,0,12,4,0,61
330110110003,974,400,356,218,0,0,777,76,9,12,13,87,777,69,6,3,5,4,7,9,1,0,1,3,87
330110110004,669,297,235,137,0,0,543,63,4,10,11,38,543,62,4,4,0,1,1,4,0,3,0,3,38
330110111011,755,331,282,142,0,0,565,51,12,26,19,82,565,47,6,9,13,3,4,12,4,0,2,1,82
330110111012,725,325,251,149,0,0,501,72,11,30,24,87,501,69,14,6,20,6,3,11,2,2,1,0,87
330110111013,438,218,157,63,0,0,320,41,8,7,12,50,320,38,5,2,4,4,3,8,3,0,1,0,50
330110111021,810,363,281,166,0,0,594,72,7,32,31,74,594,68,15,15,11,11,4,7,3,2,2,2,74
330110111022,798,397,271,130,0,0,571,76,7,36,14,94,571,74,5,9,20,3,2,6,1,1,1,1,94
330110112001,827,347,257,223,0,0,561,33,2,96,29,106,561,30,8,26,58,7,3,2,1,8,0,3,106
330110112002,718,289,233,196,0,0,535,11,1,79,15,77,535,9,6,29,38,4,2,1,0,1,2,2,77
330110112003,1041,446,341,254,0,0,726,31,1,132,28,123,726,22,11,51,58,9,9,1,0,9,7,0,123
330110112004,1339,672,356,311,0,0,838,36,0,245,50,170,838,32,19,93,128,12,4,0,6,5,13,4,170
330110112005,510,245,159,106,0,0,379,24,2,19,24,62,379,21,8,2,12,7,3,2,0,2,2,0,62
330110112006,1015,400,342,273,0,0,794,32,0,41,43,105,794,28,22,21,19,5,4,0,8,1,0,0,105
330110113001,1329,597,415,317,0,0,1106,62,0,20,26,115,1106,58,6,8,6,10,4,0,3,0,2,0,115
330110113002,603,254,181,168,0,0,481,37,0,10,19,56,481,32,6,8,1,4,5,0,5,0,0,1,56
330110113003,1368,586,416,366,0,0,1130,71,3,29,16,119,1130,58,7,19,6,3,13,3,2,1,1,0,119
330110114011,1414,595,438,381,0,0,1118,94,4,41,25,132,1118,81,11,3,22,2,13,4,6,6,7,1,132
330110114012,1240,576,379,285,0,0,759,46,2,260,64,109,759,46,42,39,196,7,0,2,7,13,4,3,109
330110114013,1320,540,413,367,0,0,1041,55,4,42,38,140,1041,50,9,11,22,9,5,4,10,5,2,2,140
330110114021,537,231,155,151,0,0,430,23,1,24,4,55,430,22,2,10,7,1,1,1,0,2,1,3,55
330110114022,1459,635,496,328,0,0,1092,120,8,51,42,146,1092,111,14,13,28,11,9,8,5,7,0,0,146
330110114023,1411,613,484,314,0,0,891,41,5,271,63,140,891,36,44,29,233,5,5,5,3,6,0,0,140
330110115001,1183,510,369,304,0,0,999,48,1,21,25,89,999,44,10,6,13,10,4,1,0,1,0,1,89
330110115002,504,200,156,148,0,0,423,20,0,6,5,50,423,16,0,3,2,1,4,0,1,1,0,0,50
330110121011,1098,415,311,372,0,0,904,39,3,13,21,118,904,32,11,5,6,7,7,3,1,1,0,1,118
330110121012,1198,468,312,418,0,0,992,52,3,19,24,108,992,49,11,7,6,5,3,3,4,0,1,4,108
330110121013,1570,601,444,525,0,0,1294,54,2,42,30,148,1294,47,14,12,19,11,7,2,0,5,2,1,148
330110121021,1237,442,331,464,0,0,1006,56,4,20,27,124,1006,47,6,10,6,8,9,4,7,1,1,0,124
330110121022,1088,414,276,398,0,0,944,24,4,11,5,100,944,21,2,2,5,1,3,4,2,1,0,3,100
330110122011,1328,492,414,422,0,0,1109,63,6,15,18,117,1109,57,6,5,1,7,6,6,4,2,3,1,117
330110122021,956,338,304,314,0,0,828,30,2,14,17,65,828,29,8,4,3,2,1,2,3,3,1,0,65
330110122022,833,284,286,263,0,0,662,56,5,12,21,77,662,54,8,3,1,6,2,5,4,5,0,0,77
330110122023,734,227,238,269,0,0,585,40,2,9,16,82,585,38,9,2,0,2,2,2,1,1,2,1,82
330110122024,1435,570,419,446,0,0,1179,69,11,16,21,139,1179,62,5,8,3,5,7,11,3,1,2,1,139
330110123011,1211,489,327,395,0,0,999,47,4,14,10,137,999,40,2,4,8,2,7,4,0,0,1,0,137
330110123012,1146,443,275,428,0,0,929,52,1,24,20,120,929,47,9,7,10,9,5,1,0,1,2,1,120
330110123013,1329,575,353,401,0,0,1077,51,3,52,28,118,1077,48,12,20,25,6,3,2,1,1,1,0,118
330110123021,1161,499,263,399,0,0,955,46,0,17,19,124,955,42,0,7,3,2,4,0,11,2,0,5,124
330110123022,1733,662,533,538,0,0,1426,70,0,20,33,184,1426,56,11,10,7,6,14,0,6,0,1,0,184
330110131011,1256,483,322,451,0,0,1058,34,1,12,24,127,1058,30,5,8,0,4,4,1,2,0,4,0,127
330110131012,1452,595,372,485,0,0,1228,48,2,7,24,143,1228,48,7,3,1,4,0,2,6,1,1,0,143
330110131021,1403,584,315,504,0,0,1228,44,1,10,13,107,1228,41,4,4,1,2,3,1,0,4,1,0,107
330110131022,620,265,134,221,0,0,523,14,0,2,9,72,523,14,2,1,0,2,0,0,4,0,0,1,72
330110131023,1710,666,436,608,0,0,1433,64,1,25,26,161,1433,49,15,3,4,2,15,1,1,1,6,9,161
330110141011,1189,513,335,341,0,0,986,47,1,28,23,104,986,43,7,5,12,7,4,1,4,4,1,1,104
330110141012,1294,491,407,396,0,0,1100,45,3,10,19,117,1100,41,6,5,2,8,4,3,1,0,2,0,117
330110141021,662,305,189,168,0,0,548,32,0,16,4,62,548,28,4,3,5,0,4,0,0,2,4,0,62
330110141022,1057,467,283,307,0,0,864,29,3,19,31,111,864,28,6,4,10,12,1,3,4,3,0,2,111
330110142011,1599,645,424,530,0,0,1340,62,6,26,19,146,1340,55,8,8,5,6,7,6,2,2,6,4,146
330110142012,1095,425,312,358,0,0,925,16,0,16,17,121,925,16,1,4,11,6,0,0,9,0,0,1,121
330110142013,1769,706,454,609,0,0,1493,67,1,25,34,149,1493,63,5,9,10,18,4,1,4,2,0,3,149
330110142021,2095,845,568,682,0,0,1748,62,4,30,48,203,1748,51,13,9,15,16,11,4,4,4,0,1,203
330110142022,1910,704,564,642,0,0,1622,46,4,23,43,172,1622,41,13,12,5,13,5,4,4,0,4,1,172
330110142023,763,308,232,223,0,0,650,30,0,7,12,64,650,29,5,4,2,2,1,0,2,0,1,0,64
330110143011,867,330,230,307,0,0,722,31,0,26,10,78,722,28,0,6,12,2,3,0,3,3,3,2,78
330110143012,714,292,179,243,0,0,603,21,1,11,8,70,603,18,1,4,2,3,3,1,0,4,0,1,70
330110143021,1463,623,356,484,0,0,1249,44,0,16,32,122,1249,41,10,2,7,4,3,0,6,0,4,3,122
330110143022,1010,406,232,372,0,0,852,32,3,10,22,91,852,24,6,4,4,6,8,3,6,0,2,0,91
330110143023,2489,1027,679,783,0,0,2011,108,0,69,44,257,2011,90,16,18,27,6,18,0,9,8,10,5,257
330110151001,1033,374,324,335,0,0,853,29,0,23,18,110,853,29,4,10,4,5,0,0,1,4,2,2,110
330110151002,1324,427,498,399,0,0,1122,25,0,16,15,146,1122,25,6,7,3,0,0,0,3,3,2,1,146
330110151003,1780,600,601,579,0,0,1469,43,0,18,44,206,1469,39,10,7,3,17,4,0,2,1,5,1,206
330110152001,816,274,254,288,0,0,691,30,4,9,6,76,691,27,0,9,0,2,3,4,2,0,0,0,76
330110152002,1183,457,382,344,0,0,1011,20,1,13,11,127,1011,20,2,5,4,3,0,0,4,2,0,2,127
330110152003,1437,550,467,420,0,0,1182,38,1,27,31,158,1182,33,11,14,4,9,5,1,0,1,6,0,158
330110152004,1350,462,409,479,0,0,1112,42,0,16,34,146,1112,36,10,6,4,14,6,0,3,3,3,0,146
330110161001,823,325,265,233,0,0,703,27,2,7,12,72,703,26,5,3,1,2,1,2,1,2,1,0,72
330110161002,1437,570,447,420,0,0,1232,38,1,22,15,129,1232,36,9,5,11,0,2,1,2,2,2,2,129
330110162021,1892,778,475,639,0,0,1586,63,5,19,19,200,1586,55,4,4,7,4,8,5,3,2,5,1,200
330110162022,2114,838,526,750,0,0,1819,50,10,22,22,191,1819,44,8,10,6,5,6,10,1,2,3,0,191
330110162031,677,287,203,187,0,0,547,31,2,6,16,75,547,31,5,4,1,3,0,2,1,0,1,0,75
330110162032,792,302,245,245,0,0,662,31,0,6,15,78,662,30,3,1,2,2,1,0,5,1,1,1,78
330110162033,536,213,169,154,0,0,476,14,1,3,6,36,476,14,1,0,2,2,0,1,0,1,0,0,36
330110162041,1978,795,592,591,0,0,1674,62,4,29,25,184,1674,60,13,6,13,3,2,4,1,4,1,1,184
330110162042,414,172,142,100,0,0,342,11,1,6,5,49,342,10,2,1,2,0,1,1,3,0,0,0,49
330110162043,603,238,187,178,0,0,528,20,1,6,6,42,528,19,1,1,2,0,1,1,4,1,1,1,42
330110171011,983,399,246,338,0,0,791,24,2,40,31,95,791,21,12,20,10,2,3,2,14,1,5,1,95
330110171012,1958,815,527,616,0,0,1576,54,1,48,52,227,1576,46,20,23,16,9,8,1,9,0,4,1,227
330110171021,948,389,251,308,0,0,741,31,0,29,33,114,741,28,9,10,14,6,3,0,4,0,3,2,114
330110171022,1265,535,354,376,0,0,1055,32,1,34,34,109,1055,28,10,20,10,13,4,1,0,1,0,3,109
330110171023,1520,669,432,419,0,0,1237,36,0,47,31,169,1237,29,6,14,22,18,7,0,4,6,4,0,169
330110180011,1653,752,403,498,0,0,1427,42,4,23,18,139,1427,41,3,8,8,8,1,4,5,1,1,3,139
330110180021,1045,454,279,312,0,0,902,24,0,21,8,90,902,20,0,8,10,2,4,0,1,3,0,0,90
330110180022,1248,575,302,371,0,0,1054,33,0,13,20,128,1054,31,7,5,3,5,2,0,2,1,2,1,128
330110185011,678,316,172,190,0,0,578,18,0,0,8,74,578,14,2,0,0,5,4,0,0,0,0,0,74
330110185012,469,192,130,147,0,0,423,5,0,0,7,34,423,5,4,0,0,0,0,0,0,0,0,0,34
330110185021,1085,427,244,414,0,0,963,22,1,7,13,79,963,16,3,3,1,7,6,1,0,2,1,0,79
330110190001,859,368,264,227,0,0,766,23,0,5,7,58,766,19,1,4,0,1,4,0,2,1,0,0,58
330110190002,1911,807,566,538,0,0,1637,41,4,8,37,184,1637,34,17,2,0,8,7,4,3,2,2,2,184
330110195011,1287,591,293,403,0,0,1155,16,1,14,8,93,1155,15,1,3,5,1,1,1,2,2,2,1,93
330110195021,1998,828,603,567,0,0,1705,49,2,18,21,203,1705,41,4,3,4,6,8,2,4,0,5,6,203
330110200001,1856,604,533,719,0,0,1619,39,0,18,20,160,1619,37,1,5,7,6,2,0,2,0,0,6,160
330110200002,1194,401,327,466,0,0,1022,12,1,10,17,132,1022,10,2,4,0,5,2,1,5,4,1,0,132
330110200003,1425,478,393,554,0,0,1247,31,0,9,17,121,1247,28,3,3,2,2,3,0,1,3,0,1,121
330110210011,1554,618,352,584,0,0,1385,27,0,8,24,110,1385,21,6,5,3,8,6,0,3,0,0,0,110
330110210012,2154,872,463,819,0,0,1895,47,0,12,29,171,1895,43,8,5,2,10,4,0,2,0,4,1,171
330110210021,1643,686,295,662,0,0,1413,50,1,2,27,150,1413,47,1,1,0,9,3,1,2,0,1,0,150
330110210022,1031,460,186,385,0,0,917,24,2,2,9,77,917,15,4,0,0,0,9,2,2,0,2,0,77
330110215001,1228,480,339,409,0,0,1094,17,0,7,9,101,1094,17,1,2,1,2,0,0,2,3,0,1,101
330110215002,1024,414,294,316,0,0,906,16,0,6,7,89,906,14,3,0,0,0,2,0,0,1,1,4,89
330110215003,658,253,157,248,0,0,597,8,2,3,5,43,597,8,1,1,1,4,0,2,0,0,1,0,43
330110215004,634,250,150,234,0,0,547,12,1,2,14,58,547,12,4,2,0,1,0,1,3,0,0,0,58
330110220001,1166,470,328,368,0,0,1012,19,0,13,12,110,1012,19,5,5,2,2,0,0,1,0,5,1,110
330110225011,1775,665,255,855,0,0,1497,41,0,4,10,223,1497,37,2,0,0,2,4,0,3,1,1,1,223
330110225021,1303,552,401,350,0,0,1126,31,0,14,18,114,1126,26,2,6,2,6,5,0,1,2,1,0,114
330110225022,1965,764,342,859,0,0,1685,35,0,6,20,219,1685,30,2,4,0,8,5,0,5,0,0,1,219
330110230011,1208,353,602,253,0,0,1052,16,1,12,10,117,1052,13,2,2,5,4,3,1,0,3,1,1,117
330110230012,1108,346,563,199,0,0,940,22,0,5,18,123,940,20,5,2,1,2,2,0,4,0,0,1,123
330110230013,958,293,479,186,0,0,825,19,0,5,16,93,825,19,4,2,3,6,0,0,0,0,0,0,93
330110230021,1457,477,612,368,0,0,1242,24,9,11,15,156,1242,23,5,3,6,5,1,9,1,0,2,0,156
330110230022,735,230,350,155,0,0,631,18,0,8,6,72,631,17,1,3,3,1,1,0,4,0,1,0,72
330110240001,1401,546,537,318,0,0,1211,25,5,11,15,134,1211,21,0,3,3,12,4,5,2,1,2,1,134
330110250001,952,397,267,288,0,0,814,10,0,3,3,122,814,10,2,0,0,0,0,0,1,0,2,1,122
330110250002,949,387,265,297,0,0,831,20,1,3,10,84,831,16,0,1,2,5,4,1,2,0,0,0,84
330110255011,398,159,108,131,0,0,344,11,0,4,6,33,344,11,1,3,0,3,0,0,1,1,0,0,33
330110255012,423,181,115,127,0,0,361,13,0,2,5,42,361,11,3,0,1,1,2,0,0,0,1,0,42
330110255013,1107,439,282,386,0,0,977,22,2,8,8,90,977,20,3,0,4,3,2,2,1,1,2,0,90
330110255021,819,314,242,263,0,0,728,14,1,9,4,63,728,13,1,3,0,0,1,1,0,1,0,5,63
330110255022,1433,589,330,514,0,0,1265,23,1,13,9,122,1265,22,2,3,4,5,1,1,0,0,1,1,122
330112001011,1018,531,187,300,0,0,838,44,0,27,15,94,838,34,3,3,14,1,10,0,1,0,4,4,94
330112001012,1180,587,256,337,0,0,913,54,3,39,31,140,913,47,8,7,15,7,7,3,4,7,4,2,140
330112002011,2118,1026,438,654,0,0,1716,101,1,30,37,233,1716,95,20,14,9,7,6,1,4,6,0,0,233
330112003001,1494,671,372,451,0,0,1226,78,2,30,36,122,1226,68,21,11,5,6,10,2,9,6,4,3,122
330112003002,1238,583,255,400,0,0,978,58,4,16,39,143,978,53,14,3,9,6,5,4,13,0,2,0,143
330112003003,707,315,154,238,0,0,585,33,0,11,12,66,585,28,2,2,3,5,5,0,3,3,3,0,66
330112004001,638,285,251,102,0,0,426,58,10,17,36,91,426,58,14,7,4,1,0,10,2,1,2,2,91
330112004002,278,114,109,55,0,0,214,20,1,5,9,29,214,20,3,2,3,0,0,1,0,0,0,0,29
330112004003,312,144,112,56,0,0,254,12,1,4,11,30,254,12,3,2,1,5,0,1,0,1,0,0,30
330112004004,748,326,278,144,0,0,601,42,3,13,14,75,601,41,3,4,2,4,1,3,2,1,2,1,75
330112005001,1126,491,266,369,0,0,914,55,0,20,30,107,914,46,17,5,8,3,9,0,4,5,2,0,107
330112005002,1376,639,291,446,0,0,1172,62,1,23,24,94,1172,56,9,12,7,6,6,1,4,0,3,0,94
330119801011,2,1,1,0,0,0,1,0,0,1,0,0,1,0,0,0,0,0,0,0,0,0,0,1,0
330059701001,1167,467,351,349,0,0,1006,17,0,5,14,125,1006,17,0,2,0,8,0,0,0,0,1,2,125
330059701002,715,310,223,182,0,0,595,14,0,7,6,93,595,10,0,2,2,5,4,0,1,0,1,2,93
330059701003,730,341,194,195,0,0,666,12,0,0,9,43,666,7,0,0,0,5,5,0,0,0,0,0,43
330059701004,588,296,161,131,0,0,515,4,0,0,8,61,515,4,0,0,0,6,0,0,2,0,0,0,61
330059702001,553,258,195,100,0,0,497,4,1,3,7,41,497,3,0,1,1,1,1,1,1,0,1,0,41
330059702002,1137,453,451,233,0,0,980,12,1,8,16,120,980,12,4,2,3,4,0,1,0,1,1,1,120
330059702003,1020,409,354,257,0,0,912,12,0,5,17,74,912,12,5,2,3,8,0,0,1,0,0,0,74
330059704011,846,345,381,120,0,0,750,6,3,5,6,76,750,6,1,2,1,3,0,3,1,0,0,2,76
330059704012,1138,407,413,318,0,0,1000,13,1,14,17,93,1000,13,2,5,4,4,0,1,0,1,3,0,93
330059704021,981,416,257,308,0,0,872,9,1,7,14,78,872,8,2,2,3,7,1,1,1,0,2,0,78
330059704022,1119,502,365,252,0,0,984,15,1,3,17,99,984,15,2,2,1,10,0,1,0,0,0,0,99
330059705001,940,342,292,306,0,0,816,23,1,16,9,75,816,22,5,3,1,3,1,1,1,2,2,6,75
330059705002,1196,424,375,397,0,0,1055,23,0,9,13,96,1055,22,8,5,0,1,1,0,2,0,1,1,96
330059705003,924,295,330,299,0,0,822,10,0,8,6,78,822,8,4,2,2,2,2,0,0,1,3,0,78
330059705004,720,249,273,198,0,0,620,13,1,6,8,72,620,12,2,2,3,2,1,1,2,0,0,0,72
330059706001,1230,435,271,524,0,0,1071,19,0,11,15,114,1071,17,4,2,4,4,2,0,3,4,0,1,114
330059706002,2223,797,607,819,0,0,1854,62,17,28,22,240,1854,57,7,13,5,6,5,17,1,1,4,3,240
330059706003,1246,427,228,591,0,0,1061,22,0,1,15,147,1061,20,9,0,0,3,2,0,1,0,1,0,147
330059707001,514,194,143,177,0,0,448,8,0,4,2,52,448,7,1,0,2,1,1,0,0,1,0,1,52
330059707002,633,253,201,179,0,0,559,9,0,6,9,50,559,6,1,4,0,5,3,0,0,0,1,0,50
330059707003,620,241,185,194,0,0,540,6,0,2,6,66,540,6,2,2,0,3,0,0,0,0,0,0,66
330059707004,844,431,165,248,0,0,751,8,1,3,11,70,751,8,2,0,0,6,0,1,1,0,0,3,70
330059708001,632,245,244,143,0,0,548,2,0,5,9,68,548,1,0,1,0,5,1,0,0,0,2,2,68
330059708002,1002,383,422,197,0,0,868,21,0,11,12,90,868,19,7,2,2,3,2,0,0,3,3,0,90
330059708003,540,247,154,139,0,0,472,15,0,6,4,43,472,15,1,3,1,3,0,0,0,0,2,0,43
330059708004,919,424,214,281,0,0,796,15,0,6,5,97,796,14,1,0,3,3,1,0,0,1,1,1,97
330059709011,497,167,155,175,0,0,434,11,0,5,7,40,434,11,3,3,1,2,0,0,0,0,0,1,40
330059709012,1491,604,461,426,0,0,1334,16,0,9,11,121,1334,16,6,3,2,3,0,0,0,0,0,4,121
330059709013,1069,469,357,243,0,0,947,22,0,5,14,81,947,22,4,1,3,4,0,0,0,0,1,0,81
330059709021,839,352,222,265,0,0,758,13,0,4,7,57,758,13,2,1,0,1,0,0,1,0,2,1,57
330059709022,905,374,297,234,0,0,811,11,0,4,12,67,811,11,2,0,2,7,0,0,1,0,0,1,67
330059710001,1037,375,445,217,0,0,903,26,0,13,17,78,903,24,4,3,8,9,2,0,1,1,0,1,78
330059710002,909,329,383,197,0,0,785,20,0,6,23,75,785,20,1,0,4,12,0,0,0,0,1,1,75
330059710003,1374,493,539,342,0,0,1190,21,0,15,31,117,1190,20,14,6,1,7,1,0,3,5,2,1,117
330059710004,828,316,311,201,0,0,705,8,4,8,6,97,705,8,0,0,3,2,0,4,0,2,2,1,97
330059711001,1118,457,437,224,0,0,957,25,1,14,17,104,957,24,3,4,1,4,1,1,2,3,0,1,104
330059711002,1025,402,514,109,0,0,866,19,2,12,13,113,866,19,4,2,6,4,0,2,4,1,1,0,113
330059711003,693,278,325,90,0,0,581,14,1,12,8,77,581,14,1,6,1,2,0,1,1,0,4,1,77
330059711004,669,240,320,109,0,0,569,18,4,10,4,64,569,17,2,3,4,1,1,4,0,0,2,1,64
330059711005,632,256,252,124,0,0,546,17,1,2,11,55,546,17,5,0,1,3,0,1,2,1,0,0,55
330059713001,490,190,222,78,0,0,411,18,2,4,9,46,411,18,5,3,0,1,0,2,1,0,1,0,46
330059713002,769,288,354,127,0,0,656,17,3,6,16,71,656,14,8,3,0,4,3,3,0,1,2,0,71
330059713003,2569,1200,1061,308,0,0,2126,76,4,24,37,302,2126,72,16,10,5,11,4,4,4,1,6,0,302
330059714021,681,265,299,117,0,0,563,27,2,15,6,68,563,25,1,3,9,3,2,1,0,1,0,0,68
330059714022,1205,354,577,274,0,0,1047,13,0,22,23,100,1047,12,2,10,5,10,1,0,0,1,1,5,100
330059714023,1139,354,541,244,0,0,965,20,2,18,22,112,965,20,3,6,5,4,0,2,2,5,1,1,112
330059714031,1798,747,739,312,0,0,1521,44,4,13,38,178,1521,40,15,3,2,16,4,4,0,4,3,1,178
330059714032,1110,529,438,143,0,0,907,30,4,12,21,136,907,30,7,4,3,8,0,4,2,2,1,2,136
330059714033,481,238,193,50,0,0,394,11,3,5,8,60,394,10,4,4,1,2,1,3,1,0,0,0,60
330059715001,1279,586,412,281,0,0,1109,16,1,8,7,138,1109,15,1,5,1,4,1,1,0,0,2,0,138
330059715002,1416,581,520,315,0,0,1205,19,0,11,10,171,1205,18,2,7,1,4,1,0,0,0,3,0,171
330059715003,1465,637,472,356,0,0,1282,14,1,6,18,144,1282,14,5,2,2,5,0,1,0,1,1,0,144
330059716001,741,368,220,153,0,0,671,14,0,4,6,46,671,14,2,3,0,1,0,0,0,0,1,0,46
330059716002,1245,600,374,271,0,0,1082,24,0,2,12,125,1082,24,2,0,1,3,0,0,1,0,0,0,125
330059716003,433,198,158,77,0,0,364,6,0,1,9,53,364,6,0,0,0,3,0,0,0,0,1,0,53
330059717001,841,296,293,252,0,0,761,8,1,3,6,62,761,7,1,0,0,0,1,1,0,0,2,1,62
330059717002,681,268,261,152,0,0,612,13,2,6,5,43,612,13,0,2,3,4,0,2,0,0,1,0,43
330059717003,715,229,268,218,0,0,614,17,0,2,3,79,614,17,2,2,0,1,0,0,0,0,0,0,79
330059717004,485,182,176,127,0,0,432,4,1,3,3,42,432,4,0,3,0,2,0,1,0,0,0,0,42
330170801001,1266,381,643,242,0,0,1040,27,9,29,22,139,1040,26,6,5,19,6,1,9,1,1,2,2,139
330170801002,1364,475,658,231,0,0,1143,20,2,26,24,149,1143,20,9,8,11,6,0,2,5,3,1,2,149
330170802021,1834,679,829,326,0,0,1470,46,3,57,44,214,1470,44,14,17,21,15,2,3,7,4,13,2,214
330170802022,1111,424,479,208,0,0,893,26,0,17,35,140,893,24,13,4,7,5,2,0,3,2,4,0,140
330170802031,3184,1586,1229,369,0,0,2471,109,13,100,78,413,2471,103,31,49,17,20,6,13,8,17,6,4,413
330170802032,1449,546,698,205,0,0,1200,29,4,35,37,144,1200,27,9,18,7,12,2,4,7,5,3,2,144
330170802041,5205,2479,1989,737,0,0,4144,154,13,94,106,694,4144,150,40,39,17,28,4,13,16,17,10,8,694
330170805001,1487,596,541,350,0,0,1250,33,1,30,30,143,1250,30,9,14,12,7,3,0,1,1,1,2,143
330170805002,612,235,267,110,0,0,533,7,0,10,4,58,533,6,0,6,4,1,1,0,1,0,0,0,58
330170805003,1440,547,592,301,0,0,1204,30,4,33,21,148,1204,27,4,7,14,6,3,4,0,3,5,3,148
330170805004,1345,522,516,307,0,0,1125,24,0,36,24,136,1125,22,7,14,11,11,2,0,3,3,6,1,136
330170811011,581,224,237,120,0,0,483,17,9,23,10,39,483,16,4,5,12,4,1,9,1,1,1,2,39
330170811012,1602,547,675,380,0,0,1347,39,4,29,22,161,1347,37,5,11,3,8,2,4,6,4,3,3,161
330170811013,627,204,234,189,0,0,542,17,0,8,8,52,542,17,0,0,2,5,0,0,1,2,0,0,52
330170811021,1599,570,649,380,0,0,1358,25,1,26,17,172,1358,24,2,5,8,7,1,1,1,7,2,2,172
330170812001,896,286,380,230,0,0,747,25,1,13,21,89,747,22,8,4,2,4,3,1,3,5,2,0,89
330170812002,590,188,239,163,0,0,494,11,4,10,10,61,494,11,2,4,5,3,0,4,0,0,0,0,61
330170812003,1312,474,507,331,0,0,1099,43,9,20,17,124,1099,41,5,5,6,3,2,8,5,3,2,1,124
330170812004,942,301,337,304,0,0,808,23,2,28,11,70,808,23,1,11,13,1,0,2,4,2,0,2,70
330170813001,1700,582,852,266,0,0,1412,39,4,26,28,191,1412,36,9,14,7,7,3,2,5,2,1,0,191
330170813002,1026,295,514,217,0,0,883,17,2,15,12,97,883,13,3,6,2,2,4,2,2,2,1,2,97
330170813003,1167,376,535,256,0,0,988,29,1,11,17,121,988,29,5,3,3,4,0,1,4,0,0,2,121
330170814001,575,162,216,197,0,0,473,16,1,12,16,57,473,14,6,10,1,4,2,1,0,0,0,1,57
330170814002,850,316,425,109,0,0,715,24,2,14,11,84,715,23,4,8,3,4,1,2,1,2,0,0,84
330170815001,1144,413,495,236,0,0,944,31,1,35,18,115,944,29,8,15,8,9,2,1,0,4,1,3,115
330170815002,875,311,429,135,0,0,729,31,4,14,7,90,729,29,1,9,2,1,2,4,3,1,0,2,90
330170815003,559,195,269,95,0,0,470,12,3,7,9,58,470,12,7,1,0,1,0,3,0,5,0,0,58
330170815004,902,321,426,155,0,0,775,15,1,9,10,92,775,15,0,3,0,5,0,1,3,2,1,3,92
330170816001,1578,615,517,446,0,0,1361,20,3,25,15,154,1361,18,4,5,11,5,2,3,5,2,3,0,154
330170816002,933,334,351,248,0,0,810,22,0,21,15,65,810,19,3,2,10,6,3,0,0,3,3,3,65
330170816003,611,234,243,134,0,0,494,29,5,2,14,67,494,29,6,1,0,0,0,5,0,0,0,1,67
330170816004,1500,602,485,413,0,0,1251,44,5,35,28,137,1251,43,18,11,15,2,1,5,1,6,1,2,137
330170820001,1200,457,466,277,0,0,1052,20,1,5,5,117,1052,20,1,1,0,2,0,1,1,2,1,0,117
330170820002,857,331,264,262,0,0,756,12,1,6,5,77,756,12,1,1,1,1,0,1,0,0,2,2,77
330170830011,847,345,366,136,0,0,723,24,1,12,7,80,723,24,2,4,3,2,0,1,0,1,0,1,80
330170830012,1321,550,523,248,0,0,1119,44,3,11,17,127,1119,44,7,5,3,5,0,3,0,1,1,1,127
330170830013,1096,396,385,315,0,0,985,18,2,12,13,66,985,14,6,2,0,2,4,2,2,2,1,3,66
330170830014,649,246,282,121,0,0,574,14,1,6,5,49,574,14,2,2,2,1,0,1,1,0,1,1,49
330170830015,787,332,275,180,0,0,658,28,1,14,16,70,658,28,1,5,4,2,0,1,5,0,1,0,70
330170830021,811,306,281,224,0,0,687,23,1,19,12,69,687,22,2,9,3,1,1,1,1,3,2,2,69
330170830022,797,342,274,181,0,0,669,19,0,20,13,76,669,16,8,11,1,4,3,0,1,2,2,0,76
330170830023,548,193,237,118,0,0,447,26,1,11,8,55,447,26,3,6,3,2,0,1,0,0,1,0,55
330170830024,577,210,199,168,0,0,516,11,0,5,5,40,516,11,2,1,0,2,0,0,0,1,1,2,40
330170830025,458,204,159,95,0,0,392,20,0,3,2,41,392,19,1,1,0,1,1,0,0,0,0,1,41
330170841001,1005,418,293,294,0,0,856,23,2,12,14,98,856,19,2,2,7,8,4,2,0,0,2,1,98
330170841002,671,256,193,222,0,0,602,16,0,5,5,43,602,16,2,1,1,3,0,0,0,0,2,0,43
330170841003,1431,509,456,466,0,0,1266,26,1,5,14,119,1266,24,2,2,2,4,2,0,3,1,0,0,119
330170841004,732,282,200,250,0,0,666,9,0,9,3,45,666,9,1,1,4,2,0,0,0,1,0,0,45
330170842011,806,334,245,227,0,0,727,12,0,3,10,54,727,12,1,1,0,2,0,0,2,1,0,1,54
330170842012,926,383,252,291,0,0,807,22,0,8,12,77,807,22,8,1,2,1,0,0,0,1,2,0,77
330170842013,1172,444,395,333,0,0,1034,29,2,15,15,77,1034,25,4,1,4,5,4,2,1,2,1,6,77
330170842021,1053,410,326,317,0,0,939,16,0,9,14,75,939,16,0,1,5,7,0,0,3,1,0,0,75
330170842022,546,215,157,174,0,0,499,12,0,7,5,23,499,12,1,1,1,1,0,0,1,4,0,0,23
330170842023,957,338,295,324,0,0,873,11,1,1,5,66,873,11,0,1,0,1,0,1,0,0,0,0,66
330170843011,425,161,132,132,0,0,374,6,0,1,4,40,374,6,0,0,1,1,0,0,1,0,0,0,40
330170843012,466,199,164,103,0,0,402,10,0,7,3,44,402,10,2,2,1,0,0,0,0,0,0,2,44
330170843013,1097,479,332,286,0,0,948,35,0,9,9,96,948,30,3,7,0,1,5,0,3,1,1,0,96
330170843021,1074,454,339,281,0,0,951,20,1,14,10,78,951,19,4,3,5,2,1,1,2,2,2,1,78
330170843022,884,354,321,209,0,0,762,28,0,7,11,76,762,26,2,2,0,3,2,0,4,1,1,1,76
330170843023,621,230,220,171,0,0,549,11,1,0,3,57,549,11,0,0,0,0,0,1,1,0,0,0,57
330170844001,833,378,249,206,0,0,739,13,0,4,14,63,739,13,6,1,0,2,0,0,1,1,1,0,63
330170844002,353,169,121,63,0,0,311,15,2,2,2,21,311,15,0,0,1,0,0,2,2,0,0,0,21
330170844003,1005,479,315,211,0,0,877,38,3,6,10,71,877,37,4,1,3,3,1,3,0,2,0,0,71
330170844004,282,129,77,76,0,0,253,2,1,0,4,22,253,2,2,0,0,0,0,1,0,0,0,0,22
330170845001,718,250,204,264,0,0,629,11,6,4,5,63,629,10,0,3,1,4,1,6,0,0,0,0,63
330170845002,2210,862,627,721,0,0,1930,49,1,40,31,159,1930,46,6,6,23,14,3,1,3,5,5,1,159
330170846001,2116,842,599,675,0,0,1880,48,1,13,12,162,1880,41,3,5,2,1,7,1,3,4,1,0,162
330170850011,1664,615,583,466,0,0,1423,40,4,10,13,174,1423,37,7,2,4,3,3,4,1,1,1,0,174
330170850012,1161,406,362,393,0,0,1001,22,0,8,14,116,1001,21,2,4,1,8,1,0,1,2,1,0,116
330170850021,1313,480,427,406,0,0,1127,24,2,5,22,133,1127,23,6,3,0,6,1,2,6,1,1,0,133
330170850022,1402,544,435,423,0,0,1212,17,7,10,14,142,1212,17,5,3,2,1,0,7,3,3,1,0,142
330170850023,1633,603,538,492,0,0,1427,30,3,22,13,138,1427,30,3,5,8,5,0,3,3,1,3,3,138
330170860001,1666,702,407,557,0,0,1477,29,0,4,24,132,1477,26,8,1,2,5,3,0,0,0,0,1,132
330170860002,1600,702,399,499,0,0,1408,20,0,11,17,144,1408,17,3,1,4,1,3,0,4,3,2,1,144
330170870011,827,289,257,281,0,0,722,18,1,4,3,79,722,16,1,1,0,0,2,1,0,0,3,0,79
330170870012,935,351,271,313,0,0,823,15,0,19,5,73,823,13,2,5,3,0,2,0,0,1,7,0,73
330170870013,674,228,227,219,0,0,619,10,1,2,1,41,619,10,0,0,1,1,0,1,0,1,0,0,41
330170870021,1235,484,303,448,0,0,1113,15,0,4,10,93,1113,13,6,1,1,1,2,0,0,0,2,0,93
330170870022,813,303,198,312,0,0,741,10,1,2,3,56,741,10,3,0,0,0,0,1,0,0,0,2,56
330170880001,702,250,197,255,0,0,627,15,2,6,7,45,627,14,4,2,0,2,1,2,0,1,0,3,45
330170880002,884,334,254,296,0,0,805,8,0,5,6,60,805,7,0,2,0,2,1,0,0,0,1,2,60
330170880003,1673,589,432,652,0,0,1512,33,0,4,17,107,1512,33,5,1,1,5,0,0,1,0,2,0,107
330170885001,1282,516,269,497,0,0,1145,24,0,3,8,102,1145,21,2,0,1,3,3,0,0,1,0,0,102
330170885002,920,400,194,326,0,0,813,8,0,7,12,80,813,6,5,1,1,3,2,0,0,0,1,4,80
330170885003,1244,526,260,458,0,0,1131,15,0,4,11,83,1131,11,1,1,1,5,4,0,4,0,1,1,83
330039551011,1886,818,651,417,0,0,1629,28,1,9,26,193,1629,25,6,2,3,8,3,1,7,1,1,0,193
330039551021,466,207,151,108,0,0,409,10,3,4,6,34,409,10,4,1,3,1,0,3,0,0,0,0,34
330039551022,733,309,201,223,0,0,646,17,0,8,14,48,646,17,1,0,7,6,0,0,3,0,0,1,48
330039551023,497,184,202,111,0,0,431,5,0,3,1,57,431,2,0,0,1,1,3,0,0,0,1,1,57
330039553011,724,287,205,232,0,0,651,9,0,3,7,54,651,9,1,0,2,2,0,0,4,0,1,0,54
330039553012,776,342,271,163,0,0,679,16,0,10,3,68,679,15,0,3,3,2,1,0,1,1,1,1,68
330039553013,417,181,98,138,0,0,384,2,0,3,3,25,384,2,0,1,0,3,0,0,0,0,0,2,25
330039553014,340,139,130,71,0,0,307,3,0,3,2,25,307,3,0,0,3,1,0,0,0,0,0,0,25
330039553021,904,380,301,223,0,0,784,8,1,10,23,78,784,7,7,5,1,7,1,1,2,3,0,1,78
330039553022,592,275,180,137,0,0,520,20,0,2,4,46,520,19,1,1,0,2,1,0,0,0,1,0,46
330039553023,768,347,230,191,0,0,647,18,0,20,9,74,647,17,6,7,7,1,1,0,2,4,2,0,74
330039554011,496,200,159,137,0,0,432,8,1,5,8,42,432,7,4,0,4,1,1,1,0,1,0,0,42
330039554012,537,218,179,140,0,0,475,11,0,4,9,38,475,11,0,2,0,2,0,0,3,0,1,1,38
330039554013,731,317,217,197,0,0,647,7,0,5,10,62,647,7,5,0,2,2,0,0,0,1,2,0,62
330039554021,546,223,185,138,0,0,472,4,0,12,5,53,472,4,1,2,7,1,0,0,0,1,0,1,53
330039554022,1012,409,271,332,0,0,889,15,5,6,10,87,889,14,3,2,1,2,1,5,3,2,0,0,87
330039555001,1197,502,345,350,0,0,1045,20,2,9,23,98,1045,18,4,2,4,6,2,2,6,0,3,0,98
330039555002,744,360,196,188,0,0,652,13,0,6,6,67,652,11,0,0,4,2,2,0,2,0,2,0,67
330039555003,267,105,79,83,0,0,228,7,1,2,3,26,228,6,0,1,1,1,1,1,0,0,0,0,26
330039556011,1128,396,351,381,0,0,995,14,0,3,5,111,995,12,1,0,0,2,2,0,1,0,0,3,111
330039556012,1221,330,499,392,0,0,1087,9,0,10,13,102,1087,9,2,2,1,3,0,0,0,2,3,2,102
330039556021,1374,552,389,433,0,0,1227,16,2,3,10,116,1227,16,2,1,1,2,0,2,2,0,0,1,116
330039556022,627,197,252,178,0,0,564,9,0,3,1,50,564,8,0,1,1,0,1,0,1,1,0,0,50
330039558011,704,360,140,204,0,0,623,15,0,1,10,55,623,15,1,0,1,3,0,0,4,0,0,0,55
330039558012,428,188,96,144,0,0,370,7,1,3,8,39,370,6,2,1,0,4,1,1,0,2,0,0,39
330039558021,458,203,118,137,0,0,410,8,0,3,2,35,410,7,1,0,1,1,1,0,0,0,2,0,35
330039558022,231,96,48,87,0,0,201,3,0,1,2,24,201,2,2,0,1,0,1,0,0,0,0,0,24
330039558023,576,278,110,188,0,0,521,8,0,3,9,35,521,5,2,2,0,6,3,0,1,0,1,0,35
330039559011,749,279,170,300,0,0,669,12,1,2,9,56,669,12,2,2,0,3,0,1,1,0,0,0,56
330039559012,884,347,188,349,0,0,789,10,0,5,8,72,789,9,0,0,3,4,1,0,1,0,1,1,72
330039559021,742,278,158,306,0,0,650,11,0,6,3,72,650,10,1,1,1,2,1,0,0,0,4,0,72
330039559022,752,268,187,297,0,0,672,19,0,3,8,50,672,16,3,1,1,3,3,0,0,1,0,0,50
330039560001,771,347,144,280,0,0,656,18,0,3,9,85,656,15,1,1,0,6,3,0,0,2,0,0,85
330039560002,518,215,121,182,0,0,467,4,0,6,0,41,467,4,0,2,0,0,0,0,0,0,1,3,41
330039560003,453,178,103,172,0,0,397,12,0,4,4,36,397,11,1,2,0,3,1,0,0,1,1,0,36
330039560004,936,370,189,377,0,0,848,10,0,9,4,65,848,10,2,0,0,1,0,0,0,1,2,4,65
330039560005,1133,477,240,416,0,0,1000,18,0,4,7,104,1000,15,2,1,0,4,3,0,0,0,1,2,104
330039560006,834,338,153,343,0,0,760,19,0,5,3,47,760,18,0,1,0,2,1,0,1,2,2,0,47
330039561011,941,297,241,403,0,0,830,14,0,5,15,77,830,14,1,1,2,6,0,0,1,1,0,1,77
330039561012,767,272,243,252,0,0,663,16,0,6,17,65,663,16,2,2,0,6,0,0,4,1,2,0,65
330039561013,433,128,128,177,0,0,391,4,0,4,1,33,391,4,1,2,0,0,0,0,0,0,2,0,33
330039561014,540,194,137,209,0,0,470,12,0,6,2,50,470,12,0,2,0,1,0,0,0,3,1,0,50
330039561021,652,217,163,272,0,0,566,13,0,6,1,66,566,13,0,3,0,1,0,0,0,2,1,0,66
330039561022,735,280,204,251,0,0,638,13,0,5,10,69,638,12,5,3,1,1,1,0,3,1,0,0,69
330039561023,1263,425,402,436,0,0,1116,17,0,9,17,104,1116,15,1,4,1,0,2,0,11,2,0,1,104
330039563011,556,221,153,182,0,0,485,15,0,2,9,45,485,14,3,0,0,3,1,0,0,0,0,2,45
330039563012,1193,449,249,495,0,0,1049,15,1,8,12,108,1049,14,2,5,1,4,1,1,3,0,1,1,108
330039563021,1449,552,323,574,0,0,1257,21,0,8,20,143,1257,20,4,4,0,3,1,0,4,2,2,0,143
330039563022,569,237,102,230,0,0,486,18,0,1,19,45,486,15,9,0,0,6,3,0,2,0,0,1,45
330039563023,449,150,115,184,0,0,405,8,0,0,8,28,405,8,2,0,0,0,0,0,3,0,0,0,28
330039564001,949,349,210,390,0,0,859,8,0,3,11,68,859,7,4,1,0,2,1,0,5,0,1,1,68
330039564002,774,264,169,341,0,0,686,14,0,2,6,66,686,14,0,0,2,1,0,0,0,0,0,0,66
330039564003,240,93,56,91,0,0,217,3,0,0,4,16,217,3,2,0,0,2,0,0,0,0,0,0,16
330130030011,775,295,206,274,0,0,663,20,3,7,12,70,663,17,10,4,3,0,3,3,2,0,0,0,70
330130030012,1393,546,418,429,0,0,1135,38,7,16,29,168,1135,34,9,6,6,9,4,7,3,3,1,0,168
330130030013,1134,382,266,486,0,0,957,41,1,11,21,103,957,38,6,4,4,6,3,1,6,1,1,1,103
330130030061,913,320,280,313,0,0,752,25,2,14,25,95,752,25,8,2,6,6,0,2,0,3,2,0,95
330130030062,1469,523,382,564,0,0,1255,28,6,16,37,127,1255,27,15,5,1,8,1,6,2,5,4,0,127
330130031001,1437,567,393,477,0,0,1232,37,0,3,24,141,1232,31,4,1,1,9,6,0,4,0,1,0,141
330130031002,910,345,284,281,0,0,786,12,2,11,9,90,786,12,1,4,4,5,0,1,0,0,0,2,90
330130031003,490,178,173,139,0,0,431,10,1,2,3,43,431,10,2,2,0,0,0,1,0,0,0,0,43
330130032011,1244,438,392,414,0,0,1108,22,2,4,7,101,1108,16,0,0,3,5,6,2,0,0,0,0,101
330130032012,1064,437,331,296,0,0,922,35,2,5,15,85,922,30,6,1,1,6,5,2,0,1,1,1,85
330130032013,1293,497,419,377,0,0,1151,26,1,3,13,99,1151,24,5,3,0,3,2,1,0,0,0,0,99
330130032021,566,211,189,166,0,0,486,9,2,9,6,54,486,9,3,1,4,0,0,2,0,0,1,1,54
330130032022,1195,438,326,431,0,0,1044,12,3,8,13,115,1044,11,5,4,1,3,1,3,0,1,2,0,115
330130300001,1110,408,264,438,0,0,981,25,0,3,10,91,981,25,1,0,0,5,0,0,0,1,2,0,91
330130300002,1114,401,242,471,0,0,963,22,2,4,13,110,963,20,2,0,1,6,2,2,0,0,0,3,110
330130310011,615,240,164,211,0,0,536,13,1,3,10,52,536,11,2,1,0,4,2,1,2,1,1,0,52
330130310012,1183,409,353,421,0,0,995,19,0,7,28,134,995,19,18,2,4,4,0,0,1,0,0,0,134
330130310013,1392,453,459,480,0,0,1192,21,0,24,16,139,1192,18,6,10,6,2,3,0,0,2,0,4,139
330130310021,1912,663,663,586,0,0,1655,30,0,31,36,160,1655,28,16,4,19,9,2,0,2,1,1,5,160
330130310022,1070,346,393,331,0,0,910,24,0,9,6,121,910,15,0,1,4,0,9,0,1,1,0,2,121
330130321001,1194,378,508,308,0,0,1008,16,7,23,20,120,1008,16,12,6,8,2,0,7,1,3,4,1,120
330130321002,1326,395,635,296,0,0,1138,20,0,13,17,138,1138,20,3,3,7,4,0,0,1,2,1,0,138
330130321003,727,234,314,179,0,0,621,9,1,7,21,68,621,8,6,2,1,4,1,1,10,2,1,0,68
330130322001,1197,467,510,220,0,0,1017,29,6,19,20,106,1017,29,11,5,2,1,0,6,0,7,1,2,106
330130322002,758,292,310,156,0,0,627,24,2,11,7,87,627,24,2,2,5,0,0,2,0,1,1,1,87
330130323001,644,255,294,95,0,0,535,17,0,8,8,76,535,14,3,0,3,3,3,0,0,0,1,4,76
330130323002,798,246,453,99,0,0,697,13,2,10,16,60,697,13,4,4,4,2,0,2,5,0,2,0,60
330130324001,766,257,363,146,0,0,636,19,2,14,16,79,636,19,3,6,3,6,0,2,2,1,1,3,79
330130324002,661,214,330,117,0,0,549,13,3,8,8,80,549,10,1,3,3,1,3,3,0,1,1,0,80
330130324003,1274,465,575,234,0,0,1061,37,4,14,20,138,1061,37,5,5,3,6,0,4,2,2,2,0,138
330130325001,1645,497,813,335,0,0,1360,31,2,33,29,190,1360,30,7,10,18,10,1,2,1,3,2,0,190
330130325002,1712,632,715,365,0,0,1396,40,8,55,26,187,1396,40,5,26,13,9,0,8,2,4,9,3,187
330130326001,717,247,316,154,0,0,586,12,2,10,15,92,586,12,6,7,1,4,0,2,1,0,0,1,92
330130326002,1091,393,448,250,0,0,904,12,7,19,15,134,904,11,7,6,4,1,1,7,3,2,5,2,134
330130327011,1213,466,452,295,0,0,1041,23,3,11,17,118,1041,22,3,3,0,7,1,3,1,2,4,0,118
330130327061,852,335,294,223,0,0,748,20,1,8,8,67,748,20,3,2,3,1,0,1,1,0,3,0,67
330130327062,978,430,334,214,0,0,809,38,10,18,20,83,809,37,5,2,11,1,1,9,2,0,3,2,83
330130327063,1073,403,377,293,0,0,905,43,3,8,14,100,905,41,1,2,1,3,2,3,1,0,3,2,100
330130328001,1884,717,681,486,0,0,1623,35,0,39,29,158,1623,32,4,9,26,10,3,0,4,1,0,3,158
330130328002,1503,554,485,464,0,0,1314,28,1,20,24,116,1314,27,4,5,7,9,1,1,0,2,2,2,116
330130328003,817,283,355,179,0,0,712,10,1,10,14,70,712,6,4,1,4,0,4,1,5,2,1,0,70
330130329001,572,188,239,145,0,0,472,18,1,17,6,58,472,17,2,3,13,0,1,1,1,0,0,0,58
330130329002,1009,337,408,264,0,0,785,30,7,52,22,113,785,29,8,6,39,5,1,7,1,3,1,0,113
330130329003,889,245,428,216,0,0,708,27,7,48,17,82,708,27,13,3,37,0,0,7,0,2,4,0,82
330130330001,746,264,183,299,0,0,663,6,1,8,8,60,663,3,6,1,0,0,3,1,1,6,0,1,60
330130330002,972,400,242,330,0,0,881,8,0,7,8,68,881,8,2,5,0,3,0,0,0,0,1,1,68
330130340001,1159,443,254,462,0,0,1031,18,0,3,14,93,1031,17,1,1,1,3,1,0,3,0,1,0,93
330130340002,1379,560,297,522,0,0,1247,17,0,4,13,98,1247,16,4,0,0,6,1,0,1,2,2,0,98
330130340003,1033,395,253,385,0,0,896,16,0,9,16,96,896,11,6,3,3,6,5,0,0,1,1,1,96
330130350001,1045,420,259,366,0,0,907,20,2,10,10,96,907,19,5,2,3,1,1,2,2,4,1,0,96
330130350002,924,374,215,335,0,0,828,24,2,3,5,62,828,24,2,1,0,1,0,2,0,0,1,0,62
330130350003,820,300,197,323,0,0,697,25,0,5,8,85,697,25,2,1,0,4,0,0,0,4,0,0,85
330130360001,763,285,146,332,0,0,674,11,0,4,11,63,674,11,1,3,0,4,0,0,1,0,1,0,63
330130360002,1238,478,262,498,0,0,1128,10,0,7,5,88,1128,8,2,2,4,2,2,0,1,1,0,0,88
330130360003,908,358,257,293,0,0,799,18,1,2,7,81,799,14,0,1,0,2,4,1,0,1,0,0,81
330130360004,1156,420,239,497,0,0,1029,15,0,11,14,87,1029,15,3,0,1,1,0,0,4,2,6,0,87
330130370001,1992,952,550,490,0,0,1733,43,0,16,34,166,1733,41,9,8,2,19,2,0,0,1,3,2,166
330130380001,1044,382,283,379,0,0,939,19,0,8,9,69,939,19,5,2,4,0,0,0,1,0,1,1,69
330130380002,841,344,224,273,0,0,716,26,0,14,7,78,716,25,1,5,4,4,1,0,1,1,1,0,78
330130380003,815,322,252,241,0,0,727,14,0,2,3,69,727,14,1,1,0,0,0,0,2,1,0,0,69
330130385001,1142,486,344,312,0,0,988,31,0,6,10,107,988,29,1,0,4,2,2,0,0,1,0,0,107
330130385002,1077,485,288,304,0,0,957,15,1,2,17,85,957,15,3,1,0,5,0,1,3,0,1,0,85
330130385003,1757,862,373,522,0,0,1564,20,0,9,22,142,1564,20,4,0,3,7,0,0,6,3,0,3,142
330130390001,605,186,244,175,0,0,525,2,0,3,11,64,525,2,7,3,0,2,0,0,1,0,0,0,64
330130390002,953,280,423,250,0,0,837,16,0,5,11,84,837,16,4,1,2,4,0,0,0,0,2,0,84
330130390003,1044,293,459,292,0,0,910,20,0,6,13,95,910,18,4,1,2,3,2,0,5,1,2,0,95
330130390004,1183,278,591,314,0,0,1027,17,0,9,12,118,1027,17,3,5,1,4,0,0,0,2,1,0,118
330130390005,932,252,409,271,0,0,824,16,2,4,13,73,824,13,2,0,1,4,3,2,4,3,0,0,73
330130400001,1192,427,373,392,0,0,1020,22,0,8,9,133,1020,21,3,5,0,2,1,0,3,0,2,1,133
330130400002,1245,543,498,204,0,0,963,79,27,14,14,148,963,76,3,4,6,7,3,27,0,2,1,1,148
330130400003,1216,493,355,368,0,0,1052,21,4,9,9,121,1052,18,2,2,2,1,3,4,0,2,2,1,121
330130405011,1366,550,392,424,0,0,1225,15,1,4,7,114,1225,14,1,0,1,1,1,1,1,0,0,3,114
330130405021,856,347,276,233,0,0,761,16,0,11,7,61,761,16,1,1,2,2,0,0,0,1,3,2,61
330130405022,1390,608,374,408,0,0,1194,15,0,9,23,149,1194,15,5,2,4,3,0,0,5,1,1,0,149
330130405023,1013,446,275,292,0,0,909,19,4,5,11,65,909,19,3,4,0,0,0,4,4,0,1,0,65
330130410011,487,173,161,153,0,0,421,5,2,4,5,50,421,5,0,0,2,0,0,2,2,0,1,1,50
330130410012,1195,396,436,363,0,0,1050,9,0,13,20,103,1050,9,10,4,5,2,0,0,2,2,1,0,103
330130410021,563,197,219,147,0,0,500,3,0,9,5,46,500,3,1,3,2,2,0,0,0,2,0,2,46
330130410022,1574,558,646,370,0,0,1306,35,23,19,20,171,1306,32,5,5,5,10,3,23,1,4,2,2,171
330130415001,750,345,138,267,0,0,665,14,0,3,4,64,665,13,1,1,0,1,1,0,2,2,0,0,64
330130415002,843,375,178,290,0,0,747,14,0,5,5,72,747,11,1,2,0,0,3,0,0,3,0,0,72
330130415003,1083,475,349,259,0,0,950,21,0,7,11,94,950,19,0,1,1,3,2,0,1,0,4,1,94
330130425001,766,260,321,185,0,0,663,17,0,5,5,76,663,17,2,4,0,2,0,0,0,0,0,1,76
330130425002,1200,473,354,373,0,0,1070,14,0,5,15,96,1070,14,5,0,4,2,0,0,0,0,0,1,96
330130425003,1125,515,241,369,0,0,1009,16,2,9,14,75,1009,14,3,3,1,4,2,2,3,3,2,0,75
330130430011,954,349,235,370,0,0,845,25,0,2,7,75,845,22,0,1,0,0,3,0,1,0,0,1,75
330130430012,690,331,163,196,0,0,591,20,0,2,9,68,591,17,2,0,0,2,3,0,0,1,1,0,68
330130430013,920,338,284,298,0,0,817,12,2,8,11,70,817,10,0,2,2,5,2,2,0,1,3,0,70
330130430021,561,195,151,215,0,0,509,5,0,0,0,47,509,5,0,0,0,0,0,0,0,0,0,0,47
330130430022,680,283,176,221,0,0,599,17,0,1,9,54,599,17,1,1,0,0,0,0,0,0,0,0,54
330130430023,731,299,201,231,0,0,652,9,0,4,7,59,652,9,1,2,0,1,0,0,1,0,0,0,59
330130430024,544,237,134,173,0,0,461,7,1,3,16,56,461,7,7,2,0,1,0,1,0,1,0,0,56
330130430025,556,206,164,186,0,0,496,13,1,0,2,44,496,12,0,0,0,0,1,1,0,0,0,0,44
330130440001,1289,561,286,442,0,0,1168,19,1,2,10,89,1168,17,4,0,1,2,2,1,2,0,1,0,89
330130440002,1312,553,318,441,0,0,1187,22,0,3,19,81,1187,19,5,0,1,2,3,0,1,0,0,2,81
330130440003,859,351,254,254,0,0,752,15,0,5,13,74,752,15,6,1,3,1,0,0,4,1,0,0,74
330130441001,1107,391,398,318,0,0,949,15,3,18,20,102,949,13,12,2,9,2,2,3,1,0,5,1,102
330130441002,943,299,394,250,0,0,796,11,3,47,8,78,796,11,3,12,24,1,0,3,0,0,5,3,78
330130441003,459,150,186,123,0,0,349,22,8,16,23,41,349,20,13,7,6,0,2,8,0,0,1,1,41
330130442001,1162,396,319,447,0,0,965,31,0,42,33,91,965,30,10,9,30,14,1,0,2,0,2,1,91
330130442002,1438,494,348,596,0,0,1234,52,0,21,32,99,1234,47,14,6,6,2,5,0,4,2,2,4,99
330130442003,1664,637,555,472,0,0,1324,39,13,78,29,181,1324,34,10,16,50,4,5,13,5,6,2,2,181
330130442004,723,255,190,278,0,0,601,15,2,11,16,78,601,14,6,1,6,4,1,2,1,2,2,0,78
330130443001,707,300,240,167,0,0,607,8,2,3,9,78,607,8,3,2,0,5,0,2,0,0,1,0,78
330130443002,936,421,305,210,0,0,792,30,7,15,23,69,792,29,10,3,10,5,1,7,1,0,0,0,69
330130443003,1450,636,458,356,0,0,1229,29,3,24,21,144,1229,27,7,4,12,1,2,3,0,1,2,1,144
330019651001,874,330,217,327,0,0,767,9,1,4,13,80,767,9,2,0,2,6,0,1,3,0,1,0,80
330019651002,907,312,241,354,0,0,829,11,2,4,3,58,829,11,2,1,0,0,0,2,1,2,0,1,58
330019651003,906,317,273,316,0,0,782,21,0,5,18,80,782,20,11,0,3,3,1,0,0,0,1,1,80
330019652001,1180,521,258,401,0,0,1026,22,0,6,7,119,1026,22,3,2,4,2,0,0,0,0,0,0,119
330019652002,777,319,187,271,0,0,687,12,0,2,11,65,687,12,2,2,0,4,0,0,3,0,0,0,65
330019652003,564,233,148,183,0,0,487,14,2,9,3,49,487,13,1,3,1,0,1,2,0,1,1,3,49
330019653001,926,388,212,326,0,0,820,7,0,3,13,83,820,7,4,0,0,2,0,0,6,1,1,1,83
330019653002,1197,506,241,450,0,0,1052,17,0,11,11,106,1052,15,5,5,0,1,2,0,3,3,2,1,106
330019653003,956,364,246,346,0,0,843,7,0,9,11,86,843,7,3,2,0,4,0,0,0,3,2,2,86
330019654001,755,262,179,314,0,0,666,10,0,3,12,64,666,9,4,3,0,2,1,0,4,0,0,0,64
330019654002,1670,571,463,636,0,0,1482,18,2,15,17,136,1482,18,8,6,5,6,0,2,1,0,3,1,136
330019655981,848,304,269,275,0,0,746,23,0,5,7,67,746,23,1,2,0,2,0,0,4,0,2,0,67
330019655982,1024,439,283,302,0,0,904,10,0,12,15,83,904,10,5,1,5,3,0,0,2,0,2,3,83
330019655983,779,293,202,284,0,0,684,14,0,17,6,58,684,12,1,1,5,2,2,0,2,5,3,3,58
330019656001,922,345,228,349,0,0,814,6,0,3,9,90,814,6,5,2,1,2,0,0,1,0,0,0,90
330019656002,1241,454,259,528,0,0,1145,12,1,2,8,73,1145,9,1,0,0,2,3,1,2,0,1,1,73
330019656003,776,294,196,286,0,0,671,12,1,3,13,76,671,10,4,1,1,1,2,1,4,0,1,0,76
330019657001,1580,654,389,537,0,0,1364,30,3,6,11,166,1364,27,2,3,0,5,3,3,0,2,1,0,166
330019657002,1237,460,299,478,0,0,1089,28,0,10,9,101,1089,26,0,2,0,5,2,0,1,3,2,3,101
330019657003,893,325,203,365,0,0,814,15,1,4,13,46,814,12,2,1,0,7,3,1,3,3,0,0,46
330019658011,756,244,203,309,0,0,680,7,1,5,4,59,680,7,2,3,1,0,0,1,1,0,1,0,59
330019658012,987,306,274,407,0,0,871,20,0,17,11,68,871,18,5,7,1,2,2,0,1,6,2,1,68
330019658013,583,207,159,217,0,0,507,14,0,1,5,56,507,12,0,0,0,3,2,0,0,0,1,0,56
330019658021,1373,427,327,619,0,0,1229,27,1,8,5,103,1229,22,1,5,0,3,5,1,0,2,1,0,103
330019658022,559,151,165,243,0,0,508,9,0,2,6,34,508,9,2,1,1,1,0,0,1,0,0,0,34
330019658023,806,251,241,314,0,0,739,7,1,0,10,49,739,7,2,0,0,3,0,1,0,0,0,0,49
330019659001,698,249,202,247,0,0,627,10,0,1,10,50,627,10,2,1,0,0,0,0,2,0,0,0,50
330019659002,329,132,115,82,0,0,281,10,0,3,4,31,281,10,0,0,1,2,0,0,0,0,0,1,31
330019659003,419,197,102,120,0,0,364,9,0,1,0,45,364,9,0,1,0,0,0,0,0,0,0,0,45
330019659004,810,316,197,297,0,0,718,20,1,4,9,58,718,18,0,2,0,6,2,1,0,2,0,0,58
330019660001,534,184,158,192,0,0,466,12,0,5,6,45,466,9,4,0,2,0,3,0,0,0,1,1,45
330019660002,373,132,113,128,0,0,331,5,0,3,3,31,331,5,0,1,0,1,0,0,1,0,0,1,31
330019660003,633,228,226,179,0,0,554,16,1,4,10,48,554,15,6,0,1,3,1,1,0,0,2,0,48
330019660004,825,295,246,284,0,0,706,18,0,7,9,85,706,16,4,3,3,1,2,0,0,0,1,0,85
330019660005,799,285,236,278,0,0,676,16,1,17,15,74,676,16,7,7,7,5,0,1,0,1,0,1,74
330019661001,549,203,145,201,0,0,468,11,1,8,7,54,468,10,3,4,1,0,1,1,2,1,0,1,54
330019661002,1070,366,299,405,0,0,930,17,1,4,15,103,930,17,6,2,0,1,0,1,5,1,0,1,103
330019661003,617,175,190,252,0,0,558,6,1,0,4,48,558,6,0,0,0,3,0,1,0,0,0,0,48
330019661004,504,196,116,192,0,0,438,7,1,3,13,42,438,6,6,2,1,3,1,1,1,0,0,0,42
330019661005,658,267,141,250,0,0,592,9,0,2,11,44,592,9,3,0,2,6,0,0,1,0,0,0,44
330019662001,1158,427,224,507,0,0,1012,23,3,7,15,98,1012,22,3,0,3,1,1,2,5,1,2,1,98
330019662002,1230,473,320,437,0,0,1099,20,0,7,7,97,1099,19,0,2,1,0,1,0,1,1,1,0,97
330019664011,1244,521,250,473,0,0,1086,16,0,2,28,112,1086,15,12,0,0,8,1,0,1,2,0,0,112
330019664031,844,332,198,314,0,0,758,20,0,3,11,52,758,17,4,1,1,0,3,0,1,0,0,0,52
330019664032,1100,422,263,415,0,0,960,23,0,14,14,89,960,19,4,4,8,5,4,0,0,0,1,1,89
330019664033,1202,524,268,410,0,0,1028,36,0,9,10,119,1028,33,5,4,4,3,3,0,1,1,0,0,119
330019664041,701,246,175,280,0,0,635,10,0,1,4,51,635,8,0,0,1,1,2,0,0,0,0,0,51
330019664042,1194,423,370,401,0,0,1065,13,1,8,12,95,1065,12,5,1,3,1,1,1,4,0,1,3,95
330019665011,1244,415,264,565,0,0,1115,8,1,3,22,95,1115,8,3,2,0,5,0,1,5,1,0,0,95
330019665012,1117,426,230,461,0,0,975,10,0,6,20,106,975,8,1,2,1,8,2,0,1,3,0,0,106
330019665021,1065,389,231,445,0,0,954,24,0,6,8,73,954,23,3,1,0,0,1,0,2,1,4,0,73
330019665022,621,236,93,292,0,0,544,8,4,4,7,54,544,8,0,0,1,2,0,4,2,0,3,0,54
330019665023,516,195,92,229,0,0,457,3,0,2,5,49,457,3,0,0,2,0,0,0,3,0,0,0,49
330199751001,1192,452,453,287,0,0,1060,15,1,7,12,97,1060,14,2,2,1,6,1,1,0,2,1,0,97
330199751002,763,321,287,155,0,0,681,12,0,8,1,61,681,12,1,1,1,0,0,0,0,0,1,5,61
330199751003,964,411,363,190,0,0,858,15,0,10,8,73,858,15,2,3,4,2,0,0,0,1,2,0,73
330199752001,936,394,240,302,0,0,821,22,3,4,12,74,821,21,2,0,1,7,1,3,2,1,1,1,74
330199752002,674,331,135,208,0,0,593,6,0,5,7,63,593,6,2,2,0,5,0,0,0,0,2,1,63
330199752003,1806,649,806,351,0,0,1547,45,1,32,20,161,1547,43,4,18,6,10,2,1,0,1,3,4,161
330199752004,704,296,232,176,0,0,608,11,0,11,9,65,608,11,1,5,1,4,0,0,0,3,0,2,65
330199753001,789,332,183,274,0,0,691,13,0,4,8,73,691,12,1,4,0,3,1,0,1,0,0,0,73
330199753002,904,424,205,275,0,0,825,10,0,7,6,56,825,10,2,0,1,1,0,0,2,0,0,6,56
330199753003,594,283,137,174,0,0,527,9,0,8,6,44,527,9,0,4,0,5,0,0,0,1,2,1,44
330199753004,570,263,141,166,0,0,481,5,1,5,6,72,481,5,0,3,1,5,0,1,1,1,0,0,72
330199754011,853,341,228,284,0,0,761,6,0,3,12,71,761,6,1,0,0,7,0,0,1,2,1,0,71
330199754012,466,192,125,149,0,0,408,5,0,2,9,42,408,4,2,1,0,0,1,0,0,0,0,1,42
330199754013,645,253,175,217,0,0,580,11,0,3,6,45,580,11,2,0,1,2,0,0,0,2,0,0,45
330199754021,949,340,228,381,0,0,855,18,0,6,1,69,855,18,1,0,0,0,0,0,0,1,0,5,69
330199754022,589,227,144,218,0,0,527,5,0,7,6,44,527,5,2,1,0,1,0,0,1,1,0,4,44
330199754023,659,287,158,214,0,0,586,4,0,3,11,55,586,4,2,1,1,3,0,0,1,1,0,0,55
330199755001,766,365,156,245,0,0,679,13,0,2,6,66,679,12,1,0,0,2,1,0,1,0,0,1,66
330199755002,517,239,98,180,0,0,476,7,0,1,1,32,476,5,0,0,0,1,2,0,0,1,0,0,32
330199755003,868,386,187,295,0,0,756,23,0,1,18,70,756,15,6,0,0,5,8,0,1,0,1,0,70
330199756001,1020,429,244,347,0,0,909,19,0,5,12,75,909,19,0,2,0,3,0,0,4,2,0,1,75
330199756002,622,276,190,156,0,0,536,21,0,2,1,62,536,20,0,1,0,1,1,0,0,0,1,0,62
330199756003,404,157,108,139,0,0,364,6,0,1,0,33,364,5,0,1,0,0,1,0,0,0,0,0,33
330199757001,1371,580,413,378,0,0,1222,18,4,3,14,110,1222,18,5,1,1,4,0,4,1,0,1,0,110
330199757002,613,232,192,189,0,0,537,9,0,1,11,55,537,8,0,0,0,4,1,0,0,0,1,0,55
330199757003,638,253,194,191,0,0,550,10,0,2,9,67,550,10,0,2,0,1,0,0,6,0,0,0,67
330199757004,545,191,213,141,0,0,472,7,0,0,12,54,472,7,0,0,0,3,0,0,0,0,0,0,54
330199758001,500,193,161,146,0,0,446,7,0,6,6,35,446,4,1,0,6,1,3,0,2,0,0,0,35
330199758002,599,222,218,159,0,0,522,11,0,1,9,56,522,10,0,0,1,6,1,0,0,0,0,0,56
330199758003,525,153,194,178,0,0,467,12,1,5,4,36,467,12,0,2,2,2,0,1,0,0,0,0,36
330199758004,450,165,150,135,0,0,407,4,0,1,10,28,407,4,2,0,0,6,0,0,0,0,1,0,28
330199758005,542,184,196,162,0,0,486,10,0,0,7,39,486,10,3,0,0,3,0,0,1,0,0,0,39
330199759011,740,284,238,218,0,0,652,9,1,1,9,68,652,9,4,1,0,4,0,1,0,0,0,0,68
330199759012,994,357,311,326,0,0,901,12,0,6,11,64,901,11,3,4,0,5,1,0,1,0,2,0,64
330199759013,320,127,120,73,0,0,274,8,0,2,1,35,274,8,0,0,1,0,0,0,0,1,0,0,35
330199759014,310,126,108,76,0,0,279,5,0,3,2,21,279,5,0,2,0,1,0,0,1,0,0,0,21
330199759021,275,102,100,73,0,0,233,8,2,2,7,23,233,7,0,1,1,6,1,2,0,0,0,0,23
330199759022,483,190,164,129,0,0,427,10,0,4,1,41,427,8,0,0,2,1,2,0,0,0,1,1,41
330199759023,514,172,181,161,0,0,449,8,0,3,6,48,449,8,3,0,2,1,0,0,1,0,0,0,48
330199759024,456,128,180,148,0,0,392,7,0,6,14,37,392,7,6,2,1,5,0,0,3,1,2,0,37
330099601011,887,319,256,312,0,0,769,29,0,6,11,72,769,28,1,4,2,1,1,0,4,0,0,0,72
330099601012,861,263,234,364,0,0,737,18,0,9,16,81,737,15,3,2,1,6,3,0,5,0,6,0,81
330099601021,663,209,224,230,0,0,597,18,0,5,6,37,597,15,1,0,3,2,3,0,0,0,2,0,37
330099601022,520,167,195,158,0,0,461,18,0,3,5,33,461,16,1,0,0,1,2,0,0,1,1,1,33
330099601023,754,262,186,306,0,0,683,15,0,1,2,53,683,14,0,1,0,1,1,0,1,0,0,0,53
330099602001,958,348,383,227,0,0,821,28,0,7,15,87,821,25,4,2,2,2,3,0,0,0,0,2,87
330099602002,1012,417,332,263,0,0,847,17,0,14,19,115,847,14,7,9,3,8,3,0,1,1,1,0,115
330099602003,703,297,229,177,0,0,608,9,0,14,9,63,608,9,4,6,7,3,0,0,0,0,1,0,63
330099602004,718,326,269,123,0,0,653,10,0,7,2,46,653,8,0,3,2,1,2,0,0,2,0,0,46
330099603001,354,141,93,120,0,0,310,6,0,3,2,33,310,6,1,1,0,0,0,0,0,0,1,1,33
330099603002,614,240,170,204,0,0,532,13,0,3,5,61,532,13,1,1,1,3,0,0,0,1,0,0,61
330099603003,1056,413,242,401,0,0,953,13,0,6,6,78,953,13,0,1,0,3,0,0,3,1,3,1,78
330099603004,195,74,41,80,0,0,171,2,0,2,3,17,171,2,2,0,0,1,0,0,0,0,2,0,17
330099603005,1101,500,280,321,0,0,967,9,0,7,25,93,967,9,4,4,0,9,0,0,4,0,2,1,93
330099604011,1120,502,322,296,0,0,976,14,2,8,13,107,976,13,2,4,2,4,1,2,4,0,1,1,107
330099604012,997,440,299,258,0,0,873,10,0,8,12,94,873,9,2,2,1,4,1,0,5,1,2,2,94
330099604021,470,237,119,114,0,0,397,9,1,5,8,50,397,9,0,3,2,6,0,1,2,0,0,0,50
330099604022,951,506,241,204,0,0,788,27,0,30,14,92,788,26,3,10,13,5,1,0,1,1,3,3,92
330099605001,544,277,122,145,0,0,473,8,7,2,2,52,473,5,0,1,1,0,3,7,0,0,0,0,52
330099605002,718,384,162,172,0,0,640,15,1,4,11,47,640,11,0,2,1,8,4,1,0,0,1,0,47
330099605003,563,262,108,193,0,0,491,15,0,2,9,46,491,11,4,1,0,5,4,0,0,1,0,0,46
330099606001,1314,502,326,486,0,0,1130,16,1,9,11,147,1130,15,5,5,1,1,1,1,3,1,1,1,147
330099606002,829,349,208,272,0,0,734,23,3,2,9,58,734,23,1,2,0,6,0,2,2,0,0,0,58
330099606003,1113,434,289,390,0,0,950,16,1,30,9,107,950,16,5,15,6,0,0,1,0,2,7,0,107
330099607001,710,307,131,272,0,0,624,8,0,2,5,71,624,5,3,2,0,0,3,0,0,0,0,0,71
330099607002,892,341,324,227,0,0,793,17,2,7,2,71,793,17,0,4,0,0,0,2,0,0,1,2,71
330099607003,484,206,130,148,0,0,428,0,0,2,4,50,428,0,1,0,1,3,0,0,0,0,1,0,50
330099608011,1097,397,371,329,0,0,934,24,1,7,23,108,934,24,8,0,4,6,0,1,3,1,2,0,108
330099608012,737,303,222,212,0,0,639,12,1,3,16,66,639,12,5,0,1,6,0,1,0,1,0,1,66
330099608013,848,364,247,237,0,0,741,24,0,4,8,71,741,20,5,1,1,0,4,0,0,0,1,1,71
330099608021,514,206,80,228,0,0,457,5,1,4,2,45,457,5,0,0,2,1,0,1,0,1,1,0,45
330099608022,769,368,186,215,0,0,668,13,0,3,6,79,668,11,0,0,0,3,2,0,1,1,1,1,79
330099609001,879,308,469,102,0,0,730,16,0,9,19,105,730,14,4,0,3,10,2,0,1,1,2,1,105
330099609002,604,229,291,84,0,0,492,5,2,11,9,85,492,5,3,4,1,2,0,2,3,1,2,2,85
330099609003,480,236,92,152,0,0,437,9,0,5,0,29,437,9,0,2,2,0,0,0,0,1,0,0,29
330099609004,729,370,109,250,0,0,645,10,0,3,8,63,645,9,2,3,0,2,1,0,0,0,0,0,63
330099610011,664,276,220,168,0,0,577,14,0,9,11,53,577,13,4,0,6,3,1,0,3,0,2,1,53
330099610012,2131,1265,634,232,0,0,1706,73,7,22,37,286,1706,67,13,6,4,8,6,7,10,5,3,2,286
330099610013,658,277,288,93,0,0,563,12,2,7,9,65,563,11,6,2,4,2,1,2,1,0,0,0,65
330099610021,1430,789,445,196,0,0,1190,45,0,14,10,171,1190,44,3,9,1,2,1,0,1,2,0,2,171
330099610022,2028,856,716,456,0,0,1714,39,1,35,29,210,1714,37,13,12,4,8,2,1,0,6,9,2,210
330099611011,347,184,78,85,0,0,317,3,0,0,2,25,317,3,2,0,0,0,0,0,0,0,0,0,25
330099611012,522,253,134,135,0,0,443,6,1,9,7,56,443,5,2,4,3,2,1,1,0,1,1,0,56
330099611013,603,251,178,174,0,0,533,14,0,6,7,43,533,12,0,2,3,1,2,0,1,0,0,1,43
330099611021,477,189,170,118,0,0,423,5,2,2,2,43,423,5,2,0,0,0,0,2,0,0,1,1,43
330099611022,1147,423,391,333,0,0,999,15,0,12,15,106,999,15,5,9,0,4,0,0,0,1,2,0,106
330099612011,464,190,98,176,0,0,407,8,2,2,1,44,407,8,1,1,0,0,0,2,0,1,0,0,44
330099612012,681,252,192,237,0,0,598,7,0,2,12,62,598,6,2,0,0,0,1,0,4,0,1,1,62
330099612013,931,346,254,331,0,0,843,15,1,22,8,42,843,13,4,16,2,1,2,1,0,2,0,2,42
330099612021,947,372,217,358,0,0,834,11,0,4,6,92,834,11,4,0,1,2,0,0,0,0,2,0,92
330099612022,291,124,64,103,0,0,254,6,0,7,3,21,254,4,1,5,1,0,2,0,1,0,1,0,21
330099613001,1230,542,270,418,0,0,1083,26,0,8,9,104,1083,26,2,1,2,1,0,0,1,3,0,2,104
330099613002,572,276,125,171,0,0,496,6,0,2,8,60,496,4,2,1,0,6,2,0,0,0,1,0,60
330099613003,568,244,153,171,0,0,483,7,0,11,3,64,483,4,3,3,5,0,3,0,0,2,1,0,64
330099614001,946,409,298,239,0,0,832,15,0,11,12,76,832,12,4,4,1,3,3,0,2,2,1,3,76
330099614002,981,472,282,227,0,0,874,17,0,7,9,74,874,15,3,3,3,2,2,0,3,0,0,0,74
330099614003,765,351,263,151,0,0,692,2,0,7,8,56,692,2,2,1,4,1,0,0,0,0,0,2,56
330099615001,665,258,275,132,0,0,571,20,0,2,7,65,571,20,4,0,0,1,0,0,0,0,2,0,65
330099615002,1173,419,453,301,0,0,1069,11,0,6,9,78,1069,10,0,0,3,5,1,0,2,2,1,0,78
330099615003,476,160,209,107,0,0,416,9,0,8,7,36,416,8,0,5,1,2,1,0,3,0,0,2,36
330099615004,944,300,397,247,0,0,815,17,2,6,16,88,815,17,4,1,3,3,0,2,0,1,1,0,88
330099616011,1247,520,620,107,0,0,958,30,0,81,34,144,958,30,6,50,16,8,0,0,7,3,9,2,144
330099616012,1411,605,653,153,0,0,1066,28,3,88,40,186,1066,28,8,35,33,19,0,2,4,5,6,8,186
330099616031,398,153,211,34,0,0,316,8,0,16,6,52,316,8,3,10,3,3,0,0,0,0,2,1,52
330099616032,2390,903,1355,132,0,0,1546,101,26,270,84,363,1546,100,35,137,68,15,1,26,7,12,40,10,363
330099616033,751,329,372,50,0,0,506,48,18,72,22,85,506,48,9,33,18,5,0,18,2,5,8,7,85
330099616041,909,384,483,42,0,0,666,31,3,61,24,124,666,31,7,30,20,12,0,3,0,2,8,0,124
330099616042,2363,1025,1214,124,0,0,1478,114,34,319,80,338,1478,111,38,149,87,24,3,33,4,12,52,9,338
330099616043,871,319,512,40,0,0,615,42,5,59,31,119,615,42,14,26,13,7,0,5,1,3,10,4,119
330099617011,648,195,284,169,0,0,535,12,2,27,11,61,535,12,6,10,11,3,0,2,0,0,3,2,61
330099617012,699,238,349,112,0,0,549,22,5,35,23,65,549,22,8,11,10,2,0,5,2,2,9,0,65
330099617013,894,346,406,142,0,0,633,41,7,64,31,118,633,40,14,29,23,6,1,7,1,0,9,2,118
330099617014,710,267,341,102,0,0,528,24,4,51,19,84,528,24,11,27,12,6,0,4,0,2,3,2,84
330099617021,1425,503,668,254,0,0,1128,51,4,66,38,138,1128,50,14,33,18,8,1,4,0,5,6,4,138
330099617022,848,322,386,140,0,0,670,30,5,27,14,102,670,29,6,5,12,3,1,5,1,0,6,4,102
330099618011,372,118,163,91,0,0,337,8,0,3,0,24,337,8,0,1,1,0,0,0,0,1,0,0,24
330099618012,1155,400,530,225,0,0,974,25,2,17,27,110,974,24,7,5,7,9,1,2,0,0,0,3,110
330099618021,1042,325,550,167,0,0,862,18,4,29,22,107,862,18,7,10,8,8,0,4,2,3,4,2,107
330099618022,909,305,476,128,0,0,719,21,0,31,16,122,719,19,7,9,6,5,2,0,2,3,7,1,122
330099618023,427,137,236,54,0,0,355,15,0,18,2,37,355,13,1,7,6,1,2,0,0,1,2,1,37
