BlockGroupID,total_reg,party_rep,party_npp,party_dem,party_oth,party_unk,eth1_eur,eth1_hisp,eth1_aa,eth1_esa,eth1_oth,eth1_unk,eth2_euro,eth2_64,eth2_30,eth2_34,eth2_81,eth2_10,eth2_unk
380139533001,692,372,237,83,0,0,544,13,0,8,5,122,544,13,4,0,0,1,122
380139533002,576,345,182,49,0,0,503,6,0,3,0,64,503,6,0,0,0,2,64
380299665001,499,311,132,56,0,0,399,6,0,1,3,90,399,5,2,0,0,1,90
380299665002,439,288,124,27,0,0,349,1,1,0,1,87,349,1,1,0,0,0,87
380299665003,440,265,155,20,0,0,382,7,0,1,0,50,382,6,0,0,0,0,50
380299665004,762,386,298,78,0,0,609,10,0,3,3,137,609,10,0,1,2,1,137
380579616001,694,431,162,101,0,0,583,5,0,5,6,95,583,5,1,1,0,3,95
380579616002,921,535,281,105,0,0,759,6,8,3,5,140,759,6,1,2,0,0,140
380579617001,1065,616,340,109,0,0,833,14,1,4,22,191,833,14,3,7,0,0,191
380579617002,341,193,127,21,0,0,277,2,0,2,3,57,277,2,0,2,0,0,57
380579617003,470,280,142,48,0,0,369,11,0,5,9,76,369,11,1,4,0,1,76
380579618001,721,465,197,59,0,0,593,4,0,2,9,113,593,4,1,4,0,1,113
380579618002,406,236,112,58,0,0,308,13,1,0,10,74,308,13,1,7,0,0,74
380579618003,621,419,112,90,0,0,488,5,7,5,7,109,488,5,2,3,0,4,109
380819740001,532,283,6,243,0,0,422,3,1,7,8,91,422,3,1,3,0,3,91
380819740002,327,178,0,149,0,0,280,1,0,1,4,41,280,1,1,2,0,1,41
380819742001,370,227,1,142,0,0,287,4,0,1,4,74,287,4,2,2,0,1,74
380819742002,394,174,0,220,0,0,323,1,0,0,6,64,323,1,2,0,0,0,64
380819742003,325,161,0,164,0,0,265,3,0,1,2,54,265,3,0,0,1,1,54
380819742004,401,200,0,201,0,0,338,7,0,6,3,47,338,7,0,2,0,0,47
380539401001,457,49,350,58,0,0,314,26,1,1,40,75,314,26,0,0,40,0,75
380539623011,666,324,247,95,0,0,540,14,0,3,5,104,540,14,2,1,1,1,104
380539623012,840,341,396,103,0,0,661,51,2,7,5,114,661,50,1,0,3,3,114
380539623021,295,108,147,40,0,0,246,13,0,0,0,36,246,13,0,0,0,0,36
380539623022,380,145,194,41,0,0,292,16,0,1,7,64,292,16,1,0,0,0,64
380539623023,233,139,73,21,0,0,178,2,0,3,14,36,178,2,0,2,0,3,36
380539624001,654,267,323,64,0,0,494,33,1,5,15,106,494,33,1,4,0,2,106
380539624002,400,168,193,39,0,0,332,12,0,3,3,50,332,11,0,0,0,1,50
380539624003,1058,377,536,145,0,0,833,51,2,12,8,152,833,51,2,3,0,4,152
380539625001,558,212,300,46,0,0,446,10,0,2,8,92,446,10,1,5,1,0,92
380539625002,3,0,3,0,0,0,3,0,0,0,0,0,3,0,0,0,0,0,0
380539625003,210,126,68,16,0,0,181,2,0,1,6,20,181,2,1,0,0,1,20
380719576001,802,426,267,109,0,0,664,9,1,6,11,111,664,9,2,1,6,1,111
380719576002,439,137,261,41,0,0,343,9,0,7,6,74,343,9,1,0,4,2,74
380719576003,390,106,209,75,0,0,303,9,1,2,8,67,303,9,0,1,7,1,67
380719576004,643,330,229,84,0,0,540,11,2,2,1,87,540,11,0,0,1,2,87
380719577001,516,333,128,55,0,0,445,3,0,4,4,60,445,3,2,2,0,3,60
380719577002,1035,522,174,339,0,0,854,14,3,12,34,118,854,14,1,1,24,6,118
380719577003,298,181,89,28,0,0,230,3,0,1,8,56,230,3,6,1,0,0,56
380719577004,1192,254,59,879,0,0,930,16,0,3,100,143,930,16,0,0,98,0,143
380719578001,811,518,127,166,0,0,687,8,0,4,14,98,687,8,2,2,2,2,98
380719578002,385,154,195,36,0,0,308,5,1,7,3,61,308,5,0,0,3,3,61
380719578003,690,383,214,93,0,0,568,12,0,5,7,98,568,12,0,2,4,2,98
380719578004,466,208,208,50,0,0,384,6,0,2,6,68,384,6,0,1,2,0,68
380899633001,509,223,225,61,0,0,398,19,0,1,3,88,398,18,0,0,0,0,88
380899633002,485,311,125,49,0,0,409,3,0,5,4,64,409,3,0,3,0,3,64
380899634001,1079,597,326,156,0,0,825,26,0,8,24,196,825,26,1,5,4,1,196
380899634002,957,473,323,161,0,0,719,40,1,10,16,171,719,40,4,4,1,4,171
380899634003,626,303,214,109,0,0,451,17,1,4,11,142,451,17,0,6,0,2,142
380899635011,968,515,290,163,0,0,731,21,1,6,36,173,731,21,3,18,3,2,173
380899635012,636,336,127,173,0,0,503,8,0,6,15,104,503,8,3,6,1,3,104
380899635013,520,287,142,91,0,0,403,4,2,4,12,95,403,4,3,2,0,0,95
380899635021,259,68,151,40,0,0,175,20,1,4,12,47,175,20,3,0,1,0,47
380899635022,670,316,273,81,0,0,503,29,2,5,12,119,503,29,2,2,2,3,119
380899635023,479,188,235,56,0,0,369,27,6,3,12,62,369,27,3,6,0,1,62
380899635024,727,336,270,121,0,0,564,11,3,3,18,128,564,11,3,5,4,0,128
380899636001,500,208,239,53,0,0,382,21,1,7,14,75,382,20,1,1,2,3,75
380899636002,410,196,173,41,0,0,308,15,2,1,6,78,308,15,1,2,0,0,78
380899636003,234,79,132,23,0,0,185,7,0,0,2,40,185,7,0,0,0,0,40
380899637001,572,183,315,74,0,0,418,21,3,5,8,117,418,21,3,2,0,0,117
380899637002,283,93,161,29,0,0,205,12,0,2,8,56,205,12,0,2,0,0,56
380899637003,804,445,279,80,0,0,600,28,2,6,16,152,600,28,3,6,1,1,152
380899637004,419,207,148,64,0,0,312,13,0,0,9,85,312,13,0,5,0,0,85
380899638001,549,211,281,57,0,0,424,19,2,0,10,94,424,19,3,6,0,0,94
380899638002,710,446,148,116,0,0,533,18,1,6,9,143,533,18,3,1,0,3,143
380899638003,333,128,169,36,0,0,277,5,0,1,2,48,277,5,0,1,1,0,48
380899638004,769,374,327,68,0,0,582,24,1,5,21,136,582,24,3,5,3,2,136
380899639001,625,410,165,50,0,0,468,7,0,2,7,141,468,6,0,3,2,2,141
380899639002,826,516,176,134,0,0,631,9,0,1,25,160,631,9,0,10,3,1,160
380899639003,924,519,294,111,0,0,714,11,0,3,18,178,714,11,2,6,0,2,178
380899640001,658,316,285,57,0,0,491,11,0,1,16,139,491,11,1,3,0,0,139
380899640002,545,315,186,44,0,0,377,5,0,6,13,144,377,3,0,6,1,0,144
380739689001,335,187,115,33,0,0,259,3,0,0,1,72,259,3,1,0,0,0,72
380739689002,437,181,191,65,0,0,357,3,1,0,2,74,357,3,1,1,0,0,74
380739690001,506,289,149,68,0,0,388,6,9,3,2,98,388,6,0,0,0,2,98
380739690002,405,221,119,65,0,0,350,1,3,2,4,45,350,1,0,1,0,2,45
380739691001,702,72,27,603,0,0,573,10,5,5,10,99,573,10,4,1,0,2,99
380739691002,558,202,239,117,0,0,446,11,0,2,8,91,446,11,1,0,0,1,91
380519729001,585,354,176,55,0,0,467,8,0,2,4,104,467,8,2,2,0,1,104
380519729002,625,414,140,71,0,0,530,5,0,2,3,85,530,5,3,0,0,1,85
380519729003,453,237,170,46,0,0,383,2,0,1,3,64,383,2,1,1,0,0,64
380859408001,395,4,0,391,0,0,180,19,3,10,69,114,180,19,1,0,68,6,114
380859408002,257,31,0,226,0,0,199,5,0,2,5,46,199,5,0,1,4,2,46
380859409001,679,24,1,654,0,0,410,16,0,8,89,156,410,14,6,0,73,4,156
380859409002,395,5,0,390,0,0,245,6,2,4,48,90,245,5,2,0,41,3,90
380319596001,590,318,185,87,0,0,484,8,0,2,4,92,484,8,0,2,0,1,92
380319596002,788,522,170,96,0,0,658,15,0,0,6,109,658,15,2,1,0,0,109
380319596003,658,327,227,104,0,0,545,13,0,6,3,91,545,13,0,0,0,3,91
380999578001,315,207,83,25,0,0,240,9,0,3,10,53,240,7,0,6,0,1,53
380999578002,502,297,154,51,0,0,367,18,0,5,17,95,367,18,2,8,0,1,95
380999579001,343,155,140,48,0,0,251,32,0,5,7,48,251,32,3,3,1,2,48
380999579002,229,111,71,47,0,0,144,30,0,5,3,47,144,30,1,0,0,0,47
380999580001,532,266,184,82,0,0,394,48,0,9,10,71,394,48,1,5,2,3,71
380999580002,756,418,207,131,0,0,591,35,1,14,9,106,591,35,0,3,0,3,106
380999581001,430,266,95,69,0,0,339,6,0,5,7,73,339,6,0,1,0,1,73
380999581002,485,283,144,58,0,0,366,2,0,1,17,99,366,2,8,2,0,1,99
380999581003,362,221,95,46,0,0,276,5,0,6,18,57,276,5,1,7,0,0,57
380999582001,375,202,128,45,0,0,272,8,0,3,9,83,272,7,0,0,0,0,83
380999582002,530,299,160,71,0,0,421,5,3,1,15,85,421,5,0,8,0,0,85
380999583001,412,275,113,24,0,0,312,0,0,0,2,98,312,0,0,2,0,0,98
380999583002,336,217,70,49,0,0,257,3,0,0,15,61,257,3,9,5,1,0,61
380979701001,550,310,163,77,0,0,435,6,0,7,8,94,435,6,0,4,0,5,94
380979701002,256,133,107,16,0,0,202,5,0,0,3,46,202,5,0,0,0,0,46
380979701003,462,260,159,43,0,0,372,5,0,6,1,78,372,5,0,1,0,4,78
380979702001,645,293,248,104,0,0,523,15,0,4,4,99,523,15,0,1,0,2,99
380979702002,492,236,185,71,0,0,382,10,2,5,9,84,382,10,0,2,0,3,84
380979702003,547,296,176,75,0,0,397,11,0,2,10,127,397,11,4,1,2,2,127
380979703001,268,147,109,12,0,0,223,1,0,1,0,43,223,1,0,0,0,1,43
380979703002,400,243,112,45,0,0,336,7,0,1,0,56,336,7,0,0,0,0,56
380979704001,369,145,175,49,0,0,286,23,0,3,2,55,286,20,0,0,0,0,55
380979704002,636,357,215,64,0,0,506,9,1,3,2,115,506,9,0,0,0,0,115
380219732001,502,286,180,36,0,0,403,13,0,1,11,74,403,13,3,4,1,0,74
380219732002,436,256,106,74,0,0,351,6,0,2,5,72,351,6,2,0,0,0,72
380219732003,315,193,93,29,0,0,261,2,0,0,7,45,261,1,0,1,4,0,45
380219733001,496,324,123,49,0,0,411,3,2,0,7,73,411,3,0,0,3,0,73
380219733002,366,261,69,36,0,0,313,1,0,4,1,47,313,1,1,0,0,2,47
380219734001,387,172,155,60,0,0,332,3,0,3,0,49,332,3,0,0,0,0,49
380219734002,313,158,123,32,0,0,253,10,0,3,0,47,253,8,0,0,0,0,47
380170001001,841,408,186,247,0,0,696,13,0,10,13,109,696,13,0,5,0,4,109
380170001002,833,326,206,301,0,0,679,8,1,11,13,121,679,7,0,6,0,3,121
380170001003,1238,575,107,556,0,0,981,24,1,14,25,193,981,24,11,5,0,8,193
380170001004,894,496,71,327,0,0,739,11,0,10,8,126,739,11,3,5,0,9,126
380170002031,686,109,54,523,0,0,542,12,0,2,20,110,542,12,2,4,6,0,110
380170002032,542,244,213,85,0,0,457,8,1,3,7,66,457,8,1,5,0,0,66
380170002033,452,173,172,107,0,0,362,13,1,4,3,69,362,13,0,2,0,2,69
380170002041,933,63,101,769,0,0,702,23,9,12,17,170,702,23,3,2,0,1,170
380170002042,477,220,145,112,0,0,390,10,0,3,2,72,390,10,2,0,0,0,72
380170002043,673,132,46,495,0,0,510,18,1,10,7,127,510,18,1,0,1,5,127
380170003001,278,12,97,169,0,0,195,7,1,12,8,55,195,7,2,2,0,3,55
380170003002,5,3,2,0,0,0,1,0,0,0,0,4,1,0,0,0,0,0,4
380170003003,198,0,152,46,0,0,138,6,2,5,1,46,138,6,0,1,0,1,46
380170003004,101,1,41,59,0,0,78,3,1,2,2,15,78,3,1,1,0,2,15
380170003005,773,370,82,321,0,0,640,12,0,12,13,96,640,12,2,7,1,8,96
380170004001,585,96,131,358,0,0,461,16,0,5,10,93,461,16,4,4,1,4,93
380170004002,863,157,211,495,0,0,671,23,1,14,14,140,671,23,3,7,1,7,140
380170004003,809,257,170,382,0,0,666,17,1,4,7,114,666,17,4,2,0,2,114
380170005011,717,132,271,314,0,0,583,16,0,11,13,94,583,16,2,5,0,5,94
380170005012,578,36,2,540,0,0,462,12,1,5,7,91,462,12,2,4,0,2,91
380170005013,535,31,4,500,0,0,407,19,0,2,6,101,407,19,2,0,2,2,101
380170005021,306,12,14,280,0,0,239,10,2,2,9,44,239,10,8,0,0,0,44
380170005022,336,3,16,317,0,0,257,8,2,5,2,62,257,8,1,1,0,3,62
380170005023,384,20,4,360,0,0,315,14,0,3,2,50,315,14,2,0,0,2,50
380170005024,271,1,21,249,0,0,196,8,0,6,7,54,196,8,2,0,0,2,54
380170006011,79,3,16,60,0,0,61,2,2,6,0,8,61,2,0,0,0,0,8
380170006012,396,27,3,366,0,0,289,11,11,15,7,63,289,11,4,0,0,5,63
380170006013,439,33,12,394,0,0,344,14,1,10,5,65,344,14,1,0,0,4,65
380170006021,586,49,47,490,0,0,466,12,1,8,8,91,466,12,4,3,1,2,91
380170006022,52,2,16,34,0,0,33,5,0,1,2,11,33,5,0,2,0,1,11
380170006023,400,32,2,366,0,0,290,10,3,13,20,64,290,10,15,0,1,5,64
380170007001,333,8,28,297,0,0,260,8,4,3,9,49,260,8,2,2,2,0,49
380170007002,417,12,28,377,0,0,319,8,0,2,10,78,319,8,5,0,0,0,78
380170008011,957,313,207,437,0,0,748,10,1,11,13,174,748,10,4,2,0,4,174
380170008012,909,174,223,512,0,0,708,18,4,16,14,149,708,18,1,4,2,7,149
380170008021,960,197,178,585,0,0,764,16,3,12,14,151,764,16,3,7,0,1,151
380170008022,799,45,4,750,0,0,556,20,8,44,26,145,556,20,16,1,1,11,145
380170008023,575,101,137,337,0,0,451,15,5,1,4,99,451,15,1,1,1,0,99
380170009011,777,337,202,238,0,0,654,3,0,7,3,110,654,1,2,0,0,2,110
380170009012,737,64,25,648,0,0,577,18,3,10,7,122,577,18,2,1,1,5,122
380170009013,926,415,195,316,0,0,766,8,0,9,10,133,766,8,1,8,0,3,133
380170009014,552,93,107,352,0,0,427,8,0,5,5,107,427,8,0,3,0,1,107
380170009031,869,190,108,571,0,0,660,24,5,14,19,147,660,24,10,2,0,3,147
380170009032,352,50,90,212,0,0,263,11,9,6,23,40,263,11,18,1,0,1,40
380170009033,395,28,0,367,0,0,328,8,2,1,3,53,328,8,0,2,0,0,53
380170009041,618,286,163,169,0,0,494,5,3,14,12,90,494,5,1,4,0,7,90
380170009042,1123,472,266,385,0,0,865,25,7,21,20,185,865,25,6,6,1,9,185
380170009043,714,251,244,219,0,0,563,13,4,5,13,116,563,13,2,2,2,0,116
380170010031,682,324,186,172,0,0,537,10,0,7,16,112,537,10,4,10,0,0,112
380170010032,662,239,285,138,0,0,532,8,1,15,8,98,532,8,3,2,1,5,98
380170010033,788,304,322,162,0,0,580,20,5,17,21,145,580,20,9,3,3,6,145
380170010041,663,252,277,134,0,0,531,9,2,6,15,100,531,8,5,3,1,3,100
380170010042,684,142,117,425,0,0,519,13,14,4,23,111,519,13,12,3,5,0,111
380170010043,1012,460,161,391,0,0,814,9,2,4,10,173,814,9,2,3,1,3,173
380170101061,353,3,5,345,0,0,236,14,14,7,28,54,236,14,26,0,0,2,54
380170101062,427,14,17,396,0,0,301,19,8,9,16,74,301,19,12,2,1,0,74
380170101063,0,0,0,0,0,0,0,0,0,0,0,0,0,0,0,0,0,0,0
380170101064,565,18,17,530,0,0,389,12,7,19,42,96,389,12,29,4,0,5,96
380170101071,0,0,0,0,0,0,0,0,0,0,0,0,0,0,0,0,0,0,0
380170101072,404,6,10,388,0,0,251,7,14,19,30,83,251,7,24,0,1,0,83
380170101073,12,3,3,6,0,0,12,0,0,0,0,0,12,0,0,0,0,0,0
380170101074,596,46,0,550,0,0,479,10,1,14,8,84,479,10,3,2,0,5,84
380170101075,16,5,7,4,0,0,11,0,1,2,0,2,11,0,0,0,0,0,2
380170101091,445,32,1,412,0,0,300,15,9,8,17,96,300,15,7,2,0,5,96
380170101092,947,85,36,826,0,0,751,12,2,8,21,153,751,12,10,9,0,2,153
380170101093,674,45,5,624,0,0,522,19,6,18,7,102,522,19,5,0,0,1,102
380170101101,687,347,146,194,0,0,550,6,10,8,10,103,550,6,5,2,0,1,103
380170101102,688,292,241,155,0,0,492,9,2,17,34,134,492,9,18,2,2,3,134
380170101111,670,109,365,196,0,0,405,27,27,13,84,114,405,27,71,2,0,0,114
380170101112,550,143,295,112,0,0,394,19,9,9,28,91,394,18,21,1,1,4,91
380170102011,936,465,326,145,0,0,731,19,1,10,8,167,731,19,1,5,1,5,167
380170102012,646,241,96,309,0,0,539,11,0,4,7,85,539,11,0,2,2,1,85
380170102013,1146,565,394,187,0,0,942,17,2,7,12,166,942,17,3,5,1,1,166
380170102051,1286,680,238,368,0,0,1044,17,2,28,35,160,1044,17,14,7,0,7,160
380170102052,734,447,107,180,0,0,571,8,0,15,12,128,571,7,4,3,0,3,128
380170102053,887,523,178,186,0,0,705,15,5,12,11,139,705,15,5,2,0,2,139
380170102061,832,97,25,710,0,0,611,20,19,8,29,145,611,20,18,2,1,2,145
380170102062,144,10,3,131,0,0,116,2,0,0,3,23,116,2,0,0,0,0,23
380170102063,1035,154,158,723,0,0,833,23,3,6,16,154,833,22,6,4,0,0,154
380170102064,1214,506,182,526,0,0,985,16,4,8,26,175,985,16,10,8,0,1,175
380170103031,542,201,83,258,0,0,383,8,5,12,18,116,383,8,10,3,0,2,116
380170103032,834,74,11,749,0,0,625,14,6,7,29,153,625,14,23,2,1,3,153
380170103033,1083,369,113,601,0,0,841,8,0,24,26,184,841,8,16,1,0,9,184
380170103034,1746,789,364,593,0,0,1369,16,3,36,38,284,1369,14,18,6,2,8,284
380170103061,1007,531,194,282,0,0,777,23,2,16,14,175,777,23,7,4,0,3,175
380170103062,790,471,112,207,0,0,624,7,3,7,15,134,624,6,5,2,0,3,134
380170103063,491,203,161,127,0,0,359,9,6,17,12,88,359,9,7,0,0,2,88
380170103071,844,456,56,332,0,0,670,10,1,30,20,113,670,10,11,4,0,9,113
380170103072,702,380,53,269,0,0,570,12,0,5,7,108,570,10,3,2,0,3,108
380170103081,1050,574,233,243,0,0,792,13,2,16,22,205,792,13,7,4,0,4,205
380170103082,1069,583,229,257,0,0,849,16,1,15,19,169,849,16,6,4,0,10,169
380170103083,478,119,216,143,0,0,310,18,29,11,31,79,310,17,24,2,1,2,79
380170401001,1313,407,146,760,0,0,1128,23,0,8,10,144,1128,23,1,4,1,1,144
380170402001,827,482,221,124,0,0,674,3,0,7,8,135,674,3,3,3,0,2,135
380170402002,750,414,248,88,0,0,614,5,0,1,9,121,614,5,2,1,1,0,121
380170403001,643,309,219,115,0,0,532,6,0,2,8,95,532,6,2,4,0,2,95
380170403002,927,498,281,148,0,0,773,5,0,2,11,136,773,5,1,2,0,0,136
380170403003,562,341,126,95,0,0,475,3,0,2,6,76,475,3,1,2,0,0,76
380170405011,1817,875,538,404,0,0,1383,26,3,40,35,330,1383,26,9,8,4,5,330
380170405012,1040,362,385,293,0,0,814,27,10,5,16,168,814,27,5,3,0,1,168
380170405013,503,188,187,128,0,0,380,13,7,11,16,76,380,13,8,2,1,4,76
380170405021,879,302,348,229,0,0,665,12,3,8,16,175,665,12,6,2,2,2,175
380170405022,1380,675,473,232,0,0,1052,29,5,14,28,252,1052,29,12,3,1,5,252
380170405023,1381,678,362,341,0,0,1085,19,4,12,25,236,1085,19,8,3,2,2,236
380170405024,789,418,211,160,0,0,627,12,4,6,23,117,627,11,6,7,0,3,117
380170405031,1573,959,290,324,0,0,1276,8,1,9,17,262,1276,8,7,5,0,2,262
380170405032,608,304,172,132,0,0,491,13,1,2,3,98,491,13,2,1,0,1,98
380170405041,817,490,168,159,0,0,603,9,1,13,20,171,603,9,4,6,2,3,171
380170405042,645,351,169,125,0,0,473,7,3,21,34,107,473,7,22,2,0,6,107
380170405043,1168,775,155,238,0,0,988,9,1,15,19,136,988,8,9,4,0,6,136
380170405044,1376,396,518,462,0,0,1020,38,6,11,44,257,1020,37,17,8,3,1,257
380170405051,1032,528,246,258,0,0,782,30,9,10,22,179,782,30,8,5,1,4,179
380170405052,1276,682,278,316,0,0,1034,21,9,13,19,180,1034,21,6,3,2,7,180
380170405053,1008,569,246,193,0,0,783,7,3,12,37,166,783,7,16,8,2,4,166
380170405061,1365,686,420,259,0,0,1035,31,8,21,28,242,1035,30,13,6,1,7,242
380170405062,749,474,103,172,0,0,570,12,1,12,19,135,570,12,6,0,0,5,135
380170405071,1560,839,456,265,0,0,1226,17,8,21,16,272,1226,17,2,6,0,7,272
380170405072,493,314,50,129,0,0,379,7,0,5,12,90,379,7,3,1,2,2,90
380170405081,1301,703,344,254,0,0,968,23,0,48,23,239,968,23,15,2,1,15,239
380170405082,1338,815,247,276,0,0,1042,24,0,24,36,212,1042,22,16,4,0,7,212
380170405091,1131,608,370,153,0,0,884,13,1,27,21,185,884,13,4,8,0,7,185
380170405092,1145,546,352,247,0,0,814,19,5,33,20,254,814,17,6,6,0,8,254
380170405093,641,377,101,163,0,0,519,9,0,5,4,104,519,9,2,1,0,1,104
380170405094,288,142,75,71,0,0,234,4,1,2,9,38,234,4,0,0,1,2,38
380170406001,736,397,212,127,0,0,611,8,0,4,7,106,611,8,5,1,0,1,106
380170406002,1209,561,124,524,0,0,963,17,0,4,13,212,963,17,3,0,1,1,212
380170407001,589,153,239,197,0,0,435,10,5,6,36,97,435,10,28,2,1,2,97
380170407002,783,202,297,284,0,0,563,28,2,11,22,157,563,28,11,4,2,2,157
380170407003,839,240,417,182,0,0,648,16,4,20,18,133,648,16,10,3,3,12,133
380170408001,733,405,186,142,0,0,609,2,0,7,9,106,609,2,4,2,0,3,106
380170408002,1493,821,353,319,0,0,1197,26,0,17,26,227,1197,26,9,4,0,7,227
380170408003,1073,546,337,190,0,0,844,15,2,6,9,197,844,15,5,1,0,0,197
380399686001,741,416,257,68,0,0,589,5,2,5,3,137,589,5,2,1,0,1,137
380399686002,713,460,190,63,0,0,591,4,0,3,5,110,591,4,1,2,0,1,110
380199509001,608,345,210,53,0,0,521,7,0,0,7,73,521,7,0,3,0,0,73
380199509002,561,368,149,44,0,0,502,3,0,1,4,51,502,3,0,2,0,0,51
380199511001,510,348,125,37,0,0,434,0,0,2,0,74,434,0,0,0,0,1,74
380199511002,282,190,55,37,0,0,234,6,0,1,2,39,234,6,0,2,0,0,39
380199511003,307,208,81,18,0,0,250,1,0,2,3,51,250,1,0,1,1,0,51
380459721001,461,244,160,57,0,0,366,7,1,1,5,81,366,7,0,2,0,1,81
380459721002,390,274,72,44,0,0,306,7,0,1,1,75,306,7,0,0,0,0,75
380459722001,800,492,254,54,0,0,653,12,0,4,6,125,653,11,0,0,0,2,125
380459722002,813,553,174,86,0,0,629,5,0,5,15,159,629,5,0,11,0,3,159
380779707001,729,457,197,75,0,0,588,12,0,4,16,109,588,9,2,4,0,1,109
380779707002,749,460,210,79,0,0,569,10,0,4,6,160,569,10,3,1,0,3,160
380779708001,706,448,151,107,0,0,563,9,0,6,6,122,563,9,2,2,1,0,122
380779708002,693,436,173,84,0,0,543,11,2,3,4,130,543,11,0,4,0,1,130
380779709001,983,501,287,195,0,0,777,15,0,2,12,177,777,15,2,6,3,0,177
380779709002,910,359,358,193,0,0,718,20,0,4,14,154,718,18,6,2,1,1,154
380779710001,500,246,162,92,0,0,397,8,3,4,10,78,397,8,0,4,2,3,78
380779710002,750,345,327,78,0,0,612,7,0,3,5,123,612,7,0,2,1,2,123
380779710003,770,314,354,102,0,0,613,15,0,6,11,125,613,15,2,3,2,4,125
380779711001,336,206,99,31,0,0,257,10,0,2,7,60,257,10,4,0,1,0,60
380779711002,424,280,72,72,0,0,325,3,0,4,4,88,325,3,0,4,0,0,88
380779714001,414,205,170,39,0,0,315,7,0,2,4,86,315,7,1,2,0,1,86
380779714002,374,204,146,24,0,0,305,2,0,5,2,60,305,2,0,2,0,1,60
380779714003,886,598,195,93,0,0,686,11,0,8,3,178,686,11,0,1,0,1,178
380499556001,807,492,253,62,0,0,652,10,1,8,13,123,652,10,4,5,0,4,123
380499556002,740,497,173,70,0,0,600,6,0,6,3,125,600,6,1,0,1,4,125
380499559001,1122,734,295,93,0,0,936,5,0,11,16,154,936,5,1,2,0,3,154
380499559002,633,391,185,57,0,0,535,8,0,7,18,65,535,8,0,15,0,2,65
380279592001,524,284,179,61,0,0,415,17,0,2,8,82,415,11,0,0,1,2,82
380279592002,500,291,153,56,0,0,402,7,0,3,3,85,402,7,0,0,0,2,85
380279592003,487,308,119,60,0,0,393,5,0,1,6,82,393,5,1,0,3,1,82
380839602001,900,566,276,58,0,0,734,10,0,11,17,128,734,7,1,4,0,3,128
380959515001,528,316,141,71,0,0,426,6,0,1,5,90,426,6,0,2,0,0,90
380959515002,382,236,118,28,0,0,320,0,1,4,10,47,320,0,2,2,0,4,47
380959515003,1000,315,181,504,0,0,770,18,0,4,54,154,770,18,1,3,45,4,154
380619403001,691,262,312,117,0,0,507,29,2,1,40,112,507,28,0,1,34,0,112
380619404001,786,223,436,127,0,0,574,53,3,10,24,122,574,53,1,0,22,4,122
380619404002,790,158,510,122,0,0,563,33,2,6,69,117,563,33,5,1,60,4,117
380619552001,1142,488,506,148,0,0,889,44,0,12,18,179,889,44,6,5,1,7,179
380619552002,985,462,411,112,0,0,796,20,2,19,15,133,796,20,2,0,8,7,133
380619552003,719,467,171,81,0,0,561,26,0,4,18,110,561,26,14,2,1,0,110
380590201001,1149,681,301,167,0,0,886,28,1,26,11,197,886,28,3,5,0,18,197
380590201002,715,315,316,84,0,0,560,19,4,5,25,102,560,19,3,5,7,2,102
380590201003,373,192,136,45,0,0,299,5,0,7,0,62,299,5,0,0,0,6,62
380590201004,712,291,344,77,0,0,563,18,2,5,10,114,563,18,3,3,2,3,114
380590202001,1423,804,454,165,0,0,1126,20,1,14,31,231,1126,20,14,9,2,13,231
380590202002,1440,921,340,179,0,0,1110,23,0,13,22,272,1110,23,3,6,3,11,272
380590202003,716,363,279,74,0,0,568,14,0,9,21,104,568,14,3,7,8,5,104
380590202004,521,236,207,78,0,0,422,22,0,6,6,65,422,21,1,1,0,6,65
380590202005,991,545,289,157,0,0,795,21,0,10,9,156,795,21,1,2,3,7,156
380590203011,771,288,408,75,0,0,586,31,0,7,10,137,586,31,0,3,4,4,137
380590203012,2896,1643,843,410,0,0,2237,55,3,24,53,524,2237,54,9,13,11,15,524
380590203021,2218,1437,479,302,0,0,1729,48,1,31,36,373,1729,48,6,21,0,24,373
380590203031,933,392,459,82,0,0,716,22,1,8,12,174,716,22,0,3,4,5,174
380590204001,1099,746,218,135,0,0,901,12,3,6,7,170,901,12,0,2,3,4,170
380590204002,529,363,114,52,0,0,437,5,0,12,6,69,437,5,1,4,1,11,69
380590204003,627,357,172,98,0,0,524,12,0,1,8,82,524,12,0,8,0,0,82
380590205001,448,198,205,45,0,0,322,21,0,8,12,85,322,21,0,7,0,7,85
380590205002,564,284,208,72,0,0,443,8,0,3,13,97,443,7,2,9,1,2,97
380590205003,708,404,231,73,0,0,496,7,1,23,0,181,496,7,0,0,0,2,181
380590205004,513,371,107,35,0,0,418,3,0,6,3,83,418,3,0,3,0,2,83
381039598001,641,363,204,74,0,0,507,4,0,6,10,114,507,4,1,0,0,0,114
381039598002,451,261,159,31,0,0,368,2,0,5,1,75,368,2,0,0,0,0,75
381039600001,478,348,107,23,0,0,378,0,0,10,3,87,378,0,0,3,0,1,87
381039600002,687,466,188,33,0,0,567,3,0,3,0,114,567,3,0,0,0,2,114
381039600003,447,246,139,62,0,0,358,2,1,0,1,85,358,2,1,0,0,0,85
380150101001,454,191,211,52,0,0,366,7,1,3,3,74,366,7,2,0,1,1,74
380150101002,588,255,164,169,0,0,479,13,0,4,5,87,479,13,0,0,1,1,87
380150101003,228,58,154,16,0,0,185,7,2,2,10,22,185,7,4,0,4,0,22
380150101004,351,81,235,35,0,0,257,13,1,1,10,69,257,13,4,0,2,0,69
380150102001,940,437,407,96,0,0,768,14,0,10,20,128,768,14,1,4,2,5,128
380150102002,764,350,351,63,0,0,621,14,1,7,11,110,621,12,2,3,3,4,110
380150102003,372,125,211,36,0,0,295,10,2,2,6,57,295,10,2,1,3,0,57
380150102004,188,32,133,23,0,0,138,11,2,2,4,31,138,11,1,0,2,0,31
380150103001,728,249,365,114,0,0,554,23,6,8,14,123,554,23,4,4,2,0,123
380150103002,679,383,176,120,0,0,565,6,1,10,7,90,565,6,3,2,0,3,90
380150103003,427,182,177,68,0,0,347,11,5,6,5,53,347,11,2,0,1,1,53
380150103004,379,129,202,48,0,0,301,6,0,4,6,62,301,6,0,2,1,2,62
380150103005,243,127,93,23,0,0,181,6,0,4,2,50,181,6,1,0,1,0,50
380150103006,841,485,222,134,0,0,673,20,4,6,15,123,673,20,4,6,1,4,123
380150104001,839,449,254,136,0,0,689,10,0,11,7,122,689,10,2,4,1,2,122
380150104002,709,365,225,119,0,0,578,10,3,2,10,106,578,10,2,4,1,0,106
380150104003,736,349,200,187,0,0,592,18,3,6,14,103,592,18,0,7,0,1,103
380150105001,1057,564,176,317,0,0,850,15,0,8,18,166,850,15,9,2,2,4,166
380150105002,560,250,167,143,0,0,452,9,0,4,8,87,452,9,4,3,1,4,87
380150105003,885,460,210,215,0,0,702,17,3,3,20,140,702,17,5,7,2,0,140
380150105004,496,89,375,32,0,0,392,8,0,3,12,81,392,8,3,2,0,2,81
380150106001,568,235,290,43,0,0,453,8,0,2,11,94,453,5,2,6,0,1,94
380150106002,392,193,163,36,0,0,306,7,0,4,9,66,306,7,2,3,4,2,66
380150106003,1763,1007,228,528,0,0,1431,22,2,11,40,257,1431,18,12,5,6,3,257
380150107001,615,343,175,97,0,0,493,11,0,4,18,89,493,11,8,4,4,2,89
380150107002,463,215,207,41,0,0,329,15,2,2,10,105,329,15,3,1,2,1,105
380150107003,1140,814,148,178,0,0,927,23,0,6,11,173,927,23,0,5,0,3,173
380150108001,901,379,436,86,0,0,715,18,0,10,24,134,715,18,1,7,11,5,134
380150108002,805,223,513,69,0,0,607,21,1,4,13,159,607,19,1,3,5,2,159
380150109001,1192,692,312,188,0,0,962,26,1,6,13,184,962,26,2,7,2,2,184
380150109002,260,62,178,20,0,0,197,5,1,1,8,48,197,5,2,1,2,1,48
380150109003,1258,785,243,230,0,0,1054,13,0,7,15,169,1054,13,2,6,1,2,169
380150110011,991,401,510,80,0,0,775,23,2,9,12,170,775,23,5,3,3,4,170
380150110012,1330,787,342,201,0,0,1083,21,2,13,20,191,1083,21,3,5,3,4,191
380150110013,894,637,178,79,0,0,727,1,0,8,6,152,727,1,1,2,0,0,152
380150110014,1013,547,319,147,0,0,808,10,2,5,20,168,808,10,5,5,2,1,168
380150110021,1636,1095,173,368,0,0,1303,15,0,13,22,283,1303,13,2,8,1,4,283
380150110022,947,451,418,78,0,0,760,18,0,9,9,151,760,16,3,0,4,6,151
380150110023,1318,762,341,215,0,0,1053,10,0,13,28,214,1053,10,11,5,2,8,214
380150110024,913,620,114,179,0,0,718,10,0,4,23,158,718,4,6,10,2,1,158
380150111011,1268,717,208,343,0,0,1023,17,3,12,9,204,1023,17,3,1,0,3,204
380150111012,436,195,175,66,0,0,334,11,3,7,4,77,334,11,0,0,4,3,77
380150111013,564,348,159,57,0,0,482,8,2,5,5,62,482,8,0,2,1,2,62
380150111014,1251,633,412,206,0,0,990,23,0,6,21,211,990,23,1,9,2,2,211
380150111031,589,321,135,133,0,0,477,6,1,7,8,90,477,5,1,2,2,4,90
380150111032,982,495,225,262,0,0,782,17,1,7,23,152,782,17,1,8,7,4,152
380150111041,2076,1215,216,645,0,0,1686,20,0,25,37,308,1686,20,1,13,1,13,308
380150111042,1488,851,201,436,0,0,1203,21,0,8,23,233,1203,21,3,13,1,5,233
380150111043,1298,769,119,410,0,0,1038,9,0,11,18,222,1038,9,6,6,2,2,222
380150111051,904,587,85,232,0,0,731,12,0,6,16,139,731,10,1,5,0,6,139
380150111052,2187,1331,386,470,0,0,1727,32,4,19,35,370,1727,30,9,10,7,9,370
380150111053,1323,816,128,379,0,0,1052,6,0,11,22,232,1052,6,4,8,3,8,232
380150112001,799,348,334,117,0,0,621,19,0,5,24,130,621,19,4,7,1,3,130
380150112002,1758,919,552,287,0,0,1352,34,5,16,31,320,1352,33,14,7,5,7,320
380150112003,1301,821,228,252,0,0,1023,9,1,9,13,246,1023,9,3,4,1,5,246
380150112004,1294,699,323,272,0,0,1026,16,1,13,29,209,1026,16,9,8,0,7,209
380150113001,1505,853,500,152,0,0,1185,24,0,11,15,270,1185,24,6,6,3,3,270
380150113002,1855,979,689,187,0,0,1435,38,0,15,32,335,1435,36,5,6,9,10,335
380150113003,1153,663,318,172,0,0,929,21,1,14,21,167,929,21,1,2,14,7,167
380150114001,666,444,157,65,0,0,530,3,1,5,15,112,530,3,6,5,2,0,112
380150114002,1416,941,260,215,0,0,1170,24,0,16,13,193,1170,21,0,9,2,6,193
380150115001,479,296,146,37,0,0,383,2,0,1,18,75,383,2,0,0,0,1,75
380150115002,505,338,112,55,0,0,397,4,0,2,15,87,397,4,5,5,0,2,87
380939670001,867,532,208,127,0,0,687,6,0,3,8,163,687,6,3,0,0,1,163
380939670002,952,589,216,147,0,0,773,3,0,2,18,156,773,3,0,16,0,1,156
380939672001,362,209,116,37,0,0,272,4,0,2,9,75,272,4,0,4,0,0,75
380939672002,376,244,106,26,0,0,290,1,2,2,9,72,290,1,2,5,0,0,72
380939672003,354,223,110,21,0,0,303,1,0,2,4,44,303,1,0,2,0,1,44
380939672004,546,336,152,58,0,0,469,4,0,1,11,61,469,2,0,3,2,0,61
380939673001,1334,742,373,219,0,0,1068,13,1,7,16,229,1068,13,2,5,3,3,229
380939674011,605,204,317,84,0,0,457,19,1,7,3,118,457,19,1,0,0,4,118
380939674021,585,318,170,97,0,0,476,3,1,4,11,90,476,3,0,1,0,2,90
380939674022,467,243,160,64,0,0,365,8,0,5,7,82,365,8,0,5,0,2,82
380939674023,551,274,211,66,0,0,449,6,1,3,6,86,449,6,0,2,0,0,86
380939674024,785,341,347,97,0,0,637,20,1,5,11,111,637,20,0,7,0,2,111
380939675001,660,363,216,81,0,0,528,4,0,8,8,112,528,4,1,5,0,3,112
380939675002,823,462,283,78,0,0,670,7,1,13,15,117,670,6,2,2,2,2,117
380939675003,613,344,202,67,0,0,495,8,0,3,8,99,495,8,1,4,0,0,99
380939678001,271,110,143,18,0,0,216,3,1,4,4,43,216,3,1,2,0,1,43
380939678002,363,170,140,53,0,0,291,3,0,3,4,62,291,3,1,0,0,1,62
380939678003,408,200,185,23,0,0,340,3,0,1,1,63,340,3,0,1,0,0,63
380939678004,318,140,159,19,0,0,270,10,0,3,3,32,270,10,2,1,0,1,32
380939678005,339,142,165,32,0,0,271,1,1,4,4,58,271,1,1,2,0,1,58
380939678006,420,191,169,60,0,0,341,11,0,2,2,64,341,11,0,1,0,1,64
380099523001,634,342,197,95,0,0,528,5,0,2,5,94,528,5,1,0,1,1,94
380099523002,617,306,230,81,0,0,503,8,0,5,5,96,503,8,0,3,1,1,96
380099524001,427,284,106,37,0,0,348,2,0,2,6,69,348,2,0,6,0,2,69
380099524002,602,392,100,110,0,0,467,3,1,2,8,121,467,3,2,2,0,2,121
380099524003,682,436,151,95,0,0,544,5,3,3,0,127,544,5,0,0,0,1,127
380099525001,622,421,163,38,0,0,518,8,0,3,4,89,518,8,1,2,0,2,89
380099525002,437,290,106,41,0,0,364,4,0,2,10,57,364,4,4,4,0,1,57
380919687001,670,418,179,73,0,0,499,6,1,4,4,156,499,6,2,1,0,2,156
380919687002,482,230,184,68,0,0,377,7,0,0,4,94,377,7,0,3,0,0,94
380350101001,357,171,90,96,0,0,298,2,0,3,6,48,298,2,2,2,0,0,48
380350101002,486,48,27,411,0,0,354,17,1,9,16,89,354,17,5,3,1,3,89
380350101003,421,61,19,341,0,0,331,14,0,5,14,57,331,13,1,4,3,2,57
380350101004,267,39,7,221,0,0,211,16,1,5,4,30,211,16,2,0,1,0,30
380350102001,356,80,1,275,0,0,281,15,0,1,6,53,281,15,2,1,0,0,53
380350102002,338,73,2,263,0,0,265,13,4,2,2,52,265,13,0,2,0,0,52
380350102003,515,157,152,206,0,0,419,12,2,2,6,74,419,12,3,3,0,1,74
380350102004,525,115,41,369,0,0,412,15,0,6,8,84,412,15,0,4,0,1,84
380350102005,431,78,3,350,0,0,320,17,1,3,1,89,320,17,0,0,0,1,89
380350103011,889,57,120,712,0,0,677,19,2,20,18,153,677,18,7,5,1,11,153
380350103021,253,1,29,223,0,0,176,11,3,7,10,46,176,11,5,0,0,3,46
380350104001,713,211,279,223,0,0,581,22,4,10,12,84,581,22,6,3,1,3,84
380350104002,428,5,10,413,0,0,332,11,3,3,9,70,332,11,4,1,2,0,70
380350104003,490,87,2,401,0,0,349,16,3,25,8,89,349,16,3,3,1,7,89
380350104004,768,159,3,606,0,0,586,34,4,18,17,109,586,34,1,9,1,2,109
380350106001,662,124,5,533,0,0,542,8,1,3,2,106,542,8,1,1,0,1,106
380350106002,369,28,47,294,0,0,290,14,1,4,9,51,290,14,3,0,3,1,51
380350107001,395,66,1,328,0,0,306,13,0,4,5,67,306,13,1,1,1,0,67
380350107002,692,191,2,499,0,0,557,19,0,10,22,84,557,19,5,9,0,4,84
380350108011,450,87,1,362,0,0,360,8,6,5,6,65,360,7,2,2,0,2,65
380350108012,783,351,216,216,0,0,613,14,2,17,22,115,613,14,0,7,4,4,115
380350108013,688,317,194,177,0,0,561,11,1,9,13,93,561,11,4,2,2,5,93
380350108014,924,380,157,387,0,0,682,17,0,33,36,156,682,17,22,1,2,10,156
380350108041,846,291,335,220,0,0,654,24,2,10,22,134,654,24,16,1,1,2,134
380350108042,628,260,175,193,0,0,476,12,2,6,8,124,476,12,6,0,0,5,124
380350108043,675,236,232,207,0,0,519,19,7,11,9,110,519,19,7,0,1,3,110
380350108051,493,88,2,403,0,0,391,11,2,4,5,80,391,11,3,0,1,0,80
380350108052,695,126,29,540,0,0,530,14,10,8,11,122,530,14,7,0,1,1,122
380350108061,343,30,19,294,0,0,265,13,2,10,8,45,265,13,6,0,0,2,45
380350108062,522,99,72,351,0,0,407,16,6,8,10,75,407,16,3,2,1,6,75
380350108063,544,115,2,427,0,0,425,15,5,4,15,80,425,14,6,7,0,1,80
380350109001,897,404,148,345,0,0,712,23,1,12,10,139,712,23,1,3,0,5,139
380350109002,501,166,124,211,0,0,414,15,0,6,3,63,414,15,1,1,0,1,63
380350110001,601,133,1,467,0,0,452,28,0,8,19,94,452,28,3,8,0,1,94
380350110002,428,93,1,334,0,0,342,18,1,1,6,60,342,18,3,1,0,1,60
380350111001,815,457,101,257,0,0,682,6,0,9,5,113,682,6,0,2,0,3,113
380350111002,621,345,64,212,0,0,499,8,0,4,6,104,499,8,2,2,0,1,104
380350111003,1012,628,145,239,0,0,832,11,0,10,12,147,832,11,1,6,0,1,147
380350111004,1630,885,302,443,0,0,1308,21,2,25,30,244,1308,21,13,4,0,7,244
380350112011,497,223,148,126,0,0,380,16,2,12,8,79,380,16,1,4,0,2,79
380350112012,392,130,171,91,0,0,301,9,8,3,8,63,301,9,4,2,2,2,63
380350112013,512,112,7,393,0,0,410,16,2,6,6,72,410,12,4,0,0,1,72
380350112021,900,542,147,211,0,0,727,4,6,23,23,117,727,4,5,3,0,12,117
380350112022,332,114,128,90,0,0,268,6,3,10,7,38,268,6,3,3,0,6,38
380350112023,925,461,262,202,0,0,701,23,3,23,13,162,701,23,3,4,1,5,162
380350112024,892,403,302,187,0,0,702,14,2,11,9,154,702,14,4,1,0,3,154
380350114001,458,136,27,295,0,0,395,8,0,4,4,47,395,8,1,0,0,3,47
380350114002,820,481,239,100,0,0,663,6,1,2,11,137,663,6,4,3,2,1,137
380350117011,536,270,178,88,0,0,429,9,2,4,2,90,429,9,0,2,0,0,90
380350117012,743,421,178,144,0,0,582,20,1,5,13,122,582,20,0,3,1,1,122
380350117021,549,211,28,310,0,0,470,0,0,0,2,77,470,0,0,2,0,0,77
380350117022,662,408,124,130,0,0,538,14,0,6,6,98,538,14,1,1,0,2,98
380350117023,711,263,291,157,0,0,556,6,1,7,26,115,556,6,11,4,1,1,115
380350117024,1087,670,191,226,0,0,865,13,0,6,6,197,865,13,0,2,0,1,197
380350118001,485,293,97,95,0,0,370,10,4,3,5,93,370,10,5,0,0,0,93
380350118002,489,146,70,273,0,0,401,6,0,1,0,81,401,6,0,0,0,0,81
380350119001,93,5,11,77,0,0,64,12,1,5,2,9,64,12,1,0,0,2,9
380350119002,66,2,8,56,0,0,49,10,3,0,0,4,49,10,0,0,0,0,4
380350120001,487,156,21,310,0,0,393,12,2,2,3,75,393,12,2,0,0,2,75
380350120002,1115,352,277,486,0,0,916,17,5,5,6,166,916,17,0,4,0,1,166
380479725001,833,515,251,67,0,0,683,15,0,3,3,129,683,14,1,1,0,0,129
380479725002,385,247,103,35,0,0,320,1,0,0,2,62,320,1,2,0,0,0,62
380059401001,368,46,58,264,0,0,273,7,0,0,30,58,273,7,0,0,30,0,58
380059401002,143,6,30,107,0,0,80,5,0,0,20,38,80,5,0,0,20,0,38
380059402001,309,23,45,241,0,0,242,5,1,7,20,34,242,5,0,0,19,2,34
380059402002,304,34,21,249,0,0,212,12,0,2,20,58,212,12,0,1,19,0,58
380059567001,348,86,15,247,0,0,292,1,0,6,1,48,292,1,1,0,0,4,48
380059567002,340,88,21,231,0,0,288,2,0,2,0,48,288,2,0,0,0,2,48
380059567003,634,138,48,448,0,0,556,9,0,2,3,64,556,9,0,1,0,1,64
380079631001,623,379,198,46,0,0,434,13,0,3,45,128,434,8,2,6,2,2,128
380019656001,364,259,75,30,0,0,290,3,0,0,3,68,290,3,0,2,0,0,68
380019656002,953,478,372,103,0,0,756,11,0,7,10,169,756,11,0,7,0,2,169
380339629001,525,270,214,41,0,0,424,7,0,0,6,88,424,7,0,0,0,0,88
380339629002,589,322,194,73,0,0,490,8,0,3,7,81,490,8,0,0,0,2,81
380639590001,457,232,193,32,0,0,374,8,0,4,5,66,374,8,0,0,1,1,66
380639590002,437,261,121,55,0,0,344,16,0,2,3,72,344,16,3,0,0,1,72
380639590003,367,196,125,46,0,0,264,7,1,4,1,90,264,7,0,0,0,0,90
380639590004,724,385,242,97,0,0,569,9,0,5,4,137,569,9,3,0,1,3,137
380379659001,786,437,213,136,0,0,603,17,1,7,21,137,603,17,6,10,5,5,137
380379659002,828,524,238,66,0,0,657,9,0,1,11,150,657,7,4,7,0,1,150
380119652001,609,323,218,68,0,0,497,11,0,6,9,86,497,11,1,6,0,3,86
380119652002,504,251,198,55,0,0,418,11,0,2,3,70,418,10,2,0,1,0,70
380119653001,436,294,110,32,0,0,355,4,1,1,8,67,355,4,2,1,0,0,67
380119653002,407,272,107,28,0,0,329,8,0,4,5,61,329,5,0,0,0,3,61
380659612001,488,332,120,36,0,0,413,3,0,0,3,69,413,3,0,3,0,0,69
380659612002,658,380,193,85,0,0,529,7,0,4,5,113,529,7,0,2,1,4,113
380239545001,545,319,161,65,0,0,412,6,0,1,7,119,412,6,1,3,0,0,119
380239545002,822,376,370,76,0,0,665,14,0,13,12,118,665,14,0,0,7,2,118
380759529001,571,398,127,46,0,0,514,1,0,0,3,53,514,1,2,1,0,0,53
380759529002,464,260,154,50,0,0,394,5,0,1,3,61,394,5,1,2,0,1,61
380759529003,416,220,162,34,0,0,374,2,0,1,3,36,374,2,3,0,0,1,36
380879650001,522,367,111,44,0,0,430,5,0,5,10,72,430,5,1,4,0,0,72
380699561001,497,317,126,54,0,0,383,3,1,0,11,99,383,3,0,8,0,0,99
380699561002,321,175,118,28,0,0,270,5,0,0,7,39,270,5,2,5,0,0,39
380699562001,513,323,128,62,0,0,420,3,0,1,2,87,420,3,0,1,0,1,87
380699562002,564,314,178,72,0,0,461,1,0,5,7,90,461,1,0,0,0,3,90
380699562003,604,447,114,43,0,0,511,4,0,3,5,81,511,4,0,5,0,3,81
381059534001,459,268,152,39,0,0,357,4,0,0,10,88,357,4,9,0,0,0,88
381059534002,1063,475,489,99,0,0,829,57,0,2,19,156,829,57,7,10,0,1,156
381059535001,1023,485,465,73,0,0,803,29,0,7,10,174,803,29,5,1,0,2,174
381059535002,652,310,266,76,0,0,514,29,0,6,11,92,514,29,3,2,4,2,92
381059536001,1221,656,467,98,0,0,1031,24,0,3,13,150,1031,24,3,0,0,1,150
381059536002,942,556,278,108,0,0,797,17,0,4,10,114,797,17,1,4,1,1,114
381059537011,1143,317,694,132,0,0,880,67,1,14,21,160,880,67,7,4,1,2,160
381059537012,640,251,307,82,0,0,483,41,1,4,13,98,483,40,9,4,0,0,98
381059537013,1231,400,693,138,0,0,936,81,4,11,14,185,936,81,8,1,0,4,185
381059537021,1389,600,634,155,0,0,1046,61,1,11,19,251,1046,61,5,3,1,1,251
381059537022,1249,642,427,180,0,0,972,48,0,3,27,199,972,48,9,10,0,1,199
381059538001,425,200,179,46,0,0,346,13,0,1,4,61,346,13,3,0,0,0,61
381059538002,725,439,206,80,0,0,603,21,0,6,12,83,603,20,4,0,2,1,83
381059539001,563,350,143,70,0,0,445,19,0,3,6,90,445,19,0,4,0,1,90
381059539002,525,311,141,73,0,0,398,17,0,1,7,102,398,17,0,3,1,0,102
381059539003,407,230,99,78,0,0,332,3,1,1,6,64,332,3,4,2,0,0,64
381059539004,518,241,165,112,0,0,425,19,5,4,4,61,425,19,2,0,0,2,61
381059541001,745,438,252,55,0,0,594,19,1,10,9,112,594,19,0,3,0,6,112
381059541002,741,325,354,62,0,0,604,19,0,4,6,108,604,19,2,1,0,1,108
381059541003,359,75,245,39,0,0,258,20,3,4,7,67,258,20,3,1,1,1,67
381059541004,643,280,264,99,0,0,536,15,0,8,12,72,536,15,3,3,0,4,72
380419647001,586,384,169,33,0,0,512,5,0,2,3,64,512,5,0,0,2,0,64
380419648001,334,159,144,31,0,0,260,1,0,11,5,57,260,1,1,3,1,0,57
380419648002,440,295,114,31,0,0,343,0,0,3,2,92,343,0,0,2,0,0,92
380259622001,665,355,267,43,0,0,532,10,0,0,9,114,532,10,0,0,1,0,114
380259622002,1027,406,507,114,0,0,766,25,0,21,43,172,766,23,3,5,22,1,172
380259622003,859,614,179,66,0,0,598,13,0,10,38,200,598,13,0,12,5,4,200
380439668001,512,272,192,48,0,0,430,4,0,2,9,67,430,4,4,3,2,0,67
380439668002,519,356,136,27,0,0,432,0,0,1,5,81,432,0,0,5,0,0,81
380439668003,544,358,129,57,0,0,426,10,0,8,17,83,426,10,6,4,0,0,83
380679501001,316,179,101,36,0,0,276,1,2,0,4,33,276,1,4,0,0,0,33
380679501002,296,187,94,15,0,0,263,4,0,2,5,22,263,4,0,0,0,0,22
380679502001,388,260,94,34,0,0,336,2,0,0,5,45,336,2,0,0,0,0,45
380679502002,503,271,179,53,0,0,424,4,0,2,1,72,424,4,0,0,0,1,72
380679505001,378,244,104,30,0,0,315,14,0,2,0,47,315,14,0,0,0,1,47
380679505002,380,210,116,54,0,0,322,10,0,2,0,46,322,9,0,0,0,0,46
380679506001,436,267,134,35,0,0,342,6,0,1,2,85,342,6,1,0,1,1,85
380679506002,390,244,106,40,0,0,317,1,0,0,2,70,317,1,0,1,0,0,70
380679506003,777,416,290,71,0,0,635,12,0,15,5,110,635,12,0,2,0,1,110
380559401001,351,146,148,57,0,0,279,14,0,0,16,42,279,14,0,0,16,0,42
380559608001,591,338,200,53,0,0,479,4,0,2,7,99,479,4,4,0,1,2,99
380559608002,527,340,141,46,0,0,437,9,0,4,6,71,437,9,0,2,0,1,71
380559608003,730,436,218,76,0,0,605,6,0,6,11,102,605,6,3,4,0,3,102
380559608004,863,540,241,82,0,0,669,8,0,6,10,170,669,8,3,2,2,3,170
380559610011,653,373,214,66,0,0,498,9,0,8,29,109,498,9,0,22,1,3,109
380559610012,614,432,106,76,0,0,484,2,0,1,14,113,484,2,2,7,0,1,113
380559610013,1845,1039,637,169,0,0,1487,28,0,10,35,285,1487,24,1,2,19,4,285
380799418001,89,11,0,78,0,0,62,6,0,0,5,16,62,6,0,0,5,0,16
380799418002,250,41,0,209,0,0,193,4,0,1,26,26,193,4,0,0,26,1,26
380799418003,106,7,0,99,0,0,80,6,0,0,10,10,80,6,1,0,9,0,10
380799418004,60,2,0,58,0,0,47,1,0,1,3,8,47,1,0,1,2,0,8
380799418005,450,42,0,408,0,0,315,15,0,1,61,58,315,15,1,0,60,0,58
380799516001,839,146,1,692,0,0,676,17,0,2,27,117,676,17,0,1,24,0,117
380799517001,608,96,0,512,0,0,464,6,1,2,27,108,464,6,1,0,26,1,108
380799517002,514,90,0,424,0,0,417,3,0,2,23,69,417,3,0,0,23,1,69
380799517003,561,58,1,502,0,0,450,10,2,0,28,71,450,10,0,0,27,0,71
380799519001,528,144,2,382,0,0,403,5,0,2,20,98,403,5,0,0,20,2,98
380799519002,359,72,0,287,0,0,283,6,1,1,12,56,283,6,0,0,12,1,56
381010101001,278,39,222,17,0,0,214,13,2,3,4,42,214,13,1,0,0,1,42
381010101002,276,102,141,33,0,0,215,12,1,1,3,44,215,12,1,0,2,0,44
381010101003,328,162,127,39,0,0,261,11,3,2,6,45,261,11,1,1,1,2,45
381010101004,318,152,94,72,0,0,256,8,1,3,4,46,256,7,2,0,0,0,46
381010102001,1035,422,441,172,0,0,814,38,4,6,13,160,814,34,2,4,1,0,160
381010102002,431,190,181,60,0,0,355,12,3,4,6,51,355,12,0,5,0,2,51
381010102003,392,136,222,34,0,0,313,12,2,3,5,57,313,12,0,5,0,1,57
381010102004,405,178,169,58,0,0,310,16,4,4,12,59,310,16,2,5,0,1,59
381010103011,1158,429,560,169,0,0,900,54,8,21,18,157,900,53,4,1,6,7,157
381010103012,664,352,199,113,0,0,526,20,2,13,14,89,526,19,1,6,1,5,89
381010103013,547,241,240,66,0,0,421,23,3,7,12,81,421,23,2,3,0,1,81
381010103021,451,226,163,62,0,0,355,14,0,4,9,69,355,13,0,2,1,1,69
381010103022,1099,627,244,228,0,0,888,22,8,7,11,163,888,21,1,0,2,1,163
381010103023,575,303,164,108,0,0,473,16,0,5,6,75,473,16,1,2,0,1,75
381010103024,1130,587,381,162,0,0,938,23,4,0,10,155,938,21,0,2,1,0,155
381010104001,667,410,157,100,0,0,523,9,0,6,6,123,523,9,1,2,0,1,123
381010104002,492,208,228,56,0,0,388,16,2,3,6,77,388,16,0,1,0,1,77
381010104003,549,214,230,105,0,0,429,26,1,3,7,83,429,26,0,1,2,2,83
381010104004,147,40,82,25,0,0,102,16,2,3,2,22,102,16,1,0,0,0,22
381010104005,352,141,155,56,0,0,279,11,1,3,4,54,279,11,1,1,0,1,54
381010104006,251,110,102,39,0,0,198,14,0,0,3,36,198,14,0,0,0,0,36
381010105001,561,279,200,82,0,0,438,18,2,5,8,90,438,18,5,1,1,0,90
381010105002,525,298,119,108,0,0,438,6,0,5,4,72,438,6,0,2,2,2,72
381010105003,990,550,249,191,0,0,844,17,4,10,5,110,844,17,3,0,1,4,110
381010105004,1142,697,280,165,0,0,893,19,0,14,13,203,893,19,0,4,1,2,203
381010106011,711,447,169,95,0,0,587,11,3,1,10,99,587,11,4,1,0,0,99
381010106012,657,357,210,90,0,0,511,22,0,4,9,111,511,20,3,2,2,1,111
381010106013,739,494,124,121,0,0,589,8,5,12,9,116,589,8,1,0,0,0,116
381010106021,993,509,357,127,0,0,826,29,1,7,10,120,826,29,0,6,0,2,120
381010106022,1845,927,693,225,0,0,1448,57,4,12,13,311,1448,57,1,4,2,2,311
381010107011,675,316,276,83,0,0,561,22,2,9,10,71,561,22,0,3,2,3,71
381010107012,746,318,345,83,0,0,583,25,9,9,13,107,583,25,5,5,0,2,107
381010107013,655,325,228,102,0,0,520,18,6,5,12,94,520,17,2,5,0,2,94
381010107021,471,190,222,59,0,0,383,17,2,2,7,60,383,17,1,0,5,2,60
381010107022,305,64,223,18,0,0,242,8,1,2,7,45,242,8,4,0,1,2,45
381010107023,350,130,197,23,0,0,290,12,1,3,6,38,290,10,2,0,2,2,38
381010108001,360,211,99,50,0,0,304,7,0,0,4,45,304,7,1,2,0,0,45
381010108002,829,398,342,89,0,0,678,17,3,11,9,111,678,16,3,2,0,3,111
381010108003,1437,839,332,266,0,0,1159,38,3,5,13,219,1159,36,0,8,1,0,219
381010109011,164,20,111,33,0,0,104,25,6,4,4,21,104,23,1,0,0,1,21
381010109012,58,1,47,10,0,0,41,4,1,0,1,11,41,4,0,1,0,0,11
381010109021,40,2,31,7,0,0,29,6,2,0,0,3,29,6,0,0,0,0,3
381010109022,57,10,36,11,0,0,45,3,2,0,1,6,45,3,0,0,0,0,6
381010109023,24,0,20,4,0,0,20,4,0,0,0,0,20,4,0,0,0,0,0
381010110001,420,244,123,53,0,0,355,4,0,1,12,48,355,4,1,11,0,0,48
381010110002,463,287,140,36,0,0,388,2,0,0,2,71,388,2,1,1,0,0,71
381010110003,394,191,162,41,0,0,328,7,0,1,7,51,328,7,0,5,0,0,51
381010112001,1448,880,330,238,0,0,1212,17,0,10,13,196,1212,17,1,5,2,1,196
381010112002,647,415,138,94,0,0,533,2,0,4,18,90,533,2,0,13,2,3,90
381010112003,436,257,128,51,0,0,379,8,0,2,1,46,379,8,0,0,0,0,46
381010113001,1199,758,281,160,0,0,955,16,0,9,18,201,955,15,2,6,3,0,201
381010113002,1109,642,367,100,0,0,933,15,0,9,13,139,933,15,0,3,3,1,139
381010113003,594,318,226,50,0,0,481,16,0,2,0,95,481,16,0,0,0,2,95
381010113004,534,323,174,37,0,0,427,5,0,7,10,85,427,5,0,8,0,4,85
380039679001,544,357,130,57,0,0,442,4,0,5,10,83,442,4,1,0,1,0,83
380039679002,497,322,122,53,0,0,411,2,0,1,13,70,411,2,0,12,0,1,70
380039680001,431,254,130,47,0,0,360,0,0,4,6,61,360,0,4,0,0,4,61
380039680002,490,304,144,42,0,0,413,1,0,1,4,71,413,1,0,1,0,0,71
380039680003,725,442,193,90,0,0,617,3,0,4,6,95,617,3,0,4,0,0,95
380039682001,318,140,141,37,0,0,253,3,2,4,1,55,253,3,0,0,0,1,55
380039682002,304,174,105,25,0,0,246,7,0,1,6,44,246,7,0,2,1,1,44
380039682003,303,113,151,39,0,0,252,3,0,4,5,39,252,3,2,2,0,0,39
380039682004,372,173,152,47,0,0,313,6,0,2,3,48,313,6,1,2,0,1,48
380039683001,734,380,197,157,0,0,606,6,1,2,8,111,606,6,1,4,0,1,111
380039683002,808,481,229,98,0,0,636,7,0,6,11,148,636,7,1,3,2,4,148
380039683003,443,205,154,84,0,0,363,5,1,3,6,65,363,5,1,0,3,2,65
380039683004,451,181,204,66,0,0,354,4,0,3,7,83,354,4,0,5,0,1,83
