BlockGroupID,total_reg,party_dem,party_npp,party_rep,party_oth,party_unk,eth1_eur,eth1_hisp,eth1_aa,eth1_esa,eth1_oth,eth1_unk,eth2_euro,eth2_64,eth2_34,eth2_30,eth2_23,eth2_10,eth2_unk
500219621001,404,168,121,115,0,0,351,6,0,4,3,40,351,6,0,1,1,1,40
500219621002,1041,473,256,312,0,0,915,13,0,5,10,98,915,12,4,4,0,1,98
500219622001,990,492,226,272,0,0,881,14,1,8,6,80,881,14,4,2,1,5,80
500219622002,811,466,137,208,0,0,724,7,0,6,5,69,724,7,1,1,3,1,69
500219622003,600,309,134,157,0,0,533,3,0,2,3,59,533,3,0,0,0,0,59
500219622004,500,279,118,103,0,0,434,9,0,3,3,51,434,9,1,1,3,0,51
500219623001,382,187,80,115,0,0,331,5,0,0,6,40,331,5,3,0,0,0,40
500219623002,239,112,45,82,0,0,214,9,0,0,1,15,214,9,0,1,0,0,15
500219623003,618,294,144,180,0,0,548,6,0,0,8,56,548,6,2,0,0,0,56
500219623004,167,77,29,61,0,0,156,1,0,0,3,7,156,1,1,0,0,0,7
500219624001,1433,567,393,473,0,0,1240,11,6,3,17,156,1240,10,5,2,1,0,156
500219624002,781,320,223,238,0,0,659,10,0,6,5,101,659,8,3,0,0,1,101
500219625001,491,239,94,158,0,0,421,8,1,1,6,54,421,7,4,0,1,0,54
500219625002,703,347,147,209,0,0,628,18,0,2,5,50,628,16,1,0,2,0,50
500219626001,745,363,163,219,0,0,664,6,0,4,7,64,664,6,6,1,2,1,64
500219626002,834,391,166,277,0,0,746,8,0,0,2,78,746,7,1,0,0,0,78
500219627001,1146,463,234,449,0,0,996,27,0,5,10,108,996,26,2,0,3,2,108
500219627002,469,210,109,150,0,0,429,1,0,4,2,33,429,1,0,0,1,0,33
500219627003,1008,446,207,355,0,0,896,10,1,7,13,81,896,10,4,3,4,2,81
500219628001,969,428,332,209,0,0,772,28,3,17,22,127,772,27,6,4,10,3,127
500219628002,791,333,234,224,0,0,687,6,2,7,9,80,687,6,3,1,5,2,80
500219628003,860,392,199,269,0,0,756,8,2,9,8,77,756,8,4,0,3,2,77
500219630001,693,334,135,224,0,0,580,14,0,8,10,81,580,13,4,0,6,1,81
500219630002,1073,531,259,283,0,0,933,21,0,9,9,101,933,21,4,2,4,2,101
500219630003,958,480,165,313,0,0,816,25,0,5,11,101,816,24,5,5,1,3,101
500219630004,284,151,86,47,0,0,247,4,0,6,5,22,247,4,5,0,2,3,22
500219630005,674,362,126,186,0,0,576,18,0,8,7,65,576,18,3,3,2,4,65
500219631001,675,370,188,117,0,0,584,14,0,3,6,68,584,14,1,2,1,1,68
500219631002,623,336,159,128,0,0,547,13,1,0,7,55,547,11,3,2,0,0,55
500219631003,664,527,70,67,0,0,563,19,2,7,7,66,563,19,2,1,0,4,66
500219632001,424,198,116,110,0,0,358,7,0,6,9,44,358,7,3,4,1,5,44
500219632002,437,234,78,125,0,0,370,8,0,6,2,51,370,8,0,0,0,0,51
500219632003,653,340,142,171,0,0,573,7,2,4,9,58,573,3,2,2,0,1,58
500219632004,411,336,28,47,0,0,360,13,0,2,9,27,360,13,2,5,0,2,27
500219633001,880,464,220,196,0,0,782,20,2,3,7,66,782,15,4,0,1,1,66
500219633002,612,317,139,156,0,0,545,8,0,3,10,46,545,8,3,0,0,2,46
500219633003,449,245,124,80,0,0,396,8,0,3,7,35,396,8,3,2,0,1,35
500219633004,403,304,39,60,0,0,351,8,0,0,0,44,351,8,0,0,0,0,44
500219633005,224,130,43,51,0,0,204,3,0,0,0,17,204,3,0,0,0,0,17
500219633006,739,355,173,211,0,0,631,19,2,7,6,74,631,18,2,0,7,0,74
500219634001,1339,575,298,466,0,0,1197,17,1,5,18,101,1197,16,6,3,2,2,101
500219634002,454,198,84,172,0,0,410,8,0,3,2,31,410,8,1,0,0,2,31
500219635001,249,119,46,84,0,0,215,1,0,2,2,29,215,1,0,1,2,0,29
500219635002,295,149,53,93,0,0,273,2,0,0,0,20,273,2,0,0,0,0,20
500219635003,669,358,162,149,0,0,609,6,0,5,6,43,609,6,1,3,0,0,43
500219636001,1697,744,464,489,0,0,1475,36,1,13,10,162,1475,34,0,5,2,2,162
500219636002,1268,543,305,420,0,0,1090,26,0,10,10,132,1090,24,2,0,0,0,132
500219637001,1063,540,256,267,0,0,949,14,0,5,9,86,949,14,5,2,2,1,86
500219637002,821,453,165,203,0,0,737,8,0,1,11,64,737,7,2,4,0,1,64
500219638001,872,439,178,255,0,0,786,4,2,2,3,75,786,4,1,1,2,0,75
500219638002,861,428,235,198,0,0,762,18,1,5,13,62,762,15,6,0,4,0,62
500219638003,471,229,99,143,0,0,406,4,0,0,15,46,406,4,8,0,0,0,46
500219638004,769,208,392,169,0,0,682,3,0,2,5,77,682,3,2,1,1,0,77
500219640001,592,319,127,146,0,0,517,16,0,4,2,53,517,14,0,1,2,1,53
500219640002,1052,469,254,329,0,0,928,9,2,7,19,87,928,9,12,3,1,4,87
500219640003,1053,479,274,300,0,0,937,10,0,4,11,91,937,8,6,2,0,0,91
500219642001,988,503,188,297,0,0,862,16,0,3,5,102,862,15,1,2,0,1,102
500219642002,93,35,26,32,0,0,77,2,0,0,1,13,77,2,0,0,0,0,13
500219643001,733,354,173,206,0,0,639,12,0,7,6,69,639,11,0,1,1,0,69
500219643002,347,188,67,92,0,0,300,5,0,2,4,36,300,5,1,2,0,0,36
500159530001,860,413,227,220,0,0,785,4,0,5,7,59,785,4,3,0,0,1,59
500159530002,818,394,190,234,0,0,748,7,0,1,9,53,748,7,8,0,1,0,53
500159531001,672,339,215,118,0,0,584,12,0,4,2,70,584,12,0,1,1,1,70
500159531002,851,432,253,166,0,0,750,15,0,2,6,78,750,15,4,1,2,0,78
500159532001,964,496,286,182,0,0,856,10,5,9,11,73,856,10,2,4,2,5,73
500159532002,1157,603,354,200,0,0,1030,20,3,2,8,94,1030,20,2,1,1,1,94
500159533001,770,393,180,197,0,0,689,10,0,9,6,56,689,9,4,2,4,1,56
500159533002,1344,715,285,344,0,0,1185,21,0,5,9,124,1185,21,5,1,2,2,124
500159534001,1877,1021,428,428,0,0,1656,27,0,6,22,166,1656,23,12,2,0,5,166
500159535001,691,388,161,142,0,0,608,8,0,9,10,56,608,8,6,2,1,3,56
500159535002,1204,624,313,267,0,0,1057,17,1,3,18,108,1057,17,3,4,0,0,108
500159535003,2045,1093,518,434,0,0,1788,44,1,8,19,185,1788,44,5,7,3,3,185
500159536001,1346,639,483,224,0,0,1100,36,3,6,19,182,1100,35,7,5,0,2,182
500159536002,1468,729,490,249,0,0,1220,33,1,10,24,180,1220,31,6,11,2,3,180
500159536003,1066,510,380,176,0,0,889,21,0,5,15,136,889,21,12,1,2,1,136
500099501001,631,282,132,217,0,0,570,2,14,0,8,37,570,2,0,2,0,0,37
500099501002,575,326,108,141,0,0,528,13,0,2,1,31,528,13,1,0,1,0,31
500099502001,830,431,156,243,0,0,716,15,0,4,8,87,716,15,3,0,0,3,87
500099505001,786,359,151,276,0,0,725,10,0,0,6,45,725,10,2,1,0,0,45
500099505002,994,475,211,308,0,0,892,11,0,3,7,81,892,11,4,0,0,0,81
500099505003,647,369,119,159,0,0,577,12,1,5,4,48,577,11,0,0,2,3,48
500199511001,839,349,203,287,0,0,729,5,1,1,5,98,729,5,1,2,0,0,98
500199511002,693,372,131,190,0,0,624,5,0,0,10,54,624,5,2,1,0,0,54
500199512001,171,100,42,29,0,0,144,4,2,1,1,19,144,4,0,0,0,0,19
500199512002,2542,1175,628,739,0,0,2228,30,0,6,14,264,2228,30,4,3,2,3,264
500199512003,252,113,50,89,0,0,228,2,0,0,2,20,228,2,0,1,0,0,20
500199513001,470,229,113,128,0,0,405,3,1,3,2,56,405,3,1,1,1,2,56
500199514001,922,635,107,180,0,0,815,15,0,1,6,85,815,14,2,4,0,1,85
500199514002,30,11,16,3,0,0,26,2,0,0,0,2,26,2,0,0,0,0,2
500199514003,506,244,176,86,0,0,445,11,1,3,4,42,445,11,2,0,0,3,42
500199515001,1070,785,149,136,0,0,937,24,1,8,8,92,937,24,4,2,0,4,92
500199515002,962,506,268,188,0,0,836,20,1,4,13,88,836,17,1,3,0,3,88
500199516001,775,312,202,261,0,0,701,3,0,2,12,57,701,3,2,5,0,0,57
500199516002,848,400,173,275,0,0,767,10,0,0,3,68,767,10,0,2,0,0,68
500199516003,178,105,51,22,0,0,160,5,0,0,0,13,160,5,0,0,0,0,13
500199516004,296,144,94,58,0,0,257,7,0,2,1,29,257,7,1,0,0,0,29
500199516005,950,470,255,225,0,0,815,19,1,2,7,106,815,19,0,4,2,0,106
500199517001,637,233,108,296,0,0,542,18,3,2,5,67,542,18,4,0,0,1,67
500199517002,840,392,167,281,0,0,742,10,0,1,6,81,742,10,2,0,1,0,81
500199517003,676,340,140,196,0,0,603,10,0,3,2,58,603,8,0,2,0,1,58
500199517004,878,525,184,169,0,0,770,23,0,6,7,72,770,18,4,0,0,1,72
500199518001,885,548,174,163,0,0,791,11,0,6,7,70,791,11,2,2,1,2,70
500199518002,232,132,68,32,0,0,209,2,0,1,0,20,209,2,0,0,1,0,20
500199518003,671,478,74,119,0,0,587,12,1,1,11,59,587,9,2,3,0,0,59
500199519001,747,329,179,239,0,0,668,14,0,3,0,62,668,14,0,0,1,2,62
500199519002,842,390,201,251,0,0,732,18,0,0,2,90,732,18,0,0,0,0,90
500199520001,837,456,167,214,0,0,750,13,0,5,6,63,750,12,1,5,2,1,63
500199520002,638,349,171,118,0,0,575,7,0,2,4,50,575,7,2,1,0,0,50
500070001001,1314,762,347,205,0,0,1068,30,5,49,26,136,1068,30,5,6,4,14,136
500070001002,966,592,200,174,0,0,762,20,5,41,27,111,762,20,5,3,14,4,111
500070001003,943,611,212,120,0,0,679,26,22,48,52,116,679,25,2,27,21,10,116
500070002001,961,610,217,134,0,0,693,25,11,15,71,146,693,25,12,10,3,0,146
500070002002,1184,784,227,173,0,0,956,28,8,33,35,124,956,26,11,5,9,8,124
500070002003,807,526,138,143,0,0,669,17,1,9,11,100,669,17,1,8,3,3,100
500070002004,301,177,101,23,0,0,237,16,0,10,3,35,237,16,1,0,2,2,35
500070002005,1320,815,338,167,0,0,1096,17,3,32,38,134,1096,17,10,18,6,6,134
500070003001,942,794,119,29,0,0,728,26,6,40,29,113,728,24,6,11,20,5,113
500070003002,1131,949,115,67,0,0,894,24,3,32,27,151,894,22,3,12,3,13,151
500070003003,2,2,0,0,0,0,0,2,0,0,0,0,0,2,0,0,0,0,0
500070003004,643,367,257,19,0,0,497,15,1,19,20,91,497,15,5,7,2,6,91
500070003005,1083,951,106,26,0,0,775,24,27,44,55,158,775,24,5,40,22,10,158
500070006001,981,558,375,48,0,0,765,23,8,26,16,143,765,22,4,7,8,9,143
500070006002,501,265,202,34,0,0,320,15,17,32,43,74,320,14,4,27,19,4,74
500070006003,1519,900,550,69,0,0,1201,43,7,22,42,204,1201,43,12,10,5,5,204
500070008001,1416,982,348,86,0,0,1151,37,6,22,30,170,1151,36,8,15,3,10,170
500070008002,648,458,112,78,0,0,534,10,1,9,12,82,534,9,1,6,7,1,82
500070009001,1738,985,656,97,0,0,1393,30,6,25,41,243,1393,29,9,13,6,7,243
500070009002,645,403,200,42,0,0,542,13,5,7,5,73,542,13,2,1,1,3,73
500070010001,651,564,64,23,0,0,512,16,8,19,26,70,512,16,5,13,6,7,70
500070010002,443,247,159,37,0,0,329,16,3,16,11,68,329,16,4,5,6,7,68
500070010003,1003,606,349,48,0,0,768,25,14,22,35,139,768,25,9,18,7,5,139
500070011001,1061,721,238,102,0,0,829,24,19,25,47,117,829,24,6,23,15,4,117
500070011002,729,515,120,94,0,0,579,10,2,10,14,114,579,9,5,4,2,3,114
500070021011,1028,446,214,368,0,0,910,21,0,5,7,85,910,20,4,1,1,2,85
500070021012,1300,580,331,389,0,0,1150,21,1,11,12,105,1150,21,2,2,3,3,105
500070021031,1812,802,486,524,0,0,1584,22,4,3,14,185,1584,22,4,4,0,1,185
500070021032,1210,473,291,446,0,0,1074,16,0,6,5,109,1074,16,2,1,4,0,109
500070021041,1117,492,276,349,0,0,967,23,1,11,17,98,967,23,6,5,6,1,98
500070021042,630,371,141,118,0,0,529,13,0,4,12,72,529,12,3,5,1,1,72
500070021043,648,286,147,215,0,0,557,11,0,8,6,66,557,10,1,3,3,2,66
500070022011,0,0,0,0,0,0,0,0,0,0,0,0,0,0,0,0,0,0,0
500070022012,0,0,0,0,0,0,0,0,0,0,0,0,0,0,0,0,0,0,0
500070022013,271,146,76,49,0,0,212,3,0,5,14,37,212,3,0,7,0,2,37
500070022014,567,340,194,33,0,0,418,18,9,18,27,77,418,18,0,20,10,2,77
500070022021,1464,660,484,320,0,0,1247,21,0,38,24,134,1247,21,10,4,10,8,134
500070022022,2084,1000,618,466,0,0,1729,43,4,42,44,222,1729,42,9,15,5,11,222
500070023011,969,454,309,206,0,0,827,18,1,9,15,99,827,16,9,3,0,4,99
500070023031,1763,833,500,430,0,0,1477,36,1,24,43,182,1477,36,16,8,6,6,182
500070023032,394,175,133,86,0,0,324,18,1,3,9,39,324,14,1,0,0,1,39
500070023033,1683,749,520,414,0,0,1417,38,4,34,25,165,1417,38,7,6,3,10,165
500070023041,891,418,259,214,0,0,715,16,3,26,29,102,715,13,2,15,15,2,102
500070023042,1340,601,431,308,0,0,1127,21,5,21,37,129,1127,20,9,9,3,5,129
500070024001,690,547,84,59,0,0,493,18,10,47,26,96,493,17,1,22,35,5,96
500070024002,559,332,181,46,0,0,429,11,5,22,29,63,429,11,3,20,6,5,63
500070024003,690,416,184,90,0,0,558,16,2,32,10,72,558,10,2,7,12,5,72
500070025011,981,606,247,128,0,0,757,16,4,58,23,123,757,16,4,15,31,10,123
500070025012,539,440,68,31,0,0,436,15,4,12,13,59,436,15,3,7,6,2,59
500070025021,716,562,106,48,0,0,530,20,8,20,25,113,530,20,2,22,4,8,113
500070025022,456,378,60,18,0,0,356,10,5,13,15,57,356,10,3,8,4,3,57
500070026011,843,463,219,161,0,0,701,18,1,24,17,82,701,18,0,10,10,6,82
500070026012,795,429,221,145,0,0,644,17,0,17,22,95,644,17,4,8,6,5,95
500070026013,1474,688,402,384,0,0,1167,36,4,83,33,151,1167,34,9,6,57,16,151
500070026014,915,454,273,188,0,0,731,19,2,33,22,108,731,19,11,5,18,6,108
500070026021,629,357,189,83,0,0,492,18,8,11,16,84,492,18,1,14,1,6,84
500070026022,829,445,212,172,0,0,690,13,3,25,13,85,690,13,2,4,9,4,85
500070026023,1554,802,359,393,0,0,1250,43,0,62,42,157,1250,40,2,15,28,13,157
500070027011,836,304,306,226,0,0,713,17,4,11,19,72,713,17,3,3,3,5,72
500070027012,1269,609,437,223,0,0,1054,33,4,19,26,133,1054,33,6,9,12,1,133
500070027013,1570,641,563,366,0,0,1266,28,3,52,43,178,1266,26,14,10,20,18,178
500070027014,1036,421,367,248,0,0,820,21,2,36,25,132,820,21,4,7,9,14,132
500070027021,1967,764,703,500,0,0,1666,34,2,37,40,188,1666,29,13,19,9,16,188
500070027022,1815,725,609,481,0,0,1547,41,3,27,37,160,1547,39,5,15,12,6,160
500070028001,1031,518,220,293,0,0,895,28,1,3,17,87,895,26,13,1,0,1,87
500070028002,1424,792,288,344,0,0,1236,19,0,14,12,143,1236,17,4,4,3,7,143
500070028003,11,7,2,2,0,0,11,0,0,0,0,0,11,0,0,0,0,0,0
500070028004,1645,865,344,436,0,0,1394,37,1,25,15,173,1394,34,6,2,6,2,173
500070029001,1633,820,376,437,0,0,1437,21,0,10,13,152,1437,21,0,3,3,2,152
500070029002,1572,792,362,418,0,0,1359,24,6,10,18,155,1359,21,1,7,2,3,155
500070029003,0,0,0,0,0,0,0,0,0,0,0,0,0,0,0,0,0,0,0
500070029004,0,0,0,0,0,0,0,0,0,0,0,0,0,0,0,0,0,0,0
500070029005,833,453,192,188,0,0,745,11,0,4,12,61,745,10,6,0,1,1,61
500070029006,891,484,186,221,0,0,783,14,0,6,23,65,783,13,13,3,2,2,65
500070030001,1621,871,347,403,0,0,1387,23,2,10,19,180,1387,22,8,5,4,2,180
500070030002,1573,904,362,307,0,0,1365,25,0,8,17,158,1365,23,2,4,2,0,158
500070031011,1045,499,283,263,0,0,899,20,0,17,18,91,899,19,1,9,0,5,91
500070031012,708,381,159,168,0,0,612,12,1,9,6,68,612,11,3,0,0,4,68
500070031013,1431,702,368,361,0,0,1250,17,1,22,21,120,1250,17,10,4,6,2,120
500070031014,1332,610,460,262,0,0,1055,27,5,34,39,172,1055,24,16,11,11,14,172
500070031015,1742,856,425,461,0,0,1438,39,2,43,28,192,1438,39,9,11,11,14,192
500070031021,1779,897,438,444,0,0,1512,44,1,21,13,188,1512,43,5,2,7,3,188
500070033011,2098,1021,544,533,0,0,1597,36,5,130,98,232,1597,36,14,60,41,55,232
500070033012,2010,1032,456,522,0,0,1587,33,5,91,38,256,1587,33,21,8,32,42,256
500070033041,1224,702,291,231,0,0,1026,23,4,32,16,123,1026,23,4,3,7,15,123
500070033042,596,384,149,63,0,0,442,16,8,12,28,90,442,16,4,12,5,2,90
500070033043,1123,613,341,169,0,0,868,30,5,25,30,165,868,29,10,14,5,7,165
500070033044,1150,682,362,106,0,0,897,31,9,53,42,118,897,31,12,19,16,19,118
500070034011,2450,1361,541,548,0,0,2076,31,0,26,33,284,2076,31,12,11,12,3,284
500070034012,1932,978,475,479,0,0,1549,41,2,34,46,260,1549,41,13,15,8,9,260
500070034021,971,600,171,200,0,0,828,11,0,12,16,104,828,11,9,5,4,3,104
500070034022,50,34,9,7,0,0,42,1,0,0,1,6,42,1,0,0,0,0,6
500070034023,773,374,205,194,0,0,650,23,0,9,11,80,650,21,2,7,1,6,80
500070035011,1230,713,231,286,0,0,1035,20,4,17,12,142,1035,20,5,3,4,5,142
500070035012,706,354,150,202,0,0,611,6,0,7,16,66,611,5,11,3,1,4,66
500070035013,1171,666,274,231,0,0,957,20,1,9,22,162,957,19,4,8,1,5,162
500070035021,1069,538,316,215,0,0,937,19,1,6,10,96,937,19,3,2,0,5,96
500070035022,494,260,127,107,0,0,404,11,1,8,6,64,404,11,5,0,1,1,64
500070035023,723,351,188,184,0,0,658,6,0,1,3,55,658,6,1,2,1,0,55
500070035024,1147,568,378,201,0,0,980,23,0,7,9,128,980,22,1,1,2,5,128
500070035025,943,509,245,189,0,0,805,19,0,4,13,102,805,18,9,1,3,0,102
500070035031,1601,928,384,289,0,0,1427,23,2,9,11,129,1427,23,3,3,7,2,129
500070036001,819,439,265,115,0,0,688,18,3,15,16,79,688,18,3,4,5,7,79
500070036002,1058,583,311,164,0,0,884,23,1,28,23,99,884,23,8,4,8,11,99
500070036003,1194,627,411,156,0,0,971,43,1,37,26,116,971,42,5,9,6,20,116
500070039001,1294,782,414,98,0,0,989,49,4,28,24,200,989,48,9,5,8,8,200
500070039002,3,3,0,0,0,0,3,0,0,0,0,0,3,0,0,0,0,0,0
500070039003,282,182,93,7,0,0,191,26,3,9,10,43,191,26,3,1,3,3,43
500070039004,1372,808,559,5,0,0,982,47,3,26,29,285,982,47,7,13,4,16,285
500070039005,125,78,47,0,0,0,92,8,1,2,1,21,92,8,0,0,1,0,21
500070040021,1398,799,340,259,0,0,1123,38,8,43,34,152,1123,37,4,11,17,12,152
500070040022,1302,762,351,189,0,0,1049,33,6,27,29,158,1049,29,4,12,4,5,158
500070040023,506,263,122,121,0,0,384,12,11,12,19,68,384,11,1,15,5,3,68
500070040024,94,44,28,22,0,0,78,2,0,5,3,6,78,0,0,3,0,5,6
500070041001,507,262,233,12,0,0,390,9,1,10,12,85,390,8,6,1,2,3,85
500070041002,1286,733,531,22,0,0,947,39,5,28,39,228,947,37,8,14,5,9,228
500070042001,1539,921,589,29,0,0,1216,34,3,32,33,221,1216,33,8,15,10,14,221
500070042002,1206,1036,135,35,0,0,920,40,11,31,32,172,920,39,9,14,17,11,172
500070042003,574,368,186,20,0,0,436,22,8,12,12,84,436,19,2,5,5,5,84
500079800001,0,0,0,0,0,0,0,0,0,0,0,0,0,0,0,0,0,0,0
500110101011,118,45,43,30,0,0,102,1,0,0,1,14,102,1,0,0,0,0,14
500110101012,466,237,84,145,0,0,416,2,0,1,0,47,416,2,0,0,0,0,47
500110101013,1671,726,409,536,0,0,1443,17,0,3,5,203,1443,16,2,0,0,1,203
500110101021,1167,494,328,345,0,0,1022,16,2,5,8,114,1022,16,4,3,1,0,114
500110101022,973,422,194,357,0,0,849,4,0,3,20,97,849,4,7,1,1,2,97
500110102001,882,434,204,244,0,0,763,21,0,0,12,86,763,21,10,0,0,0,86
500110102002,833,408,223,202,0,0,715,10,2,0,10,96,715,10,5,3,0,0,96
500110102003,1348,657,339,352,0,0,1201,11,2,2,9,123,1201,11,4,3,0,2,123
500110103001,575,421,55,99,0,0,515,11,1,1,1,46,515,11,0,0,0,0,46
500110103002,1004,690,125,189,0,0,913,13,0,1,7,70,913,10,7,0,0,0,70
500110103003,908,410,292,206,0,0,763,26,0,4,18,97,763,24,5,5,2,0,97
500110104001,1054,521,233,300,0,0,946,8,0,2,2,96,946,7,0,2,0,2,96
500110104002,417,178,103,136,0,0,370,5,0,0,5,37,370,5,2,1,0,0,37
500110104003,972,434,336,202,0,0,842,16,0,1,5,108,842,16,3,2,0,1,108
500110105001,797,379,181,237,0,0,721,5,0,0,5,66,721,5,2,1,0,0,66
500110105002,1514,840,280,394,0,0,1366,14,1,2,8,123,1366,13,2,4,0,2,123
500110105003,215,89,65,61,0,0,192,0,0,2,0,21,192,0,0,0,0,1,21
500110105004,1264,506,342,416,0,0,1080,29,0,4,23,128,1080,29,8,3,0,2,128
500110105005,551,290,111,150,0,0,501,5,0,0,2,43,501,5,0,1,0,0,43
500110106001,2213,1039,563,611,0,0,1962,28,0,6,24,193,1962,27,8,2,4,1,193
500110106002,677,330,167,180,0,0,589,9,0,7,2,70,589,9,1,1,0,5,70
500110106003,2951,1575,787,589,0,0,2599,43,2,16,38,253,2599,41,16,5,5,3,253
500110106004,271,137,40,94,0,0,241,4,0,0,4,22,241,4,1,0,0,0,22
500110107001,423,214,159,50,0,0,348,9,0,1,8,57,348,9,5,1,0,0,57
500110107002,427,228,153,46,0,0,350,14,1,6,1,55,350,14,1,0,0,1,55
500110107003,1012,445,328,239,0,0,875,10,1,2,11,113,875,10,3,7,0,0,113
500110107004,268,188,49,31,0,0,221,8,1,3,2,33,221,8,1,0,2,1,33
500110108001,396,176,132,88,0,0,340,7,0,1,1,47,340,7,0,1,0,1,47
500110108002,470,213,162,95,0,0,409,5,4,4,5,43,409,5,1,2,0,3,43
500110108003,484,261,158,65,0,0,424,5,0,1,7,47,424,5,2,2,0,0,47
500110108004,323,179,94,50,0,0,283,6,0,3,6,25,283,6,2,1,1,1,25
500110109001,1229,525,294,410,0,0,1099,13,1,8,14,94,1099,11,9,3,1,6,94
500110109002,1431,633,326,472,0,0,1284,25,0,3,10,109,1284,25,4,3,2,1,109
500110109003,959,470,229,260,0,0,829,24,1,3,3,99,829,24,0,2,0,3,99
500110110001,2015,807,607,601,0,0,1764,39,3,18,19,172,1764,39,5,7,9,3,172
500110110002,1571,707,417,447,0,0,1353,24,5,16,19,154,1353,22,5,0,11,3,154
500110110003,2182,1122,534,526,0,0,1920,26,1,3,19,213,1920,25,5,6,0,2,213
500279650001,1059,670,273,116,0,0,839,20,2,34,20,144,839,20,9,4,12,13,144
500279650002,647,397,168,82,0,0,513,12,0,13,10,99,513,11,4,4,6,6,99
500279650003,1261,833,270,158,0,0,1055,18,0,16,13,159,1055,18,5,2,4,9,159
500279651001,625,360,160,105,0,0,546,9,1,6,11,52,546,9,3,5,3,2,52
500279651002,641,372,160,109,0,0,558,9,5,3,8,58,558,7,3,2,0,2,58
500279651003,794,407,220,167,0,0,705,8,1,3,10,67,705,8,0,0,0,1,67
500279654001,1104,595,284,225,0,0,958,17,1,6,12,110,958,14,4,3,2,2,110
500279654002,445,212,161,72,0,0,400,6,0,1,1,37,400,6,0,1,1,0,37
500279654003,719,398,177,144,0,0,635,18,0,4,4,58,635,16,1,3,0,2,58
500279654004,562,279,142,141,0,0,483,18,1,0,3,57,483,18,1,0,0,0,57
500279655011,49,24,16,9,0,0,40,0,1,1,1,6,40,0,1,0,1,0,6
500279655012,67,34,26,7,0,0,66,0,0,0,0,1,66,0,0,0,0,0,1
500279655013,58,30,21,7,0,0,46,2,0,2,1,7,46,2,0,0,0,0,7
500279655021,28,14,10,4,0,0,21,1,0,0,0,6,21,1,0,0,0,0,6
500279655022,3090,1570,883,637,0,0,2720,44,3,31,44,248,2720,40,14,5,7,12,248
500279655023,5361,2762,1963,636,0,0,4541,103,7,76,88,546,4541,99,26,24,34,26,546
500279656001,21,15,6,0,0,0,16,0,0,0,0,5,16,0,0,0,0,0,5
500279656002,62,36,18,8,0,0,57,1,0,0,1,3,57,1,0,1,0,0,3
500279656003,44,27,12,5,0,0,36,2,0,1,1,4,36,2,0,1,0,1,4
500279656004,158,94,51,13,0,0,135,3,0,4,0,16,135,3,0,0,0,1,16
500279656005,34,17,11,6,0,0,27,0,0,4,0,3,27,0,0,0,3,1,3
500279657001,505,260,110,135,0,0,437,2,1,1,2,62,437,2,0,1,0,0,62
500279657002,1291,696,303,292,0,0,1134,17,0,8,6,126,1134,17,3,2,3,0,126
500279657003,861,463,201,197,0,0,743,21,4,6,10,77,743,21,5,4,0,2,77
500279658001,663,346,161,156,0,0,575,12,0,3,5,68,575,11,1,2,1,0,68
500279658002,710,383,192,135,0,0,609,14,0,3,6,78,609,14,3,2,1,1,78
500279658003,1196,656,311,229,0,0,1019,21,3,6,18,129,1019,20,6,6,1,2,129
500279659011,719,346,211,162,0,0,619,5,0,2,5,88,619,3,2,3,0,1,88
500279659012,454,217,156,81,0,0,407,4,0,2,4,37,407,4,0,0,0,0,37
500279659021,530,277,137,116,0,0,448,12,0,2,12,56,448,8,3,5,0,1,56
500279659022,386,171,114,101,0,0,343,6,1,3,2,31,343,6,2,0,0,3,31
500279660001,728,384,168,176,0,0,636,14,3,3,9,63,636,14,1,6,1,1,63
500279660002,491,272,112,107,0,0,428,10,0,7,4,42,428,10,0,1,0,0,42
500279660003,457,360,44,53,0,0,407,7,1,7,5,30,407,6,1,2,0,3,30
500279660004,401,294,37,70,0,0,354,3,0,1,4,39,354,3,0,1,0,0,39
500279660005,1020,520,266,234,0,0,901,16,0,9,5,89,901,14,3,0,2,1,89
500279661001,268,130,54,84,0,0,244,2,0,0,1,21,244,2,1,0,0,0,21
500279661002,495,190,129,176,0,0,439,3,0,3,5,45,439,3,2,2,1,0,45
500279661003,877,422,172,283,0,0,779,14,0,3,10,71,779,14,6,0,0,3,71
500279662001,761,381,182,198,0,0,668,8,0,6,11,68,668,7,3,5,1,2,68
500279662002,448,215,95,138,0,0,404,5,0,2,5,32,404,4,3,1,2,0,32
500279663001,375,196,110,69,0,0,324,5,0,3,4,39,324,5,1,0,0,2,39
500279663002,540,229,153,158,0,0,473,7,0,3,12,45,473,5,8,0,1,2,45
500279663003,623,280,196,147,0,0,539,7,0,2,1,74,539,5,1,0,1,0,74
500279665011,763,392,154,217,0,0,649,17,0,3,14,80,649,17,10,0,1,1,80
500279665012,775,441,160,174,0,0,684,17,1,1,7,65,684,17,1,3,1,0,65
500279665013,658,309,161,188,0,0,583,7,1,0,12,55,583,6,6,3,0,0,55
500279665021,362,155,82,125,0,0,317,3,0,2,10,30,317,3,8,1,0,0,30
500279665022,507,257,113,137,0,0,426,11,0,4,4,62,426,11,2,0,0,1,62
500279666001,658,375,141,142,0,0,575,9,0,5,14,55,575,9,6,1,0,3,55
500279666002,595,448,67,80,0,0,513,10,5,1,6,60,513,10,3,1,0,0,60
500279666003,590,309,162,119,0,0,540,9,0,3,9,29,540,9,2,5,0,3,29
500279666004,771,369,173,229,0,0,668,9,0,4,13,77,668,9,6,4,1,3,77
500279666005,794,417,179,198,0,0,684,13,3,4,10,80,684,12,3,2,1,1,80
500279667001,336,146,88,102,0,0,298,2,0,2,3,31,298,1,2,0,1,0,31
500279667002,1669,845,410,414,0,0,1472,29,1,10,21,136,1472,24,11,4,3,3,136
500279667003,569,277,151,141,0,0,480,10,1,5,7,66,480,10,1,3,0,4,66
500279667004,1105,629,260,216,0,0,965,20,0,8,16,96,965,19,11,2,0,0,96
500279668001,684,390,133,161,0,0,606,20,0,5,3,50,606,20,1,0,5,0,50
500279668002,882,512,183,187,0,0,756,18,0,5,12,91,756,15,3,5,0,1,91
500279668003,774,408,190,176,0,0,695,9,0,4,9,57,695,9,2,0,1,0,57
500059570001,1055,523,229,303,0,0,954,8,1,2,11,79,954,8,8,1,1,1,79
500059570002,242,142,30,70,0,0,207,2,0,1,2,30,207,2,0,1,0,0,30
500059570003,1004,488,250,266,0,0,890,6,0,3,11,94,890,6,2,0,0,2,94
500059571001,1118,555,241,322,0,0,1008,16,0,1,8,85,1008,14,4,3,0,0,85
500059571002,347,183,85,79,0,0,308,5,2,0,1,31,308,4,0,1,0,0,31
500059572001,169,100,38,31,0,0,145,1,0,2,5,16,145,1,3,0,0,1,16
500059572002,401,197,116,88,0,0,366,5,0,1,6,23,366,5,2,1,0,0,23
500059573001,115,56,35,24,0,0,110,0,0,0,0,5,110,0,0,0,0,0,5
500059573002,394,194,109,91,0,0,354,4,0,4,5,27,354,4,3,1,2,1,27
500059573003,2430,1071,708,651,0,0,2177,35,4,24,17,173,2177,35,10,2,8,10,173
500059574001,807,417,156,234,0,0,709,17,1,0,11,69,709,17,2,2,0,0,69
500059574002,609,404,107,98,0,0,524,14,1,8,8,54,524,13,1,2,0,1,54
500059574003,655,376,141,138,0,0,595,14,0,6,9,31,595,14,3,3,4,0,31
500059575001,962,475,188,299,0,0,848,10,0,14,11,79,848,9,4,2,0,2,79
500059575002,484,266,94,124,0,0,420,4,4,0,8,48,420,4,4,2,0,0,48
500059575003,842,454,181,207,0,0,738,18,1,4,12,69,738,18,5,4,0,3,69
500059576001,1617,761,394,462,0,0,1426,14,1,10,16,150,1426,11,9,1,5,2,150
500059576002,592,302,112,178,0,0,512,13,0,3,6,58,512,11,3,1,0,0,58
500059577001,1269,704,315,250,0,0,1120,23,3,4,9,110,1120,23,2,3,0,4,110
500059577002,847,476,192,179,0,0,764,9,0,6,1,67,764,9,0,0,0,2,67
500059578001,631,327,150,154,0,0,536,13,2,1,7,72,536,11,2,1,0,1,72
500059578002,707,337,130,240,0,0,662,9,0,1,5,30,662,8,0,1,0,0,30
500059578003,860,421,215,224,0,0,774,13,2,2,8,61,774,12,6,2,0,1,61
500059579001,969,413,211,345,0,0,843,15,0,6,11,94,843,13,6,3,1,2,94
500059579002,986,505,220,261,0,0,878,15,4,4,5,80,878,15,1,4,2,0,80
500059579003,392,165,84,143,0,0,347,10,2,1,1,31,347,10,1,0,1,0,31
500239540001,1076,595,217,264,0,0,952,5,0,6,13,100,952,5,5,3,1,1,100
500239540002,1140,611,258,271,0,0,997,23,1,2,5,112,997,23,1,3,1,1,112
500239540003,1026,580,245,201,0,0,869,5,2,8,28,114,869,4,8,4,3,3,114
500239541001,715,363,185,167,0,0,623,9,1,3,9,70,623,9,2,5,0,1,70
500239541002,99,60,26,13,0,0,75,4,0,0,3,17,75,4,1,2,0,0,17
500239541003,1264,764,291,209,0,0,1120,17,0,3,9,115,1120,17,3,1,2,0,115
500239542001,742,455,152,135,0,0,633,14,0,5,8,82,633,13,3,5,4,1,82
500239542002,1286,743,268,275,0,0,1128,15,1,5,15,122,1128,14,5,6,2,2,122
500239543001,1083,583,325,175,0,0,929,18,0,10,11,115,929,18,4,4,2,1,115
500239543002,1054,529,348,177,0,0,920,19,0,6,17,92,920,17,2,4,1,0,92
500239543003,470,255,138,77,0,0,385,17,0,3,8,57,385,17,1,4,0,1,57
500239543004,626,431,144,51,0,0,551,10,1,5,6,53,551,10,1,3,0,2,53
500239544001,588,340,135,113,0,0,516,10,0,1,6,55,516,10,0,2,0,1,55
500239544002,834,452,210,172,0,0,734,14,2,6,5,73,734,14,2,1,4,1,73
500239544003,1339,719,350,270,0,0,1187,15,4,6,10,117,1187,14,4,2,3,2,117
500239545001,846,415,196,235,0,0,749,15,1,7,11,63,749,11,4,3,0,1,63
500239545002,866,453,174,239,0,0,753,24,2,7,5,75,753,24,0,2,1,3,75
500239546001,925,615,193,117,0,0,779,25,0,14,8,99,779,22,2,4,1,4,99
500239546002,1142,743,278,121,0,0,974,19,3,12,11,123,974,18,4,2,6,2,123
500239547001,583,376,100,107,0,0,501,6,0,8,3,65,501,6,0,1,3,3,65
500239547002,694,516,120,58,0,0,593,11,2,6,13,69,593,10,3,4,3,2,69
500239548001,843,570,193,80,0,0,721,10,0,10,6,96,721,10,1,3,5,3,96
500239548002,819,550,205,64,0,0,661,22,2,11,16,107,661,22,3,3,4,4,107
500239549001,611,375,137,99,0,0,508,14,0,3,10,76,508,14,3,2,0,2,76
500239549002,812,485,207,120,0,0,683,13,0,14,9,93,683,12,4,3,4,4,93
500239550001,339,196,96,47,0,0,299,2,0,1,4,33,299,2,1,0,0,0,33
500239550002,1826,1108,331,387,0,0,1595,33,2,6,17,173,1595,33,6,2,1,3,173
500239551001,763,525,124,114,0,0,647,32,1,3,9,71,647,32,2,4,1,1,71
500239551002,1559,722,379,458,0,0,1384,30,0,7,15,123,1384,29,2,4,1,2,123
500239551003,588,314,150,124,0,0,510,14,3,2,8,51,510,14,1,3,0,1,51
500239551004,429,213,143,73,0,0,376,11,0,3,1,38,376,11,1,0,0,1,38
500239552001,550,303,143,104,0,0,487,11,0,4,6,42,487,11,2,2,2,0,42
500239552002,430,226,100,104,0,0,378,9,0,6,2,35,378,9,0,0,6,0,35
500239552003,385,242,74,69,0,0,322,12,0,6,8,37,322,12,2,1,1,5,37
500239552004,530,280,131,119,0,0,474,11,0,8,9,28,474,11,2,0,2,1,28
500239552005,335,207,64,64,0,0,295,9,0,4,3,24,295,9,0,0,3,0,24
500239552006,400,235,88,77,0,0,361,6,3,0,1,29,361,6,1,0,0,0,29
500239553001,1153,510,244,399,0,0,1013,27,0,3,18,92,1013,27,0,3,2,1,92
500239553002,1234,497,284,453,0,0,1088,12,0,3,14,117,1088,12,3,2,1,0,117
500239553003,684,280,183,221,0,0,619,10,1,0,7,47,619,10,2,1,0,0,47
500239554001,448,212,86,150,0,0,411,7,0,2,1,27,411,7,0,0,1,1,27
500239554002,862,439,210,213,0,0,766,14,0,2,7,73,766,12,1,1,1,0,73
500239554003,874,386,215,273,0,0,790,9,0,4,7,64,790,9,1,4,0,3,64
500239555011,571,272,163,136,0,0,511,5,0,3,2,50,511,5,0,1,1,0,50
500239555012,1016,519,253,244,0,0,899,22,0,9,10,76,899,21,3,1,0,5,76
500239555021,1070,506,282,282,0,0,946,23,1,4,11,85,946,23,6,2,0,0,85
500239555022,527,290,114,123,0,0,478,7,0,1,8,33,478,7,0,1,1,0,33
500239555023,636,283,209,144,0,0,538,28,2,7,5,56,538,26,4,1,1,5,56
500239556001,932,542,249,141,0,0,799,10,0,3,18,102,799,10,5,5,0,1,102
500239556002,502,258,169,75,0,0,426,16,1,2,8,49,426,16,4,0,1,1,49
500239557001,827,492,215,120,0,0,731,14,0,4,9,69,731,14,3,0,0,1,69
500239557002,1031,584,324,123,0,0,891,7,5,10,9,109,891,6,2,2,0,6,109
500239558001,191,85,85,21,0,0,160,2,0,1,5,23,160,2,2,1,0,0,23
500239558002,532,263,168,101,0,0,458,7,6,2,6,53,458,7,3,1,2,0,53
500019601001,773,425,161,187,0,0,684,10,0,4,7,68,684,10,3,3,1,1,68
500019601002,472,219,107,146,0,0,420,14,0,0,2,36,420,14,1,0,0,0,36
500019601003,1645,895,391,359,0,0,1452,31,0,8,11,143,1452,30,1,3,0,2,143
500019602001,579,293,151,135,0,0,503,9,0,2,6,59,503,8,0,0,0,1,59
500019602002,1574,845,328,401,0,0,1383,23,1,9,8,150,1383,23,2,1,4,0,150
500019603001,532,310,158,64,0,0,424,36,1,2,7,62,424,36,1,1,2,0,62
500019603002,1351,779,296,276,0,0,1165,16,4,2,14,150,1165,16,5,5,0,2,150
500019604001,1300,649,287,364,0,0,1154,15,0,12,10,109,1154,15,2,6,8,2,109
500019604002,999,468,255,276,0,0,865,17,0,5,10,102,865,15,2,1,1,2,102
500019604003,1000,441,225,334,0,0,862,26,0,2,8,102,862,24,4,1,0,2,102
500019604004,667,353,205,109,0,0,576,15,0,4,13,59,576,15,2,2,3,0,59
500019605001,1588,814,410,364,0,0,1396,27,3,10,9,143,1396,26,2,1,6,0,143
500019605002,798,477,170,151,0,0,677,16,0,9,6,90,677,15,4,0,0,2,90
500019605003,547,256,119,172,0,0,488,8,0,1,3,47,488,8,2,0,0,0,47
500019606001,1013,588,220,205,0,0,866,17,0,4,10,116,866,15,4,1,0,2,116
500019606002,526,328,107,91,0,0,460,8,0,5,7,46,460,7,2,2,1,4,46
500019606003,477,282,106,89,0,0,419,10,0,3,5,40,419,10,2,0,1,0,40
500019607001,654,391,125,138,0,0,588,3,1,4,3,55,588,3,0,3,1,2,55
500019607002,655,406,130,119,0,0,566,5,0,12,3,69,566,5,0,2,1,4,69
500019607003,1021,608,229,184,0,0,864,22,1,10,14,110,864,22,5,4,5,2,110
500019607004,521,304,115,102,0,0,444,13,2,11,5,46,444,12,3,2,0,0,46
500019608001,413,266,107,40,0,0,341,8,0,10,6,48,341,8,1,1,4,4,48
500019608002,977,540,281,156,0,0,823,17,2,18,13,104,823,16,1,3,6,10,104
500019608003,278,179,60,39,0,0,222,13,0,3,5,35,222,11,5,0,0,3,35
500019608004,921,528,317,76,0,0,639,64,9,51,30,128,639,64,5,12,15,21,128
500019609001,1272,697,277,298,0,0,1095,26,0,16,15,120,1095,26,8,3,3,4,120
500019609002,888,390,201,297,0,0,780,9,0,4,10,85,780,8,3,2,1,3,85
500019609003,845,457,161,227,0,0,749,16,0,5,5,70,749,16,2,3,2,0,70
500019609004,877,399,159,319,0,0,753,17,0,5,10,92,753,15,4,2,1,0,92
500019610001,890,430,189,271,0,0,776,19,0,19,6,70,776,19,1,0,0,8,70
500019610002,636,361,113,162,0,0,564,1,1,5,2,63,564,1,0,1,0,4,63
500130201001,758,398,183,177,0,0,656,7,0,1,4,90,656,7,1,1,0,0,90
500130201002,413,221,82,110,0,0,358,8,1,2,3,41,358,7,0,0,0,0,41
500130201003,785,349,216,220,0,0,668,10,0,4,6,97,668,10,3,2,0,0,97
500130201004,660,325,172,163,0,0,560,17,0,2,5,76,560,16,0,2,0,1,76
500130202001,673,339,165,169,0,0,560,9,0,3,9,92,560,9,3,2,0,2,92
500130202002,962,444,234,284,0,0,833,22,2,2,6,97,833,22,3,2,0,0,97
500130202003,572,306,117,149,0,0,507,13,0,4,2,46,507,13,0,1,0,1,46
500130202004,931,496,217,218,0,0,813,2,2,7,21,86,813,2,7,8,2,0,86
500259670001,1129,658,264,207,0,0,1001,15,0,4,7,102,1001,13,3,2,0,3,102
500259670002,848,516,198,134,0,0,723,23,1,12,12,77,723,21,4,6,4,7,77
500259670003,480,333,93,54,0,0,406,15,3,3,11,42,406,12,1,0,0,2,42
500259671001,294,154,54,86,0,0,267,0,0,1,3,23,267,0,1,0,0,1,23
500259671002,540,331,107,102,0,0,455,4,1,5,8,67,455,4,5,0,3,1,67
500259672001,629,371,150,108,0,0,556,5,1,3,5,59,556,5,2,2,1,0,59
500259672002,837,467,175,195,0,0,752,11,0,3,6,65,752,10,4,1,0,0,65
500259672003,955,513,228,214,0,0,840,21,3,10,9,72,840,20,1,3,3,5,72
500259673001,1052,510,301,241,0,0,869,15,1,5,11,151,869,13,8,0,1,1,151
500259673002,343,145,117,81,0,0,288,1,1,3,1,49,288,0,0,0,1,2,49
500259674001,216,118,57,41,0,0,176,7,2,1,2,28,176,7,1,0,0,0,28
500259674002,487,253,147,87,0,0,421,7,2,2,7,48,421,7,4,0,0,0,48
500259675001,301,131,88,82,0,0,245,2,0,1,4,49,245,2,0,1,0,1,49
500259675002,501,240,126,135,0,0,442,7,0,2,3,47,442,7,1,0,0,0,47
500259676001,860,505,232,123,0,0,751,10,1,5,7,86,751,10,2,4,3,1,86
500259676002,1533,969,284,280,0,0,1347,31,1,7,23,124,1347,28,10,9,4,3,124
500259676003,48,30,15,3,0,0,36,1,0,0,1,10,36,1,0,0,0,0,10
500259677001,866,527,202,137,0,0,743,9,0,8,14,92,743,9,7,2,3,1,92
500259677002,925,649,202,74,0,0,783,19,2,6,10,105,783,18,4,2,0,3,105
500259678001,977,591,249,137,0,0,853,24,1,3,10,86,853,22,2,6,0,1,86
500259678002,355,219,97,39,0,0,297,5,0,1,3,49,297,5,1,2,0,0,49
500259679001,478,240,121,117,0,0,403,9,11,1,0,54,403,9,0,0,0,1,54
500259679002,158,74,55,29,0,0,128,5,0,0,2,23,128,5,0,2,0,0,23
500259679003,533,233,182,118,0,0,442,11,1,6,3,70,442,11,2,1,4,2,70
500259680001,306,145,89,72,0,0,251,9,0,0,8,38,251,9,3,2,0,0,38
500259680002,717,376,193,148,0,0,602,32,0,4,9,70,602,32,2,3,1,1,70
500259680003,519,253,145,121,0,0,441,14,1,9,3,51,441,14,0,1,0,2,51
500259681001,288,123,80,85,0,0,256,4,1,0,1,26,256,4,1,0,0,0,26
500259681002,604,246,159,199,0,0,505,4,1,0,15,79,505,3,11,0,0,0,79
500259682001,545,284,108,153,0,0,490,2,2,0,4,47,490,2,2,0,0,0,47
500259682002,737,458,175,104,0,0,647,13,1,1,13,62,647,10,1,8,0,0,62
500259683001,659,383,151,125,0,0,563,7,0,4,7,78,563,7,3,2,1,0,78
500259683002,341,222,59,60,0,0,306,5,0,2,11,17,306,5,7,2,1,1,17
500259684001,846,530,178,138,0,0,724,21,2,5,20,74,724,20,4,6,2,3,74
500259684002,321,205,67,49,0,0,279,12,0,2,3,25,279,12,0,1,0,2,25
500259684003,657,375,171,111,0,0,557,7,3,13,12,65,557,7,8,3,2,5,65
500259684004,1519,908,359,252,0,0,1270,23,4,23,18,181,1270,22,3,7,8,9,181
500259685001,461,403,47,11,0,0,374,17,8,1,12,49,374,17,3,5,0,1,49
500259685002,1199,791,263,145,0,0,1000,40,9,17,20,113,1000,38,6,6,5,5,113
500259685003,486,323,117,46,0,0,395,14,3,4,7,63,395,14,4,0,2,0,63
500259685004,873,749,79,45,0,0,730,26,3,11,17,86,730,24,7,5,6,3,86
500259685005,1045,693,241,111,0,0,870,30,0,22,16,107,870,30,8,2,6,9,107
500259686001,729,498,173,58,0,0,600,20,0,10,14,85,600,20,6,4,3,1,85
500259686002,1011,586,268,157,0,0,835,23,0,39,18,96,835,23,5,5,14,23,96
500259687001,867,546,152,169,0,0,765,8,0,6,10,78,765,8,8,1,1,1,78
500259687002,759,397,190,172,0,0,677,10,0,4,7,61,677,10,3,2,3,0,61
500259687003,1703,833,350,520,0,0,1500,25,2,3,25,148,1500,24,18,2,0,0,148
500179590001,1193,596,314,283,0,0,1062,7,1,7,9,107,1062,7,4,2,6,0,107
500179590002,324,149,76,99,0,0,300,1,0,0,1,22,300,1,0,1,0,0,22
500179591011,804,362,209,233,0,0,729,7,0,2,3,63,729,7,0,1,2,0,63
500179591012,690,310,152,228,0,0,634,14,0,3,2,37,634,14,0,2,0,1,37
500179591021,794,354,187,253,0,0,739,3,0,4,3,45,739,3,0,3,4,0,45
500179591022,1068,511,278,279,0,0,960,16,0,2,9,81,960,15,3,3,1,0,81
500179592001,1363,531,434,398,0,0,1251,16,0,4,4,88,1251,16,1,3,1,1,88
500179592002,1023,448,283,292,0,0,952,16,0,2,4,49,952,16,2,0,1,1,49
500179593001,982,522,198,262,0,0,889,9,0,3,15,66,889,9,10,4,0,0,66
500179593002,873,479,147,247,0,0,782,8,0,0,4,79,782,8,1,3,0,0,79
500179594001,846,416,204,226,0,0,747,15,0,3,13,68,747,11,4,1,2,1,68
500179594002,171,95,55,21,0,0,143,1,0,5,0,22,143,1,0,0,1,2,22
500179594003,2241,1210,508,523,0,0,1996,34,1,12,12,186,1996,29,5,4,1,3,186
500179595001,519,239,153,127,0,0,461,4,0,5,5,44,461,4,3,1,1,0,44
500179595002,892,454,161,277,0,0,797,9,2,3,5,76,797,9,2,0,0,0,76
500179595003,1048,498,291,259,0,0,940,15,0,7,6,80,940,15,0,2,1,1,80
500179595004,898,548,205,145,0,0,760,12,2,7,7,110,760,12,2,3,0,2,110
500179596001,154,88,46,20,0,0,122,6,0,2,2,22,122,6,2,0,1,1,22
500179596002,1847,1175,364,308,0,0,1620,16,0,18,21,172,1620,12,8,1,4,5,172
500179596003,159,95,49,15,0,0,135,1,0,0,4,19,135,1,2,0,0,0,19
500179597001,536,254,164,118,0,0,476,10,0,0,12,38,476,7,9,2,0,0,38
500179597002,693,381,178,134,0,0,623,7,0,2,10,51,623,7,2,3,0,0,51
500179598001,726,396,176,154,0,0,643,10,2,4,6,61,643,10,1,1,0,2,61
500179598002,1176,557,281,338,0,0,1044,16,0,6,7,103,1044,15,4,2,2,2,103
500039704011,283,99,104,80,0,0,231,4,0,6,2,40,231,3,0,2,4,0,40
500039704012,491,254,145,92,0,0,424,9,1,3,7,47,424,9,3,2,1,2,47
500039704013,1560,747,399,414,0,0,1295,28,0,26,26,185,1295,28,6,5,9,6,185
500039704021,464,229,139,96,0,0,385,13,0,5,7,54,385,13,2,3,0,1,54
500039704022,397,198,131,68,0,0,334,10,2,9,10,32,334,10,1,4,7,1,32
500039705001,486,245,145,96,0,0,410,3,0,7,4,62,410,3,1,1,1,3,62
500039705002,673,323,219,131,0,0,561,11,2,9,10,80,561,11,5,2,2,1,80
500039706011,294,154,55,85,0,0,268,1,0,1,2,22,268,0,1,1,0,1,22
500039706012,662,268,164,230,0,0,571,8,0,6,12,65,571,8,2,5,0,0,65
500039706013,473,212,106,155,0,0,411,1,0,4,7,50,411,1,1,0,3,0,50
500039708001,1781,868,409,504,0,0,1627,15,0,7,11,121,1627,15,7,3,2,2,121
500039708002,467,227,117,123,0,0,402,7,0,1,6,51,402,7,3,2,0,1,51
500039708003,507,252,144,111,0,0,446,11,0,2,2,46,446,11,0,0,0,2,46
500039709001,538,384,54,100,0,0,500,3,0,0,5,30,500,3,0,1,0,0,30
500039709002,576,366,68,142,0,0,528,9,0,2,6,31,528,7,0,0,2,0,31
500039710001,943,479,225,239,0,0,842,11,1,8,6,75,842,11,3,0,5,1,75
500039710002,834,507,200,127,0,0,643,19,90,6,18,58,643,19,6,6,0,2,58
500039711001,1336,728,256,352,0,0,1203,15,2,6,15,95,1203,15,8,0,1,2,95
500039711002,884,449,241,194,0,0,751,21,0,25,24,63,751,20,4,13,23,1,63
500039711003,735,400,161,174,0,0,650,9,0,4,6,66,650,9,1,1,4,0,66
500039712001,401,228,100,73,0,0,362,4,0,3,2,30,362,4,0,1,2,0,30
500039712002,583,340,127,116,0,0,528,10,2,3,5,35,528,8,2,0,2,1,35
500039712003,992,688,154,150,0,0,855,21,3,8,18,87,855,21,5,7,2,1,87
500039712004,437,252,101,84,0,0,384,9,0,2,6,36,384,9,2,3,0,1,36
500039712005,329,188,80,61,0,0,273,9,0,2,8,37,273,8,6,1,1,1,37
500039712006,588,469,53,66,0,0,511,16,2,3,4,52,511,16,3,1,0,3,52
500039713001,701,250,329,122,0,0,631,6,0,1,7,56,631,5,0,2,0,0,56
500039713002,914,291,444,179,0,0,776,14,1,5,18,100,776,12,4,8,0,2,100
500039713003,761,266,360,135,0,0,656,9,2,6,5,83,656,9,0,4,1,0,83
500039714001,159,87,45,27,0,0,133,8,0,0,2,16,133,7,1,0,0,0,16
500039714002,483,248,129,106,0,0,400,10,0,5,9,59,400,10,4,3,2,2,59
500039714003,1039,501,282,256,0,0,880,17,1,5,14,122,880,16,5,6,0,3,122
500039714004,528,272,147,109,0,0,457,10,0,2,2,57,457,10,0,1,1,1,57
500039716001,949,490,258,201,0,0,831,21,3,5,7,82,831,18,3,1,5,0,82
500039716002,821,372,203,246,0,0,691,27,0,10,10,83,691,27,2,2,1,4,83
500039716003,1310,618,349,343,0,0,1159,9,0,6,14,122,1159,8,1,2,0,1,122
