BlockGroupID,total_reg,party_rep,party_npp,party_dem,party_oth,party_unk,eth1_eur,eth1_hisp,eth1_aa,eth1_esa,eth1_oth,eth1_unk,eth2_euro,eth2_64,eth2_81,eth2_34,eth2_10,eth2_30,eth2_unk
300710602001,600,306,170,124,0,0,513,4,0,3,3,77,513,4,0,2,0,0,77
300710602002,612,274,194,144,0,0,498,19,0,1,8,86,498,19,3,5,0,0,86
300710602003,749,413,208,128,0,0,601,13,1,5,20,109,601,13,4,7,0,0,109
300710602004,515,334,111,70,0,0,422,4,0,6,4,79,422,3,1,2,0,1,79
300850801001,451,156,194,101,0,0,369,20,0,1,6,55,369,20,6,0,1,0,55
300850801002,513,206,224,83,0,0,436,3,0,1,12,61,436,3,0,12,0,0,61
300859400011,429,110,247,72,0,0,316,8,1,2,21,81,316,8,20,0,1,0,81
300859400012,307,24,209,74,0,0,211,19,0,4,24,49,211,19,22,0,0,0,49
300859400013,404,58,256,90,0,0,277,21,0,3,18,85,277,21,15,0,0,2,85
300859400014,924,201,506,217,0,0,686,29,0,14,31,164,686,29,26,0,1,3,164
300859400015,290,42,180,68,0,0,205,11,0,4,9,61,205,11,9,0,1,0,61
300859400021,448,71,283,94,0,0,322,10,0,3,32,81,322,10,31,0,1,0,81
300859400022,1121,212,693,216,0,0,761,35,1,2,82,240,761,35,76,0,1,0,240
300859400023,550,61,378,111,0,0,335,15,0,6,59,135,335,15,57,1,2,0,135
300270301001,854,592,128,134,0,0,738,5,0,2,11,98,738,5,2,4,0,1,98
300270301002,808,541,164,103,0,0,697,5,0,0,11,95,697,5,0,1,0,0,95
300270301003,963,559,129,275,0,0,850,7,0,4,11,91,850,7,0,3,1,2,91
300270301004,763,485,125,153,0,0,659,6,0,1,5,92,659,4,0,3,1,2,92
300270302011,593,290,185,118,0,0,520,12,0,2,4,55,520,11,0,2,0,0,55
300270302012,593,301,162,130,0,0,499,8,0,4,5,77,499,8,0,1,0,0,77
300270302013,818,440,176,202,0,0,718,11,0,6,6,77,718,11,0,1,2,1,77
300270302021,536,257,170,109,0,0,475,7,0,2,4,48,475,7,0,0,1,1,48
300270302022,675,353,207,115,0,0,584,6,0,3,10,72,584,6,0,6,1,0,72
300270302023,512,287,146,79,0,0,432,4,0,4,2,70,432,4,0,1,2,0,70
301070001001,738,326,299,113,0,0,633,5,0,5,2,93,633,5,0,1,1,0,93
301070001002,374,184,127,63,0,0,329,2,0,4,0,39,329,2,0,0,0,0,39
301110002001,567,101,288,178,0,0,441,29,0,2,9,86,441,29,3,2,2,0,86
301110002002,658,131,362,165,0,0,513,32,3,8,10,92,513,32,2,3,3,0,92
301110002003,302,51,208,43,0,0,222,14,1,0,7,58,222,14,3,1,0,2,58
301110003001,242,42,135,65,0,0,165,23,2,1,7,44,165,23,3,0,1,2,44
301110003002,589,111,336,142,0,0,435,53,6,3,6,86,435,53,4,1,3,0,86
301110003003,453,84,239,130,0,0,316,60,0,3,12,62,316,59,8,1,0,1,62
301110003004,461,163,186,112,0,0,344,45,1,3,4,64,344,44,1,1,1,2,64
301110004011,560,138,287,135,0,0,440,37,1,3,8,71,440,37,3,2,1,2,71
301110004012,936,341,299,296,0,0,792,24,0,8,13,99,792,24,0,1,1,4,99
301110004021,476,169,108,199,0,0,383,11,0,8,8,66,383,11,1,0,3,2,66
301110004022,725,202,270,253,0,0,579,36,0,2,6,102,579,36,3,1,1,0,102
301110004023,438,45,315,78,0,0,341,23,4,2,14,54,341,23,5,3,0,5,54
301110005001,861,386,193,282,0,0,725,16,3,4,5,108,725,16,0,1,1,0,108
301110005002,571,216,218,137,0,0,459,22,0,9,9,72,459,22,2,3,4,1,72
301110005003,670,292,224,154,0,0,537,32,0,7,13,81,537,32,3,6,1,2,81
301110005004,395,118,161,116,0,0,319,17,0,3,9,47,319,17,3,2,2,1,47
301110006001,564,279,65,220,0,0,487,8,0,4,7,58,487,8,0,7,1,0,58
301110006002,642,277,143,222,0,0,533,10,0,10,13,76,533,10,1,2,3,3,76
301110006003,496,287,28,181,0,0,418,11,0,7,10,50,418,11,1,5,3,0,50
301110007011,1636,977,245,414,0,0,1377,40,0,13,22,184,1377,40,0,4,4,6,184
301110007012,962,526,175,261,0,0,764,32,2,8,13,143,764,29,3,5,3,1,143
301110007013,831,341,326,164,0,0,681,25,0,6,11,108,681,25,2,3,3,2,108
301110007041,693,391,103,199,0,0,571,22,0,10,11,79,571,20,0,4,2,4,79
301110007042,827,429,187,211,0,0,688,30,0,11,15,83,688,29,1,4,4,2,83
301110007043,902,446,140,316,0,0,745,34,3,4,1,115,745,33,0,0,1,0,115
301110007051,491,168,202,121,0,0,397,27,0,1,8,58,397,27,2,2,0,0,58
301110007052,754,418,151,185,0,0,599,25,2,9,6,113,599,25,0,2,0,3,113
301110007053,808,486,132,190,0,0,677,12,0,1,11,107,677,12,2,3,0,4,107
301110007061,477,158,227,92,0,0,381,18,0,2,10,66,381,18,2,2,1,4,66
301110007062,494,260,108,126,0,0,404,13,0,9,9,59,404,13,1,2,2,4,59
301110007063,411,83,239,89,0,0,348,18,0,2,5,38,348,18,3,0,0,1,38
301110007064,976,349,478,149,0,0,805,29,0,8,17,117,805,28,3,3,1,3,117
301110007071,797,438,201,158,0,0,652,33,1,2,8,101,652,32,1,0,2,5,101
301110007072,1072,633,196,243,0,0,898,30,0,16,8,120,898,29,0,5,5,0,120
301110007073,351,199,82,70,0,0,308,8,0,0,0,35,308,8,0,0,0,0,35
301110007074,1171,554,371,246,0,0,964,31,0,7,13,156,964,31,5,3,1,0,156
301110007081,1125,531,334,260,0,0,911,41,0,6,24,143,911,41,14,8,2,1,143
301110008001,551,288,171,92,0,0,462,17,0,0,1,71,462,17,0,0,0,1,71
301110008002,830,442,235,153,0,0,695,26,1,3,16,89,695,26,5,6,1,1,89
301110008003,868,443,255,170,0,0,719,29,0,6,14,100,719,29,4,3,2,3,100
301110009011,526,219,180,127,0,0,405,34,0,3,7,77,405,34,4,2,1,1,77
301110009012,436,179,152,105,0,0,344,29,0,3,6,54,344,29,2,0,0,1,54
301110009013,1499,655,547,297,0,0,1200,47,1,13,28,210,1200,47,4,5,3,6,210
301110009021,448,143,225,80,0,0,355,32,0,6,3,52,355,31,2,0,3,1,52
301110009022,510,155,235,120,0,0,402,44,0,0,8,56,402,43,3,1,0,1,56
301110009023,435,174,172,89,0,0,324,38,2,1,8,62,324,38,6,0,1,0,62
301110009024,846,355,327,164,0,0,683,41,5,3,11,103,683,41,5,1,0,2,103
301110010001,626,163,340,123,0,0,487,32,0,1,8,98,487,32,1,2,0,0,98
301110010002,383,83,213,87,0,0,282,33,0,1,3,64,282,32,1,0,0,0,64
301110010003,315,89,144,82,0,0,253,15,0,1,2,44,253,15,1,0,0,1,44
301110010004,421,208,142,71,0,0,346,12,2,0,7,54,346,11,4,3,0,0,54
301110010005,452,205,148,99,0,0,370,20,0,4,3,55,370,20,1,0,2,0,55
301110011001,884,328,329,227,0,0,741,25,0,5,11,102,741,24,0,4,0,4,102
301110011002,734,299,267,168,0,0,614,26,0,5,4,85,614,24,0,1,3,1,85
301110011003,567,228,239,100,0,0,459,20,0,6,9,73,459,19,6,2,0,0,73
301110011004,805,343,273,189,0,0,655,30,0,14,12,94,655,30,1,1,6,0,94
301110012001,934,411,262,261,0,0,782,17,1,5,13,116,782,16,3,0,1,4,116
301110012002,866,400,175,291,0,0,714,21,0,4,9,118,714,21,1,5,1,1,118
301110013001,1145,571,130,444,0,0,956,22,1,10,24,132,956,20,0,12,1,5,132
301110013002,697,324,114,259,0,0,585,22,0,2,16,72,585,22,1,1,1,1,72
301110013003,683,309,184,190,0,0,580,12,0,5,6,80,580,12,2,1,2,1,80
301110013004,994,604,50,340,0,0,822,25,0,4,17,126,822,25,2,4,1,1,126
301110013005,851,497,41,313,0,0,729,15,0,11,5,91,729,15,1,4,2,0,91
301110014021,801,500,123,178,0,0,654,27,1,4,5,110,654,27,2,1,1,0,110
301110014022,992,535,247,210,0,0,822,12,1,8,6,143,822,12,0,3,4,3,143
301110014023,771,542,30,199,0,0,619,16,0,12,13,111,619,16,0,4,4,0,111
301110014024,1750,1126,158,466,0,0,1461,62,0,10,21,196,1461,62,5,2,7,4,196
301110014031,745,458,104,183,0,0,601,13,0,2,11,118,601,12,0,9,2,1,118
301110014032,2378,1420,458,500,0,0,2011,52,0,20,21,274,2011,52,1,3,7,6,274
301110014033,1607,982,258,367,0,0,1363,23,0,8,15,198,1363,23,1,2,2,2,198
301110014041,2280,1382,314,584,0,0,1872,47,2,20,28,311,1872,45,1,7,6,12,311
301110014042,1082,501,273,308,0,0,879,28,1,11,14,149,879,28,3,0,4,1,149
301110014043,883,489,172,222,0,0,730,23,0,1,13,116,730,23,0,6,0,1,116
301110014044,1242,740,202,300,0,0,1017,33,0,10,8,174,1017,33,0,1,2,2,174
301110015011,1430,942,219,269,0,0,1217,28,2,3,28,152,1217,28,10,6,1,0,152
301110015012,579,354,113,112,0,0,497,7,0,0,11,64,497,7,3,2,0,2,64
301110015013,984,629,190,165,0,0,840,16,0,2,6,120,840,16,0,1,2,2,120
301110015021,853,476,226,151,0,0,687,36,0,2,9,119,687,36,2,5,2,0,119
301110015022,687,418,159,110,0,0,571,16,0,2,6,92,571,16,4,0,2,0,92
301110015023,1129,696,239,194,0,0,968,18,0,6,20,117,968,18,4,5,0,2,117
301110017021,667,305,186,176,0,0,539,32,1,6,7,82,539,32,1,0,5,0,82
301110017022,513,238,129,146,0,0,416,22,0,1,7,67,416,22,0,2,1,1,67
301110017023,451,197,163,91,0,0,378,19,2,1,8,43,378,19,2,3,0,1,43
301110017024,760,401,181,178,0,0,620,30,0,3,11,96,620,30,3,2,2,1,96
301110017031,1057,610,246,201,0,0,917,15,0,8,6,111,917,15,1,1,0,0,111
301110017032,954,363,375,216,0,0,771,47,2,3,16,115,771,47,4,5,0,2,115
301110017033,979,387,359,233,0,0,815,24,0,9,23,108,815,24,9,5,2,4,108
301110017041,555,202,264,89,0,0,437,27,0,3,18,70,437,25,3,5,1,4,70
301110017042,526,165,272,89,0,0,428,18,1,3,3,73,428,18,2,1,2,0,73
301110017043,411,268,66,77,0,0,354,12,0,1,4,40,354,12,1,3,1,0,40
301110017044,1066,516,291,259,0,0,890,18,2,7,9,140,890,18,1,3,1,0,140
301110018011,1637,1002,26,609,0,0,1359,33,0,25,23,197,1359,31,0,11,6,0,197
301110018012,2533,1566,133,834,0,0,2086,60,2,32,53,300,2086,59,0,17,13,6,300
301110018013,952,551,34,367,0,0,788,20,0,6,10,128,788,20,0,4,2,2,128
301110018031,433,221,101,111,0,0,367,18,0,0,0,48,367,18,0,0,0,0,48
301110018032,857,425,236,196,0,0,684,18,0,9,11,135,684,18,1,6,2,4,135
301110018041,750,372,177,201,0,0,611,31,0,4,19,85,611,31,3,7,0,4,85
301110018042,742,422,134,186,0,0,627,15,5,6,8,81,627,15,1,2,2,0,81
301110018043,459,222,116,121,0,0,372,11,0,1,3,72,372,10,2,1,0,0,72
301110018051,1187,722,126,339,0,0,1010,19,0,7,10,141,1010,18,0,1,6,4,141
301110018052,1005,609,82,314,0,0,844,18,1,10,9,123,844,18,0,5,5,1,123
301110018061,663,413,57,193,0,0,557,9,0,4,15,78,557,9,0,9,1,0,78
301110018062,898,383,241,274,0,0,758,20,0,8,10,102,758,20,0,4,4,1,102
301110019011,1392,862,224,306,0,0,1173,30,0,8,9,172,1173,30,0,3,3,1,172
301110019012,418,164,180,74,0,0,360,9,0,2,4,43,360,9,0,2,0,1,43
301110019013,714,356,207,151,0,0,594,17,0,0,7,96,594,17,1,2,0,2,96
301110019014,341,127,153,61,0,0,288,7,1,3,3,39,288,7,0,1,2,1,39
301110019021,927,627,96,204,0,0,789,21,0,4,9,104,789,21,0,1,1,2,104
301110019022,781,382,253,146,0,0,673,21,0,5,6,76,673,20,0,1,1,1,76
301110019023,602,291,213,98,0,0,512,19,1,3,4,63,512,18,1,0,0,2,63
301119400011,866,448,220,198,0,0,689,29,0,4,26,118,689,29,20,2,1,1,118
301119400012,1251,712,261,278,0,0,1069,22,0,4,14,142,1069,21,1,6,1,1,142
301119400013,973,673,54,246,0,0,812,16,0,9,9,127,812,16,0,3,5,1,127
301119400021,1392,950,121,321,0,0,1182,35,0,10,14,151,1182,35,1,7,3,1,151
301119400022,811,515,135,161,0,0,714,17,0,2,2,76,714,16,0,1,2,0,76
300110003001,490,302,125,63,0,0,424,5,0,1,2,58,424,5,0,2,1,0,58
300110003002,406,279,69,58,0,0,339,3,0,0,4,60,339,3,0,4,0,0,60
300250001001,607,416,116,75,0,0,507,2,0,2,2,94,507,2,0,1,2,1,94
300250001002,524,296,146,82,0,0,431,5,1,6,2,79,431,5,0,1,6,0,79
300250001003,479,279,139,61,0,0,385,7,0,6,6,75,385,7,0,3,3,0,75
300359402001,213,7,0,206,0,0,103,3,1,0,39,67,103,3,38,1,0,0,67
300359402002,1880,32,0,1848,0,0,997,66,7,8,269,533,997,66,265,0,3,3,533
300359402003,733,20,0,713,0,0,444,13,2,1,101,172,444,13,99,1,0,0,172
300359402004,157,2,0,155,0,0,96,4,0,0,18,39,96,4,18,0,0,0,39
300359404001,301,11,0,290,0,0,238,4,0,1,11,47,238,4,10,0,1,0,47
300359404002,1238,40,0,1198,0,0,684,24,6,2,220,302,684,24,214,2,0,1,302
300359404003,179,8,1,170,0,0,115,2,0,1,19,42,115,2,19,0,1,0,42
300359404004,230,8,1,221,0,0,157,3,1,3,16,50,157,3,15,1,0,0,50
300359404005,315,26,1,288,0,0,214,0,0,1,16,84,214,0,10,1,0,0,84
300359760001,477,65,0,412,0,0,383,11,0,4,12,67,383,11,10,0,0,2,67
300359760002,375,38,0,337,0,0,285,10,0,4,15,61,285,10,11,0,1,0,61
300359760003,363,33,1,329,0,0,284,7,0,0,13,59,284,7,12,1,0,0,59
300359760004,545,66,2,477,0,0,423,14,2,6,17,83,423,14,14,0,2,1,83
300359760005,525,81,0,444,0,0,452,7,0,5,7,54,452,7,3,0,0,2,54
300359800001,89,1,0,88,0,0,69,2,0,0,4,14,69,2,3,0,0,1,14
300979670001,596,365,94,137,0,0,519,4,0,7,1,65,519,4,1,0,0,0,65
300979670002,372,191,87,94,0,0,314,7,0,2,4,45,314,7,0,0,0,0,45
300979670003,332,182,74,76,0,0,293,4,0,2,1,32,293,4,0,0,1,0,32
300979670004,616,403,104,109,0,0,525,5,0,0,13,73,525,5,0,5,0,1,73
300979670005,661,334,203,124,0,0,550,15,1,4,8,83,550,14,0,1,0,0,83
300410401001,850,278,380,192,0,0,679,11,8,9,5,138,679,11,1,0,8,1,138
300410402001,1156,412,483,261,0,0,940,18,2,9,26,161,940,18,10,8,3,0,161
300410403001,305,55,179,71,0,0,250,10,1,4,6,34,250,10,3,3,1,0,34
300410403002,460,70,274,116,0,0,374,16,0,5,5,60,374,16,3,0,0,0,60
300410403003,167,30,97,40,0,0,140,1,0,3,1,22,140,1,0,0,0,0,22
300410403004,787,177,438,172,0,0,651,21,0,7,10,98,651,21,3,3,1,0,98
300410404001,824,265,339,220,0,0,678,20,0,6,17,103,678,20,3,10,1,0,103
300410404002,574,139,249,186,0,0,478,14,0,7,10,65,478,14,3,1,1,4,65
300410404003,489,101,263,125,0,0,413,16,0,4,2,54,413,16,1,0,0,0,54
300410404004,360,75,181,104,0,0,279,13,0,8,2,58,279,13,1,0,0,0,58
300410405001,345,72,194,79,0,0,299,7,0,3,1,35,299,7,0,1,1,0,35
300410405002,498,149,197,152,0,0,414,9,0,7,5,63,414,9,3,2,2,0,63
300410405003,571,171,215,185,0,0,445,6,0,8,7,105,445,6,3,3,1,0,105
300419403001,1042,179,558,305,0,0,669,37,0,7,103,226,669,37,82,0,1,1,226
301039635001,658,386,148,124,0,0,580,7,0,1,7,63,580,7,1,5,1,0,63
300090001001,477,321,64,92,0,0,408,4,0,0,6,59,408,4,0,6,0,0,59
300090001002,402,196,122,84,0,0,329,16,0,2,6,49,329,16,0,2,1,0,49
300090001003,981,585,199,197,0,0,789,12,1,6,18,155,789,10,1,10,3,4,155
300090002001,666,388,172,106,0,0,544,13,0,1,9,99,544,13,1,8,1,0,99
300090002002,494,266,148,80,0,0,417,7,0,1,8,61,417,7,0,4,0,1,61
300090003001,1098,445,336,317,0,0,900,17,0,11,24,146,900,17,0,9,6,1,146
300090003002,431,140,153,138,0,0,372,4,0,2,14,39,372,4,0,6,1,1,39
300090003003,429,191,123,115,0,0,363,8,0,5,5,48,363,8,0,0,1,0,48
300090004001,847,464,212,171,0,0,711,29,0,2,11,94,711,25,0,6,0,1,94
300090004002,548,284,117,147,0,0,457,5,0,5,1,80,457,5,0,0,1,0,80
300090004003,496,221,101,174,0,0,415,5,0,5,9,62,415,5,0,0,3,0,62
300090005001,929,506,243,180,0,0,778,20,0,0,8,123,778,19,0,2,0,2,123
301051001001,412,225,124,63,0,0,362,3,0,0,1,46,362,3,0,0,0,0,46
301051001002,565,249,174,142,0,0,466,8,0,8,5,78,466,8,0,1,2,0,78
301051005001,696,262,269,165,0,0,582,17,0,4,9,84,582,17,0,0,2,2,84
301051005002,678,201,330,147,0,0,554,22,1,2,3,96,554,22,0,1,2,0,96
301051005003,404,165,158,81,0,0,335,9,0,1,6,53,335,9,1,0,0,2,53
301059406001,549,231,211,107,0,0,457,15,0,2,7,68,457,15,0,1,0,0,68
301059406002,654,283,263,108,0,0,478,20,0,4,8,144,478,20,7,0,0,0,144
301059406003,782,317,301,164,0,0,642,7,1,10,10,112,642,7,1,0,0,0,112
300210001001,457,313,71,73,0,0,391,0,0,3,0,63,391,0,0,0,0,0,63
300210001002,627,405,107,115,0,0,530,8,0,3,13,73,530,7,0,4,1,4,73
300210002001,389,200,113,76,0,0,313,7,0,0,7,62,313,7,0,2,0,5,62
300210002002,570,314,154,102,0,0,481,7,0,2,4,76,481,7,0,0,1,2,76
300210002003,717,443,141,133,0,0,629,8,0,2,3,75,629,8,2,0,0,0,75
300210003001,1032,557,198,277,0,0,842,19,0,10,16,145,842,14,1,6,3,2,145
300210003002,353,143,98,112,0,0,299,12,0,0,1,41,299,12,0,1,0,0,41
300210003003,336,155,127,54,0,0,278,4,0,2,2,50,278,3,0,0,1,0,50
300210003004,378,185,127,66,0,0,318,10,0,1,4,45,318,10,0,0,0,4,45
300210003005,401,220,87,94,0,0,341,8,0,2,3,47,341,8,0,2,1,0,47
300910902001,449,217,138,94,0,0,373,7,0,1,2,66,373,7,0,0,1,1,66
300910902002,550,307,136,107,0,0,443,8,0,3,11,85,443,8,0,0,3,0,85
300910902003,540,337,114,89,0,0,463,5,0,5,1,66,463,5,0,0,4,1,66
300910904001,708,420,149,139,0,0,603,6,0,2,6,91,603,6,0,0,2,1,91
300450001001,619,359,152,108,0,0,556,5,0,3,9,46,556,5,0,2,0,0,46
300450001002,703,385,217,101,0,0,569,4,0,3,14,113,569,4,0,6,2,0,113
300790001001,684,427,168,89,0,0,560,13,0,5,6,100,560,13,0,2,1,0,100
300870001001,587,341,140,106,0,0,515,4,0,1,3,64,515,4,0,0,1,0,64
300870001002,822,451,234,137,0,0,703,15,0,3,4,97,703,15,0,0,1,0,97
300870002001,398,205,127,66,0,0,341,5,0,1,3,48,341,5,1,0,0,0,48
300870002002,528,188,226,114,0,0,382,11,1,7,24,103,382,11,23,1,2,0,103
300870003001,494,257,99,138,0,0,403,19,0,3,10,59,403,19,4,1,1,2,59
300870003002,665,361,155,149,0,0,577,10,0,4,11,63,577,10,6,0,3,3,63
300879404001,65,5,43,17,0,0,29,7,0,1,8,20,29,7,7,0,1,1,20
300879404002,1096,163,690,243,0,0,466,47,0,5,208,370,466,47,204,0,4,3,370
300630001001,1533,443,276,814,0,0,1265,34,1,17,25,191,1265,34,0,12,7,5,191
300630001002,962,346,119,497,0,0,826,17,3,7,7,102,826,17,0,0,5,5,102
300630001003,705,68,276,361,0,0,593,10,0,7,4,91,593,10,1,0,0,1,91
300630001004,327,10,238,79,0,0,248,17,0,3,9,50,248,17,4,1,0,2,50
300630001005,1408,272,444,692,0,0,1184,26,0,12,16,170,1184,26,2,2,5,7,170
300630002031,989,76,622,291,0,0,824,18,0,8,10,129,824,16,1,2,1,4,129
300630002032,1017,64,636,317,0,0,845,31,1,4,14,122,845,31,3,5,0,2,122
300630002033,948,62,677,209,0,0,792,22,1,6,14,113,792,22,5,7,4,0,113
300630002041,890,59,594,237,0,0,715,22,0,8,11,134,715,22,2,1,0,4,134
300630002042,755,61,511,183,0,0,616,22,1,5,12,99,616,21,5,2,2,0,99
300630002043,538,41,376,121,0,0,425,15,0,6,5,87,425,15,1,2,1,1,87
300630002051,727,171,343,213,0,0,575,30,1,6,12,103,575,26,0,5,1,1,103
300630002052,1824,468,899,457,0,0,1517,35,0,20,19,233,1517,35,3,6,6,3,233
300630002053,752,115,450,187,0,0,625,15,1,9,14,88,625,15,1,1,1,4,88
300630002054,676,208,252,216,0,0,549,7,0,5,12,103,549,7,1,4,0,1,103
300630002061,793,88,567,138,0,0,659,20,0,9,10,95,659,19,1,5,1,0,95
300630002062,852,249,372,231,0,0,709,16,3,10,27,87,709,16,0,17,5,2,87
300630002063,2360,565,1147,648,0,0,1931,72,0,21,30,306,1931,68,5,8,8,8,306
300630002064,943,239,295,409,0,0,814,12,1,9,8,99,814,12,1,3,3,0,99
300630003001,683,31,439,213,0,0,550,19,0,6,7,101,550,18,0,3,3,1,101
300630003002,691,45,468,178,0,0,562,22,1,4,7,95,562,22,0,1,2,2,95
300630004001,792,130,433,229,0,0,645,29,0,2,12,104,645,29,0,5,0,2,104
300630004002,683,128,333,222,0,0,573,16,0,2,11,81,573,16,0,4,1,2,81
300630004003,564,123,231,210,0,0,466,12,0,8,7,71,466,12,0,1,2,0,71
300630005011,1002,143,367,492,0,0,834,20,0,12,10,126,834,20,1,2,4,2,126
300630005012,1040,112,439,489,0,0,862,17,0,14,13,134,862,16,3,0,3,2,134
300630005021,838,238,215,385,0,0,675,16,0,14,13,120,675,16,0,4,4,3,120
300630005022,643,119,231,293,0,0,514,12,1,7,12,97,514,12,1,0,2,6,97
300630007001,738,55,403,280,0,0,603,14,0,7,14,100,603,14,4,4,4,1,100
300630007002,732,62,384,286,0,0,604,20,0,8,11,89,604,20,0,6,2,2,89
300630007003,651,54,343,254,0,0,552,18,2,5,9,65,552,18,2,3,0,1,65
300630008011,525,42,367,116,0,0,431,17,0,3,7,67,431,17,1,2,0,2,67
300630008012,824,159,411,254,0,0,660,23,1,11,12,117,660,23,1,7,3,0,117
300630008013,776,100,479,197,0,0,640,18,0,3,14,101,640,16,4,3,0,6,101
300630008021,854,112,521,221,0,0,724,15,0,6,12,97,724,15,3,0,2,2,97
300630008022,1250,103,773,374,0,0,1048,14,1,14,21,152,1048,14,2,11,2,5,152
300630009011,642,158,243,241,0,0,538,7,0,7,8,82,538,7,0,5,3,1,82
300630009012,1241,283,562,396,0,0,1030,29,0,18,8,156,1030,29,0,3,5,2,156
300630009013,968,261,346,361,0,0,816,21,2,11,12,106,816,20,1,4,5,0,106
300630009014,972,309,372,291,0,0,827,11,0,11,11,112,827,11,0,8,6,2,112
300630009015,455,117,227,111,0,0,374,11,0,3,10,57,374,10,3,0,0,0,57
300630009021,832,221,277,334,0,0,699,14,0,8,12,99,699,12,0,2,3,4,99
300630009022,916,264,368,284,0,0,784,17,2,4,13,96,784,17,1,0,0,7,96
300630010011,668,68,409,191,0,0,558,13,0,6,11,80,558,13,2,3,1,4,80
300630010012,1032,159,610,263,0,0,845,27,2,7,12,139,845,26,1,3,2,2,139
300630010013,677,87,450,140,0,0,562,18,0,5,6,86,562,18,1,2,2,2,86
300630010021,1091,123,677,291,0,0,898,27,1,17,9,139,898,27,1,4,5,2,139
300630011001,605,48,306,251,0,0,482,12,1,7,10,93,482,12,1,0,2,3,93
300630011002,1401,117,804,480,0,0,1126,46,2,14,20,193,1126,44,3,7,4,2,193
300630011003,652,72,328,252,0,0,525,15,1,8,7,96,525,15,1,2,3,2,96
300630012001,816,86,389,341,0,0,663,11,1,8,17,116,663,10,2,10,5,4,116
300630012002,736,68,424,244,0,0,598,14,0,5,4,115,598,14,2,0,2,1,115
300630012003,768,151,316,301,0,0,655,11,0,7,4,91,655,10,0,0,2,2,91
300630012004,1172,145,628,399,0,0,974,32,0,10,16,140,974,32,5,5,5,1,140
300630013021,1480,570,212,698,0,0,1224,43,0,17,24,172,1224,42,1,5,6,10,172
300630013022,911,202,334,375,0,0,755,15,2,9,11,119,755,13,1,3,0,0,119
300630013023,956,411,118,427,0,0,802,14,0,16,22,102,802,14,0,10,10,2,102
300630013024,680,116,298,266,0,0,568,10,0,9,14,79,568,10,1,4,1,4,79
300630013025,837,181,369,287,0,0,687,25,0,8,15,102,687,25,6,4,1,2,102
300630013031,983,211,503,269,0,0,827,14,0,5,19,118,827,13,3,2,1,4,118
300630013032,953,198,437,318,0,0,779,18,0,9,19,128,779,18,0,12,1,3,128
300630013033,837,139,420,278,0,0,660,25,0,0,28,124,660,24,7,12,0,2,124
300630013034,635,84,370,181,0,0,511,25,0,7,7,85,511,25,1,4,7,1,85
300630013041,750,205,279,266,0,0,619,10,0,12,10,99,619,10,0,4,3,2,99
300630013042,1240,627,169,444,0,0,1008,23,3,17,13,176,1008,23,0,9,5,0,176
300630013043,881,179,398,304,0,0,725,15,1,14,12,114,725,14,1,6,6,3,114
300630013044,590,170,207,213,0,0,477,9,0,6,21,77,477,9,5,5,0,1,77
300630013045,1386,355,515,516,0,0,1104,37,3,25,15,202,1104,37,2,1,6,0,202
300630014011,1242,481,198,563,0,0,1053,13,2,13,17,144,1053,13,2,8,3,3,144
300630014012,420,57,262,101,0,0,339,12,0,2,9,58,339,12,4,4,0,0,58
300630014013,318,64,187,67,0,0,270,6,0,0,5,37,270,6,0,0,0,1,37
300630014021,1292,323,522,447,0,0,1096,32,1,11,7,145,1096,32,2,3,2,0,145
300630014022,1085,275,526,284,0,0,909,22,0,7,22,125,909,22,1,3,1,4,125
300630015011,1416,398,694,324,0,0,1191,22,0,11,12,180,1191,22,0,6,4,0,180
300630015021,666,199,291,176,0,0,557,9,0,2,5,93,557,9,0,0,1,0,93
300630015022,1505,407,671,427,0,0,1281,23,0,7,14,180,1281,22,1,6,0,1,180
300630015023,944,240,453,251,0,0,811,18,0,6,9,100,811,16,0,4,0,1,100
300630016011,1560,506,733,321,0,0,1324,21,0,14,14,187,1324,21,2,6,3,2,187
300630016012,1476,428,667,381,0,0,1242,32,1,24,18,159,1242,32,1,5,3,7,159
300630016021,1128,348,487,293,0,0,951,8,0,2,7,160,951,8,0,3,0,0,160
300630016022,1127,356,437,334,0,0,942,22,1,8,9,145,942,20,0,3,3,4,145
300630018011,574,183,244,147,0,0,468,17,0,4,6,79,468,17,0,4,1,0,79
300630018012,508,131,248,129,0,0,404,16,0,0,4,84,404,16,3,0,0,0,84
300630018021,571,142,308,121,0,0,488,14,0,2,5,62,488,12,0,4,1,1,62
300630018022,692,209,298,185,0,0,582,10,0,3,5,92,582,9,0,2,0,0,92
300630018023,328,80,164,84,0,0,276,2,0,6,2,42,276,2,0,1,1,1,42
300630018024,730,220,377,133,0,0,612,14,0,3,4,97,612,14,0,1,0,2,97
300890001001,1363,789,354,220,0,0,1195,16,0,6,7,139,1195,16,0,0,3,0,139
300890001002,871,444,258,169,0,0,774,21,0,3,3,70,774,21,0,2,0,0,70
300890001003,421,227,129,65,0,0,360,11,0,0,3,47,360,11,0,2,0,1,47
300890002011,793,479,199,115,0,0,687,7,0,6,4,89,687,7,0,1,4,0,89
300890002012,649,322,213,114,0,0,557,13,0,4,7,68,557,12,0,0,1,2,68
300890002021,1283,671,411,201,0,0,1119,24,0,11,8,121,1119,22,0,3,0,0,121
300890002022,395,153,168,74,0,0,315,16,0,2,7,55,315,12,0,0,1,0,55
300890002023,1049,568,303,178,0,0,914,17,0,3,6,109,914,16,2,0,1,3,109
300890002024,499,290,127,82,0,0,431,3,0,3,3,59,431,3,0,0,0,1,59
300899403001,411,185,140,86,0,0,350,11,1,3,7,39,350,9,1,0,1,0,39
300899403002,851,309,376,166,0,0,669,28,1,15,14,124,669,17,0,4,2,1,124
300510501001,412,273,68,71,0,0,349,0,0,6,2,55,349,0,0,0,0,0,55
300510501002,582,333,137,112,0,0,468,5,2,8,6,93,468,5,0,0,0,3,93
300030001001,804,176,430,198,0,0,553,46,0,5,37,163,553,46,26,4,0,0,163
300030001002,1189,237,613,339,0,0,825,57,0,16,56,235,825,57,47,0,2,1,235
300030001003,366,76,201,89,0,0,252,13,0,4,17,80,252,13,14,0,2,1,80
300030001004,41,9,26,6,0,0,37,1,0,0,1,2,37,1,0,0,0,0,2
300039404001,394,60,247,87,0,0,209,15,0,2,24,144,209,15,23,0,2,0,144
300039405001,138,24,92,22,0,0,80,1,0,0,21,36,80,1,20,0,0,1,36
300039405002,531,77,342,112,0,0,239,25,0,2,60,205,239,24,57,0,0,1,205
300039406001,61,5,44,12,0,0,31,2,0,0,8,20,31,2,8,0,0,0,20
300039406002,1399,123,997,279,0,0,588,28,0,8,235,540,588,28,229,1,4,0,540
300039407001,306,35,212,59,0,0,124,14,0,1,58,109,124,14,56,0,0,1,109
300039407002,845,139,540,166,0,0,376,20,0,1,112,336,376,20,105,1,1,3,336
300530001001,1070,585,319,166,0,0,916,20,0,4,5,125,916,17,2,0,0,1,125
300530001002,556,244,227,85,0,0,475,11,0,2,5,63,475,11,0,1,0,2,63
300530001003,669,329,226,114,0,0,595,8,0,1,5,60,595,5,2,2,1,1,60
300530002001,445,146,222,77,0,0,388,9,0,1,2,45,388,9,0,0,0,1,45
300530002002,358,117,176,65,0,0,302,6,0,3,3,44,302,5,0,1,1,2,44
300530002003,632,255,243,134,0,0,540,12,0,0,13,67,540,12,1,5,0,5,67
300530003001,664,407,119,138,0,0,571,15,0,3,6,69,571,11,0,0,0,1,69
300530003002,503,257,167,79,0,0,427,11,0,1,5,59,427,11,0,1,0,4,59
300530003003,487,248,173,66,0,0,437,3,0,2,2,43,437,3,0,0,0,1,43
300530003004,820,499,135,186,0,0,685,11,0,3,11,110,685,9,0,3,1,2,110
300530004011,819,432,232,155,0,0,707,15,1,5,2,89,707,15,0,0,1,0,89
300530004012,606,276,205,125,0,0,521,7,0,4,3,71,521,7,0,1,0,0,71
300530004013,273,140,88,45,0,0,228,4,0,0,3,38,228,4,0,2,0,1,38
300530004014,935,539,213,183,0,0,803,19,0,5,8,100,803,19,0,2,1,1,100
300530004021,697,302,303,92,0,0,585,23,0,5,20,64,585,22,0,9,2,3,64
300530004022,787,453,199,135,0,0,672,21,0,1,10,83,672,21,0,2,0,0,83
300530005001,580,230,249,101,0,0,513,4,0,5,2,56,513,3,0,1,1,1,56
300530005002,907,547,206,154,0,0,773,13,0,2,9,110,773,13,0,1,0,3,110
300530005003,407,213,120,74,0,0,339,3,0,4,2,59,339,3,0,1,0,0,59
300530005004,645,290,254,101,0,0,557,16,0,4,8,60,557,15,0,2,4,0,60
301090001001,630,378,121,131,0,0,529,10,0,11,1,79,529,10,0,1,2,0,79
300070001001,655,299,236,120,0,0,537,15,0,1,12,90,537,15,1,4,0,1,90
300070001002,729,366,227,136,0,0,618,14,0,1,4,92,618,14,0,0,0,0,92
300070002001,1353,883,250,220,0,0,1126,20,2,7,11,187,1126,20,1,2,2,0,187
300070002002,1076,683,173,220,0,0,888,18,2,3,12,153,888,16,0,6,0,0,153
300070002003,782,484,146,152,0,0,658,12,0,5,8,99,658,12,0,7,2,1,99
300490001001,503,229,182,92,0,0,423,7,0,1,6,66,423,7,2,1,1,1,66
300490001002,529,200,260,69,0,0,472,4,0,0,8,45,472,4,0,4,0,0,45
300490001003,266,109,122,35,0,0,211,5,0,0,3,47,211,5,0,1,0,1,47
300490002001,759,344,232,183,0,0,635,15,0,2,8,99,635,15,0,0,1,6,99
300490002002,938,394,281,263,0,0,787,25,0,6,10,110,787,24,2,6,5,0,110
300490002003,1986,757,769,460,0,0,1688,55,0,8,14,221,1688,54,1,4,2,1,221
300490003001,484,228,159,97,0,0,399,5,1,8,8,63,399,5,0,2,1,0,63
300490003002,1205,539,356,310,0,0,1020,20,0,15,8,142,1020,17,2,4,2,0,142
300490003003,626,296,152,178,0,0,529,15,0,3,6,73,529,14,0,6,2,0,73
300490004001,690,173,380,137,0,0,545,25,0,6,7,107,545,25,1,0,0,2,107
300490004002,958,394,275,289,0,0,812,12,1,7,7,119,812,12,0,5,2,0,119
300490004003,521,215,181,125,0,0,431,16,0,4,2,68,431,16,0,1,0,0,68
300490004004,1169,488,445,236,0,0,962,15,1,5,16,170,962,12,0,8,2,1,170
300490004005,962,397,366,199,0,0,811,17,0,12,10,112,811,17,2,4,2,1,112
300490005011,1343,606,446,291,0,0,1109,29,1,12,22,170,1109,24,2,1,6,4,170
300490005012,1400,591,487,322,0,0,1136,36,0,8,18,202,1136,36,1,11,1,0,202
300490005031,1420,606,375,439,0,0,1213,18,0,13,16,160,1213,18,0,1,3,4,160
300490005032,1154,500,359,295,0,0,928,17,0,11,13,185,928,16,0,3,4,4,185
300490005041,1248,489,456,303,0,0,1009,36,0,6,22,175,1009,36,2,12,2,0,175
300490005042,670,219,175,276,0,0,568,5,0,15,7,75,568,4,0,3,2,2,75
300490006001,1082,530,224,328,0,0,935,5,0,11,15,116,935,5,0,5,1,4,116
300490006002,1012,420,255,337,0,0,884,20,0,6,5,97,884,20,0,1,4,2,97
300490007011,293,64,140,89,0,0,238,9,1,1,3,41,238,6,0,1,0,0,41
300490007012,960,292,235,433,0,0,807,28,0,12,8,105,807,28,0,4,4,0,105
300490007021,836,299,57,480,0,0,694,15,0,12,8,107,694,14,1,2,5,1,107
300490007022,575,243,71,261,0,0,478,9,0,4,4,80,478,9,0,1,1,1,80
300490007023,576,194,148,234,0,0,495,12,0,2,7,60,495,12,4,0,0,0,60
300490007024,643,194,220,229,0,0,537,7,0,4,14,81,537,7,0,8,2,1,81
300490007025,827,238,372,217,0,0,685,35,0,7,11,89,685,35,1,2,0,1,89
300490008001,844,214,276,354,0,0,694,15,0,7,6,122,694,15,0,2,4,0,122
300490008002,464,201,56,207,0,0,371,12,2,4,5,70,371,11,1,1,1,1,70
300490008003,540,69,264,207,0,0,435,18,2,3,4,78,435,18,1,0,1,0,78
300490008004,672,290,189,193,0,0,521,23,0,10,12,106,521,23,2,4,1,2,106
300490009001,463,164,197,102,0,0,384,18,0,4,3,54,384,18,0,2,1,0,54
300490009002,498,97,275,126,0,0,421,22,0,6,3,46,421,21,0,1,2,0,46
300490009003,600,132,264,204,0,0,491,13,2,10,11,73,491,12,0,3,4,1,73
300490009004,1086,260,479,347,0,0,875,24,1,8,19,159,875,24,3,3,2,3,159
300490010001,578,121,198,259,0,0,482,14,3,6,3,70,482,13,0,0,2,1,70
300490010002,625,212,113,300,0,0,543,6,0,3,5,68,543,6,0,1,1,3,68
300490010003,765,165,197,403,0,0,639,11,2,4,13,96,639,10,0,4,2,7,96
300490010004,957,300,240,417,0,0,805,19,1,7,14,111,805,19,1,4,2,3,111
300490011011,827,452,151,224,0,0,693,15,1,12,8,98,693,14,0,4,7,0,98
300490011012,792,445,158,189,0,0,655,26,0,6,10,95,655,26,1,4,0,2,95
300490011021,473,166,131,176,0,0,414,7,0,4,0,48,414,6,0,0,0,0,48
300490011022,835,279,248,308,0,0,683,20,0,9,18,105,683,20,0,11,4,3,105
300490011023,1309,619,123,567,0,0,1106,26,0,8,25,144,1106,25,0,13,3,3,144
300490012011,341,133,142,66,0,0,292,3,1,2,5,38,292,3,0,2,1,0,38
300490012012,665,221,307,137,0,0,564,20,0,0,6,75,564,20,3,0,0,0,75
300490012013,1733,711,598,424,0,0,1441,44,0,13,16,219,1441,44,2,9,4,2,219
300490012014,1051,430,401,220,0,0,862,19,0,3,14,153,862,19,0,5,2,0,153
300490012015,482,177,209,96,0,0,407,10,1,2,2,60,407,9,0,2,1,0,60
300490012021,1498,688,416,394,0,0,1255,41,0,11,12,179,1255,41,0,6,4,1,179
300490012022,879,367,323,189,0,0,736,33,3,5,6,96,736,33,0,2,1,3,96
300490012023,1423,703,397,323,0,0,1159,20,1,8,23,212,1159,20,0,6,3,2,212
300570001011,411,231,96,84,0,0,354,6,0,4,3,44,354,6,0,3,3,0,44
300570001012,815,423,243,149,0,0,724,12,0,3,7,69,724,12,0,1,0,0,69
300570001021,1582,788,491,303,0,0,1336,41,0,12,22,171,1336,39,0,6,1,3,171
300570002001,535,345,103,87,0,0,468,6,0,0,10,51,468,6,0,0,0,1,51
300570002002,523,284,122,117,0,0,459,7,0,6,9,42,459,7,0,0,1,0,42
300570002003,807,463,203,141,0,0,674,20,0,4,6,103,674,17,0,2,2,2,103
300570003001,953,551,210,192,0,0,844,7,0,1,16,85,844,7,1,6,0,0,85
300570003002,640,333,178,129,0,0,570,10,0,4,5,51,570,10,2,1,2,0,51
300739770001,536,289,122,125,0,0,466,3,0,3,1,63,466,3,0,1,0,0,63
300739770002,409,240,63,106,0,0,358,10,0,1,2,38,358,10,0,1,0,0,38
300739770003,357,224,69,64,0,0,296,1,0,4,4,52,296,1,0,2,1,0,52
300739770004,507,279,139,89,0,0,434,7,0,6,5,55,434,7,1,0,2,2,55
300739770005,440,222,140,78,0,0,374,11,0,3,1,51,374,11,0,1,0,0,51
300739772001,438,97,224,117,0,0,186,10,0,2,75,165,186,10,73,1,0,0,165
300739772002,812,435,269,108,0,0,682,5,0,2,17,106,682,5,4,4,0,7,106
300930001011,656,30,1,625,0,0,552,27,0,4,7,66,552,27,0,1,0,3,66
300930001012,349,21,0,328,0,0,280,17,3,1,7,41,280,17,0,0,1,1,41
300930001021,321,23,1,297,0,0,265,10,0,2,1,43,265,10,0,0,1,0,43
300930001022,421,15,0,406,0,0,343,14,1,3,9,51,343,13,0,0,0,6,51
300930001023,270,15,0,255,0,0,217,11,0,2,1,39,217,11,0,0,0,0,39
300930001024,281,18,0,263,0,0,230,15,0,1,3,32,230,15,2,1,0,0,32
300930002001,352,16,0,336,0,0,277,14,0,6,8,47,277,14,0,3,1,0,47
300930002002,384,10,0,374,0,0,309,10,1,2,3,59,309,10,0,2,0,0,59
300930002003,395,20,0,375,0,0,318,13,1,4,13,46,318,12,1,2,1,2,46
300930002004,850,48,4,798,0,0,708,20,0,2,14,106,708,20,0,3,1,4,106
300930002005,636,28,1,607,0,0,526,27,0,3,7,73,526,25,0,2,1,0,73
300930003001,581,30,0,551,0,0,481,18,0,2,11,69,481,17,0,3,0,1,69
300930003002,422,28,0,394,0,0,367,7,0,3,4,41,367,7,0,3,0,0,41
300930003003,713,36,3,674,0,0,606,23,0,1,15,68,606,23,1,6,0,1,68
300930004001,781,40,0,741,0,0,645,22,0,4,5,105,645,22,0,2,0,0,105
300930004002,748,48,1,699,0,0,626,22,0,1,18,81,626,22,0,0,0,7,81
300930004003,696,43,0,653,0,0,573,21,0,7,6,89,573,21,0,3,2,1,89
300930005001,460,39,0,421,0,0,353,8,0,7,23,69,353,8,0,14,2,0,69
300930005002,638,40,1,597,0,0,516,11,0,4,17,90,516,11,2,7,2,0,90
300930005003,430,32,0,398,0,0,349,10,0,4,13,54,349,10,0,1,2,4,54
300930005004,466,42,2,422,0,0,409,3,0,0,10,44,409,3,0,6,0,0,44
300930005005,465,29,2,434,0,0,382,8,0,0,15,60,382,7,1,4,0,0,60
300930005006,435,29,3,403,0,0,362,16,2,1,7,47,362,15,0,0,1,0,47
300930006001,400,33,0,367,0,0,326,13,0,3,7,51,326,13,0,2,0,0,51
300930006002,407,42,1,364,0,0,343,12,0,1,9,42,343,12,0,3,0,0,42
300930006003,372,26,0,346,0,0,303,11,0,1,14,43,303,11,0,3,0,0,43
300930006004,478,30,0,448,0,0,392,8,0,4,9,65,392,8,1,4,3,0,65
300930006005,337,22,1,314,0,0,280,8,0,5,5,39,280,8,0,0,1,1,39
300930006006,662,45,1,616,0,0,535,18,0,5,10,94,535,18,0,3,1,0,94
300930007001,752,68,0,684,0,0,602,21,0,2,28,99,602,21,0,8,2,2,99
300930007002,688,57,1,630,0,0,534,13,0,10,16,115,534,13,0,11,2,0,115
300930007003,980,95,2,883,0,0,823,29,0,7,17,104,823,29,0,6,0,0,104
300930008001,761,57,5,699,0,0,635,9,1,1,9,106,635,9,0,1,1,0,106
300930008002,581,40,1,540,0,0,487,7,0,1,8,78,487,7,1,1,0,1,78
300930008003,642,36,1,605,0,0,550,12,0,3,11,66,550,12,3,1,1,0,66
300930008004,1259,114,0,1145,0,0,1047,13,0,10,37,152,1047,11,0,5,1,0,152
300930008005,951,138,16,797,0,0,795,13,0,6,10,127,795,13,1,1,0,1,127
300399617011,863,458,240,165,0,0,759,14,0,2,7,81,759,13,0,3,0,2,81
300399617021,560,256,172,132,0,0,464,7,0,3,5,81,464,6,0,1,1,0,81
300399617022,788,437,192,159,0,0,661,12,0,0,15,100,661,12,2,3,0,2,100
300559540001,866,568,184,114,0,0,723,9,0,1,1,132,723,9,0,0,0,0,132
300559540002,443,246,127,70,0,0,379,2,0,1,0,61,379,2,0,0,1,0,61
300370001001,599,319,180,100,0,0,502,10,0,5,3,79,502,10,0,3,1,0,79
300439622011,2129,1253,153,723,0,0,1806,23,0,18,38,244,1806,22,0,18,6,4,244
300439622012,1323,832,56,435,0,0,1138,12,1,3,15,154,1138,12,0,9,0,2,154
300439622021,1371,718,290,363,0,0,1152,23,0,14,18,164,1152,23,0,7,7,3,164
300439622022,774,434,137,203,0,0,663,13,0,5,6,87,663,13,0,1,1,0,87
300439622023,706,325,173,208,0,0,587,19,1,1,7,91,587,19,0,1,0,1,91
300439623001,625,384,90,151,0,0,543,11,0,3,10,58,543,11,0,3,0,2,58
300439623002,908,559,177,172,0,0,780,13,0,4,10,101,780,13,0,2,1,2,101
300439623003,492,256,139,97,0,0,428,3,0,1,5,55,428,3,0,4,0,0,55
300439623004,394,219,90,85,0,0,348,5,0,2,7,32,348,5,0,0,0,0,32
300150102001,420,275,75,70,0,0,365,4,0,4,0,47,365,4,0,0,0,0,47
300150102002,983,508,256,219,0,0,842,18,0,1,4,118,842,18,0,0,0,1,118
300150103001,339,169,106,64,0,0,280,2,0,1,1,55,280,2,0,0,0,0,55
300150103002,754,444,154,156,0,0,604,3,0,6,13,128,604,3,0,3,0,0,128
300150103003,445,290,75,80,0,0,360,4,0,1,3,77,360,4,0,0,0,0,77
300150103004,338,48,174,116,0,0,193,20,0,2,46,77,193,20,44,0,2,0,77
300990001001,419,263,74,82,0,0,381,1,0,1,3,33,381,1,1,2,0,0,33
300990001002,767,454,160,153,0,0,619,17,0,3,5,123,619,17,1,4,0,0,123
300990002001,393,249,55,89,0,0,347,2,0,3,0,41,347,2,0,0,0,0,41
300990002002,771,435,164,172,0,0,681,11,0,5,3,71,681,11,0,0,2,2,71
300990003001,738,381,217,140,0,0,625,8,0,0,0,105,625,8,0,0,0,0,105
300990003002,772,398,206,168,0,0,638,8,1,1,11,113,638,8,0,9,0,1,113
300619645001,998,507,306,185,0,0,848,18,1,10,10,111,848,18,0,4,1,3,111
300619645002,596,294,195,107,0,0,503,13,0,3,7,70,503,13,0,0,0,3,70
300619646001,570,325,137,108,0,0,499,7,0,4,5,55,499,7,1,4,2,0,55
300619646002,537,255,209,73,0,0,464,8,0,3,1,61,464,7,0,0,0,0,61
300619646003,334,145,145,44,0,0,287,8,0,0,4,35,287,8,0,1,0,0,35
300230003001,510,108,300,102,0,0,422,6,0,3,8,71,422,6,0,0,1,4,71
300230003002,489,79,298,112,0,0,396,14,0,3,8,68,396,14,1,0,1,0,68
300230003003,480,66,303,111,0,0,396,9,0,2,11,62,396,9,0,3,2,0,62
300230004001,751,193,295,263,0,0,599,10,0,8,17,117,599,10,0,3,3,2,117
300230004002,558,144,260,154,0,0,452,9,2,3,18,74,452,9,0,7,1,1,74
300230004003,414,64,261,89,0,0,343,12,0,1,12,46,343,10,0,3,0,3,46
300230004004,460,106,241,113,0,0,382,12,0,4,12,50,382,12,0,2,2,0,50
300230005001,327,111,152,64,0,0,291,5,0,0,7,24,291,5,0,1,0,0,24
300230005002,532,152,227,153,0,0,453,5,0,3,10,61,453,5,0,3,0,2,61
300230005003,341,89,173,79,0,0,278,6,0,1,5,51,278,6,0,4,0,0,51
300230005004,501,98,263,140,0,0,416,13,0,2,14,56,416,13,0,2,2,0,56
300190203001,393,258,79,56,0,0,309,6,0,2,2,74,309,6,0,0,0,0,74
300190203002,619,326,162,131,0,0,495,9,0,8,10,97,495,9,0,0,4,4,97
300310001011,1690,753,332,605,0,0,1424,17,0,18,25,206,1424,17,0,10,10,4,206
300310001012,856,510,117,229,0,0,752,14,0,5,7,78,752,14,0,2,1,1,78
300310001013,1124,438,444,242,0,0,934,30,0,8,17,135,934,28,2,7,2,4,135
300310001014,957,406,344,207,0,0,818,22,0,3,12,102,818,18,0,7,2,2,102
300310001041,545,188,229,128,0,0,441,17,0,3,3,81,441,16,0,0,0,2,81
300310001042,2133,508,1160,465,0,0,1735,54,0,13,18,313,1735,46,2,6,3,2,313
300310001051,694,206,348,140,0,0,580,11,1,6,9,87,580,11,0,1,5,3,87
300310001052,1227,403,511,313,0,0,1024,32,2,10,12,147,1024,32,0,5,2,0,147
300310001053,825,256,357,212,0,0,677,35,0,8,10,95,677,35,0,4,2,0,95
300310002011,840,247,422,171,0,0,712,34,1,11,10,72,712,34,0,5,9,1,72
300310002012,1725,731,596,398,0,0,1484,31,0,8,13,189,1484,29,0,3,2,2,189
300310002013,919,263,446,210,0,0,743,21,1,8,9,137,743,21,0,4,2,2,137
300310002021,3731,1471,1454,806,0,0,3122,74,2,33,46,454,3122,73,3,15,13,3,454
300310003001,947,389,369,189,0,0,782,26,0,3,15,121,782,26,1,6,1,2,121
300310003002,456,164,189,103,0,0,382,11,0,8,3,52,382,11,0,1,2,2,52
300310003003,866,331,407,128,0,0,696,15,1,5,15,134,696,15,0,6,1,6,134
300310004001,1523,772,429,322,0,0,1273,17,0,25,16,192,1273,17,0,2,2,8,192
300310004002,792,405,246,141,0,0,675,10,0,4,6,97,675,10,0,4,3,1,97
300310004003,744,287,303,154,0,0,613,31,1,7,7,85,613,23,1,5,2,0,85
300310004004,709,317,247,145,0,0,597,13,0,4,6,89,597,13,0,2,0,2,89
300310005021,1935,661,614,660,0,0,1650,27,1,19,23,215,1650,27,2,11,5,4,215
300310005022,1648,773,422,453,0,0,1393,31,5,18,13,188,1393,31,0,1,8,2,188
300310005023,1320,545,254,521,0,0,1085,30,0,8,12,185,1085,29,1,3,2,0,185
300310005024,1251,532,82,637,0,0,1038,13,0,17,29,154,1038,13,0,8,7,4,154
300310005041,1261,630,131,500,0,0,1038,19,0,12,11,181,1038,18,0,1,4,4,181
300310005042,790,391,100,299,0,0,662,8,0,10,11,99,662,8,1,1,3,1,99
300310005051,1098,285,478,335,0,0,907,15,1,19,18,138,907,14,0,7,8,2,138
300310005052,3255,766,1514,975,0,0,2631,87,0,35,55,447,2631,86,2,11,8,16,447
300310005053,1181,238,597,346,0,0,949,34,1,12,19,166,949,34,2,1,4,4,166
300310005061,1277,249,596,432,0,0,1018,52,0,23,17,167,1018,52,0,4,7,5,167
300310005062,1625,544,654,427,0,0,1304,33,0,31,23,234,1304,33,2,3,16,10,234
300310005063,1384,477,591,316,0,0,1134,35,3,10,15,187,1134,34,0,6,4,3,187
300310005071,1266,368,523,375,0,0,1043,33,3,19,6,162,1043,33,0,2,9,2,162
300310005072,1260,225,681,354,0,0,1017,30,0,17,25,171,1017,28,0,11,10,3,171
300310006001,686,87,383,216,0,0,540,28,0,9,13,96,540,28,1,5,6,2,96
300310006002,1098,188,627,283,0,0,881,39,0,10,12,156,881,39,0,5,2,3,156
300310007011,662,130,249,283,0,0,543,16,1,10,8,84,543,16,0,4,3,0,84
300310007012,697,148,331,218,0,0,560,21,4,12,9,91,560,21,0,1,3,5,91
300310007013,419,76,209,134,0,0,343,12,1,7,7,49,343,12,0,2,4,2,49
300310007014,685,78,378,229,0,0,560,16,1,8,13,87,560,16,0,2,3,3,87
300310007031,847,170,426,251,0,0,690,26,0,9,11,111,690,26,0,4,3,4,111
300310007032,508,90,285,133,0,0,413,18,3,5,8,61,413,18,1,1,4,0,61
300310007041,1061,358,409,294,0,0,880,28,0,7,20,126,880,26,1,6,5,6,126
300310007042,570,189,228,153,0,0,475,15,0,3,6,71,475,15,0,1,1,2,71
300310007043,1250,168,689,393,0,0,991,42,0,9,25,183,991,42,3,5,4,3,183
300310008001,737,263,203,271,0,0,614,20,1,5,6,91,614,19,0,2,1,1,91
300310008002,515,86,213,216,0,0,428,11,0,6,7,63,428,11,1,2,2,2,63
300310008003,547,175,100,272,0,0,446,6,0,12,11,72,446,6,0,4,5,2,72
300310009001,1604,98,1017,489,0,0,1298,43,0,24,23,216,1298,42,1,7,5,6,216
300310009002,911,58,586,267,0,0,710,40,1,10,20,130,710,40,0,9,2,3,130
300310009003,621,29,419,173,0,0,495,31,1,8,7,79,495,29,1,2,4,1,79
300310010011,1297,555,147,595,0,0,1069,18,1,14,21,174,1069,18,1,5,8,3,174
300310010012,1436,621,102,713,0,0,1242,31,0,12,20,131,1242,27,0,8,8,3,131
300310010021,1035,211,429,395,0,0,860,20,0,9,13,133,860,20,0,5,2,2,133
300310010022,1731,369,717,645,0,0,1411,53,0,20,31,216,1411,53,1,11,8,7,216
300310010023,737,348,93,296,0,0,623,12,0,4,4,94,623,12,0,2,2,1,94
300310010024,1253,327,404,522,0,0,1048,24,0,15,11,155,1048,24,0,5,4,4,155
300310011011,307,0,201,106,0,0,222,13,0,5,7,60,222,13,4,2,1,0,60
300310011012,359,13,211,135,0,0,285,10,0,5,9,50,285,10,2,1,3,2,50
300310011013,208,20,127,61,0,0,154,5,0,2,1,46,154,5,0,1,0,0,46
300310011021,1694,474,678,542,0,0,1374,48,0,22,14,236,1374,48,0,3,10,2,236
300310011022,901,85,326,490,0,0,739,28,0,11,15,108,739,27,0,5,1,5,108
300310012001,507,221,147,139,0,0,431,7,0,1,2,66,431,6,0,0,0,0,66
300310012002,1450,506,592,352,0,0,1205,31,1,14,28,171,1205,31,1,2,0,11,171
300310012003,1621,674,518,429,0,0,1367,40,8,6,14,186,1367,38,1,4,2,3,186
300310012004,590,276,167,147,0,0,493,8,1,3,11,74,493,8,0,0,0,0,74
300310015001,580,216,262,102,0,0,476,18,2,4,4,76,476,18,0,1,1,1,76
300310015002,195,53,103,39,0,0,151,19,0,1,4,20,151,19,0,3,0,1,20
300310015003,312,156,97,59,0,0,256,18,0,3,6,29,256,18,0,3,0,1,29
300310016001,474,132,222,120,0,0,399,15,0,4,5,51,399,15,0,2,3,1,51
300310016002,567,125,314,128,0,0,464,16,4,5,7,71,464,16,0,5,2,1,71
300310016003,574,163,275,136,0,0,474,18,1,7,14,60,474,17,0,1,0,3,60
300310017001,989,477,268,244,0,0,834,20,0,7,13,115,834,17,0,6,3,1,115
300310017002,977,437,191,349,0,0,814,22,0,5,25,111,814,21,1,4,1,7,111
300310017003,1417,696,131,590,0,0,1175,16,2,14,17,193,1175,16,1,7,5,6,193
300330001001,804,488,228,88,0,0,669,3,0,1,1,130,669,3,0,0,1,1,130
300590001001,287,170,66,51,0,0,239,4,0,0,4,40,239,4,3,0,0,0,40
300590001002,401,227,111,63,0,0,329,0,0,4,4,64,329,0,0,1,0,0,64
300590001003,514,286,137,91,0,0,443,4,0,3,1,63,443,4,0,1,0,0,63
300290001011,513,237,181,95,0,0,426,20,1,2,7,57,426,20,0,4,1,2,57
300290001012,157,76,45,36,0,0,131,3,0,1,1,21,131,3,0,1,1,0,21
300290001021,1525,619,644,262,0,0,1263,26,2,4,21,209,1263,26,2,8,1,3,209
300290002011,796,433,228,135,0,0,644,5,0,4,10,133,644,5,0,3,1,2,133
300290002012,969,488,351,130,0,0,803,15,0,6,9,136,803,15,3,2,0,1,136
300290002013,898,490,194,214,0,0,780,16,0,0,12,90,780,16,0,10,0,0,90
300290002014,517,265,151,101,0,0,422,10,0,2,8,75,422,10,3,2,0,2,75
300290002021,1044,602,252,190,0,0,909,14,0,5,6,110,909,14,0,2,0,2,110
300290002022,1050,551,275,224,0,0,885,18,0,11,18,118,885,16,0,11,5,4,118
300290002031,653,346,203,104,0,0,558,13,0,1,7,74,558,13,0,3,0,0,74
300290002032,503,209,196,98,0,0,436,11,1,3,1,51,436,11,0,1,1,0,51
300290002033,455,220,123,112,0,0,399,8,0,3,4,41,399,8,0,3,3,0,41
300290002034,1493,648,538,307,0,0,1246,28,0,9,14,196,1246,25,0,6,1,2,196
300290003011,428,149,135,144,0,0,346,9,0,1,7,65,346,9,0,6,1,1,65
300290003012,1046,512,276,258,0,0,882,25,1,7,7,124,882,24,1,2,2,0,124
300290003013,812,189,390,233,0,0,672,17,0,9,10,104,672,17,0,4,3,2,104
300290003021,548,243,136,169,0,0,441,7,1,9,7,83,441,7,0,4,4,3,83
300290003022,900,453,176,271,0,0,761,7,0,5,5,122,761,7,0,0,2,2,122
300290004021,1054,471,249,334,0,0,862,26,0,7,8,151,862,26,0,1,4,0,151
300290004022,1081,430,297,354,0,0,904,25,1,6,9,136,904,20,0,2,2,2,136
300290004023,363,194,100,69,0,0,312,8,0,2,2,39,312,8,1,0,1,1,39
300290004031,1025,544,209,272,0,0,880,15,0,9,14,107,880,15,0,0,4,2,107
300290004032,788,386,204,198,0,0,670,15,1,10,8,84,670,14,0,2,2,0,84
300290004041,1099,506,292,301,0,0,941,19,0,9,14,116,941,19,0,6,5,1,116
300290004042,558,218,192,148,0,0,447,10,0,9,10,82,447,9,0,2,1,2,82
300290004043,776,422,137,217,0,0,651,8,0,5,6,106,651,8,0,1,0,2,106
300290006011,1487,875,237,375,0,0,1212,24,0,24,20,207,1212,24,5,8,10,4,207
300290006012,1470,961,62,447,0,0,1220,29,0,9,15,197,1220,29,0,1,5,7,197
300290006013,765,543,89,133,0,0,655,11,0,0,12,87,655,10,0,3,0,0,87
300290006021,880,504,150,226,0,0,737,17,0,7,8,111,737,17,0,1,3,2,111
300290006022,1253,784,236,233,0,0,1056,20,0,7,5,165,1056,20,0,1,3,0,165
300290006023,827,494,166,167,0,0,712,16,2,7,11,79,712,16,0,6,2,0,79
300290007001,430,280,82,68,0,0,370,4,0,0,4,52,370,4,3,0,0,0,52
300290007002,860,382,310,168,0,0,706,29,2,7,10,106,706,29,0,2,0,1,106
300290007003,1146,569,388,189,0,0,941,24,0,12,13,156,941,24,2,3,3,2,156
300290007004,469,173,220,76,0,0,395,9,0,1,3,61,395,9,0,1,1,1,61
300290007005,617,303,200,114,0,0,483,26,0,7,16,85,483,26,0,7,2,0,85
300290008011,1129,621,175,333,0,0,952,27,0,9,8,133,952,27,3,3,1,1,133
300290008012,1889,1016,480,393,0,0,1630,32,0,4,28,195,1630,30,1,13,0,0,195
300290008021,1153,593,303,257,0,0,981,26,2,3,9,132,981,26,0,1,1,1,132
300290008022,831,487,127,217,0,0,698,14,0,13,7,99,698,13,0,3,3,0,99
300290008023,1114,663,206,245,0,0,947,20,0,6,11,130,947,20,0,8,2,2,130
300290008024,836,439,125,272,0,0,716,27,0,7,3,83,716,27,0,2,1,0,83
300290009011,1146,426,497,223,0,0,949,30,0,3,7,157,949,30,1,3,2,0,157
300290009021,867,440,178,249,0,0,708,24,0,9,16,110,708,24,0,5,4,4,110
300290009022,551,325,113,113,0,0,480,8,0,2,8,53,480,6,2,5,1,1,53
300290009031,747,373,200,174,0,0,617,10,1,6,11,102,617,10,0,2,1,1,102
300290009032,718,308,285,125,0,0,607,8,0,8,3,92,607,8,2,0,3,0,92
300290009033,571,259,193,119,0,0,469,19,0,7,4,72,469,17,0,2,2,1,72
300290010001,637,218,284,135,0,0,550,14,0,4,4,65,550,13,1,0,0,0,65
300290010002,580,139,343,98,0,0,481,19,0,2,3,75,481,18,0,1,1,0,75
300290011011,800,249,365,186,0,0,659,33,1,6,9,92,659,33,0,3,4,0,92
300290011012,705,244,334,127,0,0,602,15,1,2,3,82,602,15,0,2,0,0,82
300290011021,563,208,189,166,0,0,481,11,0,7,3,61,481,11,0,0,4,0,61
300290011022,445,236,75,134,0,0,372,4,0,10,6,53,372,4,0,3,2,0,53
300290011023,535,158,251,126,0,0,430,22,0,2,6,75,430,21,1,0,0,1,75
300290011024,427,116,223,88,0,0,371,17,0,1,5,33,371,17,0,0,0,0,33
300290012011,500,243,151,106,0,0,427,9,0,2,5,57,427,8,0,2,1,0,57
300290012012,1223,531,433,259,0,0,1006,38,0,11,14,154,1006,38,0,3,7,4,154
300290012021,1388,677,427,284,0,0,1147,34,1,4,23,179,1147,29,3,8,0,6,179
300290012022,723,375,181,167,0,0,603,18,0,6,3,93,603,17,0,2,1,0,93
300290012023,632,278,257,97,0,0,509,19,0,4,13,87,509,19,0,6,0,4,87
300290013031,637,367,128,142,0,0,544,11,0,5,7,70,544,10,0,2,1,0,70
300290013032,830,419,236,175,0,0,719,16,0,2,3,90,719,16,0,0,1,0,90
300290013041,518,257,133,128,0,0,428,12,0,1,7,70,428,12,0,4,1,0,70
300290013042,515,241,156,118,0,0,428,10,0,4,6,67,428,10,0,1,3,2,67
300290013043,636,411,74,151,0,0,557,6,0,2,6,65,557,6,0,0,0,0,65
300290013051,490,308,90,92,0,0,428,17,0,0,3,42,428,17,0,1,0,0,42
300290013052,674,413,86,175,0,0,595,17,0,5,3,54,595,17,0,0,2,1,54
300290013061,559,365,85,109,0,0,474,4,0,0,9,72,474,4,2,3,0,1,72
300290013062,967,557,152,258,0,0,823,21,0,6,9,108,823,21,0,7,3,1,108
300290013063,667,405,146,116,0,0,589,1,0,1,6,70,589,1,0,1,1,2,70
300290013064,695,433,95,167,0,0,583,16,0,2,8,86,583,16,0,2,0,0,86
300290014011,1197,680,298,219,0,0,1018,16,0,2,19,142,1018,16,0,13,1,2,142
300290014012,811,501,157,153,0,0,658,10,0,7,19,117,658,10,0,11,5,5,117
300290014021,920,422,307,191,0,0,753,18,0,3,11,135,753,17,0,6,2,2,135
300290014022,850,451,164,235,0,0,748,9,1,4,10,78,748,9,0,3,3,3,78
300290014023,625,343,142,140,0,0,539,9,0,0,6,71,539,9,1,1,0,0,71
300290017011,1227,730,251,246,0,0,1045,15,1,7,16,143,1045,15,0,7,3,3,143
300290017012,770,464,187,119,0,0,647,18,0,7,12,86,647,18,0,3,2,1,86
300290017013,1281,749,255,277,0,0,1112,11,0,1,5,152,1112,10,0,1,0,0,152
300290017021,1335,776,336,223,0,0,1105,36,0,15,11,168,1105,34,0,8,6,1,168
300290017031,654,381,187,86,0,0,544,12,0,1,11,86,544,12,3,8,0,0,86
300290017032,1,1,0,0,0,0,1,0,0,0,0,0,1,0,0,0,0,0,0
300290017033,856,479,187,190,0,0,710,20,0,2,6,118,710,20,0,2,0,0,118
300130001001,796,279,342,175,0,0,676,22,1,8,10,79,676,22,2,2,2,3,79
300130001002,487,198,197,92,0,0,386,28,0,3,8,62,386,27,0,2,0,2,62
300130002001,590,223,230,137,0,0,493,14,3,2,12,66,493,14,2,3,0,1,66
300130002002,665,252,283,130,0,0,543,17,0,7,5,93,543,17,1,0,2,1,93
300130002003,862,320,319,223,0,0,752,15,0,4,4,87,752,15,0,3,1,1,87
300130003001,275,60,171,44,0,0,223,13,0,2,3,34,223,13,1,1,2,0,34
300130003002,541,182,250,109,0,0,442,15,1,6,10,67,442,15,2,6,0,1,67
300130003003,403,110,182,111,0,0,319,18,1,2,8,55,319,18,0,1,1,0,55
300130003004,435,185,150,100,0,0,359,7,2,6,7,54,359,7,1,1,3,2,54
300130004001,450,115,247,88,0,0,373,15,0,3,9,50,373,15,4,1,3,0,50
300130004002,350,92,166,92,0,0,290,14,0,4,3,39,290,14,1,0,1,0,39
300130007001,360,57,227,76,0,0,276,16,0,5,6,57,276,16,4,1,0,1,57
300130007002,411,86,252,73,0,0,342,18,1,3,9,38,342,18,7,1,2,0,38
300130008001,417,72,248,97,0,0,343,11,3,3,3,54,343,11,1,0,2,1,54
300130008002,343,110,183,50,0,0,273,12,0,5,1,52,273,12,0,0,2,1,52
300130009001,407,128,169,110,0,0,338,17,0,3,4,45,338,17,0,3,0,0,45
300130009002,410,135,170,105,0,0,358,10,0,2,2,38,358,10,1,0,1,1,38
300130009003,383,47,257,79,0,0,302,21,0,3,5,52,302,19,3,0,0,0,52
300130009004,316,95,150,71,0,0,255,5,0,7,4,45,255,5,1,2,2,1,45
300130010001,683,274,189,220,0,0,562,25,1,5,8,82,562,23,1,2,1,3,82
300130010002,624,256,158,210,0,0,531,18,1,3,6,65,531,18,0,3,0,1,65
300130010003,356,130,108,118,0,0,283,16,0,1,2,54,283,16,0,2,0,0,54
300130010004,350,143,128,79,0,0,285,5,0,5,2,53,285,5,0,0,5,0,53
300130011001,451,128,196,127,0,0,359,20,3,2,11,56,359,20,4,0,1,0,56
300130011002,540,225,166,149,0,0,454,11,1,5,6,63,454,10,0,3,1,0,63
300130011003,617,284,173,160,0,0,512,15,0,2,7,81,512,15,0,3,0,0,81
300130011004,648,215,277,156,0,0,528,26,1,3,13,77,528,26,1,6,2,1,77
300130012011,35,4,24,7,0,0,29,2,0,2,1,1,29,2,0,1,0,0,1
300130012012,156,13,95,48,0,0,118,18,1,2,4,13,118,16,0,1,1,0,13
300130012021,109,8,55,46,0,0,76,11,1,0,3,18,76,11,0,0,0,2,18
300130012022,106,6,60,40,0,0,62,14,3,1,3,23,62,14,0,0,0,3,23
300130016001,328,79,189,60,0,0,275,17,0,2,3,31,275,17,0,1,0,1,31
300130016002,460,103,264,93,0,0,390,20,0,4,5,41,390,20,0,4,2,1,41
300130016003,469,137,250,82,0,0,396,16,0,0,6,51,396,16,0,0,0,2,51
300130016004,421,175,153,93,0,0,345,11,0,1,7,57,345,11,0,5,0,1,57
300130016005,337,97,183,57,0,0,296,3,0,3,2,33,296,3,0,0,0,1,33
300130017001,350,123,172,55,0,0,288,12,0,1,8,41,288,12,0,8,0,0,41
300130017002,548,275,165,108,0,0,454,11,0,2,2,79,454,11,1,0,0,0,79
300130017003,320,120,109,91,0,0,279,6,0,1,3,31,279,6,1,1,0,1,31
300130018001,460,211,163,86,0,0,396,6,1,7,6,44,396,6,0,3,4,2,44
300130018002,456,207,164,85,0,0,384,3,0,2,7,60,384,3,1,0,0,0,60
300130018003,415,185,142,88,0,0,348,6,0,0,9,52,348,6,0,6,0,1,52
300130018004,827,355,293,179,0,0,694,16,8,5,12,92,694,16,6,1,2,3,92
300130019001,935,422,298,215,0,0,790,36,0,4,8,97,790,36,0,3,0,0,97
300130019002,1347,605,400,342,0,0,1104,39,1,8,14,181,1104,38,1,3,0,2,181
300130019003,1713,722,526,465,0,0,1427,48,3,15,23,197,1427,48,1,6,2,3,197
300130021001,1044,497,266,281,0,0,874,14,0,13,15,128,874,14,0,6,6,0,128
300130021002,638,227,210,201,0,0,519,23,6,3,8,79,519,23,0,1,0,2,79
300130021003,870,294,383,193,0,0,717,15,1,9,17,111,717,15,4,4,5,2,111
300130021004,375,55,220,100,0,0,308,10,1,2,3,51,308,10,1,0,0,1,51
300130022011,711,299,259,153,0,0,584,23,0,7,13,84,584,23,2,2,1,2,84
300130022012,1157,567,360,230,0,0,1000,17,0,6,15,119,1000,15,1,1,1,2,119
300130022021,316,61,202,53,0,0,256,11,2,5,5,37,256,11,1,1,1,3,37
300130022022,659,238,288,133,0,0,554,10,2,8,10,75,554,9,1,1,1,0,75
300130022023,701,296,266,139,0,0,583,17,2,0,11,88,583,16,3,2,0,1,88
300130023011,1589,887,165,537,0,0,1297,39,0,18,16,219,1297,39,2,6,8,3,219
300130023012,749,432,125,192,0,0,643,11,0,8,6,81,643,11,0,1,6,0,81
300130023013,1073,617,80,376,0,0,909,20,1,6,5,132,909,19,0,1,2,2,132
300130023021,1718,1068,156,494,0,0,1471,31,0,11,20,185,1471,29,0,8,4,5,185
300130101001,948,469,312,167,0,0,778,34,2,6,12,116,778,34,1,4,2,3,116
300130101002,451,154,213,84,0,0,382,10,1,2,4,52,382,10,2,1,2,1,52
300130101003,665,299,227,139,0,0,568,19,0,4,6,68,568,17,0,1,1,1,68
300130104001,393,172,148,73,0,0,329,11,0,2,3,48,329,11,0,0,0,0,48
300130104002,341,189,92,60,0,0,288,5,0,3,3,42,288,5,0,0,2,1,42
300130104003,484,267,128,89,0,0,416,6,0,3,5,54,416,6,2,2,1,0,54
300130106001,700,358,217,125,0,0,571,10,1,1,18,99,571,10,0,15,1,1,99
300130106002,567,273,217,77,0,0,455,8,0,6,9,89,455,8,0,6,0,1,89
300130106003,463,205,189,69,0,0,370,11,3,2,9,68,370,11,0,2,0,0,68
300130106004,605,344,144,117,0,0,502,13,0,3,3,84,502,13,0,0,0,0,84
300130107001,914,416,351,147,0,0,765,10,0,5,10,124,765,10,2,1,1,0,124
300130107002,747,295,329,123,0,0,628,9,0,2,5,103,628,9,0,2,1,0,103
300130107003,812,338,324,150,0,0,707,2,0,4,6,93,707,2,0,1,1,1,93
300130108001,382,88,199,95,0,0,302,18,0,3,7,52,302,18,2,0,1,1,52
300130108002,566,162,254,150,0,0,468,15,0,7,7,69,468,15,4,0,4,2,69
300130108003,268,20,204,44,0,0,214,9,0,2,4,39,214,9,3,0,0,0,39
300179613001,707,366,196,145,0,0,610,2,1,7,2,85,610,2,1,0,2,0,85
300179613002,732,398,190,144,0,0,591,10,1,12,14,104,591,10,0,1,2,0,104
300179615001,350,142,126,82,0,0,309,12,0,0,1,28,309,12,0,1,0,0,28
300179615002,520,231,219,70,0,0,432,12,1,5,7,63,432,11,0,2,1,0,63
300179616001,408,219,69,120,0,0,325,4,1,1,2,75,325,4,0,0,0,0,75
300179616002,596,270,197,129,0,0,510,14,0,3,9,60,510,14,0,5,0,0,60
300179616003,391,166,143,82,0,0,323,5,0,2,7,54,323,5,2,3,1,0,54
300179618001,479,264,95,120,0,0,402,8,0,2,7,60,402,8,0,0,1,1,60
300179618002,530,246,161,123,0,0,457,5,0,6,6,56,457,5,0,2,0,1,56
300179619001,619,370,106,143,0,0,488,5,0,6,12,108,488,5,1,6,3,0,108
300179619002,662,364,139,159,0,0,561,11,0,9,5,76,561,11,0,2,3,1,76
300179620001,425,150,190,85,0,0,363,11,1,1,4,45,363,11,1,2,0,0,45
300179620002,325,109,152,64,0,0,282,2,0,4,2,35,282,2,0,0,1,0,35
300179620003,350,156,123,71,0,0,289,10,0,7,4,40,289,10,0,1,3,3,40
300470001001,703,296,225,182,0,0,609,13,1,4,4,72,609,13,0,2,3,2,72
300470001002,477,231,147,99,0,0,411,4,1,7,5,49,411,4,0,0,0,0,49
300470002001,715,286,213,216,0,0,609,19,0,4,15,68,609,19,0,2,1,2,68
300470002002,460,196,154,110,0,0,380,9,0,1,3,67,380,9,0,3,1,0,67
300479403041,679,280,213,186,0,0,588,12,0,2,8,69,588,8,0,6,0,1,69
300479403042,835,182,447,206,0,0,673,35,0,3,7,117,673,35,4,0,1,2,117
300479403051,844,337,251,256,0,0,692,19,0,3,7,123,692,19,3,1,0,3,123
300479403052,399,129,167,103,0,0,331,13,1,1,3,50,331,11,1,1,1,1,50
300479403053,1067,387,400,280,0,0,870,35,1,7,13,141,870,35,4,0,0,4,141
300479403061,805,305,287,213,0,0,679,27,0,5,12,82,679,27,2,3,0,5,82
300479403062,1043,394,358,291,0,0,815,26,0,8,12,182,815,24,7,0,3,3,182
300479403071,555,261,134,160,0,0,469,13,6,4,3,60,469,13,1,1,1,1,60
300479403072,564,86,368,110,0,0,443,22,0,10,6,83,443,20,4,1,2,0,83
300479403073,1051,455,290,306,0,0,913,21,2,12,5,98,913,17,4,1,5,0,98
300479404001,631,218,294,119,0,0,523,20,0,7,12,69,523,20,7,0,0,2,69
300479404002,656,146,349,161,0,0,486,26,2,4,15,123,486,26,12,1,1,1,123
300479404003,496,216,147,133,0,0,419,5,1,0,3,68,419,5,0,1,0,0,68
300479405001,809,406,220,183,0,0,677,23,0,6,7,96,677,23,1,0,0,1,96
300479405002,633,130,321,182,0,0,471,32,2,5,15,108,471,32,8,0,0,2,108
300479405003,785,290,288,207,0,0,601,43,0,4,13,124,601,43,10,0,0,0,124
300479405004,841,177,475,189,0,0,649,37,2,3,21,129,649,35,10,1,0,2,129
300479406001,858,289,390,179,0,0,696,18,0,3,21,120,696,18,6,4,0,2,120
300479406002,530,122,282,126,0,0,435,10,1,2,12,70,435,10,9,0,1,0,70
300479406003,480,154,202,124,0,0,411,7,0,2,11,49,411,7,9,0,0,0,49
300479406004,611,192,257,162,0,0,532,6,1,4,4,64,532,5,2,0,1,2,64
300479407001,468,128,188,152,0,0,401,15,0,3,8,41,401,14,7,1,1,0,41
300479407002,842,206,423,213,0,0,669,25,1,1,15,131,669,25,8,3,1,1,131
300750001001,370,194,101,75,0,0,304,4,15,2,2,43,304,4,0,2,0,0,43
300750001002,507,300,133,74,0,0,440,3,0,1,4,59,440,3,0,3,1,0,59
300959664001,1476,924,270,282,0,0,1237,15,1,9,17,197,1237,15,1,5,2,0,197
300959664002,409,202,127,80,0,0,344,3,1,2,2,57,344,3,1,0,0,0,57
300959664003,796,469,172,155,0,0,675,17,0,7,9,88,675,17,0,2,2,1,88
300959665001,655,356,169,130,0,0,543,15,1,5,7,84,543,15,0,1,1,1,84
300959665002,790,452,134,204,0,0,645,17,0,6,1,121,645,17,0,0,4,0,121
300959666001,1593,987,298,308,0,0,1358,24,0,8,13,190,1358,24,0,2,0,4,190
300959666002,521,345,84,92,0,0,452,4,2,3,2,58,452,4,0,0,1,0,58
300650001001,563,370,125,68,0,0,431,12,0,5,3,112,431,12,0,1,0,0,112
300650001002,630,407,118,105,0,0,538,17,0,6,7,62,538,15,0,3,1,0,62
300650001003,788,452,210,126,0,0,653,20,2,8,14,91,653,18,0,6,3,3,91
300650002001,544,272,172,100,0,0,460,7,0,3,8,66,460,7,0,0,0,1,66
300650002002,587,293,188,106,0,0,487,13,0,1,8,78,487,13,0,0,0,2,78
300770001001,670,381,168,121,0,0,595,6,0,0,4,65,595,6,0,1,0,1,65
300770001002,435,281,97,57,0,0,412,2,0,1,0,20,412,2,0,0,0,0,20
300770002001,366,166,125,75,0,0,322,8,0,1,2,33,322,8,0,0,0,0,33
300770002002,504,268,126,110,0,0,431,12,0,1,9,51,431,12,0,4,1,1,51
300770002003,496,267,143,86,0,0,440,6,0,4,3,43,440,4,0,3,3,0,43
300770002004,538,251,204,83,0,0,482,6,0,3,1,46,482,6,0,0,0,0,46
300770002005,589,354,108,127,0,0,530,2,0,2,6,49,530,1,0,1,1,3,49
300770002006,1,1,0,0,0,0,1,0,0,0,0,0,1,0,0,0,0,0,0
300050001001,1015,213,495,307,0,0,796,27,0,10,41,141,796,27,30,4,1,3,141
300050002001,875,314,377,184,0,0,694,21,0,3,9,148,694,21,4,3,1,0,148
300050002002,641,177,307,157,0,0,497,6,0,4,14,120,497,6,3,2,0,4,120
300059401001,434,37,282,115,0,0,292,20,7,7,14,94,292,20,11,3,2,0,94
300059402001,425,49,268,108,0,0,332,13,0,3,19,58,332,13,19,0,0,0,58
300059402002,242,37,141,64,0,0,181,2,0,3,17,39,181,2,17,0,0,0,39
300810001001,1064,567,205,292,0,0,938,16,0,1,2,107,938,16,1,0,0,1,107
300810001002,937,500,196,241,0,0,779,17,0,7,11,123,779,15,0,3,4,0,123
300810001003,1184,636,216,332,0,0,1012,27,0,6,13,126,1012,25,0,8,4,0,126
300810002011,969,526,215,228,0,0,802,19,0,7,10,131,802,19,0,2,1,2,131
300810002012,672,343,200,129,0,0,549,24,0,3,5,91,549,23,0,1,0,1,91
300810002013,540,227,197,116,0,0,472,13,0,2,0,53,472,10,0,0,0,0,53
300810002014,493,297,99,97,0,0,417,8,4,2,5,57,417,8,0,1,2,1,57
300810002031,1754,1050,305,399,0,0,1497,35,0,11,11,200,1497,35,0,2,4,2,200
300810002041,1282,735,262,285,0,0,1108,32,0,10,5,127,1108,32,0,2,5,0,127
300810002042,1267,722,229,316,0,0,1098,17,2,8,0,142,1098,17,0,0,3,0,142
300810002043,1535,882,349,304,0,0,1293,36,2,7,13,184,1293,34,0,3,1,0,184
300810003001,847,431,232,184,0,0,746,18,0,5,7,71,746,17,0,0,0,4,71
300810003002,1347,811,297,239,0,0,1132,32,0,8,23,152,1132,31,0,9,2,2,152
300810004011,1121,652,215,254,0,0,968,33,0,5,18,97,968,33,0,4,0,7,97
300810004012,650,352,122,176,0,0,556,18,0,3,4,69,556,18,0,2,0,0,69
300810004021,913,591,137,185,0,0,795,16,0,6,5,91,795,14,0,2,2,0,91
300810004022,1257,651,397,209,0,0,1092,28,0,6,10,121,1092,27,0,1,0,4,121
300810004023,782,482,145,155,0,0,670,13,0,3,8,88,670,13,0,1,0,2,88
300810004024,1326,861,156,309,0,0,1131,26,0,9,20,140,1131,22,2,4,0,3,140
300810005011,1024,596,205,223,0,0,876,13,0,6,14,115,876,13,0,3,1,8,115
300810005021,1069,584,201,284,0,0,933,17,1,5,5,108,933,15,0,3,1,1,108
300810005022,930,372,294,264,0,0,758,25,0,18,6,123,758,25,0,1,3,2,123
300810005023,1277,511,436,330,0,0,1092,35,3,4,15,128,1092,34,0,4,1,0,128
300810006011,1499,873,213,413,0,0,1273,34,0,4,15,173,1273,30,1,6,0,2,173
300810006021,470,221,134,115,0,0,400,12,0,2,1,55,400,11,0,0,0,0,55
300810006022,489,222,163,104,0,0,414,16,1,2,7,49,414,15,0,5,0,1,49
300810006023,1143,629,228,286,0,0,989,20,0,8,8,118,989,20,0,0,2,2,118
300810006024,996,466,332,198,0,0,824,32,0,12,12,116,824,32,0,4,2,2,116
300810007001,994,604,198,192,0,0,852,13,0,6,8,115,852,13,0,3,0,0,115
300810007002,499,248,189,62,0,0,427,11,0,1,3,57,427,8,0,0,0,1,57
300810008001,375,202,96,77,0,0,311,6,1,2,3,52,311,5,0,0,1,0,52
300810008002,528,281,163,84,0,0,446,9,7,0,6,60,446,9,0,5,0,1,60
301010001001,226,108,87,31,0,0,192,1,0,3,2,28,192,1,0,0,0,2,28
301010001002,414,214,116,84,0,0,333,14,0,0,3,64,333,14,1,0,0,0,64
301010002001,397,201,109,87,0,0,337,12,0,2,6,40,337,12,0,2,0,3,40
301010002002,333,142,136,55,0,0,282,5,0,4,2,40,282,4,0,0,4,2,40
301010002003,367,219,108,40,0,0,312,5,0,1,5,44,312,5,1,0,0,3,44
301010002004,365,202,96,67,0,0,318,11,0,2,4,30,318,11,2,1,1,0,30
301010002005,350,215,73,62,0,0,294,0,0,3,2,51,294,0,2,0,1,0,51
301019800001,0,0,0,0,0,0,0,0,0,0,0,0,0,0,0,0,0,0,0
300670001001,452,218,135,99,0,0,369,15,0,4,12,52,369,15,0,2,0,0,52
300670001002,906,387,304,215,0,0,760,21,0,4,18,103,760,20,0,5,0,2,103
300670002001,753,301,273,179,0,0,647,10,0,3,12,81,647,10,0,3,1,3,81
300670002002,712,303,199,210,0,0,599,9,2,6,2,94,599,9,0,0,2,2,94
300670002003,1613,647,563,403,0,0,1394,25,0,11,16,167,1394,25,0,3,3,3,167
300670002004,707,294,242,171,0,0,592,18,0,6,14,77,592,18,0,6,2,1,77
300670003001,910,345,384,181,0,0,779,20,1,7,9,94,779,19,0,1,0,1,94
300670003002,472,103,252,117,0,0,401,9,0,3,6,53,401,9,0,0,2,0,53
300670003003,776,108,513,155,0,0,647,12,0,3,11,103,647,12,0,5,0,4,103
300670004001,598,191,253,154,0,0,493,13,0,8,9,75,493,13,0,0,1,2,75
300670004002,716,197,339,180,0,0,609,10,0,5,6,86,609,10,0,1,1,0,86
300670004003,836,302,324,210,0,0,686,27,0,6,5,112,686,27,0,2,3,0,112
300670004004,741,180,379,182,0,0,618,25,0,4,5,89,618,24,0,2,1,0,89
300670004005,577,236,163,178,0,0,481,11,0,2,6,77,481,11,2,1,0,0,77
300670004006,601,135,332,134,0,0,501,21,0,1,6,72,501,21,0,0,0,1,72
300670005001,611,162,285,164,0,0,503,11,0,6,6,85,503,11,0,2,2,0,85
300670005002,650,240,226,184,0,0,542,17,0,5,3,83,542,13,0,2,1,1,83
300679806001,1,0,0,1,0,0,0,1,0,0,0,0,0,1,0,0,0,0,0
300690001001,328,178,106,44,0,0,275,3,0,1,3,46,275,3,0,0,1,0,46
300010001001,459,242,112,105,0,0,385,7,0,1,10,56,385,7,0,2,0,1,56
300010001002,439,236,126,77,0,0,380,7,0,2,1,49,380,7,0,0,0,0,49
300010002001,615,340,127,148,0,0,520,15,0,3,6,71,520,14,0,1,1,1,71
300010002002,672,360,151,161,0,0,560,23,0,5,1,83,560,21,0,1,1,0,83
300010002003,663,350,116,197,0,0,575,15,0,5,4,64,575,15,0,2,0,1,64
300010002004,737,423,166,148,0,0,628,11,3,4,4,87,628,11,0,3,0,0,87
300010003001,639,257,234,148,0,0,535,15,0,4,5,80,535,13,0,1,1,2,80
300010003002,605,208,274,123,0,0,528,8,2,1,7,59,528,8,1,1,0,2,59
300010003003,632,244,178,210,0,0,532,15,0,1,4,80,532,15,1,3,0,0,80
300010003004,751,331,180,240,0,0,613,18,0,5,3,112,613,18,0,1,1,0,112
300830701001,977,521,287,169,0,0,791,29,4,3,4,146,791,29,0,1,0,1,146
300830702001,653,363,162,128,0,0,530,14,0,3,7,99,530,14,0,6,1,0,99
300830703011,940,541,226,173,0,0,794,25,0,7,5,109,794,25,0,0,2,0,109
300830703012,1068,562,281,225,0,0,882,38,0,6,10,132,882,38,2,2,1,2,132
300830703021,794,407,249,138,0,0,682,16,0,4,7,85,682,16,2,1,2,1,85
300830703022,125,71,24,30,0,0,106,2,1,1,3,12,106,2,1,2,0,0,12
300830704001,630,449,84,97,0,0,504,16,0,6,8,96,504,16,0,3,1,4,96
300830704002,485,237,150,98,0,0,376,31,0,0,0,78,376,31,0,0,0,0,78
300830704003,711,434,180,97,0,0,572,17,1,7,13,101,572,17,3,7,0,0,101
