BlockGroupID,total_reg,party_dem,party_npp,party_rep,party_oth,party_unk,eth1_eur,eth1_hisp,eth1_aa,eth1_esa,eth1_oth,eth1_unk,eth2_euro,eth2_64,eth2_93,eth2_66,eth2_10,eth2_30,eth2_35,eth2_34,eth2_23,eth2_21,eth2_14,eth2_unk
440070001011,698,444,213,41,0,0,265,253,94,9,9,68,265,240,94,13,5,4,3,1,1,1,2,68
440070001012,447,293,140,14,0,0,121,204,61,9,8,44,121,181,61,23,4,1,2,0,2,3,0,44
440070001013,752,477,239,36,0,0,227,344,89,21,6,65,227,324,88,20,3,3,2,1,1,1,1,65
440070001014,773,518,209,46,0,0,159,434,84,20,6,70,159,416,84,18,3,5,0,1,6,2,1,70
440070001021,745,481,230,34,0,0,169,420,64,27,7,58,169,414,64,6,8,3,0,0,5,2,4,58
440070001022,869,623,213,33,0,0,211,455,139,15,8,41,211,443,139,12,6,2,0,0,2,1,5,41
440070001023,1091,763,288,40,0,0,187,589,199,33,13,70,187,579,199,10,11,0,1,8,3,6,1,70
440070001024,986,658,281,47,0,0,287,449,61,98,16,75,287,446,60,3,29,4,2,7,4,7,5,75
440070002001,943,613,278,52,0,0,237,537,66,19,10,74,237,526,66,11,6,3,0,6,4,2,1,74
440070002002,689,454,208,27,0,0,164,330,115,24,11,45,164,324,115,6,9,5,2,2,3,3,2,45
440070002003,702,477,207,18,0,0,124,447,58,24,8,41,124,439,58,8,11,5,0,3,5,3,1,41
440070002004,735,483,222,30,0,0,111,467,56,67,5,29,111,465,56,2,38,2,0,0,1,5,2,29
440070002005,1084,740,288,56,0,0,174,703,103,54,7,43,174,697,102,6,24,4,1,2,3,7,2,43
440070003011,877,560,282,35,0,0,193,415,123,59,7,80,193,406,123,9,11,2,0,5,10,11,2,80
440070003012,583,360,191,32,0,0,91,416,50,3,1,22,91,416,50,0,2,1,0,0,0,0,0,22
440070003021,466,284,156,26,0,0,101,232,84,11,4,34,101,225,84,7,4,3,0,0,1,0,1,34
440070003022,777,490,248,39,0,0,172,435,94,26,9,41,172,421,92,14,13,3,0,2,2,2,2,41
440070003023,558,340,187,31,0,0,168,221,76,45,5,43,168,215,76,6,21,2,0,3,2,4,3,43
440070003024,1053,648,356,49,0,0,213,626,92,22,21,79,213,622,92,4,7,16,0,2,1,1,0,79
440070004001,669,432,215,22,0,0,102,264,248,25,1,29,102,260,248,4,12,1,0,0,3,2,2,29
440070004002,536,321,188,27,0,0,94,337,62,11,8,24,94,335,62,2,7,5,0,1,3,0,0,24
440070004003,486,311,150,25,0,0,75,334,40,22,1,14,75,333,40,1,9,1,0,0,3,5,0,14
440070004004,697,425,244,28,0,0,113,469,69,8,6,32,113,466,69,3,5,4,0,0,1,0,0,32
440070005001,856,571,256,29,0,0,126,421,246,19,8,36,126,414,245,7,10,2,0,3,0,2,1,36
440070005002,450,307,123,20,0,0,75,300,38,10,5,22,75,297,38,3,3,1,1,2,0,2,0,22
440070005003,751,505,222,24,0,0,72,501,137,2,11,28,72,495,137,6,0,8,0,1,0,0,0,28
440070006001,357,216,117,24,0,0,188,70,32,14,9,44,188,68,32,2,6,1,3,4,3,0,4,44
440070006002,866,557,266,43,0,0,129,481,192,17,8,39,129,477,192,4,8,3,0,2,0,1,1,39
440070007001,408,285,115,8,0,0,66,222,106,4,3,7,66,219,106,3,3,2,1,0,0,0,0,7
440070007002,962,585,336,41,0,0,210,301,360,17,10,64,210,297,359,4,4,5,1,0,2,5,2,64
440070007003,871,469,348,54,0,0,335,271,159,19,22,65,335,264,159,7,6,12,1,2,2,4,3,65
440070008001,1175,588,463,124,0,0,714,87,21,101,53,199,714,84,21,3,42,29,2,10,29,5,16,199
440070008002,959,631,271,57,0,0,347,405,115,13,14,65,347,399,115,6,10,12,0,2,2,0,0,65
440070008003,1469,728,586,155,0,0,964,137,27,70,39,232,964,135,26,2,30,15,3,10,16,3,12,232
440070009001,1146,669,385,92,0,0,638,234,107,25,30,112,638,229,105,5,9,12,5,7,6,2,4,112
440070009002,751,435,276,40,0,0,461,145,26,17,16,86,461,143,26,2,10,8,0,3,4,1,1,86
440070010001,978,647,298,33,0,0,524,235,60,14,23,122,524,228,60,7,2,13,2,8,1,4,3,122
440070010002,809,503,271,35,0,0,324,291,73,21,22,78,324,286,73,5,9,14,1,4,3,0,3,78
440070011001,854,531,282,41,0,0,557,130,27,21,17,102,557,124,27,6,10,6,2,5,7,0,2,102
440070011002,587,342,208,37,0,0,352,99,43,13,22,58,352,97,43,2,3,9,0,6,7,0,1,58
440070011003,653,439,188,26,0,0,410,110,33,15,11,74,410,105,33,5,7,4,2,2,2,0,4,74
440070012001,743,528,183,32,0,0,151,461,85,0,8,38,151,459,85,2,0,2,0,3,0,0,0,38
440070012002,631,426,170,35,0,0,260,210,56,31,9,65,260,207,56,3,11,7,0,0,8,3,1,65
440070012003,667,409,235,23,0,0,194,278,108,32,9,46,194,275,108,3,9,4,0,0,3,9,5,46
440070013001,672,457,197,18,0,0,396,125,41,16,10,84,396,122,41,3,10,3,0,5,0,1,2,84
440070013002,698,453,221,24,0,0,371,191,21,26,15,74,371,189,21,2,13,5,0,6,2,1,1,74
440070013003,505,293,178,34,0,0,117,229,22,80,4,53,117,222,22,7,29,0,0,2,2,14,2,53
440070013004,618,398,181,39,0,0,230,247,58,32,6,45,230,247,58,0,7,2,1,1,1,3,11,45
440070014001,599,369,203,27,0,0,140,337,54,27,6,35,140,331,54,6,11,3,0,1,2,1,5,35
440070014002,744,440,261,43,0,0,121,447,52,74,4,46,121,446,52,1,35,0,1,1,2,5,6,46
440070014003,386,219,141,26,0,0,68,222,12,47,5,32,68,219,12,3,24,4,0,0,3,4,3,32
440070014004,997,634,313,50,0,0,200,565,118,55,7,52,200,561,118,4,11,5,0,0,4,7,8,52
440070014005,618,359,214,45,0,0,117,324,53,72,9,43,117,324,53,0,20,4,2,2,1,6,7,43
440070015001,697,450,200,47,0,0,198,297,40,102,13,47,198,292,40,5,28,5,2,1,4,13,14,47
440070015002,706,474,208,24,0,0,191,335,54,59,22,45,191,326,54,9,22,8,6,1,3,7,2,45
440070015003,592,363,192,37,0,0,205,251,56,28,14,38,205,244,56,7,13,6,6,0,2,4,1,38
440070016011,346,192,131,23,0,0,82,208,22,3,8,23,82,207,22,1,0,3,0,1,0,1,1,23
440070016012,707,430,246,31,0,0,182,403,42,22,11,47,182,401,42,2,9,6,3,1,0,4,1,47
440070016013,458,258,171,29,0,0,111,280,22,13,2,30,111,280,22,0,6,2,0,0,0,1,1,30
440070016021,584,333,213,38,0,0,110,375,45,26,2,26,110,373,45,2,11,1,1,0,1,3,0,26
440070016022,488,313,149,26,0,0,97,279,42,25,4,41,97,279,42,0,7,1,0,2,2,4,2,41
440070016023,674,417,225,32,0,0,161,427,33,10,9,34,161,426,33,1,2,6,0,3,3,0,0,34
440070016024,692,444,213,35,0,0,168,426,20,25,12,41,168,424,20,2,5,7,1,1,3,5,3,41
440070017001,484,286,174,24,0,0,128,266,33,12,10,35,128,264,33,2,3,8,0,0,1,2,0,35
440070017002,647,368,236,43,0,0,218,348,9,14,11,47,218,341,9,7,2,9,0,2,0,0,0,47
440070017003,934,584,293,57,0,0,249,523,42,19,17,84,249,512,42,11,3,4,1,5,4,3,2,84
440070018001,633,411,183,39,0,0,219,320,23,19,9,43,219,313,23,7,2,5,1,0,6,2,4,43
440070018002,852,554,270,28,0,0,134,543,95,18,6,56,134,539,95,4,6,4,0,1,2,2,0,56
440070018003,312,163,133,16,0,0,53,212,18,6,3,20,53,212,18,0,2,2,0,1,0,0,0,20
440070018004,556,324,199,33,0,0,124,346,19,14,10,43,124,343,19,3,5,7,0,2,0,1,0,43
440070018005,658,389,223,46,0,0,204,327,17,36,19,55,204,323,17,4,10,8,0,2,2,6,0,55
440070018006,762,442,263,57,0,0,318,301,50,22,9,62,318,294,50,7,6,5,2,0,3,2,0,62
440070019001,374,215,136,23,0,0,146,170,10,8,7,33,146,170,10,0,1,2,0,0,0,0,0,33
440070019002,576,305,234,37,0,0,173,285,50,10,12,46,173,284,50,1,1,5,0,6,2,0,2,46
440070019003,721,389,291,41,0,0,233,364,30,23,5,66,233,363,30,1,7,3,0,0,1,4,1,66
440070019004,404,197,182,25,0,0,130,192,36,15,3,28,130,186,36,6,4,2,0,1,0,1,1,28
440070019005,575,317,230,28,0,0,147,345,38,11,6,28,147,342,37,3,3,3,0,3,2,0,0,28
440070019006,715,407,263,45,0,0,240,297,73,30,15,60,240,294,73,3,7,6,2,4,5,10,2,60
440070020001,1522,926,503,93,0,0,392,799,161,37,17,116,392,789,161,10,5,10,4,1,3,4,2,116
440070020002,1810,1080,630,100,0,0,750,693,158,44,39,126,750,681,157,12,8,18,7,9,8,2,6,126
440070021011,466,323,127,16,0,0,176,217,40,4,5,24,176,213,38,4,1,3,1,0,2,0,0,24
440070021012,657,430,192,35,0,0,336,138,75,24,20,64,336,136,75,2,8,6,9,0,3,2,1,64
440070021013,644,396,209,39,0,0,241,278,57,6,13,49,241,274,57,4,3,7,1,3,2,0,1,49
440070021021,550,327,186,37,0,0,222,223,50,10,9,36,222,219,50,4,1,7,0,1,1,1,1,36
440070021022,514,324,160,30,0,0,114,303,32,18,5,42,114,299,32,4,8,2,1,1,0,0,0,42
440070021023,1091,639,374,78,0,0,296,575,104,20,10,86,296,572,104,3,2,6,0,3,0,2,4,86
440070021024,886,552,292,42,0,0,247,405,137,28,14,55,247,399,137,6,4,6,1,6,2,0,3,55
440070021025,467,280,162,25,0,0,173,187,52,18,4,33,173,182,52,5,4,4,0,0,0,2,0,33
440070022001,672,390,248,34,0,0,191,343,72,10,8,48,191,337,72,6,3,2,1,1,0,1,2,48
440070022002,428,236,165,27,0,0,94,238,37,23,4,32,94,237,37,1,5,0,1,0,4,0,3,32
440070022003,668,404,232,32,0,0,157,340,85,20,5,61,157,338,85,2,3,3,0,1,1,1,0,61
440070022004,625,365,228,32,0,0,185,305,68,10,5,52,185,302,68,3,2,2,0,2,0,4,0,52
440070023001,805,340,353,112,0,0,500,146,38,11,21,89,500,144,38,2,3,6,7,3,2,2,3,89
440070023002,845,455,321,69,0,0,492,195,48,12,18,80,492,190,47,5,2,5,7,3,5,2,0,80
440070023003,486,285,171,30,0,0,193,165,65,9,18,36,193,163,65,2,1,10,5,2,3,2,1,36
440070023004,494,327,136,31,0,0,357,59,15,6,12,45,357,55,14,4,2,3,6,2,0,0,2,45
440070023005,519,305,161,53,0,0,370,62,8,11,24,44,370,59,8,3,5,7,12,1,0,0,0,44
440070023006,554,352,166,36,0,0,379,85,20,11,17,42,379,78,20,7,4,8,2,5,1,1,3,42
440070024001,1000,293,446,261,0,0,773,54,13,17,21,122,773,53,13,1,9,6,4,5,1,3,2,122
440070024002,920,544,294,82,0,0,573,195,34,15,16,87,573,188,34,7,5,7,2,3,1,1,2,87
440070024003,3,2,1,0,0,0,2,1,0,0,0,0,2,0,0,1,0,0,0,0,0,0,0,0
440070024004,1261,764,389,108,0,0,809,248,36,13,31,124,809,234,35,14,5,9,12,6,5,0,2,124
440070024005,947,567,306,74,0,0,537,214,47,32,12,105,537,201,45,13,14,8,2,0,6,5,2,105
440070024006,909,575,284,50,0,0,627,137,32,19,23,71,627,125,32,12,10,11,7,4,3,3,0,71
440070025001,864,483,337,44,0,0,285,340,63,36,22,118,285,330,63,10,13,11,6,3,2,1,0,118
440070025002,751,419,271,61,0,0,415,154,21,49,22,90,415,147,21,7,6,11,2,0,9,5,2,90
440070025003,556,305,195,56,0,0,357,50,8,30,31,80,357,49,8,1,12,16,2,8,8,1,2,80
440070026001,884,549,284,51,0,0,218,389,154,35,13,75,218,381,154,8,15,5,2,1,1,5,2,75
440070026002,498,293,176,29,0,0,184,163,79,13,18,41,184,159,79,4,6,10,6,1,0,0,0,41
440070026003,812,437,324,51,0,0,262,287,131,30,14,88,262,284,130,3,8,8,1,3,1,5,1,88
440070027001,670,387,245,38,0,0,211,254,125,12,15,53,211,247,125,7,2,6,4,3,3,1,0,53
440070027002,653,394,237,22,0,0,190,269,108,27,6,53,190,263,108,6,4,2,1,1,2,5,8,53
440070027003,956,523,389,44,0,0,162,610,109,18,15,42,162,598,108,12,2,5,5,1,3,3,1,42
440070027004,470,251,172,47,0,0,210,154,51,3,8,44,210,150,51,4,2,2,3,1,0,0,0,44
440070028011,1304,780,448,76,0,0,434,450,272,27,31,90,434,431,272,19,8,13,7,2,4,4,0,90
440070028012,911,523,329,59,0,0,341,331,103,15,13,108,341,329,103,2,3,4,0,1,1,2,3,108
440070028021,1144,660,409,75,0,0,508,380,112,20,26,98,508,368,111,12,3,11,4,4,3,0,1,98
440070028022,779,484,251,44,0,0,224,272,193,23,8,59,224,269,193,3,5,5,0,2,3,2,4,59
440070029001,946,576,289,81,0,0,452,273,70,24,20,107,452,256,70,17,6,11,1,2,6,2,3,107
440070029002,677,426,210,41,0,0,280,224,90,14,8,61,280,213,89,11,5,5,2,0,2,1,2,61
440070029003,1110,659,391,60,0,0,388,441,149,15,28,89,388,421,149,20,1,10,2,9,2,2,2,89
440070029004,846,494,298,54,0,0,360,292,88,19,13,74,360,283,88,9,7,5,0,5,4,2,4,74
440070029005,1516,901,527,88,0,0,682,470,171,25,38,130,682,443,170,27,7,14,5,9,5,0,1,130
440070031001,780,547,199,34,0,0,438,83,86,29,14,130,438,70,86,13,16,3,1,4,5,2,5,130
440070031002,603,373,210,20,0,0,239,134,153,19,10,48,239,118,153,16,4,7,1,1,8,3,2,48
440070031003,512,311,153,48,0,0,241,135,65,10,13,48,241,131,65,4,6,6,0,5,0,1,3,48
440070031004,1217,745,409,63,0,0,670,143,134,50,56,164,670,134,134,9,12,22,2,25,19,1,9,164
440070032001,540,320,181,39,0,0,361,25,1,17,22,114,361,24,1,1,10,7,1,9,2,0,3,114
440070032002,651,469,160,22,0,0,437,64,25,15,12,98,437,56,25,8,2,4,2,5,5,1,4,98
440070032003,598,397,169,32,0,0,367,59,37,17,26,92,367,57,37,2,8,10,0,10,4,3,0,92
440070032004,773,500,250,23,0,0,325,160,170,16,22,80,325,135,170,25,2,13,1,2,8,3,1,80
440070033001,1086,705,327,54,0,0,736,72,15,31,59,173,736,61,15,11,6,8,6,34,13,4,5,173
440070033002,754,523,189,42,0,0,528,20,9,27,49,121,528,17,8,3,7,6,8,28,11,0,6,121
440070033003,995,711,231,53,0,0,646,77,51,33,45,143,646,65,51,12,14,8,4,24,10,1,4,143
440070033004,459,258,165,36,0,0,265,65,36,13,25,55,265,60,36,5,6,5,2,12,7,0,0,55
440070034001,967,572,330,65,0,0,617,28,2,40,46,234,617,27,2,1,20,15,1,19,12,1,4,234
440070034002,1058,611,366,81,0,0,688,37,2,38,53,240,688,35,2,2,15,18,8,20,19,1,1,240
440070034003,744,483,222,39,0,0,519,23,1,27,28,146,519,20,1,3,10,4,7,5,11,0,2,146
440070034004,1714,1145,493,76,0,0,1204,101,11,56,58,284,1204,95,9,6,23,21,11,15,16,4,7,284
440070035001,744,493,203,48,0,0,562,31,2,26,30,93,562,30,2,1,19,12,4,9,4,1,0,93
440070035002,1016,651,315,50,0,0,663,94,12,48,28,171,663,85,12,9,20,11,2,9,14,3,5,171
440070035003,622,357,222,43,0,0,422,31,7,33,33,96,422,28,7,3,19,12,10,7,4,0,6,96
440070035004,1110,715,338,57,0,0,800,56,2,53,30,169,800,52,2,4,25,13,6,5,11,4,8,169
440070036011,1694,1061,559,74,0,0,853,181,14,255,80,311,853,180,13,1,111,42,10,9,59,16,43,311
440070036012,424,279,133,12,0,0,294,18,8,28,13,63,294,18,8,0,11,5,0,3,9,1,3,63
440070036013,506,293,184,29,0,0,359,23,4,40,16,64,359,21,4,2,20,6,6,2,7,1,8,64
440070036021,595,336,228,31,0,0,348,33,8,71,29,106,348,31,8,2,38,12,2,7,12,5,11,106
440070036022,789,496,248,45,0,0,586,15,4,34,30,120,586,12,4,3,15,8,2,13,6,1,5,120
440070036023,1689,951,648,90,0,0,986,100,10,245,66,282,986,97,10,3,120,30,4,17,37,15,44,282
440070037001,628,405,194,29,0,0,403,94,2,22,21,86,403,79,2,15,12,12,3,3,6,2,2,86
440070037002,735,443,253,39,0,0,435,90,16,42,28,124,435,71,16,19,21,10,5,9,11,4,3,124
440070037003,795,557,217,21,0,0,509,65,20,36,21,144,509,56,20,9,16,8,1,6,9,1,8,144
440070037004,484,331,132,21,0,0,343,33,0,26,20,62,343,32,0,1,13,5,4,8,7,1,4,62
440070101011,544,234,245,65,0,0,349,92,8,6,16,73,349,68,8,24,1,6,7,0,3,0,2,73
440070101012,593,279,239,75,0,0,468,61,2,8,5,49,468,46,2,15,8,4,0,1,0,0,0,49
440070101013,972,471,398,103,0,0,690,131,30,6,17,98,690,95,30,36,2,4,7,5,3,0,0,98
440070101014,841,372,370,99,0,0,513,163,9,16,10,130,513,120,9,43,5,2,6,0,6,3,0,130
440070101021,579,267,239,73,0,0,372,123,9,6,10,59,372,94,9,29,1,5,4,0,5,0,0,59
440070101022,639,313,254,72,0,0,467,65,2,3,21,81,467,44,2,21,0,10,1,7,1,0,1,81
440070101023,886,434,351,101,0,0,676,59,3,12,19,117,676,41,3,18,0,10,3,4,7,0,4,117
440070101024,776,412,266,98,0,0,603,71,8,10,16,68,603,53,7,18,1,6,2,5,4,0,2,68
440070102001,525,242,231,52,0,0,299,133,10,5,11,67,299,84,10,49,2,10,0,0,0,0,2,67
440070102002,506,255,199,52,0,0,262,142,22,8,8,64,262,106,22,36,3,5,0,2,2,2,1,64
440070102003,574,264,237,73,0,0,242,193,6,7,11,115,242,142,6,51,4,8,3,0,1,0,0,115
440070102004,526,291,185,50,0,0,237,150,19,5,8,107,237,108,19,42,4,5,2,0,0,0,0,107
440070102005,907,466,363,78,0,0,413,274,37,15,19,149,413,193,37,81,3,10,2,3,4,1,2,149
440070102006,1119,585,446,88,0,0,523,356,43,6,12,179,523,255,43,101,3,10,0,2,0,3,0,179
440070103001,1328,697,498,133,0,0,737,314,65,12,20,180,737,206,65,108,6,12,4,3,2,1,0,180
440070103002,866,485,305,76,0,0,395,287,23,8,18,135,395,183,23,104,3,15,3,0,4,0,0,135
440070103003,857,460,318,79,0,0,354,262,96,8,10,127,354,195,94,67,4,4,4,2,3,1,0,127
440070104001,462,242,175,45,0,0,188,168,9,3,9,85,188,120,9,48,3,6,0,3,0,0,0,85
440070104002,1132,631,408,93,0,0,467,356,90,25,31,163,467,250,89,106,14,17,1,1,4,1,2,163
440070104003,1253,651,452,150,0,0,636,349,27,18,29,194,636,244,27,105,9,14,4,6,8,0,0,194
440070104004,843,434,341,68,0,0,399,262,16,6,11,149,399,189,15,73,2,4,4,2,1,1,1,149
440070104005,466,263,160,43,0,0,192,159,16,4,2,93,192,114,16,45,4,1,1,0,0,0,0,93
440070105011,1076,526,442,108,0,0,509,328,53,10,23,153,509,257,53,71,2,13,2,3,1,2,1,153
440070105012,1038,522,430,86,0,0,546,291,23,5,16,157,546,186,23,105,3,9,3,2,0,0,0,157
440070105013,1063,502,440,121,0,0,672,210,13,9,18,141,672,118,13,92,4,4,11,1,1,1,0,141
440070105021,941,478,360,103,0,0,598,165,34,15,23,106,598,96,34,69,4,8,11,0,5,1,0,106
440070105022,535,276,206,53,0,0,313,135,10,10,5,62,313,84,10,51,4,5,0,0,5,0,1,62
440070105023,1368,616,570,182,0,0,890,241,30,17,22,168,890,164,30,77,6,8,2,6,5,1,1,168
440070105024,579,293,226,60,0,0,408,63,18,6,10,74,408,50,18,13,1,5,0,4,3,0,1,74
440070106001,905,465,331,109,0,0,699,79,3,5,12,107,699,59,3,20,0,1,3,4,2,2,0,107
440070106002,1459,687,611,161,0,0,1059,192,27,11,18,152,1059,116,27,76,3,4,7,5,6,0,1,152
440070106003,394,190,171,33,0,0,270,68,3,1,4,48,270,51,3,17,1,3,1,0,0,0,0,48
440070106004,704,335,300,69,0,0,493,84,6,16,22,83,493,55,6,29,8,11,7,3,3,1,3,83
440070106005,547,244,233,70,0,0,378,88,5,4,4,68,378,61,5,27,2,0,2,2,1,0,0,68
440070106006,736,346,307,83,0,0,472,114,51,4,6,89,472,85,51,29,1,3,0,1,2,0,0,89
440070107011,1370,594,583,193,0,0,975,209,6,11,10,159,975,130,6,79,5,4,2,4,0,4,1,159
440070107012,464,206,204,54,0,0,342,62,0,2,5,53,342,45,0,17,1,2,2,1,0,0,0,53
440070107021,573,235,280,58,0,0,383,112,4,6,3,65,383,70,4,42,1,0,0,3,1,0,1,65
440070107022,625,247,302,76,0,0,472,81,0,2,1,69,472,58,0,23,1,1,0,0,1,0,0,69
440070107023,970,399,445,126,0,0,764,99,11,2,9,85,764,78,11,21,2,5,2,0,0,0,0,85
440070107024,1210,520,533,157,0,0,881,140,2,10,17,160,881,93,2,47,4,0,0,12,3,0,2,160
440070108001,788,418,295,75,0,0,310,324,32,14,11,97,310,315,32,9,10,6,0,2,0,1,0,97
440070108002,1269,759,451,59,0,0,260,829,37,6,23,114,260,804,37,25,3,8,2,9,2,0,1,114
440070108003,538,296,193,49,0,0,174,273,14,4,12,61,174,268,14,5,0,7,3,1,1,1,1,61
440070109001,420,239,149,32,0,0,125,237,5,4,3,46,125,221,5,16,2,2,0,1,0,0,0,46
440070109002,695,409,235,51,0,0,203,391,8,8,5,80,203,361,8,30,0,2,0,3,1,1,0,80
440070109003,480,241,210,29,0,0,124,286,13,0,4,53,124,274,13,12,0,2,0,1,0,0,0,53
440070109004,366,199,150,17,0,0,72,257,4,2,4,27,72,248,4,9,0,1,0,2,0,1,0,27
440070110001,547,318,193,36,0,0,178,286,19,2,7,55,178,270,19,16,1,6,1,0,0,0,0,55
440070110002,1147,680,414,53,0,0,270,735,18,12,16,96,270,709,18,26,1,8,0,6,1,0,3,96
440070110003,933,533,371,29,0,0,179,619,36,6,13,80,179,608,35,11,4,6,1,1,2,0,0,80
440070111001,667,389,234,44,0,0,165,417,16,3,8,58,165,402,16,15,1,7,0,1,0,0,1,58
440070111002,1293,745,464,84,0,0,229,876,47,5,15,121,229,837,46,39,1,6,3,4,1,2,0,121
440070112001,737,324,311,102,0,0,490,149,4,10,6,78,490,111,3,38,2,1,1,1,1,4,1,78
440070112002,1118,552,458,108,0,0,606,345,8,18,13,128,606,261,8,84,15,7,2,1,1,2,0,128
440070112003,440,234,176,30,0,0,175,202,9,6,4,44,175,162,9,40,3,1,1,1,0,2,1,44
440070112004,620,312,256,52,0,0,344,174,12,4,6,80,344,142,12,32,1,4,0,0,2,0,0,80
440070112005,710,331,293,86,0,0,433,189,3,2,17,66,433,167,3,22,0,11,0,4,1,0,0,66
440070113011,1146,549,435,162,0,0,741,216,4,6,36,143,741,142,4,74,2,11,10,3,1,0,1,143
440070113012,1118,484,501,133,0,0,782,167,24,17,20,108,782,149,24,18,4,4,4,5,7,1,2,108
440070113013,1210,486,557,167,0,0,909,143,6,4,24,124,909,108,6,35,0,10,0,8,0,0,0,124
440070113021,937,410,424,103,0,0,682,121,1,13,16,104,682,75,1,46,6,3,0,7,4,1,0,104
440070113022,1223,547,506,170,0,0,815,232,0,10,17,149,815,150,0,82,5,6,1,4,3,1,0,149
440070113023,1058,400,513,145,0,0,767,121,1,18,27,124,767,96,1,25,3,16,4,3,6,2,0,124
440070114021,1400,519,640,241,0,0,1107,76,3,22,31,161,1107,52,3,24,11,11,4,6,2,2,2,161
440070114022,2080,750,959,371,0,0,1681,121,2,23,44,209,1681,89,2,32,6,19,9,7,9,5,0,209
440070114031,608,218,296,94,0,0,481,50,0,16,13,48,481,40,0,10,13,5,0,8,0,1,0,48
440070114032,1230,481,572,177,0,0,998,69,2,16,20,125,998,50,2,19,4,11,1,2,5,3,2,125
440070114033,1596,639,742,215,0,0,1272,114,2,16,40,152,1272,84,2,30,7,15,10,4,6,1,1,152
440070114034,935,370,410,155,0,0,696,85,7,13,28,106,696,73,7,12,3,13,4,5,3,5,1,106
440070114035,899,351,407,141,0,0,639,118,11,19,17,95,639,94,11,24,5,6,8,2,9,2,1,95
440070114041,1290,459,613,218,0,0,1057,67,3,18,19,126,1057,48,3,19,0,12,0,2,7,4,2,126
440070114042,1457,557,676,224,0,0,1126,113,0,22,46,150,1126,83,0,30,6,13,7,6,12,0,2,150
440070114043,885,392,363,130,0,0,673,98,3,26,23,62,673,81,3,17,9,8,7,5,11,2,1,62
440070114051,610,238,258,114,0,0,446,64,1,13,12,74,446,49,1,15,2,6,2,3,8,2,0,74
440070114052,969,351,450,168,0,0,768,109,1,4,23,64,768,79,1,30,4,10,5,7,0,0,0,64
440070114053,765,282,346,137,0,0,607,51,0,12,13,82,607,35,0,16,4,4,0,7,6,1,0,82
440070114054,1032,430,455,147,0,0,784,104,0,8,31,105,784,79,0,25,3,10,3,14,2,0,2,105
440070115001,1597,550,767,280,0,0,1220,101,3,66,64,143,1220,83,3,18,22,33,6,9,31,1,9,143
440070115002,804,299,386,119,0,0,593,72,8,10,25,96,593,64,8,8,3,10,4,9,6,0,0,96
440070115003,1572,534,799,239,0,0,1189,90,7,45,75,166,1189,77,7,13,17,29,11,9,18,3,1,166
440070115004,791,258,427,106,0,0,597,80,12,3,13,86,597,73,12,7,0,8,1,2,0,1,1,86
440070116001,809,290,397,122,0,0,569,71,6,30,36,97,569,53,6,18,9,23,3,2,17,0,2,97
440070116002,1342,441,642,259,0,0,954,89,13,59,113,114,954,67,13,22,21,69,18,13,21,5,4,114
440070116003,844,270,426,148,0,0,590,85,3,33,28,105,590,67,3,18,16,23,1,4,8,1,0,105
440070116004,906,285,457,164,0,0,682,81,0,15,37,91,682,63,0,18,4,17,8,4,10,1,0,91
440070116005,1543,509,744,290,0,0,1134,97,8,59,81,164,1134,63,8,34,15,50,8,7,30,3,5,164
440070117011,1616,567,810,239,0,0,1240,165,9,19,47,136,1240,127,9,38,3,20,10,12,2,9,3,136
440070117012,1273,466,623,184,0,0,922,158,13,29,39,112,922,133,13,25,11,18,7,9,1,4,6,112
440070117013,861,286,441,134,0,0,666,92,0,26,17,60,666,75,0,17,9,13,1,0,12,1,4,60
440070117021,927,346,466,115,0,0,636,142,4,8,22,115,636,119,4,23,4,17,0,3,2,0,2,115
440070117022,1143,398,562,183,0,0,786,174,4,29,38,112,786,141,4,33,13,10,10,17,7,5,4,112
440070117023,1426,480,677,269,0,0,1104,135,2,23,27,135,1104,111,2,24,13,13,10,1,1,0,6,135
440070118001,1545,904,536,105,0,0,891,370,65,17,35,167,891,323,64,47,8,18,6,6,1,4,0,167
440070118002,1030,576,348,106,0,0,572,236,51,16,19,136,572,205,51,31,4,9,3,5,3,0,1,136
440070118003,626,343,218,65,0,0,340,139,48,16,12,71,340,129,48,10,1,6,2,1,8,3,0,71
440070118004,1740,927,647,166,0,0,1143,311,32,46,54,154,1143,253,32,58,18,21,8,5,14,8,4,154
440070119011,1526,843,545,138,0,0,947,305,40,34,44,156,947,272,40,33,10,20,16,3,10,5,5,156
440070119012,954,503,360,91,0,0,639,136,23,11,47,98,639,125,23,11,6,14,23,3,0,0,1,98
440070119021,1760,944,622,194,0,0,1275,201,24,34,86,140,1275,164,24,37,17,21,44,5,5,4,4,140
440070119022,993,532,360,101,0,0,758,84,5,7,41,98,758,74,4,10,2,7,23,4,1,4,0,98
440070119023,1384,764,474,146,0,0,966,167,15,33,59,144,966,145,15,22,16,21,23,7,7,1,3,144
440070120001,1050,573,381,96,0,0,754,128,25,6,36,101,754,107,24,21,1,14,12,3,1,0,0,101
440070120002,1347,686,503,158,0,0,937,182,31,17,60,120,937,171,31,11,5,24,18,9,7,1,0,120
440070120003,677,372,254,51,0,0,511,68,8,16,15,59,511,64,8,4,7,2,9,1,0,6,1,59
440070120004,773,391,298,84,0,0,541,112,9,5,19,87,541,100,9,12,0,4,7,6,3,1,0,87
440070120005,965,548,324,93,0,0,710,116,15,13,20,91,710,107,15,9,5,5,9,0,3,3,1,91
440070121021,1359,728,491,140,0,0,918,226,33,17,39,126,918,205,33,21,3,23,7,5,4,4,2,126
440070121022,927,471,354,102,0,0,563,193,42,10,23,96,563,178,42,15,5,8,5,8,0,1,0,96
440070121023,1021,551,373,97,0,0,712,145,12,15,35,102,712,130,12,15,4,14,11,3,4,0,2,102
440070121031,1166,636,396,134,0,0,830,134,28,15,38,121,830,114,27,20,2,13,12,8,3,5,1,121
440070121032,693,371,248,74,0,0,479,103,5,11,42,53,479,87,5,16,5,12,17,5,4,1,0,53
440070121041,868,449,338,81,0,0,590,138,13,14,28,85,590,128,12,10,4,17,1,5,3,4,0,85
440070121042,986,454,429,103,0,0,663,161,20,19,30,93,663,140,20,21,5,17,6,2,3,7,1,93
440070121043,1332,712,469,151,0,0,921,195,23,17,47,129,921,175,22,20,6,19,9,12,6,2,1,129
440070122001,1048,449,424,175,0,0,810,113,10,17,23,75,810,109,10,4,4,11,7,3,5,3,2,75
440070122002,1932,808,811,313,0,0,1496,156,10,32,42,196,1496,123,10,33,13,16,10,8,9,1,3,196
440070122003,569,241,234,94,0,0,451,41,1,8,10,58,451,35,1,6,4,3,3,2,1,1,0,58
440070122004,2342,999,909,434,0,0,1886,158,15,27,52,204,1886,134,15,24,5,17,24,5,6,2,3,204
440070123001,978,456,394,128,0,0,731,114,9,8,19,97,731,102,9,12,2,8,3,6,2,0,0,97
440070123002,2037,1017,743,277,0,0,1525,238,6,43,40,185,1525,210,6,28,12,18,15,4,7,4,1,185
440070123003,2206,1092,815,299,0,0,1758,200,9,18,48,173,1758,172,9,28,10,17,12,7,3,3,0,173
440070124011,595,274,244,77,0,0,379,126,8,14,16,52,379,123,8,3,8,10,4,0,0,1,1,52
440070124012,677,310,273,94,0,0,500,101,6,7,14,49,500,95,6,6,0,4,5,1,5,1,1,49
440070124013,838,390,324,124,0,0,616,125,15,15,12,55,616,113,15,12,7,4,2,1,1,1,1,55
440070124014,1368,711,465,192,0,0,979,215,11,21,23,119,979,187,11,28,6,11,6,3,3,1,0,119
440070124015,2139,1031,799,309,0,0,1563,258,16,46,45,211,1563,229,16,29,18,17,6,16,10,2,3,211
440070124021,823,416,299,108,0,0,596,128,2,15,11,71,596,119,2,9,7,2,5,0,0,3,1,71
440070124022,1140,537,428,175,0,0,867,130,2,23,25,93,867,111,1,19,13,13,2,3,2,2,1,93
440070125001,1380,684,507,189,0,0,920,266,21,19,25,129,920,241,21,25,5,7,9,2,1,2,5,129
440070125002,1830,908,695,227,0,0,1383,220,10,30,27,160,1383,200,10,20,15,12,4,2,3,1,0,160
440070125003,750,333,289,128,0,0,604,65,3,5,15,58,604,53,3,12,2,6,3,3,1,1,0,58
440070126011,669,217,315,137,0,0,523,52,3,16,25,50,523,41,3,11,8,16,1,0,4,0,2,50
440070126012,784,262,397,125,0,0,629,54,4,8,14,75,629,41,4,13,3,7,5,0,2,0,1,75
440070126021,1107,339,564,204,0,0,922,60,2,10,20,93,922,43,2,17,3,9,3,3,2,0,0,93
440070126022,940,329,453,158,0,0,739,72,2,16,24,87,739,56,2,16,4,12,3,5,6,1,0,87
440070126023,1678,588,837,253,0,0,1404,103,1,6,31,133,1404,86,1,17,2,5,9,13,3,0,0,133
440070126024,2088,694,1023,371,0,0,1735,134,0,22,41,156,1735,104,0,30,9,11,18,3,6,0,2,156
440070127011,763,260,391,112,0,0,609,43,6,4,19,82,609,34,6,9,0,5,7,2,1,0,0,82
440070127012,1143,363,567,213,0,0,911,56,3,10,21,142,911,44,3,12,3,5,10,3,2,2,0,142
440070127013,2217,754,1128,335,0,0,1850,96,2,30,46,193,1850,73,2,23,9,9,21,12,10,1,5,193
440070127021,1977,666,1028,283,0,0,1695,91,0,15,49,127,1695,62,0,29,5,13,29,2,2,3,2,127
440070127022,894,265,506,123,0,0,711,69,1,14,19,80,711,63,1,6,4,8,3,7,4,1,2,80
440070127023,953,316,511,126,0,0,784,50,5,8,13,93,784,40,5,10,6,3,7,2,0,0,2,93
440070128011,1057,323,525,209,0,0,866,45,1,19,20,106,866,38,1,7,5,5,6,6,8,5,0,106
440070128012,1089,376,494,219,0,0,882,55,6,5,17,124,882,48,6,7,1,1,3,5,3,0,0,124
440070128013,1707,534,869,304,0,0,1427,92,2,9,18,159,1427,80,2,12,4,3,5,6,2,0,0,159
440070128021,721,233,354,134,0,0,595,42,0,2,8,74,595,36,0,6,1,1,2,1,0,0,1,74
440070128022,1125,332,570,223,0,0,944,46,2,5,10,118,944,39,2,7,4,2,1,4,1,0,0,118
440070128031,1697,494,872,331,0,0,1369,102,1,20,47,158,1369,87,1,15,3,15,7,11,11,1,2,158
440070128032,1198,302,627,269,0,0,987,48,0,13,16,134,987,38,0,10,2,4,0,3,4,5,1,134
440070128033,1366,391,731,244,0,0,1153,51,2,10,41,109,1153,46,2,5,1,16,5,8,3,0,0,109
440070129001,1136,374,541,221,0,0,975,39,1,5,15,101,975,35,1,4,1,1,1,2,2,1,0,101
440070129002,975,267,491,217,0,0,834,37,1,4,3,96,834,30,1,7,2,0,0,1,0,0,0,96
440070129003,726,211,359,156,0,0,591,43,1,2,7,82,591,32,1,11,0,1,3,0,1,0,0,82
440070129004,578,160,285,133,0,0,488,34,1,0,7,48,488,32,1,2,0,4,1,0,0,0,0,48
440070130011,1170,314,589,267,0,0,990,48,0,5,16,111,990,39,0,9,2,3,6,2,0,0,1,111
440070130012,1501,429,726,346,0,0,1268,59,1,3,20,150,1268,45,1,14,1,6,1,9,0,0,1,150
440070130021,2351,616,1244,491,0,0,2001,100,2,14,37,197,2001,78,2,22,3,7,7,16,2,1,1,197
440070130022,956,255,493,208,0,0,832,20,0,1,12,91,832,17,0,3,0,0,2,3,1,0,0,91
440070130023,1113,313,554,246,0,0,960,58,0,8,10,77,960,55,0,3,0,2,4,4,2,0,0,77
440070130024,1358,361,712,285,0,0,1182,46,0,0,14,116,1182,36,0,10,0,5,4,1,0,0,0,116
440070131011,1943,482,1073,388,0,0,1692,62,3,19,28,139,1692,47,3,15,9,13,2,9,5,0,0,139
440070131012,1118,290,597,231,0,0,954,54,1,11,8,90,954,30,1,24,1,2,2,2,7,0,2,90
440070131013,808,194,443,171,0,0,695,42,3,0,14,54,695,37,3,5,0,1,5,5,0,0,0,54
440070131021,1546,404,832,310,0,0,1349,54,0,14,20,109,1349,42,0,12,4,5,7,5,3,1,0,109
440070131022,1205,271,685,249,0,0,1006,52,0,0,23,124,1006,39,0,13,0,5,6,8,0,0,0,124
440070131023,1525,449,804,272,0,0,1282,65,0,15,20,143,1282,52,0,13,5,3,5,5,9,0,1,143
440070132011,681,153,375,153,0,0,564,19,0,4,29,65,564,16,0,3,2,3,18,6,2,0,0,65
440070132012,994,251,519,224,0,0,853,31,3,16,17,74,853,26,3,5,5,6,8,2,2,0,3,74
440070132013,1282,315,655,312,0,0,1099,60,1,7,33,82,1099,48,1,12,3,8,9,3,1,0,2,82
440070132014,813,195,420,198,0,0,689,54,1,4,3,62,689,40,1,14,2,2,1,0,2,0,0,62
440070132021,1531,329,822,380,0,0,1302,63,4,18,14,130,1302,52,4,11,3,1,5,1,4,5,0,130
440070132022,1653,359,856,438,0,0,1381,95,0,18,26,133,1381,64,0,31,11,8,7,5,6,0,1,133
440070132023,1758,378,945,435,0,0,1482,98,1,9,24,144,1482,79,1,19,5,4,11,8,0,1,2,144
440070133001,1112,299,575,238,0,0,943,52,1,13,14,89,943,31,1,21,6,5,6,2,4,0,1,89
440070133002,1050,246,552,252,0,0,894,47,0,7,10,92,894,30,0,17,2,0,2,4,4,1,0,92
440070133003,812,186,430,196,0,0,682,30,0,1,8,91,682,15,0,15,0,2,0,1,0,0,1,91
440070133004,834,178,440,216,0,0,707,42,0,6,19,60,707,33,0,9,2,1,9,4,0,1,0,60
440070134001,749,405,273,71,0,0,575,73,0,6,18,77,575,68,0,5,3,4,7,4,1,0,1,77
440070134002,959,494,353,112,0,0,744,77,7,26,16,89,744,67,7,10,8,3,7,2,6,1,0,89
440070134003,1332,775,430,127,0,0,1048,79,18,14,34,139,1048,65,18,14,6,6,20,2,3,1,1,139
440070135001,543,350,141,52,0,0,302,113,39,11,25,53,302,107,39,6,4,13,6,0,2,1,1,53
440070135002,412,238,137,37,0,0,197,142,12,12,13,36,197,133,12,9,3,4,1,4,0,0,0,36
440070135003,515,290,190,35,0,0,331,81,12,22,20,49,331,79,12,2,5,2,9,2,1,3,1,49
440070135004,568,332,189,47,0,0,312,160,23,12,14,47,312,147,23,13,6,2,7,2,3,0,1,47
440070135005,1163,639,407,117,0,0,664,261,27,56,33,122,664,242,27,19,29,11,14,3,2,4,3,122
440070136001,811,386,318,107,0,0,525,148,15,18,12,93,525,139,15,9,7,4,3,4,0,5,2,93
440070136002,429,187,188,54,0,0,218,135,19,22,3,32,218,128,19,7,9,1,1,0,0,1,2,32
440070136003,793,353,349,91,0,0,451,195,26,38,13,70,451,182,24,13,14,2,3,0,0,4,3,70
440070137011,721,396,269,56,0,0,400,164,40,41,15,61,400,160,40,4,18,1,4,3,1,12,2,61
440070137012,701,301,334,66,0,0,359,204,14,42,18,64,359,188,14,16,24,5,1,8,3,5,4,64
440070137013,568,254,236,78,0,0,336,141,14,17,12,48,336,124,13,17,10,4,1,4,1,2,1,48
440070137014,804,347,346,111,0,0,437,192,22,63,27,63,437,179,21,13,37,9,11,5,3,4,7,63
440070137021,632,274,271,87,0,0,398,107,3,48,18,58,398,99,3,8,36,4,4,7,0,1,4,58
440070137022,846,355,375,116,0,0,542,123,21,38,28,94,542,109,21,14,25,8,11,6,0,5,5,94
440070137023,612,300,235,77,0,0,391,117,4,13,19,68,391,110,4,7,1,6,6,6,1,3,1,68
440070138001,790,303,366,121,0,0,573,119,6,15,24,53,573,94,6,25,4,8,10,5,2,1,1,53
440070138002,767,308,341,118,0,0,540,96,5,22,39,65,540,90,5,6,12,8,15,9,1,2,2,65
440070138003,857,379,355,123,0,0,554,144,34,23,24,78,554,129,32,15,10,5,9,4,3,1,1,78
440070138004,1171,451,529,191,0,0,831,152,11,42,31,104,831,130,11,22,23,7,4,10,2,6,0,104
440070139001,684,197,358,129,0,0,497,71,4,19,42,51,497,57,4,14,13,4,19,10,2,0,0,51
440070139002,748,272,342,134,0,0,510,91,10,25,51,61,510,81,10,10,15,16,24,8,1,7,1,61
440070139003,999,372,465,162,0,0,678,147,4,23,48,99,678,130,4,17,11,10,30,7,5,1,1,99
440070140001,768,357,316,95,0,0,473,169,18,38,21,49,473,153,18,16,17,4,11,5,5,2,3,49
440070140002,927,398,415,114,0,0,548,174,15,77,35,78,548,167,15,7,48,9,12,3,0,10,3,78
440070140003,1254,544,545,165,0,0,729,284,16,80,38,107,729,276,16,8,40,13,14,6,3,9,4,107
440070140004,476,178,201,97,0,0,320,68,4,29,18,37,320,63,4,5,21,4,10,4,2,0,1,37
440070140005,627,257,291,79,0,0,404,98,8,20,15,82,404,95,8,3,13,4,5,3,2,0,0,82
440070141001,1063,522,431,110,0,0,353,488,50,85,13,74,353,475,50,13,24,4,1,1,0,17,4,74
440070141002,685,287,310,88,0,0,356,158,26,54,25,66,356,147,25,11,27,2,17,1,0,9,2,66
440070141003,1228,633,435,160,0,0,500,475,40,78,28,107,500,459,40,16,33,11,7,4,4,13,5,107
440070142001,970,329,468,173,0,0,713,75,4,53,38,87,713,62,4,13,30,10,17,3,2,11,1,87
440070142002,750,259,379,112,0,0,548,81,6,18,19,78,548,70,6,11,12,4,5,5,0,3,2,78
440070143001,1216,382,630,204,0,0,885,134,5,61,50,81,885,120,5,14,42,10,27,8,4,6,1,81
440070143002,979,296,494,189,0,0,716,63,6,11,65,118,716,54,6,9,6,8,45,5,2,0,2,118
440070143003,1848,669,875,304,0,0,1336,180,15,57,75,185,1336,166,15,14,33,11,41,15,9,2,4,185
440070144001,1434,454,702,278,0,0,1066,91,5,29,69,174,1066,82,5,9,13,20,39,3,6,2,3,174
440070144002,748,201,418,129,0,0,563,61,6,7,26,85,563,54,6,7,3,12,11,2,1,1,0,85
440070144003,1002,323,481,198,0,0,795,84,2,15,35,71,795,75,2,9,10,5,16,10,1,0,1,71
440070145011,989,279,506,204,0,0,725,60,4,33,48,119,725,53,4,7,20,8,24,7,3,3,0,119
440070145012,1681,398,885,398,0,0,1318,103,6,34,59,161,1318,81,6,22,10,13,32,3,12,2,3,161
440070145013,1736,494,855,387,0,0,1329,115,2,61,57,172,1329,77,2,38,31,13,27,8,12,1,6,172
440070145021,1195,417,567,211,0,0,945,94,3,18,32,103,945,79,3,15,3,12,10,6,3,0,2,103
440070145022,1213,378,611,224,0,0,970,90,4,28,42,79,970,69,4,21,14,8,17,10,4,0,0,79
440070145023,728,240,350,138,0,0,580,78,1,7,10,52,580,72,1,6,0,3,4,2,1,1,0,52
440070146001,2324,659,1200,465,0,0,1736,183,8,87,85,225,1736,155,7,28,29,26,45,4,22,11,5,225
440070146002,1608,376,815,417,0,0,1161,106,3,97,96,145,1161,82,3,24,42,17,56,11,27,6,9,145
440070146003,817,250,405,162,0,0,653,65,0,15,11,73,653,49,0,16,9,1,6,1,2,2,1,73
440070146004,918,242,448,228,0,0,697,43,7,17,46,108,697,30,6,13,5,13,28,2,7,0,1,108
440070147001,991,494,378,119,0,0,449,399,29,48,13,53,449,385,28,14,15,0,4,4,1,5,7,53
440070147002,950,411,428,111,0,0,468,315,30,41,14,82,468,303,30,12,14,6,5,0,3,5,4,82
440070147003,639,321,241,77,0,0,300,220,25,36,11,47,300,213,25,7,13,2,2,2,0,3,2,47
440070147004,624,253,282,89,0,0,420,111,5,12,18,58,420,105,5,6,2,12,3,2,2,2,5,58
440070147005,474,176,218,80,0,0,324,65,2,9,28,46,324,62,2,3,0,11,13,2,1,2,2,46
440070147006,786,323,355,108,0,0,479,192,31,11,14,59,479,173,31,19,3,7,3,0,2,1,0,59
440070148001,1451,476,739,236,0,0,1039,204,6,43,32,127,1039,186,6,18,8,5,10,8,4,7,5,127
440070148002,1457,483,716,258,0,0,1128,138,2,49,29,111,1128,121,2,17,18,10,10,4,8,7,2,111
440070148003,1024,345,508,171,0,0,768,90,14,25,28,99,768,87,13,3,11,5,6,10,4,1,1,99
440070150001,1218,708,446,64,0,0,452,478,116,17,15,140,452,424,116,54,3,7,0,5,7,0,2,140
440070150002,1566,882,552,132,0,0,726,483,103,18,30,206,726,420,103,63,8,9,2,9,2,2,1,206
440070151001,1061,619,378,64,0,0,243,548,128,2,19,121,243,493,128,55,0,13,0,6,1,1,0,121
440070151002,704,415,256,33,0,0,156,322,120,8,8,90,156,278,120,44,3,4,0,2,4,0,0,90
440070151003,534,318,188,28,0,0,103,260,78,0,3,90,103,223,78,37,0,2,0,0,0,0,0,90
440070152001,470,261,169,40,0,0,184,166,36,13,12,59,184,148,36,18,8,4,1,6,1,2,2,59
440070152002,612,382,193,37,0,0,199,288,43,9,13,60,199,275,43,13,3,1,2,8,3,1,1,60
440070152003,598,360,194,44,0,0,226,245,43,8,7,69,226,231,43,14,2,3,1,2,4,0,0,69
440070153001,661,363,257,41,0,0,218,298,52,3,9,81,218,270,52,28,2,3,2,3,1,0,0,81
440070153002,522,316,173,33,0,0,204,192,53,5,17,51,204,176,53,16,1,13,2,0,3,0,0,51
440070154001,427,265,137,25,0,0,123,191,58,0,7,48,123,182,58,9,0,4,1,1,0,0,0,48
440070154002,711,408,264,39,0,0,216,265,98,17,6,109,216,227,98,38,1,3,0,2,9,4,0,109
440070155001,675,333,271,71,0,0,400,157,13,7,8,90,400,133,13,24,1,3,1,2,2,1,0,90
440070155002,559,305,205,49,0,0,272,163,38,8,11,67,272,141,38,22,5,4,3,1,2,0,1,67
440070155003,730,399,279,52,0,0,278,266,68,13,16,89,278,236,68,30,2,9,0,5,4,4,1,89
440070155004,425,209,168,48,0,0,192,137,30,1,5,60,192,123,30,14,0,3,1,0,1,0,0,60
440070156001,365,178,142,45,0,0,215,87,18,2,6,37,215,86,18,1,1,1,3,2,0,1,0,37
440070156002,388,213,151,24,0,0,197,124,26,2,5,34,197,110,26,14,1,3,0,0,0,0,1,34
440070156003,595,312,227,56,0,0,281,169,19,8,26,92,281,154,19,15,3,15,4,1,2,0,0,92
440070157001,551,293,202,56,0,0,413,62,2,7,22,45,413,45,2,17,0,8,8,4,6,0,0,45
440070157002,774,379,326,69,0,0,457,211,10,4,11,81,457,187,10,24,1,7,0,2,1,1,1,81
440070157003,723,377,269,77,0,0,452,154,14,4,13,86,452,118,14,36,0,6,1,2,3,0,1,86
440070157004,346,185,128,33,0,0,191,94,3,6,6,46,191,85,3,9,2,2,1,1,3,0,0,46
440070158001,575,297,218,60,0,0,429,69,3,4,5,65,429,56,3,13,1,4,0,0,1,0,0,65
440070158002,480,249,171,60,0,0,298,105,9,5,11,52,298,91,9,14,3,5,1,0,2,0,0,52
440070158003,434,200,181,53,0,0,289,82,6,5,1,51,289,62,6,20,0,0,0,0,2,0,1,51
440070158004,440,232,164,44,0,0,264,113,7,5,6,45,264,96,7,17,4,5,0,1,0,0,0,45
440070158005,481,253,185,43,0,0,277,130,7,2,14,51,277,110,7,20,1,9,0,3,0,0,0,51
440070159001,524,288,197,39,0,0,276,141,34,7,15,51,276,124,34,17,5,4,2,5,1,1,0,51
440070159002,455,221,188,46,0,0,266,122,10,5,6,46,266,108,10,14,1,3,0,1,1,2,0,46
440070159003,457,250,176,31,0,0,241,140,8,5,4,59,241,124,8,16,1,2,0,1,0,0,1,59
440070159004,623,346,224,53,0,0,340,158,25,13,14,73,340,134,25,24,3,7,2,4,1,2,0,73
440070160001,519,289,187,43,0,0,260,135,28,11,16,69,260,124,28,11,3,9,2,3,4,0,1,69
440070160002,567,349,179,39,0,0,233,154,92,4,9,75,233,137,91,17,1,3,0,2,1,0,0,75
440070160003,831,478,307,46,0,0,330,279,92,10,21,99,330,264,91,15,4,13,2,5,2,1,0,99
440070161001,642,340,259,43,0,0,288,203,70,10,13,58,288,196,70,7,4,7,2,2,1,0,1,58
440070161002,493,297,169,27,0,0,131,182,85,10,12,73,131,165,85,17,3,4,2,3,2,0,1,73
440070161003,716,408,278,30,0,0,172,282,123,9,17,113,172,237,122,45,3,10,1,4,3,0,0,113
440070161004,618,362,227,29,0,0,123,324,92,5,5,69,123,299,92,25,3,5,0,0,1,0,0,69
440070163001,726,426,243,57,0,0,389,187,32,8,10,100,389,164,31,23,3,6,0,0,3,2,0,100
440070163002,726,424,235,67,0,0,399,180,35,3,20,89,399,152,35,28,0,7,3,8,1,0,0,89
440070163003,432,247,148,37,0,0,198,143,25,6,4,56,198,123,25,20,3,2,0,2,2,1,0,56
440070164001,872,504,301,67,0,0,300,293,136,12,10,121,300,247,136,46,4,2,2,6,6,0,2,121
440070164002,458,273,163,22,0,0,117,176,97,5,8,55,117,158,97,18,2,5,1,1,0,3,0,55
440070164003,656,371,256,29,0,0,166,267,132,6,8,77,166,239,132,28,1,4,0,3,3,0,2,77
440070164004,608,371,213,24,0,0,135,254,120,4,11,84,135,213,120,41,1,7,0,3,2,0,0,84
440070165001,1009,684,295,30,0,0,695,84,5,26,39,160,695,73,5,11,9,11,4,16,14,0,1,160
440070165002,975,619,293,63,0,0,503,192,51,23,69,137,503,170,51,22,8,12,2,36,7,2,1,137
440070165003,797,498,242,57,0,0,409,139,60,16,28,145,409,114,60,25,8,6,2,11,7,1,0,145
440070166001,1022,588,368,66,0,0,423,340,103,10,22,124,423,307,103,33,4,17,0,4,3,1,0,124
440070167001,780,442,272,66,0,0,356,238,63,3,18,102,356,214,63,24,2,6,1,5,0,0,1,102
440070167002,1065,597,397,71,0,0,467,351,83,10,11,143,467,305,82,46,6,3,1,4,0,0,0,143
440070168001,635,298,274,63,0,0,385,169,10,2,13,56,385,139,10,30,1,5,5,1,1,0,0,56
440070168002,518,265,210,43,0,0,320,105,20,7,11,55,320,90,20,15,2,8,1,1,5,0,0,55
440070168003,953,509,365,79,0,0,567,214,16,8,14,134,567,182,16,32,3,5,1,4,3,0,0,134
440070169001,430,230,160,40,0,0,292,77,3,6,6,46,292,53,3,24,2,4,1,1,1,0,0,46
440070169002,523,266,204,53,0,0,384,43,4,8,16,68,384,30,4,13,0,4,6,1,2,1,2,68
440070169003,465,220,184,61,0,0,305,101,1,5,8,45,305,84,1,17,0,3,0,1,2,0,1,45
440070170001,590,322,220,48,0,0,357,151,12,3,13,54,357,125,12,26,2,5,4,1,0,0,1,54
440070170002,439,221,170,48,0,0,249,110,12,5,10,53,249,92,12,18,2,4,0,3,2,0,0,53
440070170003,592,301,230,61,0,0,381,118,8,2,15,68,381,88,8,30,0,8,2,2,1,0,0,68
440070170004,475,245,188,42,0,0,279,109,12,14,7,54,279,94,12,15,4,3,0,0,3,1,3,54
440070170005,984,495,367,122,0,0,601,208,15,13,19,128,601,169,15,39,3,12,3,0,7,0,0,128
440070171001,539,289,208,42,0,0,279,125,27,5,14,89,279,99,27,26,2,10,2,1,1,0,0,89
440070171002,515,286,178,51,0,0,282,138,22,2,9,62,282,112,22,26,1,2,2,2,0,1,0,62
440070171003,1447,753,573,121,0,0,589,623,56,10,21,148,589,564,56,59,2,14,1,0,2,2,1,148
440070171004,416,228,140,48,0,0,181,150,14,8,6,57,181,118,14,32,3,3,0,1,3,2,0,57
440070173001,633,246,277,110,0,0,493,44,9,3,6,78,493,40,9,4,1,1,0,1,0,0,0,78
440070173002,968,396,438,134,0,0,658,149,28,27,12,94,658,133,28,16,11,5,5,0,2,4,1,94
440070173003,396,143,207,46,0,0,284,39,4,12,12,45,284,39,4,0,5,2,5,3,0,1,0,45
440070174001,936,409,410,117,0,0,535,238,39,22,12,90,535,235,39,3,0,3,1,4,4,2,3,90
440070174002,620,268,287,65,0,0,335,171,20,19,9,66,335,166,20,5,0,5,1,1,1,1,1,66
440070174003,898,394,415,89,0,0,324,421,25,45,3,80,324,417,25,4,3,3,0,0,3,16,0,80
440070175001,607,224,307,76,0,0,427,88,18,9,15,50,427,86,17,2,1,7,1,3,1,3,1,50
440070175002,675,248,334,93,0,0,484,91,8,24,7,61,484,90,8,1,4,4,0,1,4,2,2,61
440070175003,689,260,335,94,0,0,516,68,11,20,12,62,516,64,11,4,2,6,0,2,0,4,0,62
440070176001,693,324,310,59,0,0,240,255,109,24,9,56,240,252,109,3,3,5,0,2,0,8,1,56
440070176002,774,281,396,97,0,0,487,127,39,17,18,86,487,115,39,12,0,9,1,3,3,5,0,86
440070177001,878,321,398,159,0,0,713,63,3,27,7,65,713,59,3,4,3,3,0,3,0,12,1,65
440070177002,934,348,433,153,0,0,706,66,7,29,21,105,706,63,7,3,5,8,1,7,5,4,1,105
440070177003,774,310,356,108,0,0,555,78,14,22,17,88,555,75,14,3,3,8,1,7,0,5,5,88
440070178001,474,185,208,81,0,0,353,52,6,9,5,49,353,49,6,3,2,4,0,1,2,0,0,49
440070178002,571,212,289,70,0,0,366,117,26,13,6,43,366,111,26,6,6,2,0,4,0,0,0,43
440070178003,436,176,209,51,0,0,210,138,41,10,6,31,210,132,41,6,0,3,0,1,1,0,0,31
440070179001,478,178,243,57,0,0,318,86,18,4,9,43,318,81,18,5,1,6,1,1,2,1,0,43
440070179002,798,313,386,99,0,0,452,186,31,35,11,83,452,182,31,4,4,5,1,3,0,19,1,83
440070179003,763,329,340,94,0,0,502,161,23,11,11,55,502,153,23,8,1,1,1,7,2,3,1,55
440070180001,745,344,304,97,0,0,465,155,18,26,14,67,465,152,18,3,7,3,2,8,0,2,2,67
440070180002,648,297,282,69,0,0,415,149,12,11,12,49,415,147,12,2,1,6,1,3,1,5,0,49
440070180003,476,210,217,49,0,0,270,123,18,11,9,45,270,118,18,5,2,5,2,1,0,4,0,45
440070181001,547,207,271,69,0,0,357,111,9,22,10,38,357,108,9,3,3,3,4,2,1,2,2,38
440070181002,1060,404,530,126,0,0,659,251,32,29,8,81,659,248,31,3,4,6,0,1,3,5,3,81
440070182001,846,312,425,109,0,0,568,144,13,23,17,81,568,135,13,9,4,5,2,7,2,4,2,81
440070182002,765,276,400,89,0,0,428,209,25,28,5,70,428,203,25,6,3,3,0,2,1,1,2,70
440070183001,995,374,481,140,0,0,596,220,28,32,23,96,596,216,28,4,3,8,3,3,2,7,0,96
440070184001,729,291,334,104,0,0,554,66,3,23,5,78,554,57,3,9,5,2,0,2,0,10,0,78
440070184002,750,283,355,112,0,0,558,101,5,6,17,63,558,98,5,3,2,15,0,0,0,0,0,63
440070184003,1118,468,514,136,0,0,639,310,19,27,24,99,639,306,19,4,9,11,4,4,1,4,0,99
440070184004,1626,669,730,227,0,0,1133,280,21,20,32,140,1133,269,21,11,3,8,4,17,2,4,0,140
440070185001,596,229,282,85,0,0,446,57,7,19,7,60,446,51,7,6,3,3,2,2,4,3,0,60
440070185002,1401,542,665,194,0,0,1051,139,17,25,35,134,1051,132,16,7,6,11,6,9,0,6,0,134
440010301001,1446,538,614,294,0,0,1096,80,3,39,37,191,1096,53,3,27,27,14,2,8,2,1,6,191
440010301002,738,356,277,105,0,0,597,27,1,21,19,73,597,14,1,13,10,4,6,5,7,0,3,73
440010301003,1054,565,352,137,0,0,855,47,0,18,25,109,855,34,0,13,6,3,10,6,10,0,2,109
440010301004,872,407,350,115,0,0,652,67,6,20,24,103,652,51,6,16,5,7,0,7,8,0,3,103
440010302001,870,362,355,153,0,0,699,39,0,26,8,98,699,29,0,10,15,5,0,1,5,1,2,98
440010302002,1060,458,475,127,0,0,797,73,3,34,35,118,797,52,3,21,21,23,7,4,10,0,2,118
440010302003,748,347,311,90,0,0,558,50,3,29,15,93,558,38,3,12,19,7,1,4,9,0,1,93
440010303001,1082,482,444,156,0,0,822,49,1,42,17,151,822,34,1,15,15,9,0,0,14,2,7,151
440010303002,1375,585,550,240,0,0,1073,50,0,44,39,169,1073,31,0,19,24,16,14,8,6,1,9,169
440010303003,1334,589,564,181,0,0,997,70,5,25,63,174,997,53,5,17,14,22,3,13,4,0,5,174
440010304001,938,392,371,175,0,0,771,26,0,15,26,100,771,19,0,7,7,11,0,8,4,0,4,100
440010304002,1313,603,528,182,0,0,1026,42,0,56,33,156,1026,40,0,2,30,22,0,4,8,6,7,156
440010304003,1027,437,436,154,0,0,810,23,0,27,18,149,810,18,0,5,6,15,1,1,12,2,6,149
440010305001,524,198,284,42,0,0,358,76,2,6,5,77,358,51,2,25,2,1,1,0,2,2,0,77
440010305002,694,264,336,94,0,0,473,115,4,1,9,92,473,60,4,55,1,7,0,1,0,0,0,92
440010305003,1045,481,452,112,0,0,759,117,3,13,16,137,759,78,3,39,6,3,0,2,1,1,4,137
440010306011,705,224,364,117,0,0,485,121,0,1,7,91,485,66,0,55,1,6,0,0,0,0,0,91
440010306012,1073,429,493,151,0,0,743,180,0,7,16,127,743,100,0,80,3,8,4,0,3,0,1,127
440010306013,1015,387,491,137,0,0,748,99,1,17,11,139,748,48,1,51,9,8,0,1,2,2,1,139
440010306021,908,375,424,109,0,0,625,149,1,7,14,112,625,92,1,57,5,7,0,1,2,0,0,112
440010306022,717,292,348,77,0,0,517,100,0,1,8,91,517,54,0,46,0,4,1,1,0,0,1,91
440010306023,1044,394,512,138,0,0,773,139,1,6,10,115,773,75,1,64,0,3,0,3,3,0,2,115
440010306024,556,233,232,91,0,0,435,34,4,4,12,67,435,14,4,20,1,2,2,4,1,1,0,67
440010307001,578,251,272,55,0,0,324,146,0,4,15,89,324,100,0,46,3,3,1,1,0,0,0,89
440010307002,588,263,256,69,0,0,373,104,2,1,7,101,373,61,2,43,1,2,0,3,0,0,0,101
440010307003,478,204,218,56,0,0,321,70,1,3,10,73,321,48,1,22,1,6,2,0,2,0,0,73
440010307004,824,350,350,124,0,0,615,85,3,12,19,90,615,58,3,27,7,10,2,0,0,2,0,90
440010308001,1502,576,741,185,0,0,942,327,8,9,18,198,942,193,8,134,1,10,1,3,4,0,2,198
440010308002,665,314,266,85,0,0,525,46,1,0,12,81,525,30,1,16,0,2,1,4,0,0,0,81
440010308003,824,307,406,111,0,0,621,78,5,3,12,105,621,61,5,17,2,4,3,2,1,0,0,105
440010309011,1509,515,749,245,0,0,994,309,3,5,6,192,994,207,3,102,1,2,1,0,2,0,1,192
440010309012,2076,743,1040,293,0,0,1311,433,1,15,31,285,1311,296,1,137,3,10,0,15,8,0,2,285
440010309013,1193,465,576,152,0,0,758,249,1,1,15,169,758,156,1,93,1,6,5,1,0,0,0,169
440010309021,1020,395,481,144,0,0,640,208,1,7,10,154,640,123,1,85,4,6,0,2,3,0,0,154
440010309022,1642,686,704,252,0,0,1275,159,1,16,26,165,1275,93,1,66,9,5,6,11,1,4,1,165
440010309023,1174,496,506,172,0,0,857,144,0,9,14,150,857,98,0,46,1,6,0,5,2,3,3,150
440010309024,1640,637,795,208,0,0,1028,354,3,6,13,236,1028,246,3,108,1,5,0,3,4,0,0,236
440050401011,890,317,427,146,0,0,710,69,6,5,14,86,710,46,6,23,0,3,3,6,1,1,0,86
440050401012,1470,505,716,249,0,0,1097,157,6,8,16,186,1097,118,6,39,3,4,2,1,4,1,0,186
440050401013,1494,572,647,275,0,0,1167,149,4,7,11,156,1167,87,4,62,5,5,0,4,0,1,0,156
440050401021,1341,467,613,261,0,0,1093,73,0,15,26,134,1093,47,0,26,4,6,4,13,5,2,3,134
440050401022,1360,494,610,256,0,0,1116,71,3,10,29,131,1116,45,3,26,4,9,5,5,1,1,1,131
440050401023,2230,860,901,469,0,0,1722,168,7,32,46,255,1722,99,7,69,13,13,15,9,3,6,8,255
440050401041,1485,555,641,289,0,0,1194,118,5,11,24,133,1194,95,5,23,2,7,5,2,4,1,1,133
440050401042,2303,797,1060,446,0,0,1776,242,14,24,40,207,1776,158,14,84,13,22,5,4,1,2,5,207
440050401051,0,0,0,0,0,0,0,0,0,0,0,0,0,0,0,0,0,0,0,0,0,0,0,0
440050401052,149,45,78,26,0,0,134,2,1,1,0,11,134,1,1,1,0,0,0,0,1,0,0,11
440050401053,1335,452,574,309,0,0,1060,106,2,15,25,127,1060,73,2,33,6,5,5,6,1,2,4,127
440050402001,473,205,208,60,0,0,327,61,12,11,14,48,327,55,12,6,7,5,0,1,1,1,2,48
440050402002,1,1,0,0,0,0,1,0,0,0,0,0,1,0,0,0,0,0,0,0,0,0,0,0
440050403021,911,383,418,110,0,0,716,99,13,9,8,66,716,81,13,18,3,3,1,3,4,2,0,66
440050403022,896,367,400,129,0,0,712,76,6,11,8,83,712,59,6,17,2,3,0,1,4,2,3,83
440050403031,80,34,27,19,0,0,58,13,2,0,3,4,58,11,1,2,0,0,0,0,0,0,0,4
440050403032,1370,560,610,200,0,0,981,155,44,23,33,134,981,126,43,29,4,14,3,6,13,2,1,134
440050403033,360,144,162,54,0,0,273,29,8,5,6,39,273,27,8,2,3,3,0,1,1,1,0,39
440050403041,1263,443,581,239,0,0,970,99,7,44,21,122,970,60,7,39,26,8,3,6,6,3,5,122
440050403042,876,369,381,126,0,0,618,104,28,17,25,84,618,88,28,16,6,10,3,4,3,6,0,84
440050404001,1781,740,747,294,0,0,1413,139,1,17,43,168,1413,95,1,44,6,10,13,4,2,2,1,168
440050404002,1816,700,794,322,0,0,1474,126,10,20,27,159,1474,92,10,34,6,10,3,5,5,4,1,159
440050404003,1364,559,610,195,0,0,1116,74,9,12,17,136,1116,43,8,31,7,1,0,7,1,1,3,136
440050405001,1013,556,388,69,0,0,495,274,134,13,28,69,495,258,134,16,8,16,0,2,5,0,0,69
440050405002,951,526,331,94,0,0,649,129,79,1,15,78,649,108,79,21,0,6,0,5,0,1,0,78
440050405003,490,257,183,50,0,0,381,27,20,5,6,51,381,27,20,0,1,1,0,0,2,2,0,51
440050406001,982,467,388,127,0,0,759,71,10,8,19,115,759,59,10,12,2,4,3,5,2,0,3,115
440050406002,381,175,163,43,0,0,306,22,12,3,3,35,306,18,12,4,3,2,0,1,0,0,0,35
440050406003,687,348,256,83,0,0,505,51,16,5,19,91,505,44,15,7,1,10,2,4,3,0,0,91
440050406004,706,386,246,74,0,0,518,36,78,7,8,59,518,31,78,5,3,2,0,4,1,0,2,59
440050407001,1036,454,441,141,0,0,856,41,0,3,23,113,856,29,0,12,1,2,2,9,0,0,0,113
440050407002,866,422,311,133,0,0,754,22,8,9,13,60,754,18,8,4,2,6,1,4,2,3,1,60
440050407003,706,336,269,101,0,0,540,53,15,7,15,76,540,51,14,2,1,6,1,4,2,0,1,76
440050408001,820,413,311,96,0,0,681,48,15,8,9,59,681,36,15,12,0,2,1,1,4,1,1,59
440050408002,409,201,147,61,0,0,326,11,2,4,11,55,326,6,2,5,0,1,0,5,1,0,0,55
440050408003,385,179,136,70,0,0,322,6,2,5,2,48,322,6,2,0,0,1,0,0,3,1,1,48
440050409001,949,392,402,155,0,0,798,47,0,5,9,90,798,40,0,7,1,1,1,3,0,1,3,90
440050409002,1468,660,571,237,0,0,1221,68,11,12,17,139,1221,49,11,19,3,6,3,5,3,3,1,139
440050410001,402,188,153,61,0,0,319,25,13,7,3,35,319,21,13,4,2,0,1,0,3,0,1,35
440050410002,770,341,306,123,0,0,630,53,0,6,14,67,630,44,0,9,4,3,2,4,0,0,0,67
440050411001,0,0,0,0,0,0,0,0,0,0,0,0,0,0,0,0,0,0,0,0,0,0,0,0
440050411002,530,278,198,54,0,0,381,63,25,8,10,43,381,60,25,3,5,4,1,2,2,0,1,43
440050411003,510,245,183,82,0,0,427,12,1,4,17,49,427,8,1,4,0,2,5,6,4,0,0,49
440050412001,286,132,114,40,0,0,129,69,47,9,6,26,129,69,47,0,2,5,0,0,4,2,0,26
440050413001,1083,456,478,149,0,0,925,35,1,6,14,102,925,24,1,11,2,4,2,2,1,0,0,102
440050413002,666,281,283,102,0,0,528,31,0,2,15,90,528,22,0,9,0,6,2,2,0,1,0,90
440050413003,834,384,306,144,0,0,723,25,0,2,17,67,723,15,0,10,1,6,4,7,1,0,0,67
440050413004,1003,485,365,153,0,0,827,41,1,5,15,114,827,22,1,19,1,5,3,1,2,0,1,114
440050413005,1253,670,407,176,0,0,1036,56,2,10,23,126,1036,44,2,12,3,1,12,8,7,0,0,126
440050414001,935,384,389,162,0,0,797,43,0,6,13,76,797,31,0,12,2,3,9,0,0,4,0,76
440050414002,1236,402,584,250,0,0,1006,113,2,2,16,97,1006,59,2,54,0,4,6,1,0,0,0,97
440050414003,1044,358,486,200,0,0,832,76,0,7,9,120,832,40,0,36,2,3,0,6,4,0,0,120
440050416011,1192,456,524,212,0,0,784,226,9,11,11,151,784,143,9,83,8,7,0,2,3,0,0,151
440050416012,939,336,434,169,0,0,602,200,0,9,6,122,602,126,0,74,5,1,1,1,2,1,0,122
440050416021,964,349,415,200,0,0,770,73,0,12,25,84,770,46,0,27,2,17,1,3,4,0,0,84
440050416022,1396,505,646,245,0,0,977,184,1,16,43,175,977,114,1,70,4,11,7,6,0,0,1,175
440050416023,1264,451,550,263,0,0,884,209,0,8,8,155,884,135,0,74,1,3,2,3,1,1,0,155
440050417011,1379,475,664,240,0,0,954,208,0,11,25,181,954,91,0,117,3,9,7,2,1,7,0,181
440050417012,1334,544,558,232,0,0,869,244,1,12,16,192,869,150,1,94,1,6,0,2,4,0,0,192
440050417021,1616,484,837,295,0,0,1152,252,0,5,5,202,1152,145,0,107,0,1,2,2,0,0,1,202
440050417022,1583,554,765,264,0,0,1155,195,5,14,15,199,1155,103,5,92,6,7,3,2,2,4,1,199
440050417023,907,343,385,179,0,0,713,53,1,11,13,116,713,29,1,24,2,9,2,0,4,0,0,116
440059900000,1,0,0,1,0,0,1,0,0,0,0,0,1,0,0,0,0,0,0,0,0,0,0,0
440030201011,1856,676,874,306,0,0,1497,116,4,42,51,146,1497,101,4,15,25,21,15,4,2,2,2,146
440030201012,1134,371,547,216,0,0,858,111,5,20,28,112,858,89,5,22,2,13,7,3,6,3,4,112
440030201013,858,348,348,162,0,0,594,142,6,15,33,68,594,123,6,19,6,17,10,1,4,2,1,68
440030201014,1055,380,485,190,0,0,820,92,5,20,11,107,820,79,5,13,7,4,0,0,5,2,0,107
440030201021,1109,376,564,169,0,0,881,86,6,14,16,106,881,65,6,21,8,3,3,6,3,1,0,106
440030201022,752,284,357,111,0,0,562,87,8,5,17,73,562,79,8,8,3,6,3,2,1,0,1,73
440030201023,1407,507,688,212,0,0,1083,152,14,11,26,121,1083,127,14,25,4,8,5,9,1,0,2,121
440030202001,1111,438,485,188,0,0,822,135,8,20,20,106,822,115,7,20,7,10,2,3,6,2,2,106
440030202002,956,342,471,143,0,0,711,126,2,11,24,82,711,110,2,16,8,10,3,5,1,0,1,82
440030202003,1271,444,623,204,0,0,951,148,4,11,19,138,951,130,4,18,6,4,3,4,0,1,1,138
440030203001,517,186,244,87,0,0,365,75,2,4,11,60,365,67,2,8,1,4,0,4,1,0,0,60
440030203002,987,374,464,149,0,0,742,123,7,9,17,89,742,100,7,23,0,6,5,1,3,0,4,89
440030203003,718,216,382,120,0,0,524,89,8,7,7,83,524,78,8,11,1,1,2,0,0,4,0,83
440030203004,497,166,262,69,0,0,340,82,0,4,3,68,340,80,0,2,0,2,0,0,1,1,0,68
440030203005,829,285,426,118,0,0,614,93,5,6,8,103,614,75,5,18,1,0,5,0,0,2,1,103
440030204001,486,147,257,82,0,0,364,62,4,1,7,48,364,49,3,13,0,4,2,1,0,0,1,48
440030204002,514,180,255,79,0,0,365,77,5,3,5,59,365,54,5,23,1,1,0,1,1,0,0,59
440030204003,1001,359,489,153,0,0,738,138,4,7,14,100,738,113,4,25,2,2,6,2,3,1,1,100
440030205001,1089,436,482,171,0,0,855,102,2,16,20,94,855,88,2,14,3,8,6,2,2,1,4,94
440030205002,1959,767,848,344,0,0,1462,188,14,36,41,218,1462,148,12,40,19,17,9,4,4,3,7,218
440030206011,972,284,493,195,0,0,795,56,3,6,9,103,795,46,3,10,2,1,2,3,0,1,0,103
440030206012,1139,335,581,223,0,0,923,85,2,8,19,102,923,64,2,21,6,3,5,7,1,0,1,102
440030206013,1194,356,603,235,0,0,990,53,3,12,27,109,990,31,3,22,5,7,9,7,4,0,0,109
440030206014,1282,327,728,227,0,0,1080,85,1,4,16,96,1080,73,1,12,1,5,8,2,2,0,0,96
440030206021,1336,394,678,264,0,0,1075,101,3,12,16,129,1075,87,3,14,4,7,2,3,3,3,2,129
440030206022,1513,465,756,292,0,0,1271,83,2,10,12,135,1271,73,2,10,4,1,2,5,1,0,0,135
440030206031,1713,486,932,295,0,0,1434,111,0,26,24,118,1434,75,0,36,6,8,10,1,3,1,5,118
440030206032,770,221,409,140,0,0,620,54,2,5,16,73,620,34,2,20,1,2,2,5,2,0,0,73
440030206033,998,303,496,199,0,0,852,42,0,2,15,87,852,31,0,11,0,1,4,2,1,0,0,87
440030206034,1404,411,734,259,0,0,1143,82,0,13,28,138,1143,61,0,21,10,10,3,4,2,0,0,138
440030206041,1070,341,557,172,0,0,891,65,1,4,12,97,891,55,1,10,3,4,2,2,0,0,0,97
440030206042,736,186,413,137,0,0,609,40,3,6,9,69,609,27,3,13,2,1,0,7,2,1,0,69
440030206043,1880,556,994,330,0,0,1561,126,3,10,26,154,1561,95,3,31,3,3,5,10,0,4,2,154
440030207011,1386,340,728,318,0,0,1160,62,4,15,13,132,1160,51,4,11,4,0,5,2,2,2,2,132
440030207021,1345,370,712,263,0,0,1166,67,1,2,13,96,1166,52,1,15,1,2,1,2,0,0,0,96
440030207022,2271,576,1249,446,0,0,1965,91,6,13,24,172,1965,57,6,34,6,3,9,2,4,0,3,172
440030207031,2240,637,1161,442,0,0,1846,144,1,21,34,194,1846,105,1,39,6,17,10,4,6,0,2,194
440030207032,860,297,398,165,0,0,698,60,2,3,17,80,698,47,2,13,1,10,2,0,1,0,0,80
440030207033,2373,612,1253,508,0,0,1984,134,9,18,39,189,1984,90,9,44,13,16,11,11,0,0,1,189
440030208001,1315,374,665,276,0,0,1105,46,6,11,15,132,1105,38,6,8,5,3,5,4,2,2,2,132
440030208002,2061,494,1062,505,0,0,1711,117,0,23,41,169,1711,78,0,39,6,16,6,9,10,2,0,169
440030208003,1788,404,903,481,0,0,1496,84,2,16,20,170,1496,67,2,17,4,6,4,4,7,0,3,170
440030209011,909,320,424,165,0,0,739,51,4,8,13,94,739,49,4,2,4,4,2,2,3,0,1,94
440030209012,876,307,402,167,0,0,686,58,3,13,20,96,686,53,3,5,8,1,10,1,3,0,1,96
440030209013,1020,425,402,193,0,0,845,33,1,10,22,109,845,32,1,1,3,9,1,8,1,0,1,109
440030209031,1947,648,894,405,0,0,1501,54,0,80,82,230,1501,45,0,9,40,40,5,18,28,1,3,230
440030209032,1202,394,593,215,0,0,890,73,1,64,34,140,890,66,0,7,40,8,8,6,12,0,4,140
440030209033,1964,648,865,451,0,0,1468,86,6,106,89,209,1468,71,6,15,67,37,16,9,27,5,4,209
440030209041,1689,567,771,351,0,0,1340,54,6,54,44,191,1340,46,6,8,21,17,3,8,17,5,5,191
440030209042,1450,507,678,265,0,0,1144,72,1,63,29,141,1144,67,1,5,39,12,15,0,19,0,4,141
440030210011,902,375,409,118,0,0,625,137,10,15,16,99,625,126,10,11,4,6,1,1,0,2,1,99
440030210012,906,355,416,135,0,0,676,108,4,28,9,81,676,89,4,19,13,4,3,0,2,4,1,81
440030210021,922,463,366,93,0,0,750,60,3,12,17,80,750,48,3,12,6,2,9,4,1,0,4,80
440030210022,1069,498,430,141,0,0,916,41,0,14,17,81,916,30,0,11,6,2,15,0,4,0,1,81
440030210023,1763,764,785,214,0,0,1386,183,4,25,24,141,1386,153,4,30,11,8,5,3,7,0,2,141
440030211001,1254,494,610,150,0,0,891,170,11,31,25,126,891,139,11,31,8,6,11,5,0,7,1,126
440030211002,970,375,443,152,0,0,794,83,5,9,10,69,794,74,5,9,2,4,0,3,1,3,1,69
440030211003,926,344,448,134,0,0,748,82,10,6,10,70,748,77,10,5,0,3,2,1,0,6,0,70
440030211004,644,235,306,103,0,0,480,84,3,10,12,55,480,76,3,8,3,5,4,0,0,5,0,55
440030212001,998,380,480,138,0,0,777,105,3,7,17,89,777,78,3,27,1,10,3,1,1,2,2,89
440030212002,1675,657,747,271,0,0,1288,167,8,29,35,148,1288,142,8,25,13,11,18,4,2,13,0,148
440030213001,900,366,418,116,0,0,784,35,1,2,16,62,784,31,1,4,1,5,2,6,0,0,1,62
440030213002,1350,536,619,195,0,0,1098,99,7,2,28,116,1098,83,7,16,0,6,17,0,1,0,0,116
440030213003,684,281,302,101,0,0,551,45,4,12,17,55,551,35,4,10,4,4,9,3,1,4,2,55
440030213004,1037,446,440,151,0,0,864,51,7,6,25,84,864,38,7,13,5,5,14,3,0,0,0,84
440030214011,1380,518,653,209,0,0,1095,112,9,19,26,119,1095,94,9,18,9,7,13,3,4,2,0,119
440030214012,750,278,375,97,0,0,579,54,6,10,26,75,579,42,6,12,3,12,9,5,4,2,0,75
440030214013,862,325,386,151,0,0,680,79,1,17,11,74,680,68,0,11,11,2,4,1,1,0,2,74
440030214021,1306,505,615,186,0,0,1016,139,4,18,15,114,1016,118,3,21,12,11,0,1,1,3,2,114
440030214022,577,236,267,74,0,0,459,39,3,6,4,66,459,35,3,4,2,1,2,1,0,2,0,66
440030214023,941,364,437,140,0,0,730,92,4,13,20,82,730,69,4,23,2,5,12,1,0,0,5,82
440030215011,539,219,244,76,0,0,434,47,2,2,4,50,434,40,2,7,0,3,1,0,2,0,0,50
440030215012,752,280,342,130,0,0,594,52,8,17,12,69,594,41,8,11,7,4,4,0,3,1,1,69
440030215013,586,238,273,75,0,0,469,51,4,9,7,46,469,39,4,12,7,1,5,0,0,0,0,46
440030215014,472,182,210,80,0,0,356,39,3,10,15,49,356,33,3,6,4,9,2,0,3,1,0,49
440030215021,692,284,317,91,0,0,525,65,2,4,20,76,525,56,2,9,2,1,8,5,0,0,0,76
440030215022,774,292,356,126,0,0,598,52,0,8,30,86,598,37,0,15,2,5,12,2,1,3,0,86
440030215023,977,358,475,144,0,0,777,70,8,15,13,94,777,55,8,15,5,6,2,2,2,4,1,94
440030215024,712,258,334,120,0,0,588,56,5,2,8,53,588,41,5,15,1,3,2,0,0,0,1,53
440030216001,700,261,325,114,0,0,586,29,1,15,6,63,586,24,1,5,6,2,4,0,2,0,0,63
440030216002,722,257,327,138,0,0,604,23,2,14,27,52,604,18,2,5,8,6,14,1,1,0,0,52
440030217001,786,298,370,118,0,0,568,78,7,12,25,96,568,67,7,11,6,11,7,2,0,1,1,96
440030217002,560,217,261,82,0,0,459,40,1,9,9,42,459,37,1,3,1,2,2,2,1,2,0,42
440030217003,756,293,335,128,0,0,598,60,0,13,5,80,598,45,0,15,2,2,0,3,3,1,1,80
440030217004,613,225,293,95,0,0,475,56,1,5,14,62,475,40,1,16,3,4,1,3,0,0,0,62
440030217005,792,293,377,122,0,0,643,63,1,8,5,72,643,55,1,8,7,2,1,1,1,0,0,72
440030218001,1940,708,929,303,0,0,1512,180,8,27,44,169,1512,153,8,27,8,14,11,5,4,5,0,169
440030218002,1169,444,560,165,0,0,884,91,8,22,25,139,884,77,8,14,6,8,11,5,4,4,1,139
440030219011,574,223,254,97,0,0,464,60,3,1,8,38,464,52,2,8,0,4,3,0,1,0,0,38
440030219012,859,289,426,144,0,0,710,57,4,9,14,65,710,49,3,8,0,6,2,3,5,2,0,65
440030219013,982,337,483,162,0,0,781,91,2,13,23,72,781,78,2,13,1,7,10,1,4,5,0,72
440030219021,755,267,367,121,0,0,615,49,1,7,18,65,615,35,1,14,3,4,4,4,0,1,0,65
440030219022,669,240,324,105,0,0,528,65,1,8,10,57,528,49,1,16,4,0,5,3,0,2,0,57
440030219023,522,189,260,73,0,0,400,49,0,7,11,55,400,38,0,11,3,3,4,0,0,0,1,55
440030219031,1212,458,597,157,0,0,955,81,10,22,22,122,955,67,9,14,6,8,7,2,0,7,1,122
440030219032,1879,730,863,286,0,0,1572,97,4,10,27,169,1572,80,4,17,4,3,11,7,0,1,3,169
440030220001,1046,392,493,161,0,0,875,50,1,6,13,101,875,42,1,8,2,3,7,0,3,0,0,101
440030220002,1648,573,789,286,0,0,1329,108,9,17,17,168,1329,83,8,25,7,0,6,4,0,4,2,168
440030221001,1899,707,908,284,0,0,1524,120,4,29,52,170,1524,100,4,20,14,17,14,10,0,3,5,170
440030221002,715,288,327,100,0,0,588,39,1,9,18,60,588,31,1,8,5,6,4,2,1,2,0,60
440030221003,1004,352,476,176,0,0,785,87,4,19,16,93,785,66,4,21,12,2,7,3,3,0,0,93
440030221004,923,348,439,136,0,0,790,35,0,7,10,81,790,26,0,9,3,4,1,3,3,1,0,81
440030222011,1091,395,508,188,0,0,857,45,5,15,31,138,857,35,5,10,5,17,2,10,8,1,1,138
440030222012,1323,470,626,227,0,0,1118,38,0,22,28,117,1118,32,0,6,10,12,4,8,6,1,0,117
440030222013,1258,454,560,244,0,0,1000,44,1,26,37,150,1000,37,1,7,6,8,20,5,14,1,4,150
440030222014,703,280,293,130,0,0,555,36,0,17,27,68,555,25,0,11,10,7,13,1,2,0,3,68
440030222015,1124,416,532,176,0,0,887,90,3,15,24,105,887,82,3,8,4,13,5,1,3,6,1,105
440030222021,1083,418,511,154,0,0,890,32,7,21,22,111,890,27,7,5,10,4,10,5,4,0,5,111
440030222022,1642,630,750,262,0,0,1299,133,9,29,31,141,1299,113,8,20,12,9,11,5,6,1,5,141
440030223001,575,181,302,92,0,0,448,42,4,19,19,43,448,34,2,8,2,5,4,6,7,1,0,43
440030223002,790,284,400,106,0,0,579,99,4,13,21,74,579,81,4,18,7,5,4,5,4,0,1,74
440030223003,662,263,298,101,0,0,481,70,3,17,24,67,481,64,3,6,8,5,5,10,4,1,3,67
440030223004,776,303,363,110,0,0,565,84,1,13,15,98,565,64,1,20,6,0,10,3,0,0,3,98
440030224001,974,348,438,188,0,0,842,31,0,4,21,76,842,25,0,6,0,3,10,8,1,0,0,76
440030224002,757,250,381,126,0,0,646,21,0,6,19,65,646,15,0,6,5,4,3,7,0,0,0,65
440039800001,8,3,5,0,0,0,7,0,0,1,0,0,7,0,0,0,1,0,0,0,0,0,0,0
440090415001,949,470,352,127,0,0,815,36,8,3,9,78,815,36,8,0,2,3,0,3,0,1,0,78
440090415002,275,127,104,44,0,0,227,10,1,1,2,34,227,10,1,0,0,1,0,0,0,1,0,34
440090501021,1056,392,496,168,0,0,891,34,2,14,20,95,891,28,2,6,5,3,12,2,1,5,1,95
440090501022,1356,469,662,225,0,0,1120,72,2,20,22,120,1120,68,2,4,6,4,10,3,7,0,6,120
440090501031,1192,416,571,205,0,0,968,65,6,6,42,105,968,58,6,7,1,16,6,14,5,0,0,105
440090501032,615,232,290,93,0,0,472,71,3,12,7,50,472,61,3,10,0,5,1,0,10,1,1,50
440090501033,949,369,439,141,0,0,754,84,3,7,14,87,754,79,3,5,1,3,2,2,2,2,2,87
440090501034,1555,535,747,273,0,0,1309,78,4,13,16,135,1309,56,4,22,1,3,3,6,7,0,2,135
440090501041,3352,1107,1631,614,0,0,2866,116,3,35,70,262,2866,87,3,29,6,12,28,13,12,3,7,262
440090503011,1669,543,824,302,0,0,1410,49,0,23,29,158,1410,36,0,13,2,5,8,7,16,3,0,158
440090503012,2105,736,1027,342,0,0,1781,66,3,25,25,205,1781,49,2,17,12,8,3,10,4,5,1,205
440090503021,975,393,433,149,0,0,846,23,0,6,13,87,846,22,0,1,5,4,2,4,0,0,1,87
440090503022,725,233,380,112,0,0,625,16,1,6,20,57,625,11,1,5,2,4,10,2,0,1,2,57
440090503023,755,312,332,111,0,0,629,29,1,6,17,73,629,26,1,3,2,5,2,4,0,0,0,73
440090504011,1372,424,709,239,0,0,1151,58,0,12,18,133,1151,48,0,10,4,5,8,2,4,0,3,133
440090504012,2635,806,1319,510,0,0,2148,119,6,31,48,283,2148,87,6,32,19,17,17,7,7,0,3,283
440090504021,1025,410,459,156,0,0,849,25,0,16,14,121,849,23,0,2,10,1,5,6,1,2,0,121
440090504022,1514,581,666,267,0,0,1281,59,0,9,24,141,1281,48,0,11,1,5,8,2,4,0,1,141
440090505001,2186,633,1142,411,0,0,1832,97,3,14,35,205,1832,67,3,30,5,12,4,7,2,1,2,205
440090505002,816,221,419,176,0,0,701,24,2,4,14,71,701,20,0,4,2,1,2,3,0,0,0,71
440090505003,2333,624,1222,487,0,0,1954,124,0,22,38,195,1954,103,0,21,4,3,9,19,6,0,4,195
440090506001,1228,341,626,261,0,0,1044,47,0,11,10,116,1044,35,0,12,4,3,1,5,3,0,0,116
440090506002,2010,572,987,451,0,0,1741,65,1,13,32,158,1741,40,1,25,2,2,5,15,4,0,2,158
440090506003,1519,451,751,317,0,0,1305,53,3,10,12,136,1305,37,3,16,2,4,2,3,4,0,3,136
440090506004,1626,496,796,334,0,0,1394,37,6,14,23,152,1394,32,6,5,6,6,1,9,1,0,3,152
440090507011,1674,493,840,341,0,0,1452,62,1,7,9,143,1452,57,1,5,3,1,1,4,1,0,2,143
440090507012,806,251,397,158,0,0,666,31,1,3,7,98,666,29,1,2,2,0,1,3,0,0,0,98
440090507013,726,183,356,187,0,0,639,19,0,1,6,61,639,18,0,1,1,0,2,4,0,0,0,61
440090507021,756,214,366,176,0,0,647,28,0,7,12,62,647,21,0,7,3,5,0,3,4,0,0,62
440090507022,1007,298,476,233,0,0,880,29,3,1,7,87,880,21,3,8,0,3,2,2,0,0,0,87
440090507023,719,205,368,146,0,0,643,13,0,11,5,47,643,10,0,3,2,3,0,2,4,0,5,47
440090507024,817,215,430,172,0,0,692,29,0,4,7,85,692,19,0,10,0,1,1,4,0,0,3,85
440090508011,909,330,417,162,0,0,756,64,0,15,3,71,756,54,0,10,14,1,0,0,0,0,0,71
440090508012,869,332,412,125,0,0,733,46,1,22,7,60,733,45,1,1,15,2,0,2,4,2,0,60
440090508013,715,234,353,128,0,0,618,21,0,5,6,65,618,18,0,3,3,4,1,1,0,2,0,65
440090508014,818,305,384,129,0,0,684,41,1,17,4,71,684,35,1,6,12,0,0,1,4,1,0,71
440090508015,583,208,293,82,0,0,451,42,2,10,5,73,451,40,2,2,5,1,1,1,1,1,3,73
440090508021,1189,458,521,210,0,0,938,67,0,35,16,133,938,58,0,9,32,2,1,8,0,0,0,133
440090508022,1775,595,855,325,0,0,1521,62,3,49,21,119,1521,54,3,8,36,4,3,8,4,3,0,119
440090509011,1268,390,633,245,0,0,1066,64,1,11,14,112,1066,54,1,10,8,6,0,3,0,0,1,112
440090509012,2179,785,994,400,0,0,1757,88,1,115,40,178,1757,78,1,10,93,10,7,5,5,4,9,178
440090509013,1459,443,757,259,0,0,1224,60,0,16,22,137,1224,55,0,5,7,7,4,3,0,4,0,137
440090509021,1006,313,507,186,0,0,854,35,0,4,6,107,854,31,0,4,1,3,2,0,1,0,1,107
440090509022,1586,502,766,318,0,0,1379,56,1,11,20,119,1379,50,1,6,9,2,10,2,1,0,0,119
440090509023,2002,681,907,414,0,0,1707,63,1,34,33,164,1707,51,1,12,26,12,5,3,5,0,0,164
440090510001,752,248,321,183,0,0,649,14,0,3,10,76,649,14,0,0,0,4,2,0,0,1,1,76
440090510002,698,233,280,185,0,0,611,18,2,5,8,54,611,13,2,5,1,0,0,2,3,0,1,54
440090511011,1635,564,731,340,0,0,1420,37,0,16,24,138,1420,34,0,3,2,4,3,9,6,4,0,138
440090511012,1544,513,738,293,0,0,1318,74,0,4,11,137,1318,62,0,12,0,1,1,5,0,1,0,137
440090511013,692,224,292,176,0,0,602,8,2,2,10,68,602,6,2,2,0,1,2,3,0,0,0,68
440090511021,1807,594,863,350,0,0,1538,80,0,10,17,162,1538,61,0,19,4,1,5,3,5,0,1,162
440090511022,993,341,455,197,0,0,854,21,0,2,9,107,854,19,0,2,0,1,1,4,1,0,1,107
440090512011,1251,614,471,166,0,0,1035,59,7,15,18,117,1035,52,7,7,9,9,2,4,2,2,0,117
440090512012,2317,1079,972,266,0,0,1953,59,18,40,43,204,1953,56,18,3,14,21,5,8,13,2,7,204
440090512021,1061,576,389,96,0,0,915,24,0,13,23,86,915,21,0,3,2,6,4,3,7,0,0,86
440090512022,709,380,271,58,0,0,600,23,5,2,7,72,600,19,5,4,1,7,0,0,0,0,0,72
440090512023,777,431,285,61,0,0,655,31,15,12,5,59,655,26,15,5,3,3,1,0,1,1,3,59
440090512024,1135,503,446,186,0,0,947,34,3,11,31,109,947,30,3,4,4,13,7,5,1,0,0,109
440090513021,890,373,365,152,0,0,782,12,0,2,19,75,782,10,0,2,0,5,9,1,1,0,0,75
440090513022,1222,543,498,181,0,0,1059,28,2,9,27,97,1059,25,2,3,4,9,10,0,4,0,0,97
440090513023,1250,541,522,187,0,0,1104,28,1,2,17,98,1104,26,1,2,1,1,6,7,1,0,0,98
440090513041,1811,763,761,287,0,0,1503,51,1,12,33,211,1503,43,1,8,1,4,16,9,3,2,1,211
440090513051,751,354,301,96,0,0,645,15,1,21,15,54,645,15,1,0,17,2,2,3,1,0,1,54
440090513052,871,325,404,142,0,0,780,23,0,9,16,43,780,21,0,2,8,3,2,9,0,1,0,43
440090513053,1401,576,603,222,0,0,1177,44,13,11,25,131,1177,41,13,3,2,16,3,3,0,2,3,131
440090513061,1910,751,869,290,0,0,1619,51,9,28,32,171,1619,33,9,18,16,10,7,13,5,3,3,171
440090513062,1376,542,633,201,0,0,1152,49,2,12,17,144,1152,37,2,12,4,6,1,6,1,0,1,144
440090513063,2177,1142,812,223,0,0,1788,64,10,66,52,197,1788,59,10,5,33,16,16,5,17,1,7,197
440090514001,1029,320,582,127,0,0,776,31,17,20,23,162,776,30,17,1,8,8,6,5,3,0,4,162
440090515021,913,338,419,156,0,0,804,34,0,5,13,57,804,29,0,5,4,3,2,6,0,0,1,57
440090515022,549,189,270,90,0,0,480,13,0,4,8,44,480,12,0,1,4,1,4,3,0,0,0,44
440090515023,1252,516,564,172,0,0,1053,40,0,25,20,114,1053,35,0,5,9,5,5,3,4,4,0,114
440090515024,1592,635,733,224,0,0,1340,58,4,6,37,147,1340,37,4,21,3,12,13,5,1,0,0,147
440090515025,1359,548,608,203,0,0,1159,35,7,7,21,130,1159,27,7,8,2,5,3,4,1,3,1,130
440090515031,857,334,404,119,0,0,696,35,3,4,8,111,696,32,3,3,1,1,3,2,1,0,1,111
440090515032,1047,409,469,169,0,0,847,35,5,12,21,127,847,27,5,8,3,4,11,4,4,2,2,127
440090515033,1296,487,592,217,0,0,1093,42,1,9,28,123,1093,39,1,3,3,5,10,2,3,1,2,123
440090515041,686,253,323,110,0,0,596,25,6,2,12,45,596,18,6,7,0,4,7,1,1,0,1,45
440090515042,652,230,305,117,0,0,552,22,3,5,7,63,552,21,3,1,0,4,1,0,4,1,0,63
440090515043,667,240,307,120,0,0,568,23,1,3,4,68,568,17,1,6,1,1,1,1,1,0,0,68
440090515044,1015,356,472,187,0,0,869,29,1,6,13,97,869,24,1,5,4,2,4,3,1,0,0,97
440099901000,0,0,0,0,0,0,0,0,0,0,0,0,0,0,0,0,0,0,0,0,0,0,0,0
440099902000,0,0,0,0,0,0,0,0,0,0,0,0,0,0,0,0,0,0,0,0,0,0,0,0
