BlockGroupID,total_reg,party_rep,party_dem,party_npp,party_lib,party_cnt,party_ain,party_ntl,party_oth,party_unk,eth1_eur,eth1_hisp,eth1_aa,eth1_esa,eth1_oth,eth1_unk,eth2_euro,eth2_64,eth2_unk
560319591001,838,629,106,88,6,9,0,0,0,0,723,32,0,3,1,79,723,32,79
560319591002,473,302,101,65,4,1,0,0,0,0,382,37,0,3,2,49,382,37,49
560319594011,568,470,37,52,5,4,0,0,0,0,490,17,0,3,2,56,490,17,56
560319594012,534,400,83,45,5,1,0,0,0,0,466,14,0,2,3,49,466,13,49
560319594013,594,426,74,81,10,3,0,0,0,0,507,35,0,2,3,47,507,35,47
560319594014,426,312,53,54,5,2,0,0,0,0,360,15,4,3,3,41,360,15,41
560319594015,527,414,52,52,6,3,0,0,0,0,427,30,0,0,9,61,427,30,61
560319594021,529,436,50,37,3,3,0,0,0,0,481,7,0,1,4,36,481,7,36
560319594022,603,472,69,54,7,1,0,0,0,0,501,32,0,2,3,65,501,31,65
560399676011,496,259,136,98,3,0,0,0,0,0,427,7,0,2,5,55,427,7,55
560399676012,606,209,226,161,7,3,0,0,0,0,498,7,6,8,8,79,498,7,79
560399676013,615,256,207,146,6,0,0,0,0,0,486,32,0,8,5,84,486,32,84
560399676021,426,172,144,102,8,0,0,0,0,0,350,4,0,10,1,61,350,4,61
560399676022,412,197,103,106,5,1,0,0,0,0,339,9,2,7,3,52,339,7,52
560399676023,870,454,233,181,2,0,0,0,0,0,738,11,0,9,7,105,738,11,105
560399677011,965,291,448,219,6,1,0,0,0,0,800,28,0,10,24,103,800,28,103
560399677012,439,144,171,122,2,0,0,0,0,0,380,9,0,4,5,41,380,9,41
560399677031,1323,454,614,248,7,0,0,0,0,0,1089,35,1,27,30,141,1089,33,141
560399677032,746,288,290,163,4,0,1,0,0,0,605,11,0,17,9,104,605,11,104
560399677041,671,220,309,129,13,0,0,0,0,0,559,13,1,8,8,82,559,13,82
560399677042,1073,375,445,244,9,0,0,0,0,0,885,42,2,19,14,111,885,42,111
560399677043,914,299,376,235,4,0,0,0,0,0,754,29,0,16,9,106,754,29,106
560399678011,526,132,278,114,2,0,0,0,0,0,433,30,1,8,8,46,433,30,46
560399678012,969,251,433,272,13,0,0,0,0,0,784,41,0,5,22,117,784,41,117
560399678013,1281,357,541,373,10,0,0,0,0,0,1007,56,0,14,35,169,1007,56,169
560399678021,841,314,351,165,9,1,0,0,1,0,696,29,0,10,10,96,696,29,96
560399678022,757,232,315,204,6,0,0,0,0,0,595,54,1,5,12,90,595,54,90
560399678023,234,96,76,60,2,0,0,0,0,0,184,13,0,6,3,28,184,12,28
560399678024,1258,534,453,260,10,1,0,0,0,0,1073,23,0,17,19,126,1073,21,126
560199551001,1113,982,52,74,5,0,0,0,0,0,936,28,0,5,16,128,936,28,128
560199551002,535,482,23,25,2,3,0,0,0,0,445,17,0,3,4,66,445,17,66
560199552011,849,688,81,74,6,0,0,0,0,0,721,27,0,7,8,86,721,27,86
560199552012,508,400,55,52,1,0,0,0,0,0,426,23,0,4,6,49,426,23,49
560199552021,1129,910,106,100,7,6,0,0,0,0,979,29,0,5,6,110,979,29,110
560199552022,633,536,43,48,2,4,0,0,0,0,537,18,0,14,11,53,537,18,53
560199552023,278,227,21,28,1,1,0,0,0,0,235,7,0,1,1,34,235,7,34
560179678001,681,524,82,68,6,1,0,0,0,0,596,19,0,3,2,61,596,19,61
560179678002,790,643,67,74,4,2,0,0,0,0,693,15,0,5,8,69,693,15,69
560179679001,623,534,42,43,3,1,0,0,0,0,553,11,0,1,7,51,553,11,51
560179679002,559,460,58,38,2,1,0,0,0,0,471,11,0,5,18,54,471,11,54
560159577001,540,455,36,47,1,1,0,0,0,0,471,17,0,1,2,49,471,17,49
560159577002,629,538,47,35,5,4,0,0,0,0,541,10,0,0,5,73,541,10,73
560159578001,370,248,56,62,1,3,0,0,0,0,314,21,0,0,3,32,314,21,32
560159578002,737,555,106,71,4,1,0,0,0,0,612,48,0,7,5,65,612,48,65
560159578003,560,398,102,56,4,0,0,0,0,0,455,55,0,6,2,42,455,55,42
560159579001,649,492,97,57,1,2,0,0,0,0,560,20,0,4,3,62,560,20,62
560159579002,971,745,139,83,2,2,0,0,0,0,826,45,0,7,8,85,826,45,85
560159579003,160,123,25,12,0,0,0,0,0,0,129,14,0,1,1,15,129,14,15
560159579004,273,185,48,38,1,1,0,0,0,0,227,29,0,2,1,14,227,29,14
560159580001,229,147,57,24,1,0,0,0,0,0,146,47,0,1,0,35,146,47,35
560159580002,542,471,33,35,2,1,0,0,0,0,490,11,0,0,1,40,490,10,40
560159580003,720,629,50,39,1,1,0,0,0,0,621,10,1,2,1,85,621,10,85
560350001011,864,754,63,44,2,1,0,0,0,0,744,26,0,4,9,81,744,25,81
560350001012,490,431,25,31,2,1,0,0,0,0,426,14,0,2,1,47,426,14,47
560350001013,262,230,11,19,2,0,0,0,0,0,240,5,0,0,2,15,240,5,15
560350001031,1194,923,121,135,8,7,0,0,0,0,1004,30,0,11,18,131,1004,30,131
560350001032,608,489,55,55,5,4,0,0,0,0,518,9,0,8,9,64,518,9,64
560350001041,628,533,40,48,4,3,0,0,0,0,551,10,0,3,7,57,551,10,57
560350001042,766,649,50,60,3,3,0,0,1,0,660,19,0,1,19,67,660,19,67
560130001001,991,512,307,160,9,3,0,0,0,0,830,33,3,5,17,103,830,33,103
560130001002,1022,708,175,127,8,4,0,0,0,0,880,34,0,14,4,90,880,34,90
560130002001,1232,583,469,167,10,3,0,0,0,0,1016,40,0,6,36,134,1016,40,134
560130002002,1157,685,291,165,10,5,0,0,1,0,991,33,0,5,7,121,991,33,121
560130003011,1127,734,247,136,10,0,0,0,0,0,966,27,0,5,7,122,966,27,122
560130003012,619,423,114,78,1,3,0,0,0,0,527,8,1,1,3,79,527,8,79
560130003021,653,494,81,69,7,2,0,0,0,0,556,10,0,2,9,76,556,10,76
560130003022,309,257,20,26,3,3,0,0,0,0,270,3,0,1,5,30,270,3,30
560130004001,399,299,48,49,3,0,0,0,0,0,348,3,0,2,13,33,348,3,33
560130004002,769,561,98,93,14,3,0,0,0,0,652,17,0,4,4,92,652,16,92
560139401001,335,233,64,36,2,0,0,0,0,0,278,10,0,1,12,34,278,10,34
560139401002,331,94,168,65,3,1,0,0,0,0,219,24,0,2,37,49,219,22,49
560139401003,312,40,221,49,1,0,0,0,1,0,211,16,0,4,37,44,211,16,44
560139402011,499,399,34,63,1,2,0,0,0,0,429,9,0,0,4,57,429,9,57
560139402012,793,688,28,72,3,2,0,0,0,0,692,12,0,1,7,81,692,12,81
560139402013,821,692,60,57,9,3,0,0,0,0,680,35,0,3,9,94,680,35,94
560139402021,368,135,201,30,2,0,0,0,0,0,278,22,0,1,22,45,278,21,45
560139402022,528,404,79,38,5,2,0,0,0,0,446,8,1,1,3,69,446,8,69
560139402023,594,156,331,102,3,1,0,0,1,0,419,39,1,4,38,93,419,39,93
560139402024,343,251,65,26,1,0,0,0,0,0,286,9,0,0,6,42,286,9,42
560139403011,342,223,59,56,4,0,0,0,0,0,282,25,1,0,10,24,282,25,24
560139403012,215,139,42,32,2,0,0,0,0,0,158,19,0,1,8,29,158,19,29
560139403021,464,356,64,35,6,3,0,0,0,0,380,38,0,1,4,41,380,38,41
560139403022,524,392,59,64,8,1,0,0,0,0,440,25,0,2,3,54,440,25,54
560139403023,197,159,16,22,0,0,0,0,0,0,169,14,0,0,0,14,169,14,14
560139404001,797,495,178,115,8,1,0,0,0,0,646,46,0,1,13,91,646,46,91
560139404002,641,534,62,43,2,0,0,0,0,0,573,15,0,2,9,42,573,15,42
560139404003,484,367,58,55,4,0,0,0,0,0,411,24,0,7,0,42,411,23,42
560139404004,739,531,121,79,7,1,0,0,0,0,611,33,1,8,7,79,611,33,79
560139404005,497,376,74,41,4,2,0,0,0,0,436,15,0,1,4,41,436,15,41
560139405001,351,260,43,41,5,2,0,0,0,0,300,14,0,0,4,33,300,14,33
560139405002,319,222,45,41,7,4,0,0,0,0,255,13,0,1,5,45,255,13,45
560139405003,298,177,50,69,0,2,0,0,0,0,238,18,0,5,9,28,238,18,28
560330001001,647,424,111,102,8,1,1,0,0,0,536,31,0,9,7,64,536,31,64
560330001002,662,463,121,69,6,3,0,0,0,0,555,25,2,0,7,73,555,25,73
560330001003,808,586,100,105,15,1,1,0,0,0,691,17,0,4,6,90,691,17,90
560330001004,971,715,138,107,8,2,1,0,0,0,839,22,3,3,7,97,839,22,97
560330002001,454,309,76,57,9,2,1,0,0,0,382,15,0,2,5,50,382,15,50
560330002002,629,376,148,89,13,3,0,0,0,0,535,14,0,3,9,68,535,14,68
560330002003,635,457,107,65,4,1,1,0,0,0,560,12,0,5,1,57,560,12,57
560330003001,579,379,107,85,7,1,0,0,0,0,474,26,0,7,8,64,474,26,64
560330003002,515,350,88,68,7,2,0,0,0,0,465,13,0,1,4,32,465,13,32
560330003003,902,680,123,93,4,1,1,0,0,0,783,17,1,4,9,88,783,17,88
560330004001,705,487,112,92,12,2,0,0,0,0,568,49,1,6,9,72,568,49,72
560330004002,777,553,113,102,5,4,0,0,0,0,674,26,0,3,4,70,674,26,70
560330004003,1103,795,182,115,9,2,0,0,0,0,950,22,0,10,8,113,950,22,113
560330005011,653,545,48,55,4,1,0,0,0,0,567,12,0,4,10,60,567,12,60
560330005012,935,703,122,98,6,5,1,0,0,0,751,14,0,6,9,155,751,14,155
560330005013,363,305,32,23,2,1,0,0,0,0,311,13,0,2,1,36,311,13,36
560330005021,817,652,74,80,7,1,3,0,0,0,707,15,0,4,6,85,707,15,85
560330005022,435,362,30,37,5,1,0,0,0,0,403,4,0,1,4,23,403,4,23
560330005023,1282,986,127,160,6,1,2,0,0,0,1114,18,0,9,8,133,1114,18,133
560330006001,764,593,77,89,4,1,0,0,0,0,673,6,0,7,9,69,673,6,69
560330006002,1103,828,129,139,4,3,0,0,0,0,927,27,1,6,13,129,927,27,129
560330006003,1291,997,176,110,8,0,0,0,0,0,1088,23,2,9,19,150,1088,23,150
560279572001,684,609,36,34,5,0,0,0,0,0,608,14,0,1,3,58,608,14,58
560279572002,665,583,45,33,3,1,0,0,0,0,610,11,0,5,1,38,610,11,38
560119502001,647,576,27,38,2,4,0,0,0,0,566,5,0,4,9,63,566,5,63
560119502002,480,436,16,23,2,3,0,0,0,0,410,4,0,4,3,59,410,3,59
560119502003,591,523,21,40,5,2,0,0,0,0,535,6,0,1,2,47,535,6,47
560119502004,774,675,38,55,5,1,0,0,0,0,677,10,0,4,3,80,677,10,80
560119503001,793,707,35,43,4,4,0,0,0,0,682,11,0,1,2,97,682,11,97
560119503002,899,758,64,70,6,1,0,0,0,0,775,9,0,2,2,111,775,9,111
560039626001,572,480,46,41,4,1,0,0,0,0,508,10,0,1,7,46,508,10,46
560039626002,788,640,54,85,7,2,0,0,0,0,668,30,0,2,1,87,668,30,87
560039627001,499,406,43,49,1,0,0,0,0,0,434,9,0,3,7,46,434,9,46
560039627002,576,517,14,40,3,2,0,0,0,0,500,24,0,2,1,49,500,24,49
560039627003,756,566,103,74,9,4,0,0,0,0,622,44,2,3,3,82,622,44,82
560039628001,839,722,44,64,3,6,0,0,0,0,715,17,0,8,2,97,715,17,97
560039628002,561,441,50,50,14,6,0,0,0,0,463,36,1,5,3,53,463,36,53
560039628003,807,685,46,67,5,4,0,0,0,0,683,32,0,5,9,78,683,32,78
560039628004,564,478,26,47,9,4,0,0,0,0,462,36,0,2,3,61,462,36,61
560430002001,441,381,32,24,2,2,0,0,0,0,376,11,0,4,5,45,376,9,45
560430002002,475,383,46,42,3,1,0,0,0,0,379,42,0,3,5,46,379,42,46
560430002003,525,446,26,47,6,0,0,0,0,0,457,1,0,2,1,64,457,1,64
560430002004,397,339,22,33,3,0,0,0,0,0,323,16,0,5,4,49,323,16,49
560430003011,278,201,37,32,7,1,0,0,0,0,204,45,0,4,3,22,204,45,22
560430003012,420,327,51,39,0,3,0,0,0,0,340,30,0,3,12,35,340,30,35
560430003013,393,304,45,39,3,2,0,0,0,0,319,34,0,2,11,27,319,34,27
560430003021,693,566,72,48,5,2,0,0,0,0,583,53,0,10,2,45,583,53,45
560430003022,558,445,59,49,3,2,0,0,0,0,457,33,0,3,11,54,457,33,54
560250002001,220,109,58,49,2,2,0,0,0,0,170,28,1,0,1,20,170,28,20
560250002002,526,298,141,76,9,2,0,0,0,0,425,43,5,3,3,47,425,42,47
560250002003,222,120,60,39,2,1,0,0,0,0,177,11,0,3,3,28,177,11,28
560250002004,198,101,58,34,3,2,0,0,0,0,155,15,3,2,2,21,155,15,21
560250003001,582,342,110,123,5,2,0,0,0,0,466,44,2,1,4,65,466,42,65
560250003002,669,433,142,83,10,1,0,0,0,0,551,35,1,5,11,66,551,35,66
560250003003,495,271,127,91,5,1,0,0,0,0,411,17,1,7,5,54,411,17,54
560250004001,327,212,72,39,4,0,0,0,0,0,274,22,0,0,4,27,274,22,27
560250004002,346,219,67,52,5,3,0,0,0,0,284,19,1,1,3,38,284,19,38
560250004003,527,349,100,71,7,0,0,0,0,0,441,27,1,7,1,50,441,27,50
560250004004,604,380,132,84,8,0,0,0,0,0,510,31,1,4,5,53,510,30,53
560250005011,985,669,177,128,9,2,0,0,0,0,834,41,1,10,5,94,834,41,94
560250005012,472,341,65,64,2,0,0,0,0,0,405,10,3,6,13,35,405,10,35
560250005013,384,255,54,60,11,4,0,0,0,0,325,19,2,2,2,34,325,19,34
560250005014,1088,807,131,140,7,3,0,0,0,0,892,45,2,16,13,120,892,45,120
560250005021,577,399,93,75,6,3,1,0,0,0,480,42,0,7,2,46,480,42,46
560250005022,544,385,89,64,4,2,0,0,0,0,447,20,0,6,5,66,447,20,66
560250006011,188,125,32,29,1,1,0,0,0,0,150,12,1,0,2,23,150,12,23
560250006012,843,559,129,144,8,3,0,0,0,0,683,52,1,12,12,83,683,52,83
560250006021,608,396,113,88,10,1,0,0,0,0,520,22,0,4,8,54,520,22,54
560250006022,772,551,137,73,9,2,0,0,0,0,638,34,2,6,7,85,638,34,85
560250006023,697,486,114,91,5,1,0,0,0,0,572,38,2,13,7,65,572,37,65
560250007001,171,95,40,31,2,3,0,0,0,0,130,15,2,1,1,22,130,15,22
560250007002,474,280,106,76,11,1,0,0,0,0,384,32,2,4,5,47,384,32,47
560250007003,651,413,140,88,10,0,0,0,0,0,545,20,1,5,6,74,545,20,74
560250008001,315,194,66,52,2,1,0,0,0,0,254,13,2,4,8,34,254,13,34
560250008002,473,315,96,59,2,1,0,0,0,0,402,22,0,2,3,44,402,22,44
560250008003,787,504,169,107,7,0,0,0,0,0,651,43,0,4,3,86,651,43,86
560250009011,527,342,101,77,7,0,0,0,0,0,446,22,1,1,1,56,446,22,56
560250009012,926,656,141,123,5,1,0,0,0,0,807,43,0,8,9,59,807,42,59
560250009013,921,690,111,108,10,2,0,0,0,0,772,38,0,3,8,100,772,38,100
560250009021,563,435,64,60,3,1,0,0,0,0,490,9,0,2,3,59,490,9,59
560250009022,870,619,128,117,6,0,0,0,0,0,745,25,1,11,8,80,745,23,80
560250009023,655,497,88,64,4,2,0,0,0,0,563,21,0,3,4,64,563,21,64
560250010001,1057,769,116,157,11,4,0,0,0,0,866,40,1,7,8,135,866,40,135
560250010002,1271,929,165,158,17,2,0,0,0,0,1111,36,1,10,9,104,1111,36,104
560250011001,494,335,84,65,7,3,0,0,0,0,414,24,0,3,6,47,414,24,47
560250011002,760,564,87,90,16,3,0,0,0,0,616,29,0,4,7,104,616,28,104
560250012001,233,152,33,38,9,1,0,0,0,0,192,11,1,0,1,28,192,11,28
560250012002,358,249,56,49,3,1,0,0,0,0,315,12,2,0,5,24,315,12,24
560250014011,1132,895,80,146,8,3,0,0,0,0,955,51,0,8,12,106,955,49,106
560250014012,1089,811,88,171,15,4,0,0,0,0,917,51,0,12,9,100,917,51,100
560250014013,581,418,54,97,8,4,0,0,0,0,508,16,0,5,5,47,508,16,47
560250016021,714,460,119,126,9,0,0,0,0,0,577,37,0,10,9,81,577,35,81
560250016022,204,121,46,32,5,0,0,0,0,0,177,10,0,1,0,16,177,10,16
560250016023,1709,1346,170,181,11,1,0,0,0,0,1456,50,0,17,21,165,1456,50,165
560250016024,744,534,106,97,6,1,0,0,0,0,635,23,0,5,7,74,635,23,74
560250016031,685,572,48,58,4,3,0,0,0,0,609,14,0,6,5,51,609,14,51
560250016032,1434,1108,165,151,10,0,0,0,0,0,1185,53,1,12,12,171,1185,51,171
560250017001,597,493,49,49,5,1,0,0,0,0,528,12,2,3,5,47,528,12,47
560250017002,818,586,99,123,8,2,0,0,0,0,684,20,0,10,10,94,684,20,94
560250017003,981,721,113,135,9,3,0,0,0,0,814,33,0,10,12,112,814,33,112
560250018011,434,369,34,28,2,1,0,0,0,0,362,16,0,4,1,51,362,16,51
560250018012,907,686,103,106,11,1,0,0,0,0,758,31,0,4,10,104,758,31,104
560250018021,609,507,51,44,4,3,0,0,0,0,517,17,0,6,2,67,517,17,67
560250018022,609,490,56,57,1,5,0,0,0,0,534,13,0,6,4,52,534,13,52
560299651001,1238,1025,78,127,6,2,0,0,0,0,1036,39,0,7,13,143,1036,39,143
560299651002,783,673,37,67,5,1,0,0,0,0,666,23,0,7,8,79,666,23,79
560299651003,664,559,49,49,6,1,0,0,0,0,578,25,0,4,2,55,578,24,55
560299651004,540,475,24,40,0,1,0,0,0,0,453,22,0,6,3,56,453,22,56
560299652001,517,399,42,62,10,4,0,0,0,0,419,33,0,1,9,55,419,33,55
560299652002,963,742,121,90,7,3,0,0,0,0,827,23,0,12,11,90,827,23,90
560299652003,408,274,69,52,10,3,0,0,0,0,337,29,0,4,4,34,337,26,34
560299652004,620,446,76,85,6,7,0,0,0,0,507,49,0,8,3,53,507,49,53
560299652005,465,313,62,75,13,2,0,0,0,0,380,27,0,4,3,51,380,24,51
560299653011,1037,852,73,104,4,4,0,0,0,0,900,21,0,4,10,102,900,20,102
560299653012,661,560,51,47,2,1,0,0,0,0,576,12,0,4,11,58,576,12,58
560299653013,503,340,74,87,2,0,0,0,0,0,438,7,0,3,5,50,438,7,50
560299653021,680,556,55,62,5,2,0,0,0,0,587,6,0,1,9,77,587,6,77
560299653022,714,597,48,63,2,4,0,0,0,0,609,18,0,7,8,72,609,15,72
560299653023,797,652,53,86,5,1,0,0,0,0,694,18,0,12,4,69,694,18,69
560299653024,591,491,50,47,3,0,0,0,0,0,498,12,1,1,2,77,498,12,77
560299654011,499,366,55,74,3,1,0,0,0,0,446,9,0,2,1,41,446,9,41
560299654012,841,640,85,109,5,2,0,0,0,0,713,11,1,8,14,94,713,9,94
560299654021,552,417,56,75,2,2,0,0,0,0,468,17,1,3,4,59,468,17,59
560299654022,1403,1146,106,138,11,2,0,0,0,0,1198,24,0,17,4,160,1198,24,160
560299655001,1251,993,115,135,6,2,0,0,0,0,1083,19,2,6,6,135,1083,19,135
560299655002,703,545,71,82,3,2,0,0,0,0,616,15,0,5,8,59,616,15,59
560299655003,542,374,76,81,8,2,0,0,1,0,457,21,1,5,3,55,457,21,55
560419752011,392,328,26,32,5,1,0,0,0,0,360,5,0,1,2,24,360,5,24
560419752012,938,744,74,109,6,5,0,0,0,0,849,17,0,4,5,63,849,15,63
560419752021,751,626,67,53,3,1,1,0,0,0,666,11,0,6,10,58,666,11,58
560419752022,1217,962,132,111,6,6,0,0,0,0,1051,20,0,6,5,135,1051,20,135
560419753011,295,207,44,40,4,0,0,0,0,0,243,22,0,2,4,24,243,22,24
560419753012,313,260,29,24,0,0,0,0,0,0,274,10,0,6,1,22,274,10,22
560419753013,465,337,56,64,5,2,1,0,0,0,401,31,0,0,1,32,401,31,32
560419753021,678,469,107,97,3,2,0,0,0,0,571,50,0,7,3,47,571,48,47
560419753022,753,542,108,87,12,4,0,0,0,0,636,47,0,8,4,58,636,46,58
560419753023,422,328,47,41,4,2,0,0,0,0,368,11,0,5,3,35,368,11,35
560419753024,505,407,58,38,2,0,0,0,0,0,434,20,0,5,3,43,434,20,43
560419754011,483,357,70,46,7,3,0,0,0,0,418,16,0,8,5,36,418,16,36
560419754012,494,342,80,67,0,4,1,0,0,0,439,22,1,5,3,24,439,22,24
560419754013,378,252,67,53,5,1,0,0,0,0,328,11,0,1,6,32,328,11,32
560419754021,321,224,51,42,4,0,0,0,0,0,269,28,0,1,1,22,269,28,22
560419754022,554,416,75,61,1,1,0,0,0,0,479,28,0,2,6,39,479,28,39
560419754023,623,522,49,43,6,2,1,0,0,0,559,18,0,2,6,38,559,18,38
560050001011,922,827,32,52,10,1,0,0,0,0,801,25,0,2,4,90,801,25,90
560050001021,1407,1264,41,92,9,1,0,0,0,0,1224,17,0,3,14,149,1224,17,149
560050001022,1315,1128,74,98,14,1,0,0,0,0,1112,34,2,8,11,148,1112,34,148
560050001031,858,741,34,72,9,2,0,0,0,0,742,49,0,0,3,64,742,48,64
560050002001,908,755,51,84,16,2,0,0,0,0,736,62,0,10,7,93,736,62,93
560050002002,755,654,33,62,5,1,0,0,0,0,621,23,0,4,10,97,621,22,97
560050002003,793,690,38,57,7,1,0,0,0,0,649,41,0,4,5,94,649,41,94
560050002004,731,608,55,61,5,2,0,0,0,0,613,26,0,6,7,79,613,26,79
560050003001,193,152,17,19,5,0,0,0,0,0,155,4,1,0,3,30,155,4,30
560050003002,594,488,39,57,8,2,0,0,0,0,486,28,1,2,3,74,486,28,74
560050003003,893,782,39,59,10,3,0,0,0,0,735,49,1,4,3,101,735,49,101
560050003004,340,293,19,22,3,3,0,0,0,0,292,9,0,3,4,32,292,9,32
560050004001,386,316,26,38,4,2,0,0,0,0,326,16,2,1,3,38,326,16,38
560050004002,363,266,41,49,7,0,0,0,0,0,308,7,0,2,5,41,308,7,41
560050004003,530,457,31,38,3,1,0,0,0,0,439,20,1,0,7,63,439,20,63
560050004004,191,163,13,12,2,1,0,0,0,0,154,9,0,8,1,19,154,9,19
560050005001,591,501,38,42,10,0,0,0,0,0,485,13,0,3,12,78,485,13,78
560050005002,1179,1021,65,80,13,0,0,0,0,0,981,30,1,6,11,150,981,30,150
560050005003,946,794,49,88,14,1,0,0,0,0,808,28,0,5,17,88,808,27,88
560050005004,529,460,23,35,10,1,0,0,0,0,443,17,1,6,7,55,443,17,55
560050006001,754,619,67,59,8,1,0,0,0,0,635,35,0,3,7,74,635,35,74
560050006002,761,616,51,84,6,4,0,0,0,0,628,26,0,5,11,91,628,26,91
560050006003,385,315,32,35,2,1,0,0,0,0,344,7,2,1,2,29,344,7,29
560050007011,810,740,33,33,2,2,0,0,0,0,701,17,0,3,5,84,701,17,84
560050007021,155,128,14,10,2,1,0,0,0,0,136,7,0,0,4,8,136,7,8
560050007022,460,400,21,32,6,1,0,0,0,0,370,21,0,2,3,64,370,21,64
560050007023,799,735,22,38,2,2,0,0,0,0,705,14,0,5,7,68,705,14,68
560050007024,448,396,22,25,3,2,0,0,0,0,369,25,0,0,10,44,369,25,44
560050007025,971,818,63,73,15,2,0,0,0,0,841,23,0,7,5,95,841,23,95
560239780011,1004,753,97,144,10,0,0,0,0,0,866,15,0,9,9,105,866,14,105
560239780012,1130,906,80,124,12,8,0,0,0,0,959,36,0,6,4,125,959,36,125
560239780021,690,419,104,153,11,3,0,0,0,0,602,17,0,1,10,60,602,17,60
560239780022,446,297,54,89,5,1,0,0,0,0,385,7,0,4,4,46,385,6,46
560239780023,575,401,72,92,7,3,0,0,0,0,482,28,0,0,9,56,482,28,56
560239780024,401,294,44,61,1,1,0,0,0,0,341,5,1,0,2,52,341,5,52
560239781001,1155,958,45,130,16,6,0,0,0,0,1044,13,0,4,8,86,1044,13,86
560239781002,893,711,47,122,11,2,0,0,0,0,790,14,0,4,4,81,790,14,81
560239781003,877,735,38,94,5,5,0,0,0,0,794,13,0,4,6,60,794,13,60
560239781004,818,711,19,75,6,7,0,0,0,0,736,19,0,1,0,62,736,19,62
560239782001,493,428,20,40,2,3,0,0,0,0,436,2,0,3,3,49,436,2,49
560239782002,551,444,27,71,7,1,0,0,1,0,485,10,0,2,1,53,485,10,53
560239784001,489,380,40,59,6,4,0,0,0,0,420,5,0,2,3,59,420,5,59
560239784002,293,217,37,33,4,2,0,0,0,0,235,17,0,3,1,37,235,17,37
560239784003,748,580,107,56,5,0,0,0,0,0,640,30,0,7,10,61,640,30,61
560210002001,344,172,123,43,4,2,0,0,0,0,248,64,0,2,2,28,248,63,28
560210002002,346,155,125,61,4,1,0,0,0,0,221,87,1,4,2,31,221,86,31
560210002003,339,158,111,68,2,0,0,0,0,0,223,55,13,2,4,42,223,55,42
560210002004,467,210,143,112,2,0,0,0,0,0,347,65,12,5,2,36,347,65,36
560210003001,304,126,113,57,6,2,0,0,0,0,179,95,4,3,0,23,179,95,23
560210003002,456,242,124,87,1,2,0,0,0,0,351,63,7,2,2,31,351,63,31
560210003003,619,316,155,137,7,3,1,0,0,0,458,87,6,4,9,55,458,87,55
560210004011,370,205,113,47,5,0,0,0,0,0,310,36,0,2,3,19,310,36,19
560210004012,200,99,61,34,4,2,0,0,0,0,143,30,1,0,1,25,143,30,25
560210004013,152,94,33,25,0,0,0,0,0,0,125,11,0,0,0,16,125,11,16
560210004014,557,372,108,73,2,2,0,0,0,0,446,54,1,0,2,54,446,54,54
560210004015,418,228,98,84,7,1,0,0,0,0,325,48,0,5,7,33,325,48,33
560210004031,233,130,62,39,1,1,0,0,0,0,187,25,0,0,2,19,187,25,19
560210004032,927,529,216,168,12,2,0,0,0,0,701,119,0,8,4,95,701,119,95
560210004041,376,220,84,63,7,2,0,0,0,0,289,35,3,1,0,48,289,35,48
560210004042,363,199,84,75,3,1,1,0,0,0,290,26,3,3,2,39,290,26,39
560210005021,979,615,204,151,7,2,0,0,0,0,767,82,5,7,9,109,767,81,109
560210005022,391,225,96,66,3,1,0,0,0,0,307,38,1,2,7,36,307,38,36
560210005031,394,207,101,81,4,1,0,0,0,0,304,40,5,3,3,39,304,39,39
560210005032,488,271,120,92,4,1,0,0,0,0,381,54,3,2,3,45,381,54,45
560210005033,652,401,163,80,7,1,0,0,0,0,511,69,1,3,7,61,511,69,61
560210005034,400,230,83,79,8,0,0,0,0,0,310,45,2,5,5,33,310,45,33
560210006011,475,250,149,73,2,1,0,0,0,0,386,53,1,1,3,31,386,53,31
560210006012,503,263,137,97,5,1,0,0,0,0,418,31,2,0,6,46,418,31,46
560210006021,759,414,219,119,7,0,0,0,0,0,596,70,3,3,6,81,596,70,81
560210006022,874,478,246,140,9,1,0,0,0,0,715,72,4,7,13,63,715,71,63
560210007011,345,155,118,65,7,0,0,0,0,0,274,27,3,0,2,39,274,27,39
560210007012,669,342,185,132,8,2,0,0,0,0,533,57,1,10,7,61,533,56,61
560210007013,173,91,43,35,3,1,0,0,0,0,129,24,2,3,0,15,129,24,15
560210007021,249,118,65,61,4,1,0,0,0,0,195,27,1,5,2,19,195,27,19
560210007022,115,51,32,29,3,0,0,0,0,0,81,10,4,4,4,12,81,10,12
560210008001,305,157,93,52,2,0,1,0,0,0,235,33,1,3,2,31,235,33,31
560210008002,648,390,169,86,1,2,0,0,0,0,527,43,1,5,5,67,527,43,67
560210009001,362,222,89,47,4,0,0,0,0,0,294,30,0,2,2,34,294,30,34
560210009002,372,215,114,40,2,0,1,0,0,0,310,14,0,2,5,41,310,14,41
560210009003,401,217,126,55,3,0,0,0,0,0,336,22,1,0,2,40,336,22,40
560210009004,493,289,125,74,5,0,0,0,0,0,413,22,1,5,14,38,413,22,38
560210010001,278,125,95,55,2,1,0,0,0,0,218,23,3,2,1,31,218,23,31
560210010002,379,198,105,71,4,1,0,0,0,0,331,13,3,4,3,25,331,13,25
560210010003,297,137,107,52,0,1,0,0,0,0,218,43,4,0,0,32,218,43,32
560210010004,354,171,103,70,9,1,0,0,0,0,278,28,8,1,10,29,278,28,29
560210011001,58,34,11,11,2,0,0,0,0,0,39,9,1,0,1,8,39,9,8
560210011002,93,44,22,24,3,0,0,0,0,0,62,14,3,1,0,13,62,14,13
560210011003,72,35,9,25,2,1,0,0,0,0,65,1,0,0,0,6,65,1,6
560210012001,1246,856,246,141,3,0,0,0,0,0,1016,70,1,17,8,134,1016,70,134
560210012002,721,483,142,88,8,0,0,0,0,0,629,21,1,2,10,58,629,21,58
560210012003,520,305,121,89,1,3,1,0,0,0,418,33,4,7,7,51,418,33,51
560210012004,703,475,147,80,0,1,0,0,0,0,580,63,2,6,5,47,580,62,47
560210013011,240,142,60,38,0,0,0,0,0,0,193,16,2,1,9,19,193,16,19
560210013012,600,397,126,72,5,0,0,0,0,0,521,25,1,3,1,49,521,25,49
560210013013,682,372,194,107,5,2,1,1,0,0,567,32,2,6,3,72,567,32,72
560210013021,1149,712,276,151,9,1,0,0,0,0,904,78,0,10,11,146,904,77,146
560210013022,2072,1432,370,258,9,3,0,0,0,0,1711,116,3,28,8,206,1711,115,206
560210013023,489,340,86,57,5,1,0,0,0,0,417,20,0,3,6,43,417,20,43
560210014011,476,268,142,63,3,0,0,0,0,0,383,42,3,2,10,36,383,42,36
560210014012,869,556,187,119,7,0,0,0,0,0,711,67,0,5,6,80,711,67,80
560210014013,535,322,111,95,7,0,0,0,0,0,434,37,0,3,3,58,434,37,58
560210014021,637,468,104,59,3,2,1,0,0,0,523,28,0,2,7,77,523,28,77
560210014022,831,521,195,107,8,0,0,0,0,0,676,59,0,8,5,83,676,59,83
560210015011,785,453,189,129,13,1,0,0,0,0,630,90,6,2,5,52,630,90,52
560210015012,1527,1062,263,190,10,1,1,0,0,0,1254,101,2,9,12,149,1254,101,149
560210015013,451,237,129,78,7,0,0,0,0,0,355,52,1,7,9,27,355,52,27
560210015021,530,303,120,102,4,1,0,0,0,0,410,47,3,5,4,61,410,47,61
560210015022,817,497,180,135,3,2,0,0,0,0,656,74,1,3,5,78,656,73,78
560210015023,393,240,74,76,0,3,0,0,0,0,318,27,0,2,1,45,318,27,45
560210015024,460,250,116,89,5,0,0,0,0,0,370,30,3,0,2,55,370,30,55
560210019011,1336,984,188,155,8,1,0,0,0,0,1119,47,2,14,13,141,1119,47,141
560210019012,1672,1256,213,193,9,0,1,0,0,0,1405,90,1,4,13,159,1405,89,159
560210019013,526,410,58,56,1,1,0,0,0,0,478,17,0,0,4,27,478,17,27
560210019021,619,413,102,95,6,2,1,0,0,0,510,28,0,1,13,67,510,28,67
560210019022,1477,1111,190,166,6,4,0,0,0,0,1237,60,4,7,14,155,1237,60,155
560210019023,838,638,91,101,7,1,0,0,0,0,698,17,0,8,9,106,698,16,106
560210020011,902,706,100,87,6,3,0,0,0,0,696,38,0,2,5,161,696,37,161
560210020012,1409,1073,126,203,5,1,1,0,0,0,1171,55,0,9,5,169,1171,55,169
560210020021,1049,858,93,93,5,0,0,0,0,0,895,40,0,1,14,99,895,40,99
560210020022,1080,653,214,199,10,4,0,0,0,0,836,88,3,18,5,130,836,87,130
560210020023,804,617,92,89,6,0,0,0,0,0,661,47,4,2,8,82,661,47,82
560219808011,0,0,0,0,0,0,0,0,0,0,0,0,0,0,0,0,0,0,0
560019627001,867,451,225,175,15,1,0,0,0,0,693,54,0,9,15,96,693,48,96
560019627002,991,593,208,167,20,3,0,0,0,0,833,60,0,7,5,86,833,60,86
560019627003,574,399,99,70,4,2,0,0,0,0,497,21,0,3,6,47,497,19,47
560019628001,764,412,192,145,13,2,0,0,0,0,611,66,1,7,18,61,611,66,61
560019628002,415,198,118,87,10,2,0,0,0,0,335,42,1,3,3,31,335,41,31
560019628003,308,149,85,69,4,1,0,0,0,0,251,24,0,4,2,27,251,24,27
560019629001,308,137,87,74,6,4,0,0,0,0,238,38,0,2,3,27,238,37,27
560019629002,391,116,195,68,9,3,0,0,0,0,270,75,0,2,7,37,270,75,37
560019630001,403,143,156,96,8,0,0,0,0,0,325,27,3,6,1,41,325,27,41
560019630002,591,247,204,121,15,4,0,0,0,0,467,43,1,7,8,65,467,43,65
560019631011,1187,548,424,198,16,1,0,0,0,0,956,48,2,30,14,137,956,45,137
560019631012,1134,552,369,200,13,0,0,0,0,0,906,52,3,29,21,123,906,52,123
560019631021,1035,441,378,191,23,2,0,0,0,0,797,92,2,17,13,114,797,89,114
560019631022,470,219,149,91,8,3,0,0,0,0,379,22,0,15,14,40,379,22,40
560019631023,432,167,140,106,17,2,0,0,0,0,337,37,1,0,6,51,337,37,51
560019634001,562,173,268,111,9,1,0,0,0,0,456,25,3,4,5,69,456,25,69
560019634002,350,107,160,79,3,1,0,0,0,0,269,27,2,3,5,44,269,27,44
560019634003,360,121,163,68,7,1,0,0,0,0,293,23,1,4,5,34,293,23,34
560019634004,282,93,117,60,11,1,0,0,0,0,230,6,0,7,1,38,230,6,38
560019635001,168,65,54,44,5,0,0,0,0,0,131,10,1,1,5,20,131,10,20
560019635002,167,57,62,40,8,0,0,0,0,0,127,14,0,1,3,22,127,14,22
560019636001,785,232,388,150,15,0,0,0,0,0,649,38,1,4,15,78,649,38,78
560019636002,533,176,259,91,7,0,0,0,0,0,444,15,0,5,9,60,444,15,60
560019636003,542,203,223,100,15,1,0,0,0,0,443,31,0,7,5,56,443,31,56
560019636004,656,277,246,122,10,1,0,0,0,0,545,35,0,10,3,63,545,35,63
560019637001,896,395,295,183,21,2,0,0,0,0,729,65,1,12,6,83,729,65,83
560019637002,300,159,90,44,7,0,0,0,0,0,228,25,0,6,1,40,228,25,40
560019637003,1360,600,479,254,26,1,0,0,0,0,1116,82,1,23,12,126,1116,80,126
560019637004,911,429,301,166,13,2,0,0,0,0,712,68,0,13,11,107,712,66,107
560019639001,439,304,52,80,3,0,0,0,0,0,385,7,0,0,8,39,385,7,39
560019639002,418,283,80,51,4,0,0,0,0,0,354,5,2,5,5,47,354,5,47
560019639003,403,305,45,47,3,3,0,0,0,0,337,12,0,3,8,43,337,11,43
560019639004,365,244,51,61,7,2,0,0,0,0,310,11,0,3,8,33,310,11,33
560379705001,434,301,75,55,2,1,0,0,0,0,346,45,0,5,2,36,346,45,36
560379705002,702,400,183,107,9,3,0,0,0,0,559,64,1,9,13,56,559,64,56
560379706011,173,132,19,19,1,2,0,0,0,0,145,7,0,0,4,17,145,7,17
560379706012,446,277,108,53,7,1,0,0,0,0,341,51,0,3,6,45,341,51,45
560379706013,308,173,87,42,6,0,0,0,0,0,260,17,1,2,2,26,260,17,26
560379706014,553,324,154,66,7,2,0,0,0,0,445,66,0,0,4,38,445,63,38
560379706021,469,275,117,69,6,2,0,0,0,0,400,39,0,1,2,27,400,39,27
560379706022,617,398,114,90,8,7,0,0,0,0,504,52,0,1,12,48,504,49,48
560379706023,600,397,113,80,7,1,2,0,0,0,499,41,0,3,6,51,499,41,51
560379707001,802,536,152,98,15,1,0,0,0,0,660,57,1,5,8,71,660,57,71
560379707002,397,264,89,39,3,2,0,0,0,0,344,27,1,2,0,23,344,27,23
560379707003,692,443,152,86,10,1,0,0,0,0,570,53,1,2,4,62,570,53,62
560379708001,357,233,66,50,6,2,0,0,0,0,279,38,0,0,8,32,279,38,32
560379708002,450,283,103,57,7,0,0,0,0,0,328,41,1,3,20,57,328,41,57
560379708003,318,170,95,47,5,1,0,0,0,0,245,24,4,3,5,37,245,24,37
560379708004,352,206,89,54,2,1,0,0,0,0,270,35,0,6,5,36,270,35,36
560379709021,614,399,146,62,7,0,0,0,0,0,477,38,6,6,11,76,477,38,76
560379709022,678,457,124,91,5,1,0,0,0,0,532,56,0,8,15,67,532,56,67
560379709023,757,469,173,103,11,1,0,0,0,0,634,48,1,3,6,65,634,48,65
560379709031,383,252,90,40,1,0,0,0,0,0,320,22,1,3,10,27,320,22,27
560379709032,441,271,99,62,6,3,0,0,0,0,332,44,2,3,7,53,332,44,53
560379709041,478,379,69,27,1,2,0,0,0,0,394,26,0,2,6,50,394,26,50
560379709042,764,578,88,92,5,1,0,0,0,0,660,37,0,4,3,60,660,37,60
560379709051,593,355,135,84,16,3,0,0,0,0,464,66,0,2,7,54,464,66,54
560379709052,1581,1053,294,216,13,5,0,0,0,0,1253,105,4,17,35,167,1253,105,167
560379710001,443,244,122,69,7,1,0,0,0,0,334,41,0,6,11,51,334,41,51
560379710002,257,161,57,37,1,1,0,0,0,0,208,29,0,0,0,20,208,29,20
560379711001,439,225,136,73,5,0,0,0,0,0,337,34,0,2,15,51,337,33,51
560379711002,367,203,103,54,7,0,0,0,0,0,293,24,0,9,4,37,293,24,37
560379711003,457,277,116,60,3,1,0,0,0,0,356,28,1,9,4,59,356,28,59
560379712001,613,370,170,70,2,1,0,0,0,0,465,49,0,2,13,84,465,49,84
560379712002,643,370,193,73,7,0,0,0,0,0,492,32,1,12,20,86,492,32,86
560379716001,647,527,61,51,6,2,0,0,0,0,532,30,2,2,7,74,532,30,74
560379716002,241,183,23,34,0,1,0,0,0,0,214,13,0,0,1,13,214,13,13
560079676001,257,188,39,26,2,2,0,0,0,0,224,11,1,1,1,19,224,11,19
560079676002,606,515,29,55,6,1,0,0,0,0,529,22,0,4,5,46,529,22,46
560079677001,592,381,117,86,7,1,0,0,0,0,465,71,0,6,4,46,465,71,46
560079677002,314,206,62,40,5,1,0,0,0,0,262,32,0,0,3,17,262,32,17
560079677003,409,257,79,72,1,0,0,0,0,0,309,63,0,2,1,34,309,63,34
560079677004,297,152,81,60,4,0,0,0,0,0,195,74,0,2,1,25,195,72,25
560079678001,535,348,121,60,5,1,0,0,0,0,449,42,0,7,4,33,449,41,33
560079678002,235,94,98,40,1,2,0,0,0,0,106,110,0,2,0,17,106,109,17
560079678003,588,370,127,83,7,1,0,0,0,0,466,59,0,7,3,53,466,58,53
560079678004,401,231,100,63,4,3,0,0,0,0,331,44,0,5,1,20,331,44,20
560079680001,694,494,106,89,4,1,0,0,0,0,597,22,0,2,8,65,597,22,65
560079680002,622,447,74,93,8,0,0,0,0,0,546,19,0,3,7,47,546,17,47
560079680003,143,107,23,12,1,0,0,0,0,0,113,4,2,3,1,20,113,4,20
560079680004,516,395,52,63,4,2,0,0,0,0,453,5,0,3,1,54,453,5,54
560079681001,371,253,30,76,6,6,0,0,0,0,320,8,0,2,0,41,320,8,41
560079681002,322,221,41,54,6,0,0,0,0,0,272,18,0,0,2,30,272,18,30
560099564001,427,364,23,37,2,1,0,0,0,0,360,17,0,0,2,48,360,17,48
560099564002,604,497,51,50,6,0,0,0,0,0,516,27,0,5,5,51,516,27,51
560099564003,492,413,33,38,5,3,0,0,0,0,414,21,0,2,2,53,414,21,53
560099564004,960,801,75,72,9,3,0,0,0,0,804,29,0,6,5,116,804,29,116
560099565001,971,847,46,75,2,1,0,0,0,0,827,22,0,4,6,112,827,21,112
560099565002,494,389,41,54,5,5,0,0,0,0,428,17,1,3,2,43,428,17,43
560099566001,774,676,33,60,5,0,0,0,0,0,657,19,3,7,0,88,657,19,88
560099566002,502,454,21,26,1,0,0,0,0,0,445,5,0,3,3,46,445,5,46
560099566003,589,521,28,35,5,0,0,0,0,0,505,20,0,2,1,61,505,20,61
560099567001,616,508,51,48,7,2,0,0,0,0,504,19,0,3,5,85,504,19,85
560099567002,778,607,78,79,11,3,0,0,0,0,676,19,0,4,4,75,676,19,75
560459511001,788,722,33,30,3,0,0,0,0,0,699,13,0,4,3,69,699,13,69
560459511002,919,801,56,52,5,5,0,0,0,0,835,6,0,2,5,71,835,6,71
560459513001,467,399,29,34,2,3,0,0,0,0,409,2,0,2,2,52,409,2,52
560459513002,569,471,43,51,4,0,0,0,0,0,503,9,0,0,7,50,503,9,50
560459513003,816,692,45,72,3,4,0,0,0,0,701,15,2,3,4,91,701,15,91
