countyfips,countyname,total_reg,age_18_19,age_20_24,age_25_29,age_30_34,age_35_44,age_45_54,age_55_64,age_65_74,age_75_84,age_85over,voters_gender_m,voters_gender_f,voters_gender_unknown,party_rep,party_dem,party_npp,party_rin,party_lib,party_grn,party_lbl,party_con,party_oth,party_unk,eth1_eur,eth1_hisp,eth1_aa,eth1_esa,eth1_oth,eth1_unk,eth2_euro,eth2_64,eth2_93,eth2_30,eth2_10,eth2_23,eth2_21,eth2_81,eth2_34,eth2_14,eth2_12,eth2_85,eth2_66,eth2_61,eth2_35,eth2_32,eth2_55,eth2_29,eth2_83,eth2_33,eth2_38,eth2_59,eth2_99,eth2_26,eth2_19,eth2_unk,languages_description_english,languages_description_spanish,languages_description_portuguese,languages_description_vietnamese,languages_description_hindi,languages_description_italian,languages_description_other,languages_description_unknown,absenteetypes_description_permanent_us,absenteetypes_description_military,commercialdata_estimatedhhincomeamount_avg,g20221108_voted_all,g20221108_reg_all,g20221108_pct_voted_all,g20221108_voted_gender_m,g20221108_reg_gender_m,g20221108_pct_voted_gender_m,g20221108_voted_gender_f,g20221108_reg_gender_f,g20221108_pct_voted_gender_f,g20221108_voted_gender_unk,g20221108_reg_gender_unk,g20221108_pct_voted_gender_unk,g20221108_voted_eur,g20221108_reg_eur,g20221108_pct_voted_eur,g20221108_voted_hisp,g20221108_reg_hisp,g20221108_pct_voted_hisp,g20221108_voted_aa,g20221108_reg_aa,g20221108_pct_voted_aa,g20221108_voted_esa,g20221108_reg_esa,g20221108_pct_voted_esa,g20221108_voted_oth,g20221108_reg_oth,g20221108_pct_voted_oth,g20221108_voted_unk,g20221108_reg_unk,g20221108_pct_voted_unk,s20221108_voted_all,s20221108_reg_all,s20221108_pct_voted_all,s20221108_voted_gender_m,s20221108_reg_gender_m,s20221108_pct_voted_gender_m,s20221108_voted_gender_f,s20221108_reg_gender_f,s20221108_pct_voted_gender_f,s20221108_voted_gender_unk,s20221108_reg_gender_unk,s20221108_pct_voted_gender_unk,s20221108_voted_eur,s20221108_reg_eur,s20221108_pct_voted_eur,s20221108_voted_hisp,s20221108_reg_hisp,s20221108_pct_voted_hisp,s20221108_voted_aa,s20221108_reg_aa,s20221108_pct_voted_aa,s20221108_voted_esa,s20221108_reg_esa,s20221108_pct_voted_esa,s20221108_voted_oth,s20221108_reg_oth,s20221108_pct_voted_oth,s20221108_voted_unk,s20221108_reg_unk,s20221108_pct_voted_unk,p20220802_voted_all,p20220802_reg_all,p20220802_pct_voted_all,p20220802_voted_gender_m,p20220802_reg_gender_m,p20220802_pct_voted_gender_m,p20220802_voted_gender_f,p20220802_reg_gender_f,p20220802_pct_voted_gender_f,p20220802_voted_gender_unk,p20220802_reg_gender_unk,p20220802_pct_voted_gender_unk,p20220802_voted_eur,p20220802_reg_eur,p20220802_pct_voted_eur,p20220802_voted_hisp,p20220802_reg_hisp,p20220802_pct_voted_hisp,p20220802_voted_aa,p20220802_reg_aa,p20220802_pct_voted_aa,p20220802_voted_esa,p20220802_reg_esa,p20220802_pct_voted_esa,p20220802_voted_oth,p20220802_reg_oth,p20220802_pct_voted_oth,p20220802_voted_unk,p20220802_reg_unk,p20220802_pct_voted_unk,s20220517_voted_all,s20220517_reg_all,s20220517_pct_voted_all,s20220517_voted_gender_m,s20220517_reg_gender_m,s20220517_pct_voted_gender_m,s20220517_voted_gender_f,s20220517_reg_gender_f,s20220517_pct_voted_gender_f,s20220517_voted_gender_unk,s20220517_reg_gender_unk,s20220517_pct_voted_gender_unk,s20220517_voted_eur,s20220517_reg_eur,s20220517_pct_voted_eur,s20220517_voted_hisp,s20220517_reg_hisp,s20220517_pct_voted_hisp,s20220517_voted_aa,s20220517_reg_aa,s20220517_pct_voted_aa,s20220517_voted_esa,s20220517_reg_esa,s20220517_pct_voted_esa,s20220517_voted_oth,s20220517_reg_oth,s20220517_pct_voted_oth,s20220517_voted_unk,s20220517_reg_unk,s20220517_pct_voted_unk,s20220308_voted_all,s20220308_reg_all,s20220308_pct_voted_all,s20220308_voted_gender_m,s20220308_reg_gender_m,s20220308_pct_voted_gender_m,s20220308_voted_gender_f,s20220308_reg_gender_f,s20220308_pct_voted_gender_f,s20220308_voted_gender_unk,s20220308_reg_gender_unk,s20220308_pct_voted_gender_unk,s20220308_voted_eur,s20220308_reg_eur,s20220308_pct_voted_eur,s20220308_voted_hisp,s20220308_reg_hisp,s20220308_pct_voted_hisp,s20220308_voted_aa,s20220308_reg_aa,s20220308_pct_voted_aa,s20220308_voted_esa,s20220308_reg_esa,s20220308_pct_voted_esa,s20220308_voted_oth,s20220308_reg_oth,s20220308_pct_voted_oth,s20220308_voted_unk,s20220308_reg_unk,s20220308_pct_voted_unk,cg20211102_voted_all,cg20211102_reg_all,cg20211102_pct_voted_all,cg20211102_voted_gender_m,cg20211102_reg_gender_m,cg20211102_pct_voted_gender_m,cg20211102_voted_gender_f,cg20211102_reg_gender_f,cg20211102_pct_voted_gender_f,cg20211102_voted_gender_unk,cg20211102_reg_gender_unk,cg20211102_pct_voted_gender_unk,cg20211102_voted_eur,cg20211102_reg_eur,cg20211102_pct_voted_eur,cg20211102_voted_hisp,cg20211102_reg_hisp,cg20211102_pct_voted_hisp,cg20211102_voted_aa,cg20211102_reg_aa,cg20211102_pct_voted_aa,cg20211102_voted_esa,cg20211102_reg_esa,cg20211102_pct_voted_esa,cg20211102_voted_oth,cg20211102_reg_oth,cg20211102_pct_voted_oth,cg20211102_voted_unk,cg20211102_reg_unk,cg20211102_pct_voted_unk,s20210803_voted_all,s20210803_reg_all,s20210803_pct_voted_all,s20210803_voted_gender_m,s20210803_reg_gender_m,s20210803_pct_voted_gender_m,s20210803_voted_gender_f,s20210803_reg_gender_f,s20210803_pct_voted_gender_f,s20210803_voted_gender_unk,s20210803_reg_gender_unk,s20210803_pct_voted_gender_unk,s20210803_voted_eur,s20210803_reg_eur,s20210803_pct_voted_eur,s20210803_voted_hisp,s20210803_reg_hisp,s20210803_pct_voted_hisp,s20210803_voted_aa,s20210803_reg_aa,s20210803_pct_voted_aa,s20210803_voted_esa,s20210803_reg_esa,s20210803_pct_voted_esa,s20210803_voted_oth,s20210803_reg_oth,s20210803_pct_voted_oth,s20210803_voted_unk,s20210803_reg_unk,s20210803_pct_voted_unk,s20210309_voted_all,s20210309_reg_all,s20210309_pct_voted_all,s20210309_voted_gender_m,s20210309_reg_gender_m,s20210309_pct_voted_gender_m,s20210309_voted_gender_f,s20210309_reg_gender_f,s20210309_pct_voted_gender_f,s20210309_voted_gender_unk,s20210309_reg_gender_unk,s20210309_pct_voted_gender_unk,s20210309_voted_eur,s20210309_reg_eur,s20210309_pct_voted_eur,s20210309_voted_hisp,s20210309_reg_hisp,s20210309_pct_voted_hisp,s20210309_voted_aa,s20210309_reg_aa,s20210309_pct_voted_aa,s20210309_voted_esa,s20210309_reg_esa,s20210309_pct_voted_esa,s20210309_voted_oth,s20210309_reg_oth,s20210309_pct_voted_oth,s20210309_voted_unk,s20210309_reg_unk,s20210309_pct_voted_unk,g20201103_voted_all,g20201103_reg_all,g20201103_pct_voted_all,g20201103_voted_gender_m,g20201103_reg_gender_m,g20201103_pct_voted_gender_m,g20201103_voted_gender_f,g20201103_reg_gender_f,g20201103_pct_voted_gender_f,g20201103_voted_gender_unk,g20201103_reg_gender_unk,g20201103_pct_voted_gender_unk,g20201103_voted_eur,g20201103_reg_eur,g20201103_pct_voted_eur,g20201103_voted_hisp,g20201103_reg_hisp,g20201103_pct_voted_hisp,g20201103_voted_aa,g20201103_reg_aa,g20201103_pct_voted_aa,g20201103_voted_esa,g20201103_reg_esa,g20201103_pct_voted_esa,g20201103_voted_oth,g20201103_reg_oth,g20201103_pct_voted_oth,g20201103_voted_unk,g20201103_reg_unk,g20201103_pct_voted_unk,p20200804_voted_all,p20200804_reg_all,p20200804_pct_voted_all,p20200804_voted_gender_m,p20200804_reg_gender_m,p20200804_pct_voted_gender_m,p20200804_voted_gender_f,p20200804_reg_gender_f,p20200804_pct_voted_gender_f,p20200804_voted_gender_unk,p20200804_reg_gender_unk,p20200804_pct_voted_gender_unk,p20200804_voted_eur,p20200804_reg_eur,p20200804_pct_voted_eur,p20200804_voted_hisp,p20200804_reg_hisp,p20200804_pct_voted_hisp,p20200804_voted_aa,p20200804_reg_aa,p20200804_pct_voted_aa,p20200804_voted_esa,p20200804_reg_esa,p20200804_pct_voted_esa,p20200804_voted_oth,p20200804_reg_oth,p20200804_pct_voted_oth,p20200804_voted_unk,p20200804_reg_unk,p20200804_pct_voted_unk,r20200519_voted_all,r20200519_reg_all,r20200519_pct_voted_all,r20200519_voted_gender_m,r20200519_reg_gender_m,r20200519_pct_voted_gender_m,r20200519_voted_gender_f,r20200519_reg_gender_f,r20200519_pct_voted_gender_f,r20200519_voted_gender_unk,r20200519_reg_gender_unk,r20200519_pct_voted_gender_unk,r20200519_voted_eur,r20200519_reg_eur,r20200519_pct_voted_eur,r20200519_voted_hisp,r20200519_reg_hisp,r20200519_pct_voted_hisp,r20200519_voted_aa,r20200519_reg_aa,r20200519_pct_voted_aa,r20200519_voted_esa,r20200519_reg_esa,r20200519_pct_voted_esa,r20200519_voted_oth,r20200519_reg_oth,r20200519_pct_voted_oth,r20200519_voted_unk,r20200519_reg_unk,r20200519_pct_voted_unk,s20200519_voted_all,s20200519_reg_all,s20200519_pct_voted_all,s20200519_voted_gender_m,s20200519_reg_gender_m,s20200519_pct_voted_gender_m,s20200519_voted_gender_f,s20200519_reg_gender_f,s20200519_pct_voted_gender_f,s20200519_voted_gender_unk,s20200519_reg_gender_unk,s20200519_pct_voted_gender_unk,s20200519_voted_eur,s20200519_reg_eur,s20200519_pct_voted_eur,s20200519_voted_hisp,s20200519_reg_hisp,s20200519_pct_voted_hisp,s20200519_voted_aa,s20200519_reg_aa,s20200519_pct_voted_aa,s20200519_voted_esa,s20200519_reg_esa,s20200519_pct_voted_esa,s20200519_voted_oth,s20200519_reg_oth,s20200519_pct_voted_oth,s20200519_voted_unk,s20200519_reg_unk,s20200519_pct_voted_unk,pp20200317_voted_all,pp20200317_reg_all,pp20200317_pct_voted_all,pp20200317_voted_gender_m,pp20200317_reg_gender_m,pp20200317_pct_voted_gender_m,pp20200317_voted_gender_f,pp20200317_reg_gender_f,pp20200317_pct_voted_gender_f,pp20200317_voted_gender_unk,pp20200317_reg_gender_unk,pp20200317_pct_voted_gender_unk,pp20200317_voted_eur,pp20200317_reg_eur,pp20200317_pct_voted_eur,pp20200317_voted_hisp,pp20200317_reg_hisp,pp20200317_pct_voted_hisp,pp20200317_voted_aa,pp20200317_reg_aa,pp20200317_pct_voted_aa,pp20200317_voted_esa,pp20200317_reg_esa,pp20200317_pct_voted_esa,pp20200317_voted_oth,pp20200317_reg_oth,pp20200317_pct_voted_oth,pp20200317_voted_unk,pp20200317_reg_unk,pp20200317_pct_voted_unk
04007,GILA,34159,127,1532,1742,1917,3603,3828,6197,8360,5279,1563,16621,17444,94,16176,8337,6490,2338,217,4,0,0,597,0,25578,4458,62,290,559,3212,25578,4417,62,87,86,78,29,230,89,42,38,14,41,51,23,6,9,6,8,4,15,10,0,8,4,3212,12401,442,20,5,5,12,66,21208,23780,1,70149,22358,34000,0.65760000000000007,10797,16541,0.65270000000000006,11519,17366,0.6633,42,93,0.4516,17439,25455,0.68510000000000004,2447,4439,0.55130000000000001,20,62,0.32260000000000005,163,288,0.56600000000000006,334,558,0.59860000000000002,1955,3198,0.61129999999999995,0,34000,0,0,16541,0,0,17366,0,0,93,0,0,25455,0,0,4439,0,0,62,0,0,288,0,0,558,0,0,3198,0,15229,33612,0.45310000000000006,7229,16335,0.4425,7977,17187,0.46410000000000001,23,90,0.25559999999999999,11986,25159,0.47640000000000005,1651,4388,0.37630000000000002,11,60,0.18330000000000002,95,280,0.33929999999999999,179,554,0.32310000000000005,1307,3171,0.41220000000000001,3,33337,0.0001,1,16204,0.0001,2,17044,0.0001,0,89,0,3,24954,0.0001,0,4351,0,0,59,0,0,279,0,0,551,0,0,3143,0,0,33124,0,0,16080,0,0,16956,0,0,88,0,0,24804,0,0,4327,0,0,59,0,0,275,0,0,550,0,0,3109,0,1,32839,0,1,15922,0.0001,0,16829,0,0,88,0,0,24585,0,0,4295,0,0,59,0,0,271,0,0,548,0,1,3081,0.00030000000000000003,0,32638,0,0,15813,0,0,16738,0,0,87,0,0,24452,0,0,4261,0,0,59,0,0,268,0,0,547,0,0,3051,0,0,32263,0,0,15597,0,0,16581,0,0,85,0,0,24165,0,0,4219,0,0,58,0,0,263,0,0,542,0,0,3016,0,26227,32030,0.81879999999999986,12503,15476,0.80789999999999984,13663,16469,0.82960000000000012,61,85,0.71760000000000002,20142,23996,0.83940000000000003,3098,4194,0.73870000000000002,33,58,0.56899999999999995,205,260,0.78849999999999998,418,537,0.77840000000000009,2331,2985,0.78090000000000004,14028,30776,0.45579999999999998,6554,14852,0.44130000000000003,7456,15848,0.47050000000000003,18,76,0.23679999999999998,11005,23114,0.47610000000000002,1572,4008,0.39219999999999999,13,55,0.2364,87,241,0.36100000000000004,181,513,0.3528,1170,2845,0.41120000000000001,0,30234,0,0,14599,0,0,15561,0,0,74,0,0,22718,0,0,3935,0,0,54,0,0,235,0,0,507,0,0,2785,0,0,30234,0,0,14599,0,0,15561,0,0,74,0,0,22718,0,0,3935,0,0,54,0,0,235,0,0,507,0,0,2785,0,3845,30065,0.12790000000000001,1570,14524,0.1081,2264,15468,0.1464,11,73,0.1507,2512,22598,0.11120000000000001,933,3907,0.23880000000000004,7,53,0.1321,26,233,0.1116,79,506,0.15609999999999999,288,2768,0.10400000000000001
04009,GRAHAM,19661,162,1860,1752,1754,3217,3037,2816,2895,1589,572,9512,10085,64,9911,4512,3711,914,115,10,1,0,487,0,13263,4420,41,147,227,1563,13263,4412,40,23,59,20,17,104,43,27,20,3,8,18,2,2,3,1,7,4,10,1,1,1,1,1563,6562,528,13,5,1,5,18,12529,11446,0,71989,10732,19553,0.54889999999999994,5182,9449,0.5484,5529,10041,0.55059999999999998,21,63,0.33329999999999999,7916,13191,0.60010000000000008,1873,4395,0.42619999999999997,12,41,0.29270000000000002,75,144,0.52080000000000004,108,227,0.4758,748,1555,0.48100000000000004,0,19553,0,0,9449,0,0,10041,0,0,63,0,0,13191,0,0,4395,0,0,41,0,0,144,0,0,227,0,0,1555,0,6243,19275,0.32389999999999997,2968,9307,0.31889999999999996,3266,9905,0.32969999999999999,9,63,0.1429,4779,13017,0.36710000000000004,990,4326,0.22880000000000003,2,40,0.050000000000000003,46,139,0.33089999999999997,44,226,0.19469999999999998,382,1527,0.25019999999999998,2,19090,0.0001,0,9216,0,2,9812,0.00020000000000000001,0,62,0,1,12896,0.0001,1,4288,0.00020000000000000001,0,40,0,0,134,0,0,224,0,0,1508,0,0,18979,0,0,9160,0,0,9757,0,0,62,0,0,12821,0,0,4263,0,0,40,0,0,134,0,0,222,0,0,1499,0,4,18770,0.00020000000000000001,1,9049,0.0001,3,9659,0.00030000000000000003,0,62,0,3,12675,0.00020000000000000001,1,4220,0.00020000000000000001,0,40,0,0,133,0,0,220,0,0,1482,0,0,18637,0,0,8985,0,0,9592,0,0,60,0,0,12584,0,0,4196,0,0,39,0,0,132,0,0,220,0,0,1466,0,0,18426,0,0,8875,0,0,9494,0,0,57,0,0,12455,0,0,4141,0,0,39,0,0,130,0,0,215,0,0,1446,0,13646,18270,0.7468999999999999,6470,8800,0.73520000000000008,7147,9416,0.75900000000000012,29,54,0.53700000000000003,9744,12356,0.78859999999999997,2619,4101,0.63860000000000006,22,39,0.56410000000000005,91,130,0.69999999999999996,152,215,0.70700000000000007,1018,1429,0.71239999999999992,6421,17539,0.36609999999999998,2943,8440,0.34869999999999995,3469,9055,0.38310000000000005,9,44,0.20449999999999999,4859,11895,0.40849999999999997,1074,3909,0.27480000000000004,6,36,0.16669999999999999,44,126,0.34920000000000001,43,208,0.20669999999999997,395,1365,0.28939999999999999,0,17232,0,0,8299,0,0,8891,0,0,42,0,0,11692,0,0,3837,0,0,35,0,0,124,0,0,207,0,0,1337,0,0,17232,0,0,8299,0,0,8891,0,0,42,0,0,11692,0,0,3837,0,0,35,0,0,124,0,0,207,0,0,1337,0,1448,17101,0.084700000000000011,579,8228,0.070400000000000004,866,8832,0.098099999999999993,3,41,0.073200000000000001,742,11607,0.063899999999999998,576,3812,0.15109999999999998,2,35,0.057099999999999998,13,122,0.1066,23,206,0.11169999999999999,92,1319,0.069700000000000012
04012,LA PAZ,11083,45,514,581,629,1136,1199,2045,2583,1863,477,5674,5377,32,5066,2084,2550,789,62,4,0,0,528,0,7799,1957,17,80,153,1077,7799,1930,16,18,27,17,12,52,23,13,6,14,27,6,11,3,8,0,5,7,4,2,1,3,0,1077,2405,216,7,1,1,3,10,8440,6165,0,56624,5501,10891,0.50509999999999999,2760,5565,0.496,2732,5294,0.5161,9,32,0.28129999999999999,4228,7644,0.55310000000000004,605,1934,0.31280000000000002,4,16,0.25,37,79,0.46839999999999993,68,153,0.44440000000000002,559,1065,0.52489999999999992,0,10891,0,0,5565,0,0,5294,0,0,32,0,0,7644,0,0,1934,0,0,16,0,0,79,0,0,153,0,0,1065,0,2960,10610,0.27900000000000003,1442,5424,0.26589999999999997,1515,5157,0.29380000000000001,3,29,0.10340000000000001,2376,7431,0.31969999999999998,288,1905,0.1512,2,14,0.1429,10,77,0.12989999999999999,37,148,0.25,247,1035,0.23860000000000001,0,10386,0,0,5306,0,0,5052,0,0,28,0,0,7268,0,0,1878,0,0,13,0,0,74,0,0,140,0,0,1013,0,0,10185,0,0,5187,0,0,4972,0,0,26,0,0,7122,0,0,1857,0,0,13,0,0,70,0,0,139,0,0,984,0,0,9944,0,0,5053,0,0,4865,0,0,26,0,0,6930,0,0,1835,0,0,13,0,0,69,0,0,136,0,0,961,0,0,9780,0,0,4965,0,0,4789,0,0,26,0,0,6801,0,0,1816,0,0,13,0,0,67,0,0,133,0,0,950,0,0,9550,0,0,4844,0,0,4682,0,0,24,0,0,6630,0,0,1787,0,0,13,0,0,65,0,0,128,0,0,927,0,6542,9333,0.70099999999999996,3223,4721,0.68270000000000008,3304,4588,0.72010000000000007,15,24,0.625,4741,6456,0.73439999999999994,1041,1765,0.58979999999999999,8,13,0.61539999999999995,44,64,0.6875,93,128,0.72660000000000002,615,907,0.67810000000000004,2850,8800,0.32389999999999997,1296,4429,0.29260000000000003,1551,4350,0.35660000000000003,3,21,0.1429,2215,6087,0.3639,347,1669,0.20789999999999997,3,12,0.25,15,57,0.26319999999999999,35,124,0.2823,235,851,0.27610000000000001,0,8546,0,0,4297,0,0,4229,0,0,20,0,0,5891,0,0,1635,0,0,11,0,0,57,0,0,121,0,0,831,0,0,8546,0,0,4297,0,0,4229,0,0,20,0,0,5891,0,0,1635,0,0,11,0,0,57,0,0,121,0,0,831,0,585,8454,0.069199999999999998,230,4244,0.054200000000000005,354,4191,0.084499999999999992,1,19,0.052600000000000001,387,5825,0.066400000000000001,141,1622,0.086900000000000005,0,11,0,3,56,0.053600000000000002,11,119,0.09240000000000001,43,821,0.052400000000000002
04013,MARICOPA,2513071,21499,208763,227875,219622,384092,378158,406633,360616,226398,78129,1198412,1299132,15527,857369,750168,785301,96136,21177,1689,561,2,668,0,1573279,509121,48235,74417,65462,242557,1573279,505856,47151,28121,23190,19570,14169,2415,10752,7355,6553,3907,3265,4146,3015,3050,1770,1711,1361,1375,1171,1338,1084,982,741,242557,809073,66901,2255,2957,2727,2077,13434,1613647,1881551,2041,102603,1540234,2494201,0.61749999999999994,728403,1188733,0.6127999999999999,806122,1290164,0.62479999999999991,5709,15304,0.37299999999999994,1066880,1562333,0.68289999999999984,218879,505200,0.43330000000000002,23086,47766,0.48330000000000001,40681,73595,0.55279999999999996,34779,64826,0.53649999999999998,155929,240481,0.64839999999999998,16,2494201,0,4,1188733,0,12,1290164,0,0,15304,0,11,1562333,0,1,505200,0,1,47766,0,0,73595,0,0,64826,0,3,240481,0,847192,2436409,0.34769999999999995,391941,1160181,0.33779999999999999,453276,1261906,0.35920000000000002,1975,14322,0.13789999999999999,619269,1529381,0.40489999999999993,97576,492319,0.19819999999999999,11694,46343,0.25230000000000002,16849,71348,0.23619999999999997,16195,62920,0.25739999999999996,85609,234098,0.36570000000000003,100,2396364,0,47,1141160,0,52,1241503,0,1,13701,0.0001,65,1505984,0,11,483598,0,0,45392,0,2,69842,0,0,61680,0,22,229868,0.0001,0,2371879,0,0,1128999,0,0,1229557,0,0,13323,0,0,1491920,0,0,477861,0,0,44849,0,0,68944,0,0,60938,0,0,227367,0,60,2339056,0,28,1112606,0,31,1213473,0,1,12977,0.0001,36,1472126,0,14,471305,0,1,44113,0,1,67791,0,0,59926,0,8,223795,0,0,2310451,0,0,1098494,0,0,1199289,0,0,12668,0,0,1454907,0,0,465644,0,0,43462,0,0,66735,0,0,59038,0,0,220665,0,0,2270325,0,0,1078266,0,0,1179812,0,0,12247,0,0,1431261,0,0,456999,0,0,42424,0,0,65293,0,0,57873,0,0,216475,0,1860303,2244347,0.82889999999999997,866990,1064991,0.81410000000000005,985078,1167402,0.84379999999999988,8235,11954,0.68890000000000007,1223903,1415734,0.86449999999999994,326024,451533,0.72200000000000009,32085,41732,0.76879999999999993,52308,64475,0.81129999999999991,45296,57066,0.79370000000000007,180687,213807,0.84510000000000007,771165,2115516,0.36450000000000005,346791,1001019,0.34639999999999999,422426,1104247,0.38250000000000001,1948,10250,0.19,550027,1340667,0.4103,99468,422706,0.23530000000000001,12548,38762,0.32369999999999999,16928,59720,0.28349999999999997,15499,52857,0.29320000000000002,76695,200804,0.38190000000000002,2,2062499,0,1,975633,0,1,1077213,0,0,9653,0,0,1309040,0,2,411360,0,0,37474,0,0,57693,0,0,51410,0,0,195522,0,0,2062499,0,0,975633,0,0,1077213,0,0,9653,0,0,1309040,0,0,411360,0,0,37474,0,0,57693,0,0,51410,0,0,195522,0,316469,2042968,0.15489999999999998,128053,965968,0.1326,187406,1067581,0.17550000000000002,1010,9419,0.1072,191878,1297111,0.1479,68728,407467,0.16869999999999999,10195,36979,0.2757,7716,56980,0.13540000000000002,7599,50931,0.14919999999999997,30353,193500,0.15690000000000001
04015,MOHAVE,140030,573,6559,7441,7947,15050,16059,26421,33173,21076,5693,69926,69807,297,73837,19032,37254,7940,928,0,0,0,1039,0,107946,15728,245,1246,1747,13118,107946,15552,230,446,390,224,160,81,387,180,205,113,176,135,196,28,93,15,56,34,80,56,15,37,16,13118,39620,1309,47,20,16,49,220,98749,82062,1,68046,81168,138209,0.58729999999999993,40202,68967,0.58289999999999997,40864,68950,0.5927,102,292,0.3493,65874,106631,0.6177999999999999,6102,15469,0.39450000000000002,117,239,0.48950000000000005,614,1232,0.49840000000000001,927,1718,0.53959999999999997,7534,12920,0.58310000000000006,0,138209,0,0,68967,0,0,68950,0,0,292,0,0,106631,0,0,15469,0,0,239,0,0,1232,0,0,1718,0,0,12920,0,48049,134852,0.35630000000000001,23261,67246,0.34589999999999999,24728,67329,0.36730000000000007,60,277,0.21659999999999999,39704,104160,0.38119999999999998,3018,15034,0.20070000000000002,77,233,0.33049999999999996,328,1203,0.2727,555,1675,0.33130000000000004,4367,12547,0.34810000000000002,4,132386,0,2,65970,0,2,66146,0,0,270,0,3,102343,0,1,14703,0.0001,0,227,0,0,1173,0,0,1645,0,0,12295,0,0,130332,0,0,64898,0,0,65172,0,0,262,0,0,100831,0,0,14421,0,0,220,0,0,1158,0,0,1615,0,0,12087,0,3371,127207,0.026500000000000003,1638,63214,0.025899999999999999,1730,63744,0.027100000000000003,3,249,0.012,2726,98536,0.027700000000000002,241,13996,0.0172,13,214,0.060699999999999997,27,1124,0.024,49,1567,0.031300000000000001,315,11770,0.026800000000000001,29,124770,0.00020000000000000001,13,61914,0.00020000000000000001,16,62616,0.00030000000000000003,0,240,0,28,96685,0.00030000000000000003,0,13715,0,0,209,0,0,1103,0,0,1544,0,1,11514,0.0001,140,121209,0.0012000000000000001,68,60066,0.0011000000000000001,72,60911,0.0012000000000000001,0,232,0,110,94063,0.0012000000000000001,13,13213,0.001,0,202,0,3,1068,0.0027999999999999995,0,1494,0,14,11169,0.0013000000000000002,91495,118422,0.77260000000000006,44229,58589,0.7548999999999999,47126,59610,0.79060000000000008,140,223,0.62779999999999991,72906,92002,0.79239999999999999,8168,12833,0.63650000000000007,139,194,0.71650000000000014,769,1037,0.74159999999999993,1108,1465,0.75629999999999997,8405,10891,0.77170000000000005,40607,110792,0.36649999999999999,19119,54760,0.34910000000000008,21450,55839,0.3841,38,193,0.19690000000000002,33526,86330,0.38829999999999998,2614,11823,0.22109999999999999,54,185,0.29189999999999994,289,960,0.30100000000000005,455,1382,0.32920000000000005,3669,10112,0.36280000000000001,0,107789,0,0,53265,0,0,54342,0,0,182,0,0,84024,0,0,11482,0,0,184,0,0,930,0,0,1343,0,0,9826,0,0,107789,0,0,53265,0,0,54342,0,0,182,0,0,84024,0,0,11482,0,0,184,0,0,930,0,0,1343,0,0,9826,0,7687,106822,0.071999999999999995,3085,52759,0.058499999999999996,4598,53887,0.085300000000000001,4,176,0.022700000000000001,5783,83295,0.069400000000000003,1044,11361,0.091900000000000009,23,178,0.12919999999999998,65,922,0.070499999999999993,90,1334,0.067500000000000004,682,9732,0.070099999999999996
04017,NAVAJO,69676,402,4477,4704,5299,10428,9812,12323,13031,7053,2110,33109,35996,571,25716,23963,13333,3424,431,1,0,0,2808,0,47615,5480,279,795,4450,11057,47615,5448,278,153,324,110,51,3915,150,192,98,22,32,32,29,16,22,6,19,26,28,11,1,1,5,11057,20412,427,10,3,5,11,88,48720,42150,1,70183,40210,69377,0.5796,18609,32953,0.56469999999999998,21383,35856,0.59640000000000004,218,568,0.38380000000000003,29352,47407,0.61910000000000009,2560,5446,0.47010000000000007,114,279,0.40860000000000002,444,789,0.56270000000000009,2364,4437,0.53279999999999994,5376,11019,0.48789999999999994,3,69377,0,1,32953,0,2,35856,0.0001,0,568,0,3,47407,0.0001,0,5446,0,0,279,0,0,789,0,0,4437,0,0,11019,0,24435,68596,0.35619999999999996,11129,32569,0.3417,13213,35478,0.37239999999999995,93,549,0.16940000000000002,18182,46899,0.38769999999999999,1414,5347,0.26439999999999997,67,275,0.24359999999999998,277,779,0.35560000000000003,1361,4401,0.30919999999999997,3134,10895,0.28769999999999996,5,68061,0.0001,3,32294,0.0001,2,35229,0.0001,0,538,0,5,46529,0.0001,0,5297,0,0,274,0,0,769,0,0,4386,0,0,10806,0,0,67515,0,0,32029,0,0,34960,0,0,526,0,0,46150,0,0,5244,0,0,270,0,0,760,0,0,4364,0,0,10727,0,1056,66945,0.015800000000000002,513,31726,0.016199999999999999,543,34700,0.015599999999999999,0,519,0,900,45756,0.019700000000000002,68,5179,0.013100000000000001,1,267,0.0036999999999999997,6,755,0.0079000000000000008,8,4351,0.0018,73,10637,0.0069000000000000008,0,66531,0,0,31529,0,0,34488,0,0,514,0,0,45458,0,0,5138,0,0,265,0,0,752,0,0,4338,0,0,10580,0,0,65863,0,0,31165,0,0,34188,0,0,510,0,0,45001,0,0,5075,0,0,260,0,0,743,0,0,4316,0,0,10468,0,48895,65335,0.74839999999999995,22434,30886,0.72629999999999995,26176,33944,0.77120000000000011,285,505,0.56440000000000001,34836,44668,0.77989999999999993,3423,5014,0.68270000000000008,160,258,0.62019999999999997,541,737,0.73409999999999997,3021,4289,0.70439999999999992,6914,10369,0.66679999999999995,21061,62540,0.33679999999999999,9406,29493,0.31889999999999996,11565,32590,0.35489999999999994,90,457,0.19690000000000002,15597,42855,0.3639,1247,4755,0.26230000000000003,63,240,0.26250000000000001,232,697,0.33289999999999997,1241,4121,0.30110000000000003,2681,9872,0.27160000000000001,0,61539,0,0,28984,0,0,32109,0,0,446,0,0,42183,0,0,4652,0,0,233,0,0,681,0,0,4084,0,0,9706,0,0,61539,0,0,28984,0,0,32109,0,0,446,0,0,42183,0,0,4652,0,0,233,0,0,681,0,0,4084,0,0,9706,0,7363,61308,0.12010000000000001,2886,28855,0.10000000000000001,4428,32008,0.13830000000000003,49,445,0.1101,4573,42036,0.10879999999999998,701,4619,0.15180000000000002,39,233,0.16740000000000002,117,678,0.17259999999999998,746,4077,0.183,1187,9665,0.12279999999999999
04021,PINAL,254885,1703,17257,19298,20669,39346,36799,39692,44339,28948,6771,121601,132230,1054,95687,63025,76295,10631,2022,6,2,0,7217,0,168214,53042,4399,2882,3589,22759,168214,52756,4282,1034,904,469,527,265,760,359,430,364,286,198,199,87,135,38,139,77,147,96,117,62,38,22759,64627,5988,202,84,27,127,493,183337,166662,2,81855,144523,252483,0.57239999999999991,68613,120444,0.5697000000000001,75584,131000,0.57700000000000007,326,1039,0.31380000000000002,104787,166659,0.62879999999999991,20765,52589,0.39489999999999992,2084,4344,0.47969999999999996,1431,2845,0.50299999999999989,1932,3544,0.54510000000000003,13524,22502,0.60099999999999998,2,252483,0,1,120444,0,1,131000,0,0,1039,0,2,166659,0,0,52589,0,0,4344,0,0,2845,0,0,3544,0,0,22502,0,75988,246734,0.308,35548,117645,0.30219999999999997,40322,128111,0.31469999999999998,118,978,0.1207,56965,162956,0.34960000000000002,9417,51471,0.183,962,4217,0.22809999999999997,633,2753,0.22990000000000005,940,3449,0.27250000000000002,7071,21888,0.32310000000000005,6,242633,0,3,115702,0,3,125995,0,0,936,0,6,160274,0,0,50717,0,0,4132,0,0,2684,0,0,3369,0,0,21457,0,0,239747,0,0,114242,0,0,124597,0,0,908,0,0,158415,0,0,50165,0,0,4077,0,0,2647,0,0,3307,0,0,21136,0,15,235517,0.0001,7,112133,0.0001,8,122505,0.0001,0,879,0,14,155562,0.0001,0,49471,0,0,3999,0,1,2586,0.00040000000000000002,0,3234,0,0,20665,0,0,232065,0,0,110412,0,0,120799,0,0,854,0,0,153274,0,0,48841,0,0,3935,0,0,2526,0,0,3188,0,0,20301,0,0,227061,0,0,107885,0,0,118347,0,0,829,0,0,149942,0,0,47904,0,0,3842,0,0,2459,0,0,3111,0,0,19803,0,174196,223475,0.77949999999999997,81008,106160,0.7631,92697,116504,0.79570000000000007,491,811,0.60540000000000005,120149,147575,0.81419999999999992,31705,47224,0.6714,2853,3777,0.75539999999999996,1780,2413,0.73770000000000002,2361,3031,0.77900000000000014,15348,19455,0.78890000000000005,65825,209568,0.31410000000000005,29832,99382,0.30019999999999997,35886,109481,0.32779999999999998,107,705,0.15180000000000002,48409,138801,0.34880000000000005,9194,44038,0.20880000000000001,997,3513,0.2838,543,2240,0.24240000000000003,845,2809,0.30080000000000001,5837,18167,0.32130000000000003,0,203959,0,0,96690,0,0,106597,0,0,672,0,0,135220,0,0,42816,0,0,3390,0,0,2168,0,0,2737,0,0,17628,0,0,203959,0,0,96690,0,0,106597,0,0,672,0,0,135220,0,0,42816,0,0,3390,0,0,2168,0,0,2737,0,0,17628,0,23542,202078,0.11650000000000001,9363,95771,0.097799999999999998,14143,105651,0.13389999999999999,36,656,0.054900000000000004,14525,133954,0.10840000000000001,5773,42459,0.13599999999999998,786,3340,0.23530000000000001,199,2150,0.092599999999999988,322,2717,0.11850000000000001,1937,17458,0.11099999999999999
04025,YAVAPAI,169045,777,7451,7943,8349,16634,17774,29962,43453,28726,7895,81392,87215,438,82914,32351,11936,10489,1374,2,0,0,29979,0,133186,14479,182,1781,2217,17200,133186,14304,169,491,573,307,190,98,599,250,376,112,175,178,203,72,109,22,62,54,95,86,13,22,18,17200,58710,1333,58,27,35,79,405,108398,129775,3,83799,122975,167574,0.7339,58495,80636,0.72539999999999993,64257,86504,0.74280000000000002,223,434,0.51380000000000003,100146,132108,0.7581,7565,14310,0.52870000000000006,115,177,0.64969999999999994,1135,1754,0.64710000000000012,1581,2193,0.7209000000000001,12433,17032,0.72999999999999998,3,167574,0,2,80636,0,1,86504,0,0,434,0,2,132108,0,1,14310,0.0001,0,177,0,0,1754,0,0,2193,0,0,17032,0,82025,164255,0.49939999999999996,38113,78972,0.48260000000000003,43790,84871,0.51600000000000001,122,412,0.29610000000000003,67768,129700,0.52249999999999996,4215,13928,0.30260000000000004,71,174,0.40800000000000003,707,1693,0.41760000000000003,1028,2136,0.48130000000000006,8236,16624,0.49539999999999995,8,161688,0,5,77720,0.0001,3,83568,0,0,400,0,6,127779,0,0,13649,0,0,171,0,0,1639,0,0,2095,0,2,16355,0.0001,0,159956,0,0,76878,0,0,82684,0,0,394,0,0,126503,0,0,13454,0,0,168,0,0,1616,0,0,2069,0,0,16146,0,4,157112,0,1,75427,0,3,81298,0,0,387,0,3,124429,0,1,13121,0.0001,0,165,0,0,1573,0,0,2022,0,0,15802,0,0,154937,0,0,74328,0,0,80233,0,0,376,0,0,122788,0,0,12875,0,0,162,0,0,1543,0,0,1994,0,0,15575,0,0,151717,0,0,72706,0,0,78647,0,0,364,0,0,120368,0,0,12555,0,0,157,0,0,1504,0,0,1941,0,0,15192,0,129916,149457,0.86929999999999996,61262,71573,0.85590000000000011,68400,77528,0.88229999999999986,254,356,0.71350000000000002,104758,118645,0.88300000000000001,9209,12354,0.74539999999999984,127,153,0.83010000000000006,1221,1470,0.83060000000000012,1620,1903,0.85129999999999995,12981,14932,0.86929999999999996,69855,142254,0.49109999999999998,31813,67938,0.46829999999999999,37939,73999,0.51270000000000004,103,317,0.32489999999999997,57850,113266,0.51070000000000004,3642,11556,0.31520000000000004,63,141,0.44679999999999997,611,1391,0.43929999999999997,863,1788,0.48270000000000002,6826,14112,0.48369999999999996,1,139323,0,1,66505,0,0,72521,0,0,297,0,0,111074,0,1,11247,0.0001,0,139,0,0,1343,0,0,1752,0,0,13768,0,0,139323,0,0,66505,0,0,72521,0,0,297,0,0,111074,0,0,11247,0,0,139,0,0,1343,0,0,1752,0,0,13768,0,18632,138484,0.13450000000000001,7036,66082,0.1065,11563,72109,0.16039999999999999,33,293,0.11259999999999999,14679,110450,0.13290000000000002,1529,11155,0.1371,31,139,0.223,206,1329,0.155,220,1745,0.12609999999999999,1967,13666,0.1439
04027,YUMA,105509,933,9715,10606,10212,16560,13650,15212,15067,10076,3418,51236,53640,633,31823,32007,35018,2622,670,0,0,0,3369,0,40166,58019,256,1005,927,5136,40166,57734,233,295,326,214,129,25,198,99,188,133,285,29,78,30,34,15,33,24,17,8,23,19,13,5136,20995,8557,267,27,18,85,142,75418,73849,0,66469,45977,104691,0.43920000000000003,22036,50787,0.43390000000000006,23804,53279,0.44679999999999997,137,625,0.21919999999999998,24650,39730,0.62039999999999995,17476,57739,0.30270000000000002,108,252,0.42859999999999998,474,997,0.47539999999999993,399,911,0.438,2870,5062,0.56699999999999995,0,104691,0,0,50787,0,0,53279,0,0,625,0,0,39730,0,0,57739,0,0,252,0,0,997,0,0,911,0,0,5062,0,24659,101840,0.24210000000000004,11681,49414,0.2364,12921,51837,0.24929999999999999,57,589,0.096799999999999997,14500,38556,0.37609999999999999,8050,56300,0.14300000000000002,52,241,0.21580000000000005,241,967,0.2492,197,875,0.22509999999999999,1619,4901,0.33029999999999998,2,99519,0,0,48282,0,2,50682,0,0,555,0,1,37785,0,1,54926,0,0,235,0,0,953,0,0,845,0,0,4775,0,0,98047,0,0,47582,0,0,49943,0,0,522,0,0,37245,0,0,54102,0,0,229,0,0,940,0,0,830,0,0,4701,0,3,96538,0,1,46836,0,2,49191,0,0,511,0,1,36495,0,1,53504,0,0,225,0,0,922,0,0,810,0,1,4582,0.00020000000000000001,0,95466,0,0,46294,0,0,48672,0,0,500,0,0,35968,0,0,53061,0,0,221,0,0,905,0,0,799,0,0,4512,0,0,93828,0,0,45446,0,0,47895,0,0,487,0,0,35236,0,0,52338,0,0,212,0,0,879,0,0,776,0,0,4387,0,62868,92543,0.6792999999999999,29163,44768,0.65139999999999998,33461,47297,0.70750000000000002,244,478,0.51049999999999995,27765,34618,0.80199999999999994,30518,51784,0.58929999999999993,146,208,0.70189999999999997,614,867,0.70820000000000005,538,766,0.70229999999999992,3287,4300,0.76439999999999997,22225,87762,0.25319999999999998,10173,42454,0.23959999999999998,12007,44883,0.26749999999999996,45,425,0.10589999999999999,12875,32881,0.39160000000000006,7495,49137,0.1525,54,192,0.28129999999999999,207,809,0.25590000000000002,191,715,0.2671,1403,4028,0.34829999999999994,0,85930,0,0,41573,0,0,43949,0,0,408,0,0,32135,0,0,48220,0,0,183,0,0,788,0,0,697,0,0,3907,0,0,85930,0,0,41573,0,0,43949,0,0,408,0,0,32135,0,0,48220,0,0,183,0,0,788,0,0,697,0,0,3907,0,8840,85277,0.10370000000000001,3621,41224,0.087799999999999989,5192,43648,0.11899999999999999,27,405,0.066700000000000009,3024,31832,0.095000000000000001,5290,47924,0.11040000000000001,31,180,0.17219999999999999,73,784,0.093099999999999988,81,694,0.1167,341,3863,0.088300000000000003
04001,APACHE,51862,324,3379,4029,4718,8675,7750,8955,8215,4128,1585,24150,27048,664,10693,27466,10014,2044,219,22,0,0,1404,0,31113,2890,273,774,6051,10761,31113,2873,273,44,411,60,20,5851,59,226,45,9,17,14,15,4,4,4,19,3,9,4,0,0,2,10761,11463,126,7,1,1,3,22,40239,28409,0,57859,26736,51701,0.5171,11741,24064,0.48789999999999994,14765,26975,0.54739999999999989,230,662,0.34739999999999993,17001,31009,0.54830000000000001,1332,2878,0.46279999999999999,100,272,0.36760000000000004,355,771,0.46040000000000003,3218,6044,0.53239999999999998,4730,10727,0.44089999999999996,0,51701,0,0,24064,0,0,26975,0,0,662,0,0,31009,0,0,2878,0,0,272,0,0,771,0,0,6044,0,0,10727,0,17405,51132,0.34039999999999998,7447,23773,0.31330000000000002,9827,26713,0.3679,131,646,0.20280000000000001,11195,30655,0.36519999999999997,784,2833,0.2767,61,269,0.22679999999999997,239,765,0.31239999999999996,2151,6004,0.35829999999999995,2975,10606,0.28050000000000003,0,50660,0,0,23536,0,0,26490,0,0,634,0,0,30383,0,0,2797,0,0,267,0,0,756,0,0,5959,0,0,10498,0,0,50338,0,0,23371,0,0,26337,0,0,630,0,0,30187,0,0,2778,0,0,266,0,0,751,0,0,5931,0,0,10425,0,2,50014,0,1,23204,0,1,26185,0,0,625,0,2,29975,0.0001,0,2756,0,0,259,0,0,745,0,0,5920,0,0,10359,0,0,49821,0,0,23104,0,0,26094,0,0,623,0,0,29856,0,0,2738,0,0,259,0,0,742,0,0,5909,0,0,10317,0,0,49442,0,0,22917,0,0,25909,0,0,616,0,0,29626,0,0,2700,0,0,255,0,0,733,0,0,5888,0,0,10240,0,33267,49145,0.67690000000000006,14554,22746,0.63979999999999992,18392,25788,0.71320000000000006,321,611,0.52539999999999998,20727,29460,0.7036,1759,2681,0.65610000000000002,136,253,0.53749999999999998,465,729,0.63789999999999991,4015,5860,0.68520000000000014,6165,10162,0.60670000000000002,13861,47359,0.29270000000000002,5886,21884,0.26900000000000002,7862,24908,0.31559999999999999,113,567,0.19929999999999998,8992,28407,0.3165,682,2563,0.26610000000000006,43,243,0.17699999999999999,186,706,0.26350000000000001,1714,5687,0.3014,2244,9753,0.23009999999999997,0,46963,0,0,21690,0,0,24713,0,0,560,0,0,28149,0,0,2538,0,0,242,0,0,701,0,0,5665,0,0,9668,0,0,46963,0,0,21690,0,0,24713,0,0,560,0,0,28149,0,0,2538,0,0,242,0,0,701,0,0,5665,0,0,9668,0,6540,46852,0.1396,2670,21638,0.1234,3815,24654,0.1547,55,560,0.098199999999999996,3861,28078,0.13750000000000001,321,2529,0.12690000000000001,20,241,0.083000000000000004,111,698,0.159,1088,5659,0.1923,1139,9647,0.11809999999999998
04003,COCHISE,76859,473,4613,4800,5268,10272,9664,13138,15589,10035,2976,37566,38929,364,29985,19273,19396,5000,635,60,1,0,2509,0,49965,18981,532,999,748,5634,49965,18861,512,196,281,104,135,20,188,249,167,64,120,64,44,19,44,10,39,11,22,15,20,18,21,5634,25465,3330,110,42,7,47,311,47547,50799,1,75208,46254,76264,0.60649999999999993,22412,37242,0.60179999999999989,23695,38662,0.6129,147,360,0.4083,33725,49569,0.68039999999999989,7727,18876,0.40939999999999993,260,524,0.49619999999999997,578,991,0.58320000000000005,419,733,0.5716,3545,5571,0.63629999999999998,2,76264,0,1,37242,0,1,38662,0,0,360,0,2,49569,0,0,18876,0,0,524,0,0,991,0,0,733,0,0,5571,0,26919,74637,0.36070000000000002,12785,36407,0.35119999999999996,14056,37894,0.37089999999999995,78,336,0.23210000000000003,20453,48575,0.42110000000000003,3674,18449,0.1991,144,509,0.28289999999999998,310,975,0.31789999999999996,245,711,0.34460000000000002,2093,5418,0.38630000000000003,974,73521,0.013199999999999998,474,35850,0.013199999999999998,499,37347,0.0134,1,324,0.0030999999999999999,248,47912,0.0052000000000000006,681,18132,0.037600000000000001,0,498,0,6,959,0.0063,7,703,0.01,32,5317,0.0060000000000000001,578,72817,0.0079000000000000008,263,35490,0.0073999999999999995,314,37010,0.0084999999999999989,1,317,0.0032000000000000002,145,47439,0.0030999999999999999,405,17987,0.022499999999999999,1,492,0.002,8,939,0.0084999999999999989,3,692,0.0043,16,5268,0.0030000000000000001,2441,71933,0.0339,1145,35026,0.032700000000000007,1292,36597,0.035299999999999998,4,310,0.0129,1928,46853,0.041100000000000005,302,17796,0.016999999999999998,2,485,0.0040999999999999995,13,922,0.014099999999999998,12,679,0.0177,184,5198,0.035400000000000001,0,71167,0,0,34637,0,0,36225,0,0,305,0,0,46319,0,0,17657,0,0,479,0,0,909,0,0,672,0,0,5131,0,0,70028,0,0,34060,0,0,35674,0,0,294,0,0,45559,0,0,17402,0,0,467,0,0,895,0,0,659,0,0,5046,0,54239,69250,0.78320000000000012,25755,33637,0.76570000000000005,28300,35322,0.80120000000000002,184,291,0.63229999999999997,37429,45038,0.83109999999999995,11232,17233,0.65179999999999993,345,459,0.75160000000000005,697,889,0.78400000000000003,499,644,0.77479999999999993,4037,4987,0.80950000000000011,25433,66015,0.38530000000000003,11747,32019,0.36689999999999995,13623,33739,0.40380000000000005,63,257,0.24509999999999996,18920,43031,0.43970000000000004,3883,16375,0.23710000000000001,147,423,0.34750000000000003,298,847,0.3518,221,606,0.36469999999999997,1964,4733,0.41500000000000004,2372,64829,0.036600000000000001,1025,31410,0.032600000000000004,1340,33168,0.040400000000000005,7,251,0.027900000000000001,459,42291,0.010900000000000002,1833,16060,0.11410000000000001,0,411,0,13,827,0.015699999999999999,12,596,0.0201,55,4644,0.011800000000000001,0,64829,0,0,31410,0,0,33168,0,0,251,0,0,42291,0,0,16060,0,0,411,0,0,827,0,0,596,0,0,4644,0,8790,64354,0.1366,3634,31172,0.1166,5135,32938,0.15589999999999998,21,244,0.086099999999999996,5380,42010,0.12809999999999999,2557,15942,0.16039999999999999,116,408,0.2843,72,817,0.088099999999999984,77,589,0.13069999999999998,588,4588,0.12819999999999998
04005,COCONINO,89976,1334,9771,8468,8145,14531,12644,13812,13226,6263,1754,43864,45437,675,23098,36325,23617,4651,796,139,0,0,1350,0,62531,8922,315,1533,4178,12497,62531,8862,308,289,538,306,101,3164,265,293,247,57,60,74,76,35,47,17,54,26,31,23,7,6,12,12497,25381,694,19,8,16,28,202,63628,62521,1,93994,54387,89392,0.60839999999999994,25884,43541,0.59450000000000003,28282,45183,0.6258999999999999,221,668,0.33079999999999998,40254,62123,0.64799999999999991,4255,8850,0.48080000000000001,134,313,0.42810000000000004,802,1521,0.52729999999999999,2293,4162,0.55089999999999995,6649,12423,0.53520000000000001,0,89392,0,0,43541,0,0,45183,0,0,668,0,0,62123,0,0,8850,0,0,313,0,0,1521,0,0,4162,0,0,12423,0,29085,86954,0.33450000000000002,13225,42413,0.31179999999999997,15765,43921,0.3589,95,620,0.15319999999999998,22003,60482,0.36380000000000001,2080,8502,0.24460000000000001,67,297,0.22559999999999997,355,1460,0.2432,1252,4101,0.30530000000000002,3328,12112,0.27480000000000004,19847,85589,0.2319,9331,41788,0.2233,10472,43214,0.24230000000000002,44,587,0.074999999999999997,15436,59551,0.25919999999999999,1359,8341,0.16289999999999999,37,293,0.1263,269,1429,0.18820000000000001,634,4062,0.15609999999999999,2112,11913,0.17730000000000001,0,84717,0,0,41358,0,0,42793,0,0,566,0,0,58980,0,0,8220,0,0,289,0,0,1410,0,0,4033,0,0,11785,0,1071,83654,0.012800000000000001,543,40834,0.013300000000000001,526,42276,0.0124,2,544,0.0036999999999999997,855,58241,0.0147,104,8092,0.0129,1,277,0.0035999999999999999,6,1384,0.0043,11,4009,0.0027000000000000001,94,11651,0.0080999999999999996,0,82647,0,0,40351,0,0,41763,0,0,533,0,0,57519,0,0,7992,0,0,274,0,0,1352,0,0,3987,0,0,11523,0,0,81588,0,0,39769,0,0,41299,0,0,520,0,0,56775,0,0,7857,0,0,268,0,0,1336,0,0,3953,0,0,11399,0,65272,80842,0.80740000000000001,30949,39382,0.78590000000000004,34017,40951,0.83069999999999999,306,509,0.60120000000000007,46906,56293,0.83320000000000005,5763,7745,0.74409999999999998,196,266,0.7367999999999999,1018,1316,0.77359999999999995,2970,3920,0.75770000000000004,8419,11302,0.74490000000000001,28770,76664,0.37530000000000002,12888,37240,0.34609999999999996,15790,38983,0.40499999999999997,92,441,0.20859999999999998,21531,53607,0.40160000000000001,2182,7220,0.30219999999999997,75,246,0.3049,384,1216,0.31580000000000003,1293,3764,0.34350000000000003,3305,10611,0.3115,1,75154,0,0,36524,0,1,38211,0,0,419,0,1,52579,0,0,7033,0,0,240,0,0,1185,0,0,3715,0,0,10402,0,80,75154,0.0011000000000000001,43,36524,0.0012000000000000001,36,38211,0.00089999999999999998,1,419,0.0024000000000000002,50,52579,0.001,22,7033,0.0030999999999999999,0,240,0,0,1185,0,4,3715,0.0011000000000000001,4,10402,0.00040000000000000002,15192,74699,0.20339999999999997,6233,36295,0.17169999999999999,8905,37991,0.23440000000000003,54,413,0.13080000000000003,10985,52260,0.2102,1432,6977,0.20519999999999999,50,239,0.20919999999999997,240,1169,0.20529999999999998,708,3704,0.19109999999999999,1777,10350,0.17169999999999999
04011,GREENLEE,4667,28,340,438,456,867,769,707,632,310,118,2387,2269,11,1744,1452,1014,307,49,3,0,0,98,0,2651,1667,8,19,38,284,2651,1657,8,4,13,1,1,8,12,3,1,3,10,0,0,2,5,0,0,1,2,0,0,0,0,284,1277,190,6,0,0,1,3,3190,2825,0,79840,2447,4639,0.52750000000000008,1230,2369,0.51919999999999999,1212,2259,0.53649999999999998,5,11,0.45450000000000002,1511,2634,0.57369999999999999,766,1657,0.46230000000000004,3,8,0.375,6,19,0.31580000000000003,21,38,0.55260000000000009,140,283,0.49470000000000003,0,4639,0,0,2369,0,0,2259,0,0,11,0,0,2634,0,0,1657,0,0,8,0,0,19,0,0,38,0,0,283,0,1333,4592,0.2903,645,2346,0.27489999999999998,685,2236,0.30639999999999995,3,10,0.29999999999999999,829,2603,0.31850000000000001,420,1647,0.255,0,8,0,2,19,0.10529999999999999,14,38,0.36839999999999995,68,277,0.2455,0,4545,0,0,2324,0,0,2211,0,0,10,0,0,2577,0,0,1631,0,0,8,0,0,19,0,0,38,0,0,272,0,0,4515,0,0,2303,0,0,2203,0,0,9,0,0,2562,0,0,1623,0,0,8,0,0,19,0,0,38,0,0,265,0,0,4476,0,0,2282,0,0,2185,0,0,9,0,0,2536,0,0,1611,0,0,8,0,0,19,0,0,38,0,0,264,0,0,4444,0,0,2268,0,0,2167,0,0,9,0,0,2515,0,0,1604,0,0,8,0,0,18,0,0,38,0,0,261,0,0,4404,0,0,2249,0,0,2146,0,0,9,0,0,2496,0,0,1591,0,0,8,0,0,17,0,0,37,0,0,255,0,3247,4366,0.74370000000000003,1623,2223,0.73009999999999997,1619,2134,0.75870000000000004,5,9,0.55559999999999998,1915,2472,0.77469999999999994,1102,1580,0.69750000000000001,6,8,0.75,9,17,0.52939999999999998,25,37,0.67570000000000008,190,252,0.75400000000000011,1380,4196,0.32890000000000003,662,2122,0.312,716,2066,0.34660000000000002,2,8,0.25,818,2372,0.34489999999999993,475,1522,0.31209999999999999,1,8,0.125,6,16,0.375,13,36,0.36109999999999998,67,242,0.27689999999999998,0,4123,0,0,2077,0,0,2038,0,0,8,0,0,2328,0,0,1500,0,0,8,0,0,16,0,0,35,0,0,236,0,0,4123,0,0,2077,0,0,2038,0,0,8,0,0,2328,0,0,1500,0,0,8,0,0,16,0,0,35,0,0,236,0,596,4090,0.1457,260,2059,0.1263,336,2023,0.1661,0,8,0,235,2308,0.1018,340,1490,0.22820000000000001,0,8,0,2,16,0.125,7,35,0.20000000000000001,12,233,0.051500000000000004
04019,PIMA,636346,5272,48748,49627,50355,87522,82740,99210,113434,73425,25638,300557,332913,2876,175392,246623,174752,33398,4823,828,149,222,159,0,379397,170144,5098,13180,12121,56406,379397,169191,4940,4752,4503,2627,2408,486,2517,1476,1526,765,953,584,588,572,340,319,289,285,242,199,158,169,150,56406,208785,26901,927,535,309,522,2555,395812,472396,2,85901,396316,632356,0.62670000000000003,184879,298544,0.61929999999999996,210450,330979,0.63579999999999992,987,2833,0.34839999999999993,265999,376943,0.70569999999999999,75976,169253,0.44889999999999997,2564,5054,0.50730000000000008,7613,13073,0.58229999999999993,6854,12028,0.56979999999999997,37310,56005,0.66620000000000013,13983,632356,0.022100000000000002,6632,298544,0.022199999999999998,7336,330979,0.022199999999999998,15,2833,0.0053000000000000009,10617,376943,0.028199999999999996,1612,169253,0.0094999999999999998,79,5054,0.015599999999999999,240,13073,0.0184,192,12028,0.016,1243,56005,0.022199999999999998,222009,617257,0.35970000000000002,99794,290998,0.34289999999999998,121874,323661,0.37649999999999995,341,2598,0.13130000000000003,156882,368342,0.42589999999999995,35992,165368,0.21759999999999996,1268,4859,0.26100000000000001,3419,12684,0.26960000000000001,3355,11670,0.28749999999999998,21093,54334,0.38819999999999999,68822,608743,0.11309999999999998,31244,286967,0.1089,37482,319257,0.11739999999999999,96,2519,0.038100000000000002,46783,363335,0.1288,13122,163298,0.080399999999999999,607,4762,0.1275,1195,12424,0.096200000000000008,1093,11469,0.095299999999999996,6022,53455,0.11269999999999999,1,602978,0,0,284056,0,1,316485,0,0,2437,0,0,359993,0,1,161814,0,0,4698,0,0,12275,0,0,11364,0,0,52834,0,78844,595137,0.13250000000000001,35807,280042,0.12790000000000001,42927,312741,0.13730000000000001,110,2354,0.046699999999999998,52991,355211,0.14919999999999997,15591,160047,0.0974,712,4608,0.1545,1357,12091,0.11220000000000001,1259,11168,0.11269999999999999,6934,52012,0.13330000000000003,0,587681,0,0,276428,0,0,308969,0,0,2284,0,0,350812,0,0,158317,0,0,4539,0,0,11864,0,0,10966,0,0,51183,0,0,578306,0,0,271657,0,0,304460,0,0,2189,0,0,345243,0,0,156099,0,0,4421,0,0,11618,0,0,10752,0,0,50173,0,476817,572190,0.83330000000000004,219437,268589,0.81699999999999995,255918,301464,0.8489000000000001,1462,2137,0.68409999999999993,299251,341619,0.876,113468,154575,0.73409999999999997,3377,4336,0.77879999999999994,9460,11467,0.82499999999999996,8729,10623,0.8217000000000001,42532,49570,0.85799999999999998,224779,540504,0.41589999999999999,98411,253052,0.38890000000000002,125996,285621,0.44109999999999994,372,1831,0.20319999999999999,153690,324525,0.47359999999999997,41813,144734,0.28889999999999999,1502,3994,0.37609999999999999,3590,10636,0.33750000000000002,3611,9912,0.36429999999999996,20573,46703,0.44049999999999995,11,528330,0,4,247163,0,7,279447,0,0,1720,0,4,317600,0,7,141355,0,0,3851,0,0,10329,0,0,9662,0,0,45533,0,0,528330,0,0,247163,0,0,279447,0,0,1720,0,0,317600,0,0,141355,0,0,3851,0,0,10329,0,0,9662,0,0,45533,0,120121,524604,0.22900000000000001,47974,245326,0.1956,71938,277586,0.25919999999999999,209,1692,0.12349999999999998,74160,315444,0.2351,29682,140374,0.21139999999999998,1139,3808,0.29910000000000003,1996,10238,0.19500000000000001,2189,9597,0.22809999999999997,10955,45143,0.2427
04023,SANTA CRUZ,29492,226,2695,2615,2669,4082,3860,4598,4844,2965,914,14263,15050,179,4896,14040,8509,1244,149,13,1,0,640,0,7133,20860,21,190,229,1059,7133,20771,20,114,57,55,16,3,36,36,26,8,89,2,24,6,9,3,3,10,1,4,1,0,0,1059,5218,4916,172,2,3,34,55,19092,19513,0,61175,13098,29269,0.44749999999999995,6126,14146,0.43310000000000004,6919,14948,0.46289999999999998,53,175,0.3029,4872,7072,0.68890000000000007,7353,20713,0.35499999999999998,15,21,0.71429999999999993,97,187,0.51870000000000005,117,229,0.51090000000000002,644,1047,0.61510000000000009,0,29269,0,0,14146,0,0,14948,0,0,175,0,0,7072,0,0,20713,0,0,21,0,0,187,0,0,229,0,0,1047,0,6804,28718,0.23690000000000003,3118,13890,0.22450000000000001,3662,14661,0.24980000000000002,24,167,0.14369999999999999,2835,6940,0.40849999999999997,3503,20328,0.17230000000000001,13,21,0.61899999999999999,46,183,0.25140000000000001,66,224,0.29460000000000003,341,1022,0.3337,0,28385,0,0,13724,0,0,14498,0,0,163,0,0,6865,0,0,20088,0,0,21,0,0,180,0,0,221,0,0,1010,0,0,28156,0,0,13620,0,0,14377,0,0,159,0,0,6811,0,0,19927,0,0,21,0,0,179,0,0,220,0,0,998,0,2,27812,0.0001,1,13476,0.0001,1,14187,0.0001,0,149,0,0,6737,0,2,19672,0.0001,0,21,0,0,177,0,0,217,0,0,988,0,0,27516,0,0,13343,0,0,14027,0,0,146,0,0,6672,0,0,19454,0,0,21,0,0,176,0,0,213,0,0,980,0,0,27153,0,0,13158,0,0,13851,0,0,144,0,0,6594,0,0,19188,0,0,20,0,0,174,0,0,209,0,0,968,0,18464,26885,0.68679999999999997,8510,13010,0.6540999999999999,9869,13733,0.71860000000000002,85,142,0.59860000000000002,5454,6524,0.83599999999999997,11973,19006,0.63,15,17,0.88239999999999996,122,173,0.70520000000000016,143,206,0.69420000000000004,757,959,0.78939999999999999,8007,25809,0.31019999999999998,3501,12479,0.28060000000000002,4476,13203,0.33899999999999997,30,127,0.23619999999999997,2849,6280,0.45369999999999999,4670,18241,0.25600000000000001,12,16,0.75,49,163,0.30060000000000003,81,199,0.40700000000000003,346,910,0.38019999999999998,0,25322,0,0,12255,0,0,12945,0,0,122,0,0,6161,0,0,17903,0,0,16,0,0,158,0,0,193,0,0,891,0,0,25322,0,0,12255,0,0,12945,0,0,122,0,0,6161,0,0,17903,0,0,16,0,0,158,0,0,193,0,0,891,0,4297,25184,0.1706,1808,12187,0.1484,2471,12878,0.19190000000000002,18,119,0.15130000000000002,1446,6126,0.23600000000000004,2607,17808,0.1464,6,16,0.375,28,157,0.17830000000000001,32,193,0.1658,178,884,0.20140000000000002
